query,pid1,pid2,pid3,pid4,pid5,pid6,pid7,pid8,pid9,pid10
ست تشک خواب مسافرتی نوزادی,1070702,8049116,8827825,2233703,3393386,7229598,1879360,2743922,5182912,1004405
ضد آفتاب بی رنگ لاروش,12989790,12431846,183282,9527627,13983929,15610484,14029625,4953123,77859,4010218
4060 8 gig,3887956,6500407,13357588,2171761,14009347,5440381,57321,13955725,1881560,2547206
6 iphone,1638676,830064,915063,11106291,269151,8052513,212446,5441418,10827874,11156711
کاور تبلت       A515,11636446,881532,6389978,408268,4000803,964507,961905,3329993,893929,6382060
", شومیز",3515291,6560833,5094155,5474199,1426823,14651486,5335486,8430508,7915316,10488826
2018A750گوشی,100000,100000,100000,100000,100000,100000,100000,100000,100000,100000
3nuovo espresso,7973394,100000,100000,100000,100000,100000,100000,100000,100000,100000
airpod pro 2 type c,15072793,12946785,8898035,7465665,14472064,108299,14264184,12088906,1786026,8159602
hermitage gardenاسانس خوشبو کننده,7018165,3331675,340779,2839161,2627010,7497832,9401053,900552,7372199,126882
stylish ماوس,1443423,7983566,416524,2505460,2457634,2960094,9080322,7501115,7797377,8387799
اتصال چهار راهی,10020785,3008044,2263550,7359701,2262129,15147960,635779,9382384,3818283,2585357
خودکارowner,100000,100000,100000,100000,100000,100000,100000,100000,100000,100000
دستگاه موفر,15474441,2507543,1479187,17037730,13950898,6803405,12508996,5301082,3328828,671584
روتختی مهمان,2551292,12638151,3635153,486090,10108553,12051189,12086278,12990412,11419082,7085580
سامسونگ a35,15058232,16559392,14399184,14851182,14873706,859,3927,38435,8333179,6252585
شیافمی تیرپاد,100000,100000,100000,100000,100000,100000,100000,100000,100000,100000
هویه ۲۰ وان,6904485,3328828,11455959,13692498,3612361,8754662,6842082,3061774,511432,2435321
چشب نواری واشی ترح کیوت و برگه یاداشت,2543130,1117465,12536422,13929076,1779153,12009083,10345721,11266930,7431248,6632614
کاغذ پیچیدن  سیگار با فیلتر,4793179,1586166,9893664,6820528,1905089,11047327,13519626,7775279,12128702,435240
کاور گوشی سامسونگnote9,625647,1015441,26246,348142,17252131,1882481,4276464,395678,13675000,2484816
گوشی Rdm,5822960,625647,1547931,3622380,4952893,859,14349114,12990949,5662822,4823914
A06,12652614,16552148,16797079,100000,100000,100000,100000,100000,100000,100000
AWG,100000,100000,100000,100000,100000,100000,100000,100000,100000,100000
Air Macbook,6235389,9620532,9221811,3421903,14674739,8255514,9220839,7184806,15899457,6953542
Casio G-shock,104284,10812024,7206351,4235617,2678496,626446,1538119,1538121,2112414,3003351
Ga_2200,4262763,9993110,8495570,4419091,13972438,5813507,2404828,43497,3282317,8694963
M33Gشارژر گوشی سامسونگ مدل 5,2880546,12934244,12359107,99116,859,9463203,3622380,12904057,9490803,5136293
Oxford Elementary Learners Dictionary,7738177,10644422,7729949,42991,2801580,7933605,2761500,4311097,100000,100000
Redmi not13 pro کاور,14474135,7763751,6035112,12068576,12686691,3876416,5327024,3772284,9863317,5441934
Redmi12گوشی,100000,100000,100000,100000,100000,100000,100000,100000,100000,100000
Steelseries arctis,4924987,100000,100000,100000,100000,100000,100000,100000,100000,100000
TP4056-TYPE C,16531727,597980,7402345,2747336,1786026,14365697,3189403,108299,10720087,486417
ZenBook Pro 14 Duo OLED UX8402ZE-,12438500,13854737,1758713,12656284,9679149,9699777,13132596,14389675,13160534,10694984
e99,733463,100000,100000,100000,100000,100000,100000,100000,100000,100000
enhypen,4583768,100000,100000,100000,100000,100000,100000,100000,100000,100000
g72گوشی موتورولا,3490827,12298449,14021478,3279157,4225984,7427423,15772253,4738694,9645982,4225979
iphone 13 pro max512,6779488,6882054,12684890,9278594,17185127,7161954,11398248,7892136,6596444,14078041
tab s7,6438632,3699771,14608010,5793228,1719126,2745294,4661871,7799532,9522605,15408139
آبهویج ساز صنعتی,13235104,5477608,11840984,7080417,10659153,8670914,2105864,355992,663229,31644
آبياري قطره اي,2829818,2257125,2709449,2667217,4859905,4651398,11796792,3212987,7535129,12075125
آینه جک جی ۵,411197,696912,10170656,11852994,8716895,9242187,314196,13070262,744279,502687
ادابتور گوشی s24,14486755,14469461,14194971,14466033,17210794,14050989,14311467,14263738,14262166,15329673
ارزان تری لباس زیر,503450,4869901,2466261,1802368,1651504,9593086,7050231,816001,9962550,6586610
اره فارسی ۲۵۳۴,6991847,115676,10548632,8971127,6779969,10358668,56912,9699869,5739874,893475
ارگنایزر رومیزی,13735302,6107200,9244901,3343597,6190722,4992091,10146144,202375,328464,1107630
استاد بازارها,1119466,6392933,100000,100000,100000,100000,100000,100000,100000,100000
استرچ زنانه,6034041,5569495,9864095,15095964,955482,9906836,10035110,7553658,12283138,12401047
استم سل پرو,3876588,798880,6394152,10388910,356415,10667497,6779488,3202092,11274760,6184497
استیج ابیعروسک,14515458,10656147,100000,100000,100000,100000,100000,100000,100000,100000
استیل درب سندوق عقب پراید,15231794,9735534,12693022,2906550,7926817,1447978,11171380,9026799,2648343,8950594
استیل پلاک,1568281,663229,1072595,552599,760425,5407342,2505836,5719815,716418,326100
اسم عرفان اکبری,1119662,14186549,3365847,16336573,7038535,14821528,9455757,13343048,15761801,12671111
اسپرسوساز قوری,8028610,5278820,1519801,5026076,3321292,10912200,9345320,99328,2041100,1453992
اسپری طپاسبت,6880140,9632573,12294463,11704944,1740203,14702900,13024773,8503036,5398220,1629774
اسپری کرید اونتوس,9714415,14153701,6587971,7699090,361300,13954531,8570486,6880140,9632573,12294463
اسپیکرWs887,100000,100000,100000,100000,100000,100000,100000,100000,100000,100000
ال آرژنین خلق اید,11228214,6807225,8478740,4824790,3500901,3536523,3550905,3498008,13716011,9983214
اندیشه اسلامی۱,7141511,3246549,3682195,5389299,4285361,3098779,2061569,10985441,7845006,7451049
انیمه oshi no ko,13065334,12336169,2898209,8169681,8440356,3595884,6231066,3066530,9873944,6274414
انیمه سولو لولینگ تیشرت,15534948,9388540,6136708,4643422,1842845,7914313,5341223,5097597,2763193,3137037
اپل واچ بچه کانه,6833552,8964300,17093058,451963,1034194,493952,7802326,8934618,10842479,9636699
اچار الن jet,5726740,1881560,8866541,5260415,2908640,5440381,4492680,56849,13525678,4199376
ایرپاد Sony WF-C500,9248424,5715433,9719761,1156848,14472064,1287,191846,958,91013,8683837
ایکس باکس 360Camera,6556217,12804462,2763623,910553,159941,8206556,4284678,9347369,12775038,759520
باتری برای تبلت,6505618,684396,5189,63831,14336571,11636446,660941,7750051,7324155,8495570
بارسلونا تگ,1035955,939238,2392148,12438224,759520,2333861,1503736,4512980,14219149,2392335
باطری قلم,4532245,12618675,2819210,7920573,1411300,11675039,8531074,11716692,5551003,7297459
بانی بگ,8449627,973138,6116990,4604120,7553658,8526110,7035589,8237708,11404306,717052
بدنه کولر,5210649,8545127,2787336,114628,5347419,8577079,273192,2081512,7425234,542963
برش میلگرد,8688283,4121114,9868369,1808733,2712971,9229099,6712244,671584,4440247,8595427
برچسبژله ای خودرو,3488445,384784,3460347,3636273,2595835,677528,2230861,5556727,8949562,13084003
بلن گوواکی تاکی,717800,9491291,11026661,100000,100000,100000,100000,100000,100000,100000
بلورمحک,100000,100000,100000,100000,100000,100000,100000,100000,100000,100000
بند ساعت هوشمند هوآوی مدل GT 4 46mm,7652374,8887483,6095651,6998327,7241533,15554497,11637376,7143678,7221008,15030810
بی تی آی پد بهداشتی  بی تی آی,3899906,5165393,111178,10324772,624363,2746,152692,291994,291864,7357501
تابستانی زنانه,11358108,5549883,11098794,8552325,12401047,3801395,10152239,10069504,7906591,11615656
تبلت سامسونگ a,6270270,1628998,1829340,7182933,17111036,6445102,12963485,3175390,1095317,893929
تبلته  ایفون م,12489190,13251635,6882567,12669477,4099036,12560677,4734311,8161925,192637,1638676
تجهیزات اسب   اسب,8457148,7929551,9577321,15014636,378114,5077679,6998606,12663066,1690726,12220101
تجهیزات جانبی,1057886,5652898,637957,6049606,9071288,68830,414587,8789902,5901390,782048
ترشیسیر,100000,100000,100000,100000,100000,100000,100000,100000,100000,100000
تفنگ ترقه ای کلاش,707962,3000679,1112124,51588,6299355,2877154,3955712,4895281,9288727,8697886
تفنگ تیر بار,3000679,9647966,707962,9288727,51588,8697886,949193,687603,6456174,637232
تلوبگیزیون,100000,100000,100000,100000,100000,100000,100000,100000,100000,100000
تلویزیون,13538016,3539343,5561794,3225041,10930227,4137461,2529858,11620483,8765904,276873
تیغه برف پاکن مدل ۲۰۶,3600742,10082867,1151239,3269571,6446757,5853721,4405075,6133401,3825051,2308497
جارو برقی پاکتین ۳۶۰۰,528434,4187536,4373764,3496519,31852,8423503,26757,2559448,9739030,563823
جاسووچی عروسک,4265468,3818328,7054953,5237429,573942,9936543,159054,50635,158566,14515458
جز دو sar,9228535,4306831,9717198,96240,10112729,10653182,59802,7317800,445937,2858093
جی بی ال۳۱۰,990229,6230137,2933107,6745354,13632786,897119,5818929,13430967,5987991,7013034
حباب ساز مجلسی,12715238,7113613,4102814,6195552,12401047,4360062,802407,6938605,13148169,8049116
حرارتی mini,12094112,11891409,11517957,1645296,204608,5210649,12020425,150119,14822087,144966
حروف انگلیسی ترئینی اینه ای,4509127,8270275,1886413,2932816,6557750,6365450,12181285,10170656,8808913,5357338
دئودرانتultra max,12524405,11625576,10170550,11703904,8791580,7735272,3794667,16895824,13010913,14385136
دریل  ماکیتا کناف برقی,7384712,8976805,155708,4974352,104851,104706,115676,734180,5097874,13619045
دریل برقی آچاربکس,734180,5097874,13619045,4353116,10358668,12449332,13976605,10563755,12489112,14721045
دستگاه التراسونیک موش,2073422,1733231,333403,6517675,6195552,7370328,6860794,6196186,1154968,2986975
دستگاه سوسک کش Dr,8527470,8598954,2073422,1733231,1680521,2419836,8983241,513668,567826,9937885
دستگاه واقعیت مجازی برای بازی,3112577,8929741,1996614,1053592,3238403,181477,1552131,828784,495837,533354
دسگاه چسب حرارتی,2507543,5338156,436241,11891409,11517957,1645296,204608,12094112,14822087,607449
دمنوش ساز,544817,13202104,11840984,2726222,107616,9216197,15278817,8880977,751919,8687712
دوربین فیلم برداری دست دوم,1045063,12782977,13176968,12168065,552191,14214555,845833,1828722,958,35299
دیسک بازی اسنورانر ps4,317619,12804885,544767,1980226,607269,4545023,412826,143761,531443,6643501
رنگ هما اکریلیک قهوه ای,8604117,5096627,786933,9278759,9649021,1003488,2339614,3037894,1922546,10111583
روغن موتور ماشین پرتکس,2486346,861621,8806208,147516,9567498,4060266,202993,12586562,7393908,7545454
روی فرمان غربیلک قدیم,1151425,2171811,1151448,8458866,10591586,8338698,4855889,15128543,565132,7655830
رگبار,12715238,100000,100000,100000,100000,100000,100000,100000,100000,100000
ریزش مژ,12625697,9277692,513177,749485,458555,4670215,9941250,471143,8093511,2014465
زنجیل نردبان,7856934,3621667,3794879,5398310,741348,1928758,4095254,3609559,3531687,3469180
زیلومسافرتی,100000,100000,100000,100000,100000,100000,100000,100000,100000,100000
ساعت هوشمند سه عددی,7602918,8669736,2873855,734233,5572422,558489,6750649,10661112,12821837,11217836
ست جاپای هندا,10571093,1476125,1584808,1585520,996559,12217894,10388992,10649152,1913608,12537996
ستل آشغال,100000,100000,100000,100000,100000,100000,100000,100000,100000,100000
سوریکاوا طلایی,13120721,13182917,5920856,4647335,10288193,12869737,2207468,5874073,12895463,7493709
سوزن شبهه قالی,2428107,2830753,12153023,4402895,7432210,10111916,667372,12719812,3179083,7147625
سیلندر قفل نولان,223950,12194222,6905273,4624691,12826260,6907465,223878,9455697,408648,4652370
سیلیکونیNokia g21,9905265,5593181,9936574,8267393,11007438,13651678,100000,100000,100000,100000
شارژر  دی واری67وات,5449274,457298,2053912,629090,552570,4677719,5840935,13920852,14696,7513447
شلوار و لباس متور کراسی,6580651,9798133,4321474,5182912,8692023,14799817,12720711,3264348,12222680,1392336
شومیز ‌زنانه سفید,5474199,3515291,6560833,5413454,5094155,4176147,12222812,14651486,12529135,5335486
شیشه اتومبیل,451225,6755459,3179287,2080004,10362830,2959261,10459614,1156863,666882,96423
صندلی خودرو مدل f9 مناسب برای ال90,4802089,3289306,3228627,3871958,582191,4249702,2351888,11473694,3330793,6936033
صندلی دندانپزشکی,5302074,8199009,2540239,10977036,10977127,6032410,4348727,4901144,1709177,1803281
طی,6427221,3202248,6099272,11165628,6366031,12110498,1626293,13796612,643764,170017
ظروف سرامیک خام,5791972,7278098,6556712,6596564,6248049,8057538,633484,6543297,10536713,9832146
عروسک بی‌بی,6555192,12981618,6586610,7427170,897119,1522463,5059385,990229,9209819,6745354
عروسک مامی لنگ دراز,10109609,2470801,6535145,10627624,6637228,997828,2939544,4201913,4265468,996120
عصای جادویی شعبده بازی,1456632,3026637,631757,1533392,480743,631598,3561465,706965,3534519,10898538
عطرگرید اونوس,100000,100000,100000,100000,100000,100000,100000,100000,100000,100000
عقاب شارژی که پرواز میکنه,5484282,6967969,1003107,5067566,8513506,542339,6140203,3313283,4983869,9396692
عکاسی کیلیپسی,14038806,1845308,1069184,9622549,1944985,3592470,2010522,3593269,8995528,1880999
عینک باترفلای,726194,11216802,649515,4009351,1350873,6102391,11607769,9418252,11619362,1518100
عینک کودک,749052,11216802,649515,4009351,1350873,6102391,11607769,9418252,11619362,1518100
غذای کودک صبحانه,1487225,1637989,14320127,3822083,12294345,3250261,1606824,464674,7256141,849815
غذای کپور,914228,1487225,1637989,14320127,3768855,3540612,11795283,1907918,7947395,14109551
فلش vicco,4522712,2715002,213731,11236294,4049465,2617328,1792412,9436586,148327,2261333
فن ساز مژه,3246635,983602,828562,11149658,225366,759790,6152199,733463,3254659,14574080
فیلتر صافی بنزین ال90,5244080,1153178,842691,1143076,4325093,7924512,3352967,12153023,5158435,3289306
فیلتر ورودی کولر آبی,5453152,5210649,2787336,5347419,273192,542963,527018,4968240,6141650,8900256
فیلتر کف شور,6119848,1084065,666693,3330902,6213165,7363962,669351,435240,9372677,12884433
قاب  گوشی سامسونگ A12,13528435,17675871,4867366,4216970,11424321,8671400,5385477,10776118,8777045,11752213
قاب POCO X3 زنجیر دار,6305458,6929586,4885206,9308944,8688900,6138430,12094463,8370107,10427489,8400609
قاب بسکتبال poco x4,13288176,13988661,11606815,9917706,9174799,12455659,8535502,8442111,9917529,8912688
قاب دخترانه گوشی a23,9940975,9943343,8518300,10455143,12282467,13907283,15303290,13363866,12202215,12283291
قاب روی ساب,8315327,11778310,8315311,12945797,8259803,7862940,2696573,5297304,11105977,3374268
قاب گوشی شیائومی m6 pro,17252131,14104137,14540484,12747983,12749087,14782947,14644123,14883397,14467947,14820938
قاب گوشی شیایومی مدل poco f5,14410946,14410190,12254764,13785460,12382665,14209762,11530037,12696009,12242650,17981346
قاب گوشی پوکو ایکس تری فوتبالی,14109840,11144908,14509327,16827508,17432344,5857844,9962550,8338751,215561,17751721
قاب ۱۲۸۰,5148050,2657256,3701572,6129574,2429494,453777,1568281,589137,3887956,866146
لباس ابر قهرمانی,13134598,855992,7259511,9879245,9586161,8654862,8218297,5097503,478133,9607570
لباس جودو اصل,1077664,448718,13947776,1942334,2233703,4354296,2873857,503450,3778601,8067606
لباس متور کراسی,13947776,1942334,2233703,4354296,2873857,503450,3778601,8067606,10481951,2743922
لباسشویی اتوماتیک مارک کوروپ,2745451,11124883,3560024,2820325,1947272,2883420,10253259,8461297,765128,239854
لنز دوربین گوشی موبایل موتورولا مدل Edge 40,13219462,13531141,12673805,14199136,9525590,9147653,9950272,9147929,13478258,14021478
لوازم التحریر  مدرسه فانتزی هرزان,12273595,13382398,5589097,96416,954175,752773,12234146,11238561,13733790,14874782
لوازم جانبی ساعت هوشمند,494104,17278326,1745551,9815559,3532676,2349276,9260208,15152033,7602522,2044033
لوازم جانبی گاز,17431061,349945,3525340,5885141,728621,1067669,6755459,7181487,14769556,4468506
لپ تاپ 10اینچ,11274192,7033256,6575181,1476154,7199802,8789224,6460419,2144579,70798,6005120
لیسا خواننده,3436424,100000,100000,100000,100000,100000,100000,100000,100000,100000
ماریو سوپر,11543090,41582,4570342,6230137,8048895,9265137,2103408,4279077,3038837,7317800
ماکت آفرود,14981849,6958247,10728359,8304319,9795665,2962922,7206667,12817900,10094197,11462164
ماگ مائده,15216852,10370797,4855941,7951437,14793930,15197364,7279314,14822087,2725162,2205733
محافظ note10,8337213,7835167,7565868,6532707,11682472,8895120,9619427,1511968,10541057,8330682
مداد جونگ کوک,451449,561073,10214171,2227950,13484782,3604384,1659259,2383500,2074381,11247860
مدال نقره مردانه,855992,14264177,9051696,10692740,12459184,7706851,11427562,14629544,4996641,11104578
مدل دیواری شب خواب گرد,4925525,5995863,12801123,538237,17456562,6875862,13117072,875262,5197824,2871647
مهشکن پراید,7334223,6593322,6105665,7294795,12890633,6459788,9780426,12456849,6524315,6461093
موبایل اپل ۱۵,12662620,13367746,13632307,13798085,13005877,13710998,13132596,13359918,14218512,15761192
موبایل سامسونگ a12,4867366,4216970,11424321,8671400,13528435,5385477,10776118,8777045,5065763,11752213
مگنتروبیک,100000,100000,100000,100000,100000,100000,100000,100000,100000,100000
میز ارایشی,6860798,4137461,2381229,6753202,3782930,3257807,815931,1768109,11525184,7124204
نخل آمریکایی,3602551,4902284,100000,100000,100000,100000,100000,100000,100000,100000
نرم کننده مو بیول,9089137,6740296,9380220,303880,1031021,869810,1510875,4589312,8909113,862983
نمک بدن بایو اکو,10905810,8423423,9299584,4276083,3563086,7079400,4885946,7009820,7934152,6290786
نور رقص,9484811,7160734,12802226,11116973,751366,12399795,8489552,10401049,12093910,17591730
نگهدارنده 3d market,412370,5520986,9805389,6293076,12450641,14466033,13716822,819203,9805615,13847395
هد بند,3726850,457422,8765520,8410075,77069,8774462,196762,12595243,770896,2058772
هدست دخترانه گربه ای,11969654,13245538,8929380,12057463,10635896,7515606,5209137,13717213,12686779,5000646
هدلایت دنا توربو,2313052,11153841,1494224,4569840,6062855,7293937,4631698,10548860,1524065,13869892
هندزفری انرجایزر,138379,8687682,183328,8161465,10676179,14420358,1747050,1930327,8580963,1734817
هواوی نوا2پلاس,5724899,7750051,7652374,15554497,11637376,378563,9434409,10374864,120976,10821081
هوداستیل سامسونگ,859,3927,38435,8333179,6252585,31830,9490803,6467,2770449,276873
هیالورونیک اسیدB5,9126030,100000,100000,100000,100000,100000,100000,100000,100000,100000
و شلوار بیرونی دختر نو جوان,8577168,7471158,532970,2846485,3030255,208976,3038837,16233414,1828208,3009257
پایه دسته,5141029,3140001,9347369,4226290,6943665,5002189,921961,2232119,10620011,4722974
پایه کولر یخچال نیسان,7478582,8315267,1746956,7759822,180512,133172,14165122,12534060,12554568,6884317
پرتابگر ساچمه فرفره های انفجاری,12533213,11340226,5762765,7293937,7775792,9513525,10952084,7708987,10022247,9422675
پرولاکتین,100000,100000,100000,100000,100000,100000,100000,100000,100000,100000
پلیستیشن ۵ شارژ,10951078,4851053,537112,9174362,6197168,5885141,10374499,14105350,9329090,14523987
پماد جانسون,15743868,12506875,8174589,436241,37261,1965222,1918074,100000,100000,100000
پولبیبر,100000,100000,100000,100000,100000,100000,100000,100000,100000,100000
پچ ضد جوش,12101402,6522340,85086,11241363,5519607,6841198,9863628,12490009,5333465,9093644
پیراهن شلوار دخترانه,4213567,10753113,13409647,1372572,3820703,1690726,7257311,15858946,1368162,15087762
چاقون زامندار,100000,100000,100000,100000,100000,100000,100000,100000,100000,100000
چراغ emergency,14360609,13530628,996559,9593462,7360152,996546,13737183,13644566,8836225,8938625
چراغ راهنما آپاچی 150,7651694,6772138,996559,996546,14245999,2841775,14337525,14263969,6766386,15093196
چسب الومینیومی براق,4140467,13987718,7413014,364527,429105,8755619,68695,96240,2507543,7278168
چمدان دخترانه طرح بستنی,8827352,6208094,13882298,2186480,839031,8041694,4729006,3320562,7933799,15126651
کارتل روغن,2399426,12562224,2419368,2394989,5261472,4251573,468936,15114946,861621,2872550
کاور Poco x5pro,4885206,6929586,9308944,8149411,6138430,17981346,14326964,8688900,4189613,17252131
کاور برای poco m6 pro,17252131,12747983,12749087,14782947,14540484,14644123,14883397,14820938,14644104,14242440
کاور برای دنده تارا,8874357,12453314,16537781,10261729,5443698,3330793,5585111,9829546,8636395,7128898
کاور دخترانه Mi 11 late,7867911,5556127,12672640,9958566,7212482,9772865,5274030,5822960,5663467,14523408
کاور گوشی مدل قاب ناب مناسب گوشی انر s8,10111064,13363866,9931729,11091270,11805244,13132232,9772859,14565665,9723331,8248596
کاورهانر7c,100000,100000,100000,100000,100000,100000,100000,100000,100000,100000
کتاب خلافت عباسی,6232365,1616592,7819879,14049507,1110715,76284,12939298,449375,4311087,10262137
کتاب پادشاه پریان,9965172,4049523,231773,1822803,15867611,65576,7819879,14049507,1110715,76284
کد Ch-100,7354748,949193,3054718,8187878,7323111,7096761,2647814,3777740,7079570,7729464
کفش اسپرت شیما دخترانه,12054697,455437,7527195,7193952,14757100,15307573,14415657,8315250,8424976,346512
کلاج کوتور,7832914,9131125,10597675,12170248,100000,100000,100000,100000,100000,100000
کملیون 12,9488434,124806,5031075,384261,921124,587934,7715882,13280973,5350930,14479735
کنترل تی وی ایکس ویژن,4669957,1434791,12791486,24052,74056,698762,1717522,13949919,8644984,14506845
کنسول ای کسباکس ۳۶۰,7192914,1516651,5193119,1485962,7067157,2763623,8206556,4284678,916294,9265137
کوبلن,667278,1933293,100000,100000,100000,100000,100000,100000,100000,100000
کیف حرز امام جواد,9739424,7219645,9864100,10641993,7970728,8854601,13601579,6593146,3050864,13837940
گارد redmi 9,12068576,3379854,7960259,14474135,14753411,14494540,3596037,11641716,13402069,14782433
گاسونیک هواپز,11274760,12376576,12235594,12299894,15444764,10221846,4815766,100000,100000,100000
گل گیاه,4984859,7125606,5221431,4257429,912146,2839557,862511,9747702,14132756,5073393
گوشی  ردمی 13 شیامی,6781339,6927431,10343254,14466435,17185127,9947773,6680257,6882054,7032881,9826102
گوشی موبایل شیایومی ردمی ۹a,8070256,10130577,3500523,4629970,8996622,7053063,3622380,5662822,859,3437
گوشی موبایلA10s,625647,1547931,3622380,4952893,859,14349114,12990949,5662822,4823914,8337213
گوشی پوکو x5pro,625647,1547931,3622380,4952893,859,14349114,12990949,5662822,4823914,8337213
۱۰ قرص زینک پلاس یوروویتال,8936377,5396046,9395415,9952960,16150354,12588445,12226742,5556475,6248479,5124032
* ساعت,14007389,10901262,13098387,8087355,12711966,12609686,13877869,13735302,3950345,16858178
",اسپیکرRJB",100000,100000,100000,100000,100000,100000,100000,100000,100000,100000
",سوزن",2428107,2830753,12153023,4402895,7432210,10111916,667372,12719812,3179083,7147625
",لب تاب HP",6745754,383320,198810,1804403,67348,2144669,1752231,7275212,4894554,2925288
",پوکوx5",100000,100000,100000,100000,100000,100000,100000,100000,100000,100000
",گوشی",625647,1547931,3622380,4952893,859,14349114,12990949,5662822,4823914,8337213
- پیچ گوشتی شارژی,17642899,12449332,10563755,6524845,9474398,4353116,139739,1538002,10706737,9579700
-casio-f-91ws,4629014,14041181,2546524,16946635,1158687,3180145,10110914,5717374,924553,1415501
. ویتامین زنانه,9994533,5111733,10006431,12565176,13364158,7963042,9505521,8943078,6735701,7432879
.ویتامین بیوتین,3545064,7461831,9994533,5111733,10006431,12565176,13364158,7963042,9505521,8943078
0053,158762,100000,100000,100000,100000,100000,100000,100000,100000,100000
1 Lilium travel mat,1447966,10415470,272669,5747151,11706172,12566613,4762709,5069534,1125790,6718203
10 عددی فوم رنگی,964898,1563457,10530471,856538,11809108,568650,5947787,9178314,10472652,429720
10-meter seven-color LED string lights,1144973,5799800,3335526,384444,384314,7492207,580425,9851111,13203408,9815559
100-liter water container,9855378,10324118,1627097,11697889,6991372,12229027,4486352,1624836,55392,10638723
1100party box,8431072,9024504,12356449,347537,10217756,3825149,2052436,12911132,1552131,7013034
111153,594185,100000,100000,100000,100000,100000,100000,100000,100000,100000
1170 دوو,8319122,762996,5140827,11313185,4975465,13535111,11675218,4977405,11301016,17339315
11th Grade Kheili Sabz Math Book,304410,10414946,108034,103261,7867932,12155336,196351,13131058,2828738,1710162
12 Liter Samovar 14,3829603,17242594,7715198,9679149,1787549,5264862,5487496,12102392,4003038,7722162
12 ولت 500 میلی آمپر,3999175,2081187,5069126,8469468,534402,8193958,7505141,865368,5350930,9706010
120 by 60,435781,5594995,10612434,4634239,3943482,3169130,8211935,12429212,6523024,3572733
1200empa,100000,100000,100000,100000,100000,100000,100000,100000,100000,100000
1200nokia,100000,100000,100000,100000,100000,100000,100000,100000,100000,100000
12V air pump,12198072,8255514,4684411,6842412,7184806,9355286,15899457,319602,6953542,7869564
12V red LED,12198072,4684411,6842412,9355286,5146566,319602,5252508,7869564,543723,10959853
12t pro حریم شخصی,9858026,6841147,4099036,14022937,4016639,4835505,8111206,8255486,10947201,14862524
13719960,100000,100000,100000,100000,100000,100000,100000,100000,100000,100000
14023,8408632,100000,100000,100000,100000,100000,100000,100000,100000,100000
14galaxy a,4394824,2428107,2725162,12083352,14208657,3458009,5742706,8481670,2102520,3860866
"15,000 Stick Print",1069184,12500133,1007575,13326788,11722997,3938355,588205,2540855,2562643,2479307
1650کارت گرافیک,7241903,1937899,9661117,3278200,13357588,6911626,10626350,10918510,8225409,350169
16gb 3200mhz ddr4,9028907,12952974,17456185,6265476,1018883,13434284,323085,879091,11399623,10659583
16gb veangence,13434284,11399623,10659583,11701479,13854737,13129772,13401431,9028907,14090372,13968154
18وات روکار,6325979,3911995,1514106,6152102,435781,15390774,11399399,4182129,344014,7660864
19V Laptop Adapter,11274192,7033256,6575181,1476154,7199802,8789224,6460419,2144579,70798,6005120
2-tier dessert stand holder,882871,6943665,7066026,1497226,11777130,14671969,8439558,9304907,11989850,5504255
2.4V rechargeable battery,7340116,9304907,11989850,5504255,14659658,69822,11465019,14274757,4433459,4707082
2.4g wi,3578808,12775038,14130420,7290673,4626056,3950345,5804859,120976,10626133,6997456
20 kg used kettlebell,3632996,3498877,5813688,14322897,5801409,5586776,2768571,3691970,6766561,14925699
20 liter water container,11697889,6991372,4486352,1627097,9855378,10324118,1624836,55392,10638723,767139
20 to 12 Converter,8156579,674062,1619660,3549810,9739135,9176763,12866328,12974035,5232752,12190557
20-watt LED lamp,11269336,8516132,5065809,7651694,10703295,583131,4396103,16895824,5615117,6583824
20301 اسپرسو,31744,12204566,3690452,8397962,4729233,3821096,8861839,4124800,8370339,9036871
207 جا عینکی,7825011,37261,3385777,9066038,314384,4934866,8960641,13040232,567638,3179287
24-hour lip glitter,532964,12084333,3734361,9126478,15390774,3664741,12381319,76628,1450945,6995950
25 ابنچ,5438621,2428107,6245149,7367110,16592579,6996746,137894,3672002,5634383,13997922
30-volt power supply,6426591,1627097,12689957,823923,6516336,1479840,1956104,668165,144764,14721045
321200 مدل,10724278,14947512,5062268,3943782,5191394,2706820,10212975,10692740,11007251,8938311
32g مموری,4522712,2715002,213731,11236294,4049465,2617328,1792412,9436586,148327,2261333
4-piece honey-colored table set,8000565,7559080,7142116,1806576,8043231,6294267,1061237,111606,6360501,14391683
40 kg Mahak scale,2106786,5994231,78069,4190115,363346,1633039,6393459,2698211,3067219,715340
4000ESSENTIAL ENGLISH WORDS,6263022,10644422,568403,80316,410596,8910628,2443838,4098839,100000,100000
49 A,435781,9789567,15937518,3539343,6702032,4394824,2428107,5424291,10891249,2725162
5 kg paint,1007575,12084333,5119105,13081627,1016395,13904421,2081187,10901262,1626562,1526337
5D floor mat for Peugeot 206,1447966,272669,3203897,5085615,170831,12573233,1145538,451149,492666,5087685
5v usb rgb,15949927,85366,7991742,10073361,374119,10366444,7844352,14348920,16895824,8544546
6704e,100000,100000,100000,100000,100000,100000,100000,100000,100000,100000
7 تخم,27958,4631112,1949098,753063,14064257,13925002,27957,4893128,3230426,10546102
7-watt recessed halogen,11269336,865368,7863285,2015267,7544531,15129745,1907051,14457652,1668788,2101667
7-year-old Toothbrush,599786,865368,7863285,2015267,7544531,15129745,1907051,14457652,1668788,2101667
888s بائوفنگ,100000,100000,100000,100000,100000,100000,100000,100000,100000,100000
950 کفش,3673743,4980761,9693823,6932884,15474441,6199899,7935235,8667904,487709,12054697
976روز در اروپا,10475384,10741729,9489581,192498,2442889,5630888,4624691,1010081,4173722,12566613
A05سامورایی مدلA.محافظ گوشی,3029173,7565868,6532707,11827932,14349114,8895120,9619427,11923642,6965505,5072040
A25سلیکونی,100000,100000,100000,100000,100000,100000,100000,100000,100000,100000
A325g,100000,100000,100000,100000,100000,100000,100000,100000,100000,100000
A4 HFD Paper,10379710,6851912,4043035,4460787,4486514,5449019,279853,4512195,10368784,2781547
A7 mohafez safhe,1757699,561419,6389978,4000803,8250179,927134,6206347,16693891,5857844,3851079
A7 کینگ پاور,1662025,3813912,10878356,2813262,4023448,639743,9252152,1027368,273080,9171692
A73 عروسکی,12904057,9899588,11276364,10565000,14312296,12775440,6225075,10502041,15319527,5710882
ADEC Bird Drops,12069630,9161971,100000,100000,100000,100000,100000,100000,100000,100000
AHLPA,100000,100000,100000,100000,100000,100000,100000,100000,100000,100000
ASUS NUC,7519991,9970465,3746829,4114392,114703,7241903,8329555,9661117,12539176,540625
Abs سنسور,4570167,13676858,10710833,6760814,3332088,14124554,4954767,2535703,7290226,9032772
Acetone A01,5537905,7378417,3514157,2762664,503587,12864981,1004171,5558617,3731473,4565345
Active waبند ساعت هوشمند,14337860,3532676,7156850,2349276,6420791,14007389,13098387,8220841,13364523,12402554
Adaman Metal,6109414,575613,827203,15307696,576821,100000,100000,100000,100000,100000
Adult training shorts,11795283,1548670,7622354,8361048,100000,100000,100000,100000,100000,100000
Adventure novels for teenagers,9043483,3203897,5085615,12573233,1145538,492666,5087685,2241417,13436618,42785
Aiko,100000,100000,100000,100000,100000,100000,100000,100000,100000,100000
Air freshener drops,8255514,7184806,15899457,6953542,3673743,961905,11244895,12976978,3756140,6235389
Airfryer فیلیپس,14925699,2781637,14034612,3306083,4084760,3233914,33589,8511196,33428,7640848
Airpod pro2 second generation,13757530,14264184,15072793,12946785,112103,9719761,14472064,17512480,4181612,3598137
Airpods M10,8435633,5245403,9719761,14472064,13079048,14022865,7956277,713893,3519765,11042355
Alinware laptop,11274192,7033256,6575181,1476154,7199802,8789224,6460419,2144579,70798,6005120
American captain,10644422,758051,9962261,8361048,100000,100000,100000,100000,100000,100000
Amini spare parts store,100000,100000,100000,100000,100000,100000,100000,100000,100000,100000
Amitis Rio Collection women's perfume,750199,33428,7248029,13007005,2227950,4439658,346512,9297848,910553,7501115
Apple Sticker for Computer,2443838,3203897,9176763,5085615,12573233,1145538,492666,5087685,2241417,13436618
Apple iPhone 15 Cable,13367746,693872,12662620,13632307,13798085,13359918,14218512,13005877,13132596,13710998
Ara leather women's shoes,5747445,8585459,2599596,5385477,14412156,7248029,13007005,2227950,4439658,346512
Arc6,100000,100000,100000,100000,100000,100000,100000,100000,100000,100000
Arike Sunscreen Cream,539647,13882298,1036482,479923,75129,1024106,291081,100000,100000,100000
Arsenal boys clothing for 12 years old,11548891,10371086,3203897,5085615,12573233,1145538,492666,5087685,2241417,13436618
Artificial Sansevieria plant pot,100000,100000,100000,100000,100000,100000,100000,100000,100000,100000
Artiskin 20-piece lipstick palette,7559080,7142116,3632996,3498877,5813688,14322897,5801409,5586776,2768571,3691970
As+,4020554,7644288,5506836,8568645,7065338,7432265,5779085,10078839,100000,100000
Asba doll,100000,100000,100000,100000,100000,100000,100000,100000,100000,100000
Aser Aitro  V15,2484816,279459,12117030,100000,100000,100000,100000,100000,100000,100000
Ashowits,100000,100000,100000,100000,100000,100000,100000,100000,100000,100000
Asus 4-cell laptop battery,7950199,9860914,114703,8329555,11399623,282863,1758713,7783954,222309,11727519
Asus DUAL GeForce RTX 3060 OC 8G,9661117,13357588,8229659,193342,7241903,6911626,11477248,341677,6853124,12677670
Asus max pro cover,3310047,6779488,13132596,13367746,7843326,4978798,9699777,967689,12940209,12684890
Asus x515 ep,1758713,7519991,4127095,9970465,3746829,4114392,114703,7241903,8329555,9661117
Atomic sunscreen,100000,100000,100000,100000,100000,100000,100000,100000,100000,100000
Atuo,100000,100000,100000,100000,100000,100000,100000,100000,100000,100000
Azerbaijan Wood Distribution,10763058,9719731,11596055,14477219,4271106,100000,100000,100000,100000,100000
BELACPYNK,100000,100000,100000,100000,100000,100000,100000,100000,100000,100000
BPI مکمل,3539005,378044,7431580,6204748,7776696,8108879,8713364,7433262,9900262,3328463
Baby Dryer Set,8000565,6713474,1806576,2103408,7882838,148182,11196311,11079523,8461297,100000
Ban Pipe,100000,100000,100000,100000,100000,100000,100000,100000,100000,100000
Baneh luxury face powder,6392126,6841198,973772,14578891,100000,100000,100000,100000,100000,100000
Bank Bahar Azadi Gold Coin,1068953,5920856,4647335,10288193,12869737,2207468,5874073,12895463,7493709,462925
Baseus headphones,13942382,100000,100000,100000,100000,100000,100000,100000,100000,100000
Basic dumbbells,9744332,4036533,100000,100000,100000,100000,100000,100000,100000,100000
Beatele s24 plus xundd,14486755,15329673,14262166,12786794,17647594,17222330,14469461,14982108,14982487,14982625
Bebiland baby bottle,727852,10589713,6713474,2103408,7882838,148182,11196311,11079523,8461297,100000
Belt,15946642,16799031,100000,100000,100000,100000,100000,100000,100000,100000
Benelli motorcycle throttle grip,100000,100000,100000,100000,100000,100000,100000,100000,100000,100000
Best way,15284231,12059223,11759010,11465019,15780358,12258492,11118812,315578,4249798,3516999
Bic France pen,198120,926332,23134,532964,320285,3734361,6293076,8598954,13924499,3191239
Bio builder synthetic biology in lab,5652871,7371263,11419558,8941911,12420664,4325928,451234,12755388,335402,8910628
BioAqua Facial Makeup Remover,1863310,541167,100000,100000,100000,100000,100000,100000,100000,100000
Black Car Body Polish Wax Sonax Polhclor Volume,12749670,78001,575613,9446060,6990645,598177,5153596,882871,752270,269248
Black Spray,1626293,604326,4017472,1514737,1612670,14004535,773877,10739444,50675,1711961
Blackhed mask,631027,4257853,1996320,100000,100000,100000,100000,100000,100000,100000
Blink Max branded mug with handle,1529074,4510377,4589312,4826432,11402948,74937,4886374,410596,9682455,12524405
Blink Max half cup,157972,644103,8866354,12524405,11625576,10170550,11703904,8791580,7735272,3794667
Blue full-length mirror,189770,882871,10111916,2417146,5210649,2787336,5347419,273192,7340116,542963
Blue umbrella stick,12500133,1007575,11722997,5210649,2787336,5347419,273192,542963,527018,4968240
Bluetooth Finder,13972438,9478609,100000,100000,100000,100000,100000,100000,100000,100000
Book for 8-year-old,1145538,10414946,3203897,108034,103261,5085615,7867932,12573233,12155336,492666
Book: I Wasn't Afraid of Anything,13131058,12155336,5711087,10414946,168079,4492680,108034,103261,2081882,2069596
Boss 400 welding machine,5085615,8191076,6547871,611097,2315672,1487225,7964485,1637989,7778595,11602537
Boys Size 55,10371086,14583873,5932038,262845,6575622,4663785,6998327,8326311,7206351,7156850
Boys animal stickers,148036,10371086,1670075,100000,100000,100000,100000,100000,100000,100000
Boys bracelet,493952,10371086,100000,100000,100000,100000,100000,100000,100000,100000
Boys' Xbox,10371086,1516651,274302,5193119,1485962,6943665,7192914,7248029,6565366,7067157
Boys' mayar (brand name clothing),10371086,100000,100000,100000,100000,100000,100000,100000,100000,100000
Brick toys,911724,9687535,10626133,7533365,100000,100000,100000,100000,100000,100000
Brilliance 320 windshield,10220255,12567791,999220,2992,380267,699324,8163672,100000,100000,100000
Bulk dry dog food,2682750,3688275,15030538,831820,80708,8488225,1825326,1523112,82127,100000
Bums t-shirt,168079,4492680,2069596,4371,8866541,3155036,7997432,10404044,134261,14230534
Buy bracelet and ring,493952,3882961,7371263,11594759,4889984,13436618,3337174,12168292,16079192,8140263
C to c کنافی,7402345,16531727,594097,14655793,14554576,1786026,14365697,7954211,108299,10720087
CPU 7700,13142686,895757,1146158,3184581,12101460,100000,100000,100000,100000,100000
CPU گیمینگ,13142686,1146158,6556217,5593181,11442145,7094941,6759548,13587952,3283613,2440074
Cabinet panel with sensor,7140966,4748512,4510377,4589312,4826432,11402948,74937,4886374,410596,9682455
Caman honey skin cream,539647,13882298,6294267,1061237,1036482,479923,75129,111606,209422,1024106
Canon Hinge,100000,100000,100000,100000,100000,100000,100000,100000,100000,100000
Capra 1 (vehicle model),5747151,11706172,12566613,4762709,5069534,1125790,6718203,4762789,857018,12911938
Car Camping Tent,598177,5153596,882871,752270,179297,564672,2297035,9800719,2510748,156097
Car String Lights,598177,5153596,882871,752270,179297,564672,2297035,9800719,2510748,156097
Car cleaning cloth,2812986,598177,5153596,882871,752270,179297,564672,2297035,9800719,2510748
Car rear text/writing,3294846,6500727,13942382,598177,5153596,882871,752270,17432344,3337174,179297
Car speaker 405,11461827,598177,5153596,882871,752270,179297,564672,305063,2297035,8123064
Carbon violin cushion,766033,13372153,10461064,10461570,8129752,12886626,11233782,538526,1996320,7184432
Casey Jones action figure,3668887,4950518,12877469,1707673,2509019,82094,100000,100000,100000,100000
Celebon مشکی عطر,5703443,312953,582429,1527464,630702,4017472,1514737,1612670,14004535,2444236
Cepiderm Eyebrow Cream Price,539647,9359870,13882298,1036482,479923,75129,1024106,291081,100000,100000
Cgl150,9797207,100000,100000,100000,100000,100000,100000,100000,100000,100000
Chassis flute instrument,6272453,100000,100000,100000,100000,100000,100000,100000,100000,100000
Cheap headphone,138379,364752,11056812,6368593,4329352,7967010,7655336,763971,2549150,2185196
Cheap stone pattern carpet,3710946,100000,100000,100000,100000,100000,100000,100000,100000,100000
Checkered fabric tablecloth,11043683,100000,100000,100000,100000,100000,100000,100000,100000,100000
Citron HDMI cable,2663954,2110057,1744686,11269801,7954211,5353468,784374,620552,517430,9054600
Cize topical gel,12910679,3382496,475703,725032,5017609,560818,721672,587821,100000,100000
Class room of elite,10739975,7422785,3036642,4234482,7743245,6547203,13131058,14762075,1844063,3971425
Clean wall,14762075,14757686,17088276,1013310,100000,100000,100000,100000,100000,100000
Click motorcycle battery price,7340116,9840669,14759505,100000,100000,100000,100000,100000,100000,100000
Cmra,100000,100000,100000,100000,100000,100000,100000,100000,100000,100000
Co2  سنج,1140187,1079268,205704,7180920,5715433,423594,402097,8595427,9693823,3237213
Coat-style towel with halo pattern,381254,8096069,8191076,464143,8812256,4510377,12530126,8069248,9687309,4589312
Coffee mug for Khar-e Dand,1529074,6323277,3346510,7768098,1959514,343269,3203897,5085615,6578032,12573233
Colored Paint,1007575,12084333,8043231,100000,100000,100000,100000,100000,100000,100000
Colored Spoon,8043231,100000,100000,100000,100000,100000,100000,100000,100000,100000
Comfortable sofa,100000,100000,100000,100000,100000,100000,100000,100000,100000,100000
Copa mini,5210649,12020425,150119,144966,222488,159657,2032185,657178,12934720,112379
Copper cutting air capsule,11349887,11195560,12004169,8255514,7184806,15899457,6953542,3673743,961905,11244895
Core i7-9700,14010886,108075,5804989,13147122,10676179,14188564,3402196,1135818,8729182,7378417
Cosmetic kaolin powder,726734,6841198,470602,100000,100000,100000,100000,100000,100000,100000
Cow Design Kettle and Teapot Set,8000565,14474837,1806576,581843,11294304,9818804,4889984,13436618,3337174,12168292
Cross design wall poster,14762075,14757686,14474837,581843,11294304,9818804,1630279,468936,1136176,8960208
Custom photo thermal mug,1529074,253393,100000,100000,100000,100000,100000,100000,100000,100000
DOOGEE phone,625647,1547931,3622380,4952893,859,14349114,12990949,5662822,4823914,8337213
Dad gave me water,308517,11697889,6991372,4271476,7524101,4486352,13369143,13533432,1627097,9855378
Daily purchase accounting notebook,8533439,1004021,206508,4935468,100000,100000,100000,100000,100000,100000
Decorative socket switch,7492207,11126830,100000,100000,100000,100000,100000,100000,100000,100000
Dell Laptop Case,3349,4929992,1132710,23741,4241077,11274192,16702994,7033256,7199802,6460419
Delta control set,8000565,1806576,6353974,8806823,161524,2672540,82086,100000,100000,100000
Dermatom facial cleansing foam,541167,100000,100000,100000,100000,100000,100000,100000,100000,100000
Dermi Deco,216366,1010147,100000,100000,100000,100000,100000,100000,100000,100000
Dietary vitamins,100000,100000,100000,100000,100000,100000,100000,100000,100000,100000
Digikala box,8431072,9024504,12356449,347537,10217756,3825149,2052436,12911132,1552131,7013034
Digital Inside Micrometer,11552790,472989,8901015,100000,100000,100000,100000,100000,100000,100000
Digniti,100000,100000,100000,100000,100000,100000,100000,100000,100000,100000
Dog flea solution,2682750,15030538,100000,100000,100000,100000,100000,100000,100000,100000
Doormat,100000,100000,100000,100000,100000,100000,100000,100000,100000,100000
Drawing notebook notebook model,100000,100000,100000,100000,100000,100000,100000,100000,100000,100000
Durable women's shoes,25948,7248029,13007005,2227950,4439658,346512,9297848,910553,7501115,5903516
Dvd برای لپتاپ,6467,10923236,1452542,1577264,3746829,4905731,1804403,1552131,495837,4536071
E-Tab Toy gearbox,6382060,5625587,620316,7799532,7591916,5684456,859931,12094112,9826552,2234200
EARLDOM Wireless Wifi Display,209841,104631,6556217,5700424,14515067,5652871,5153596,11758156,9044427,6767634
EMKO Espresso Machine,5085615,7973394,100000,100000,100000,100000,100000,100000,100000,100000
EPIC ADVENTURE,9043483,9647966,100000,100000,100000,100000,100000,100000,100000,100000
EST motor,12081253,10769991,14721045,10964548,100000,100000,100000,100000,100000,100000
Earldomاسپیکر,100000,100000,100000,100000,100000,100000,100000,100000,100000,100000
Edam 13 phone,6781339,6927431,10343254,14466435,17185127,9947773,6680257,6882054,7032881,9826102
Edge rounder,9217153,1719126,9950272,13219462,9525590,9147929,10823817,9147653,10650200,12673805
Edje40neo,100000,100000,100000,100000,100000,100000,100000,100000,100000,100000
Edun,100000,100000,100000,100000,100000,100000,100000,100000,100000,100000
Egg crate acoustic panel,6360501,11210315,14188564,6324209,10082995,7235544,9360788,9214719,13586694,9294989
Electric Persian writing trimmer,12884433,13942382,12326145,3337174,100000,100000,100000,100000,100000,100000
Electric meat tenderizer and grater,12884433,12326145,4889984,13436618,3337174,12168292,4105452,580425,9964641,5209372
Electric nose hair trimmer,12884433,12326145,737245,8426416,9106450,4320112,14474837,631027,277000,2348437
Elephant design doll,1799331,14474837,581843,11294304,9818804,100000,100000,100000,100000,100000
Ellaro Cream,539647,13882298,1036482,479923,75129,1024106,291081,100000,100000,100000
Elvis hair cream,539647,13882298,9106450,1036482,479923,4320112,14474837,75129,631027,277000
Embossed phone case for A10,6252788,12018001,3203897,13079048,8513272,1967359,6972627,3029173,2260890,1537340
Energy-saving candle-style lamp,216366,8096069,389422,8191076,464143,8812256,12530126,9446060,4415345,6713936
Esp8266 برد,6800873,10157236,3181103,13369143,10561611,5278820,1699984,6222158,572256,12669477
Espresso maker 2031,7973394,8861839,8800744,100000,100000,100000,100000,100000,100000,100000
Etime Backpack,100000,100000,100000,100000,100000,100000,100000,100000,100000,100000
Evil eye cloud model bracelet,12895463,493952,377799,7090055,24775,5190171,3327411,8653972,1663059,721359
Ewhit tissue,100000,100000,100000,100000,100000,100000,100000,100000,100000,100000
Exalis flower,8511358,10934087,2724761,968110,15585289,4395631,6412337,13536155,5350250,100000
External CD ROM,10706737,100000,100000,100000,100000,100000,100000,100000,100000,100000
F9170,100000,100000,100000,100000,100000,100000,100000,100000,100000,100000
FF 22 perfume,9915584,4260861,12684920,4622727,6686726,3196036,13652157,3823958,13313184,13162343
Fab Lab,100000,100000,100000,100000,100000,100000,100000,100000,100000,100000
Face Camouflage Wax,973772,269248,12749670,767139,14578891,100000,100000,100000,100000,100000
Fantasy Memory,13909110,100000,100000,100000,100000,100000,100000,100000,100000,100000
Faubulus perfume,100000,100000,100000,100000,100000,100000,100000,100000,100000,100000
Felt prayer rug,100000,100000,100000,100000,100000,100000,100000,100000,100000,100000
Fend power bank,12689957,823923,6516336,1479840,1956104,668165,6426591,144764,14721045,1127718
Fifa2019,100000,100000,100000,100000,100000,100000,100000,100000,100000,100000
Fine-tooth chainsaw blade,1163645,8828407,7431580,2830183,5749873,14693608,1054369,48387,100000,100000
Fireproof tent,100000,100000,100000,100000,100000,100000,100000,100000,100000,100000
Flip flops,9491143,12778555,11727519,2933107,8068949,12359107,13215408,9490803,6123279,13854737
Flip5,12212988,12224131,100000,100000,100000,100000,100000,100000,100000,100000
Floating marble,1136176,14574494,100000,100000,100000,100000,100000,100000,100000,100000
Floral jeweled brooch,100000,100000,100000,100000,100000,100000,100000,100000,100000,100000
Florist Green Tea,11475040,8259586,165426,10739828,14866418,9276327,14199453,9671749,12895818,100000
Forearm muscle building band,2058772,8517823,3232170,11637376,12837600,8759938,761028,5173333,3426902,8928806
Foreign flowering fertilizer,100000,100000,100000,100000,100000,100000,100000,100000,100000,100000
Formal dress journal book,10414946,108034,103261,7867932,12155336,196351,13131058,2828738,1710162,3402196
Four-section divided plate,315578,3516999,100000,100000,100000,100000,100000,100000,100000,100000
Frontline,13924499,100000,100000,100000,100000,100000,100000,100000,100000,100000
G12دوربین,100000,100000,100000,100000,100000,100000,100000,100000,100000,100000
G23,4799194,12085726,100000,100000,100000,100000,100000,100000,100000,100000
GBL 800 E,8211935,919972,5795864,3246327,7591916,1761198,2700334,14131854,11071862,2679897
GNMULFLAPDK,100000,100000,100000,100000,100000,100000,100000,100000,100000,100000
GTAV6,100000,100000,100000,100000,100000,100000,100000,100000,100000,100000
GTX1650 Graphics Card,16843325,8462486,12952974,100000,100000,100000,100000,100000,100000,100000
Galaxy 6 vlaasic,15593973,6382060,4656894,12227792,12321554,12440427,5313209,3937555,14277336,7221008
Galaxy Fantasy Ball for Bedroom,254666,9739135,1608330,14065530,3203897,5085615,12573233,1145538,492666,5087685
Galaxy S20 PLUS,7035312,2509581,6995935,2644338,4352555,10591563,5783375,1829693,1843521,1546996
Galaxy a 52  گوشی موبایل,11585530,2162521,1522509,1522466,4294804,859481,5136293,1932392,11424321,3101194
Galexi zed fold,12934244,15593973,100000,100000,100000,100000,100000,100000,100000,100000
Game of Thrones Decorative Dish,914077,11455615,7746824,12500133,12148419,7134009,13131058,1501452,7634670,11722997
Gaming Console Model KGame Stiklite 4,4854648,9515946,3278200,9497381,10062088,6911626,10626350,10918510,17249634,11637520
Gaming wheelchair,4854648,3278200,9497381,10062088,6911626,10626350,10918510,17249634,11637520,11972852
Gan 3 fast charger,457298,4850572,14759198,4852639,9525697,14868576,9290682,8133642,10968291,6770785
Gas capsule 230,9964641,11195560,11007995,924018,732708,487503,905385,3935371,3888306,7322577
Gas pipe box,9964641,8431072,9024504,12356449,347537,10217756,3825149,2052436,12911132,1552131
Geforce gt  6gb,6911626,6853124,9661117,13357588,10626350,2787116,11474358,4915289,2495603,8587723
Genia shampoo,100000,100000,100000,100000,100000,100000,100000,100000,100000,100000
Gillette 3-blade silver,5438008,1163645,757701,909536,5749873,706481,1099779,158397,15445255,1126407
Girl's bed,3436029,837412,1731142,3868112,1917569,3506503,5355661,7248029,13007005,2227950
Girls Water Bottle,727852,10589713,11697889,6991372,4486352,1627097,9855378,10324118,1624836,55392
Girls crop sweatshirt,100000,100000,100000,100000,100000,100000,100000,100000,100000,100000
Girls fluffy bedding set,8000565,1806576,100000,100000,100000,100000,100000,100000,100000,100000
Girls' Papa model sandal,100000,100000,100000,100000,100000,100000,100000,100000,100000,100000
Girls' doll toy,620316,100000,100000,100000,100000,100000,100000,100000,100000,100000
Gizi Miguel citrus juice,100000,100000,100000,100000,100000,100000,100000,100000,100000,100000
Glass fruit bowl stand,6943665,1497226,11777130,14671969,7083260,8716143,8589271,8515925,8641948,3837073
Glasses Lens Cover,13065873,12884694,13945893,3619788,9306368,7781648,4851682,2555157,17252131,881532
Glorimi GS1 PRO,11957036,10667497,6779488,3202092,11274760,6184497,4286480,12662620,7203816,3876416
God of War  دسته,12866569,6582050,3971425,4680056,3334209,4544783,914077,12254721,13131058,14762075
Godox softbox,1074759,100000,100000,100000,100000,100000,100000,100000,100000,100000
Gold Plaque,5920856,4647335,10288193,12869737,2207468,5874073,12895463,7493709,462925,6139145
Gold gemstone design,14474837,581843,11294304,9818804,5920856,4647335,10288193,12869737,2207468,5874073
Golden Book of Mouth,13131058,12155336,82169,10414946,9198398,108034,103261,4804290,7867932,14762075
Good will,4369668,9752324,1731142,3868112,1917569,3506503,5355661,100000,100000,100000
Gopro13,100000,100000,100000,100000,100000,100000,100000,100000,100000,100000
Greasy Design Soot,14474837,581843,11294304,9818804,100000,100000,100000,100000,100000,100000
Green Arrow,165426,8259586,10739828,14866418,100000,100000,100000,100000,100000,100000
Green Mouse Model 301,5561737,9826552,8259586,165426,10739828,799177,535205,34184,14866418,7706929
Green Ozay knitting yarn,8259586,165426,10739828,14866418,100000,100000,100000,100000,100000,100000
Greenhouse shield,13626990,81202,4905454,4358423,1871686,9850003,374546,3876416,11589912,100000
Guitar decorative sticker,12326145,100000,100000,100000,100000,100000,100000,100000,100000,100000
Gummy candy necklace,100000,100000,100000,100000,100000,100000,100000,100000,100000,100000
Gypsum by Kilogram,5594995,10612434,3943482,3169130,6523024,100000,100000,100000,100000,100000
H11 headlight bulb,8160113,1604917,100000,100000,100000,100000,100000,100000,100000,100000
HDMI به لایتینینگ,4802206,9609031,784374,2102520,828267,1744686,508989,7954211,594097,517430
Hackers,100000,100000,100000,100000,100000,100000,100000,100000,100000,100000
Hair trimmer with one blade,5749873,1163645,1054369,4510377,9106450,4320112,48387,14474837,631027,910553
Hair_X,9106450,4320112,14474837,631027,277000,2348437,3688275,1629774,711874,367085
Hami Leather Bracelet,292803,493952,8585459,2599596,5385477,14412156,6197922,100000,100000,100000
Hamilton juicer,100000,100000,100000,100000,100000,100000,100000,100000,100000,100000
Hanadi Hair Mask Argan Oil Volume,631027,5976412,476011,2112368,2696929,5466028,106018,1619481,8299149,935564
Hardon shredder,100000,100000,100000,100000,100000,100000,100000,100000,100000,100000
Head towel wrap,537379,6842082,2726355,100000,100000,100000,100000,100000,100000,100000
Headlight cleaner,540860,10738117,1429669,215911,100000,100000,100000,100000,100000,100000
Heart-shaped pin with Demon Slayer Shinobu anime design,13982631,11732737,8501934,14474837,6830791,581843,256517,1054094,4510377,11294304
Heavy duty  پولیش خودرو,384261,921124,7670489,1541231,9021877,8286788,12197331,8009061,14762075,1025472
Henna perfume,170535,100000,100000,100000,100000,100000,100000,100000,100000,100000
Herbal Tea Meadowsweet,11475040,7195564,1628644,9276327,14199453,9671749,12895818,916897,209422,1489847
Herbal hair gel,916897,12910679,3382496,475703,9106450,7195564,4320112,725032,5017609,14474837
Herod Mobile Phone,625647,1547931,3622380,4952893,859,14349114,12990949,5662822,4823914,8337213
Hkporomax,100000,100000,100000,100000,100000,100000,100000,100000,100000,100000
Hoco HyGEL Clear Screen Protector for Xiaomi Redmi Note 13 Pro Plus Mobile Phone,15077168,14782433,14466435,13238409,14958401,13281648,16194772,14530682,14735824,13237642
Honor X9a,12093610,13602764,12211589,12939789,1539490,5404537,303259,4977852,9786391,1029325
Honor magik v2,9943533,418667,263737,12939789,9835817,14276089,1539490,5404537,10823817,13117072
Honor x6 کاور,12939789,16006742,14326964,1539490,4977852,9786391,1029325,9850003,14716026,10598476
Huawei Y5lite phone case,10821081,4276464,625647,1736053,17311931,9341260,12531760,17470238,13524212,14509327
Huwaei y9 Prime قاب گوشی,12499125,2511416,13663272,14090709,14509327,11805244,17470238,8580214,625647,2675502
Hydrating and Moisturizing Cream with Sunscreen,4886374,82063,539647,11474073,13882298,8433411,4510377,3245302,12724679,7663882
Hydravid cream,539647,13882298,1036482,479923,75129,1024106,291081,100000,100000,100000
Hylou watch strap,9687535,12856922,14492168,15340740,14007389,10901262,13098387,8087355,12711966,12609686
INGCO voltage tester or phase meter,8935796,3237688,7402345,14092946,100000,100000,100000,100000,100000,100000
IPAD MINI 4,104405,6997456,7084646,1543638,8255514,222488,7184806,5538144,2886609,340686
IdeaPad 3,10639608,11152849,11701479,11979,14188564,9979410,13676115,13278622,10849913,12952974
Imidine facial rejuvenation tablet,541167,11636446,112103,684396,437766,3381852,1095317,6505618,5189,8673314
Inclined desktop pad,11636446,7573974,196351,1437746,14546674,13345807,17038129,14079846,11625784,12965773
Influence is your superpower,2577481,2025154,98416,6523024,8163672,100000,100000,100000,100000,100000
Intel,8474138,9044427,11156752,100000,100000,100000,100000,100000,100000,100000
Intel Core i7 13700KF,13147122,8474138,108075,5804989,14010886,10676179,14188564,3402196,1135818,8729182
Inter milan,11661172,8887483,100000,100000,100000,100000,100000,100000,100000,100000
Invalid text,6500727,17432344,100000,100000,100000,100000,100000,100000,100000,100000
Ipad covers,8255514,7184806,15899457,408268,104405,9007201,961905,5538144,2886609,108183
Ipad pro 2nd gen,8255514,15072793,12946785,5538144,2886609,108183,881532,11370174,893929,8179883
Iphone 15 pro لنز,12662620,13005877,13710998,3202092,14632331,5743903,13367746,7421150,6943614,9826102
JETT Energy,389422,9446060,4415345,6713936,3107660,100000,100000,100000,100000,100000
Jelly mold,14410946,14410190,11167379,11830223,48690,23859,100000,100000,100000,100000
Jewerly,100000,100000,100000,100000,100000,100000,100000,100000,100000,100000
Jill Beauty,7379000,4124417,117889,100000,100000,100000,100000,100000,100000,100000
Judas tree,11475040,356717,14509327,9276327,9671749,12895818,100000,100000,100000,100000
K6RTM3,1515342,100000,100000,100000,100000,100000,100000,100000,100000,100000
Kamyar Blood Glucose Meter,4486352,14977370,100000,100000,100000,100000,100000,100000,100000,100000
Keyboard switches,410596,100000,100000,100000,100000,100000,100000,100000,100000,100000
Kheili Sabz 10th Grade Humanities History Book,13131058,304410,13203408,10414946,13909110,9941125,108034,103261,7867932,12155336
King mac,11476645,2924365,112409,880513,6167628,12436562,6918666,2212161,13656147,282643
Kitty coat,849815,14492168,12442344,100000,100000,100000,100000,100000,100000,100000
Knauf tools and equipment,7379000,4889984,13436618,3337174,12168292,4105452,580425,9964641,5209372,13629361
Kodex mini shot camera,1845308,950423,2916857,12017861,8474909,5210649,12020425,150119,144966,222488
Kood organic fotos,100000,100000,100000,100000,100000,100000,100000,100000,100000,100000
Kts 1475,3011771,10173363,7762204,8093037,3690229,9125271,100000,100000,100000,100000
Kwc zoe,100000,100000,100000,100000,100000,100000,100000,100000,100000,100000
L90 Hood Door,461904,1453060,1484542,143601,4096476,4995852,838154,1125171,2840245,1493378
LAN to Type-C adapter,7402345,12423524,16531727,597980,2747336,1786026,14365697,3189403,108299,10720087
LCD huawei p8 lite,8495570,6245130,5480232,14749791,3412806,9378158,4366879,7325702,3967172,4954085
LED off-road fog light,2801558,683854,4530471,10700652,129694,674062,1127047,8671752,1435319,17082776
LED پرنور,10703295,583131,4396103,16895824,5615117,6583824,2617328,5128268,406833,3966853
LEITULT_2,9304907,11989850,5504255,14659658,69822,11465019,14274757,4433459,4707082,13413731
LPG liquid gas tank,4468506,9964641,4472184,11107580,1454931,6841625,8951540,13656147,13656897,9220839
La Favor Sunscreen Cream,539647,306005,150168,12878476,13882298,785154,10769991,12494021,1036482,479923
Lalique eau de parfum,6206211,1021213,2028543,813045,11033708,8996622,4041666,9118510,100000,100000
Lancome La Vie perfume,10769991,10172799,306005,12428668,150168,12878476,785154,12494021,347412,12989790
Laptop gaming,10639608,10272397,9029764,11152849,13129772,12539176,11477248,11485742,11274192,7033256
Large decorative vase for living room,1457325,932459,9209819,3203897,1799266,5085615,12573233,1145538,492666,5087685
Large microphone foam,1457325,932459,9209819,1799266,9315706,10691718,576821,9086639,8467382,13325975
Latex paste,1010147,100000,100000,100000,100000,100000,100000,100000,100000,100000
Layton ادکلن,7419476,12056210,2076296,1857547,361300,11145265,14042335,3389938,532966,2444236
Lcdگوشی نوکیا ۱۰۶,15830110,15595047,8864091,9850282,1682296,2257125,5235672,3437,401,543
Leather gear,8585459,404028,2599596,734233,5385477,14412156,6998327,7156850,6197922,100000
Led daewoo 48 inch,112103,5538144,2886609,108183,3756140,14274757,1543638,8179883,144626,10703295
Led ۵۰سانتی,10703295,583131,4396103,16895824,5615117,6583824,2617328,5128268,406833,3966853
Lego Ninjago Code,9497381,252279,100000,100000,100000,100000,100000,100000,100000,100000
Leko Refrigerator,100000,100000,100000,100000,100000,100000,100000,100000,100000,100000
Lifan X60 headlight glass,7093648,477015,305810,9360555,8716143,8589271,8515925,8641948,3837073,13599913
Light bulb hidden camera,1604917,4530471,950423,129694,674062,1127047,8671752,1435319,17082776,7669005
Lite 13,11700902,5556127,9393108,9740033,12672640,8619645,8598558,9958566,9772865,13719960
Livo Max Accessories,12524405,11625576,10170550,11703904,8791580,7735272,3794667,16895824,13010913,14385136
Local/Traditional rug,100000,100000,100000,100000,100000,100000,100000,100000,100000,100000
Loop Breakfast Cereals,12520106,11392513,3532121,10901262,100000,100000,100000,100000,100000,100000
Lube Purchase,8713364,100000,100000,100000,100000,100000,100000,100000,100000,100000
M7poro max,12524405,11625576,10170550,11703904,8791580,7735272,3794667,16895824,13010913,14385136
MGS Double-sided Pan,123067,7507127,10352901,9299039,13816037,9079304,291994,291864,10546897,558843
MIMI Motorcycle,100000,100000,100000,100000,100000,100000,100000,100000,100000,100000
Macaroni diameter 1.2,12911938,12566613,13413731,11706172,749377,975028,12488839,4270768,3109712,2196451
Machine-made carpet 1.5x2.5,5085615,677563,12566613,857018,3592513,1526337,1029949,7012721,7504753,4878331
Macro pad,11636446,1437746,14546674,13345807,17038129,14079846,11625784,12965773,12104111,100000
Maedeh silver necklace,5438008,757701,909536,706481,1099779,158397,15445255,1126407,8244011,2487461
Magic TV 55 inch,10757160,6873034,112103,6578308,2856810,13414415,80316,14868439,3383612,1585527
Magnetic Eyelashes,15260002,404028,7993944,11077209,12227792,9385254,7994727,100000,100000,100000
Makeup Remover Solution Two,136271,1863310,451234,514745,100000,100000,100000,100000,100000,100000
Mammad Goli (a Persian nickname/name),4394824,2428107,2725162,12083352,14208657,3458009,5742706,8481670,2102520,3860866
Mapking water tap,11697889,6991372,4486352,1627097,9855378,10324118,1624836,55392,10638723,767139
Maral 12% oxidant,10073733,13280973,5350930,14479735,4064721,7505141,12385632,8444265,5726740,1482105
Marwan Khair Sunscreen,100000,100000,100000,100000,100000,100000,100000,100000,100000,100000
MateBook D14,5724899,6324209,100000,100000,100000,100000,100000,100000,100000,100000
Mavi perfume price,100000,100000,100000,100000,100000,100000,100000,100000,100000,100000
Maxider Car Wheel Spacer,9477760,598177,5153596,882871,752270,179297,564672,2297035,9800719,2510748
Medical hernia support belt,170684,10804858,5920856,15946642,16799031,100000,100000,100000,100000,100000
Medical needle-nose pliers,170684,5920856,737245,8426416,100000,100000,100000,100000,100000,100000
Medical کتاب,5920856,170684,7819879,14049507,1110715,76284,12939298,449375,4311087,10262137
Medion دوربین عکاسی,14038806,1845308,1069184,3592470,3593269,2873515,3927,92087,1625808,12082834
Men's Sport Shoes,2241417,12148419,5689902,552559,7375409,10866417,336186,4757213,6040921,74937
Men's fabric clothing set,8000565,1806576,2241417,11043683,552559,7248029,13007005,2227950,4439658,346512
Men's sports shorts model 312,10703295,5193119,4615249,8090073,10701828,2241417,164918,23752,12804462,552559
MenschenA2.1وA2.2 انتشارات جنگل,5262324,2100249,4119534,1145538,6682453,5345709,7867932,8933878,7738177,9053258
Metal picnic basket with zipper,6109414,575613,4510377,827203,15307696,4589312,4826432,11402948,74937,4886374
Mi Band 8,17013373,11852527,12418799,2058772,3232170,8759938,5173333,3426902,8928806,10784902
Mi13موبایل,100000,100000,100000,100000,100000,100000,100000,100000,100000,100000
Mini Max Chopper,5210649,12020425,150119,144966,222488,159657,12524405,2032185,657178,12934720
Mira Electrical Cable Flexible Model 2x2.5 Black Code,990229,9497381,252279,12290031,2663954,2110057,4878331,1595358,10458814,3237727
Miss dioor,7749693,7340109,100000,100000,100000,100000,100000,100000,100000,100000
Miu Miu women's sunglasses,7248029,13007005,2227950,4439658,346512,9297848,910553,7501115,5903516,3457566
Mobile,625647,1547931,3622380,4952893,859,14349114,12990949,5662822,4823914,8337213
Mobile Phone Connected CCTV Camera,950423,625647,1547931,3622380,4952893,859,14349114,12990949,5662822,4823914
Mobile case A25,14017355,14903664,14252291,15180044,15434148,12748284,13215408,14355993,13981087,15662041
Moltafet rap,100000,100000,100000,100000,100000,100000,100000,100000,100000,100000
Monster Energy Drink 500ml,741130,389422,9446060,4415345,6713936,3107660,100000,100000,100000,100000
Motherboard B760 Plus Wifi Tuf,11972852,11637520,104631,11667571,5700424,9044427,209841,8519455,5538144,108183
Motion detection,7140966,12420664,100000,100000,100000,100000,100000,100000,100000,100000
Motorcycle fuel tank and cover,11107580,115001,11668574,4889984,13436618,3337174,12168292,10302972,4105452,580425
Motorola X,367085,11149658,6368593,15772253,9645982,9330978,142262,12689957,482048,7266005
Moulinex appliances,100000,100000,100000,100000,100000,100000,100000,100000,100000,100000
Mp5تفنگ اسباب بازی,17423036,7623616,12020425,7248561,2949988,17381762,17845107,17632730,10122383,363896
Muddy Overcoat,100000,100000,100000,100000,100000,100000,100000,100000,100000,100000
Muliti daily,8533439,1004021,206508,4935468,100000,100000,100000,100000,100000,100000
Multi-purpose travel knife,10415470,4846962,12575901,4661132,100000,100000,100000,100000,100000,100000
Multifunctional cooling,14671969,100000,100000,100000,100000,100000,100000,100000,100000,100000
Music box,8161465,12302650,344852,8431072,9024504,12356449,347537,10217756,3825149,2052436
Mvm550,100000,100000,100000,100000,100000,100000,100000,100000,100000,100000
My Model Liquid Lipstick,1454931,703450,16374936,606297,679780,8595642,12371948,14295074,24775,222523
My mood,11431689,703450,16374936,606297,679780,8595642,12371948,14295074,24775,222523
N100 محافظ پشت,13958106,8334051,6965505,5072040,7565868,11498020,11717667,11505940,11923642,6532707
NA 180,8282083,13735302,10691718,1411709,11817953,602111,2410351,455957,3941575,6840624
NG Pomegranate soap,14208657,191576,3068071,1028467,13156440,100000,100000,100000,100000,100000
"NV\,A STDN",874355,1492841,930157,4394824,2428107,2725162,12083352,14208657,3458009,5742706
Nach pots,100000,100000,100000,100000,100000,100000,100000,100000,100000,100000
Nasho Shopping Basket,100000,100000,100000,100000,100000,100000,100000,100000,100000,100000
Natural abaya leaf plant,12788457,2599596,514062,6267901,9682455,1020704,100000,100000,100000,100000
New Home,606297,9681293,5752884,11457161,11001762,14135524,540860,12595243,618869,2392148
Nike Tiger Shoes,917220,6500727,149716,6061721,100000,100000,100000,100000,100000,100000
Niwa vacuum cleaner motor,15113204,540860,14721045,10964548,11475653,10738117,1429669,215911,100000,100000
Noavaran Narieh Waterfall,100000,100000,100000,100000,100000,100000,100000,100000,100000,100000
Nokia G21 phone case,9936574,11007438,13651678,9905265,8267393,348142,15830110,1882481,8492347,5904494
Non-padded bra,100000,100000,100000,100000,100000,100000,100000,100000,100000,100000
Nord n10 قاب,8047600,3062819,7091001,13958106,8334051,6129574,2429494,453777,1568281,589137
Note 12 Pro 5 G کاور,14523169,14474135,14272634,12559255,12686696,11714554,2836228,11476836,12686691,10667497
Note 12 pro + se,14523169,14474135,14272634,12559255,12686696,11714554,10667497,11476836,12686691,11079023
Notebook full of drawings,13131058,14762075,3971425,131646,10985441,6843702,8133531,4680056,4279077,7340116
Nothing phon,11195560,12588138,15213679,100000,100000,100000,100000,100000,100000,100000
Nova coffee maker model 149,6323277,3346510,672592,7768098,1959514,343269,13289523,6578032,11210768,14749791
Novin leather women's sandals,8585459,2599596,5385477,14412156,7248029,13007005,2227950,4439658,346512,9297848
OLIVES,2120190,100000,100000,100000,100000,100000,100000,100000,100000,100000
OLaLa,8380157,100000,100000,100000,100000,100000,100000,100000,100000,100000
OTGانروید,100000,100000,100000,100000,100000,100000,100000,100000,100000,100000
Oil plus کامان,2411046,8299149,3514216,520362,1841775,4428092,3868368,13299223,8739306,1825326
Old electric razor,12884433,12326145,100000,100000,100000,100000,100000,100000,100000,100000
Onikuma B60,100000,100000,100000,100000,100000,100000,100000,100000,100000,100000
Ordizei Eye Contour Serum,8367987,973772,5190171,3327411,8653972,1663059,721359,14263482,100000,100000
Original Nike sports water bottle,917220,727852,10589713,6500727,887306,10510261,5193119,11697889,6991372,319602
Original dishwasher detergent,887306,10510261,319602,100000,100000,100000,100000,100000,100000,100000
Orvibo,454861,100000,100000,100000,100000,100000,100000,100000,100000,100000
Ostrich neck,430494,100000,100000,100000,100000,100000,100000,100000,100000,100000
Otg فلش بخ type c,7402345,1786026,2747336,9009983,2261333,12639452,4542839,538062,16531727,8395887
Outmeel،‌,100000,100000,100000,100000,100000,100000,100000,100000,100000,100000
Oven Stand,1823585,6943665,1497226,11777130,14671969,100000,100000,100000,100000,100000
P#5,4000750,13827543,10688144,4394824,12987634,14045908,2791087,3672002,11519824,1161678
PS4 controller name sticker,4545023,11758156,7248029,11596176,412826,143761,1980226,317619,607269,12804885
PS4سونی,100000,100000,100000,100000,100000,100000,100000,100000,100000,100000
PS5 controller shock absorber,11758156,7248029,11596176,104284,3904662,10812024,6843702,9561839,7998713,14494381
Packaged Satin Lace Top and Shorts Set,2421535,15367405,12106284,8000565,1806576,15302238,1499342,4889984,13436618,3337174
Pap1201,100000,100000,100000,100000,100000,100000,100000,100000,100000,100000
Paper size 5,10379710,14583873,5932038,262845,6575622,6998327,7156850,5119105,13081627,1016395
Parab Teflon pot size 42,14583873,5932038,262845,1034194,493952,6575622,9513945,11295564,3278517,6998327
Pardis 120 Wall Shelf,14762075,14757686,3572733,10035800,8719520,7310681,3554505,15110674,1030285,389052
Pars Shahab 70 Watt LED Lamp,11269336,8675578,7651694,10703295,583131,4396103,16895824,5615117,6583824,1864902
Parsikar correction pen,23134,532964,320285,3734361,6293076,8598954,13924499,3191239,17111036,1628998
Pasha wood stain,10763058,9719731,11596055,14477219,4271106,100000,100000,100000,100000,100000
Pearl bag handle,10901361,372057,7262282,4124417,100000,100000,100000,100000,100000,100000
Pencil eyeliner,100000,100000,100000,100000,100000,100000,100000,100000,100000,100000
Persepolis Classic Jersey,1547931,12020425,7668670,1693740,636662,5699257,3149540,4346822,1309479,4877415
Persepolis Design Mug,1529074,14474837,581843,11294304,9818804,100000,100000,100000,100000,100000
Persepolis lighter,100000,100000,100000,100000,100000,100000,100000,100000,100000,100000
Personality Theory,100000,100000,100000,100000,100000,100000,100000,100000,100000,100000
Peugeot 206 Glass Washer Fluid,10589713,3499111,162579,7021668,7128270,5622922,4397081,13968566,8716143,3984726
Peugeot 206 SD floor mat,8456969,1447966,6235389,272669,2963028,6718972,692119,7634670,11189922,5004533
Peugeot 206 armrest console,3499111,162579,7021668,7128270,5622922,4397081,13968566,3984726,14065867,4836859
Peugeot 206 front bumper grille,8255514,3499111,162579,7021668,7128270,5622922,4397081,13968566,3984726,14065867
Peugeot 405 shelf/ledge,7814413,8794936,9614779,1467744,1152961,11210315,6984499,7504341,17637807,1967953
Pharma foundation cream,539647,3225586,13882298,1036482,479923,75129,1024106,291081,100000,100000
Philips 7000 13,669351,9563541,3136496,364697,4386999,1918074,429105,15165767,6927431,13619045
Phone SD8 RAM,2992,7053063,8187292,11151891,6768238,10402620,10058591,13514411,8123753,10939946
Phonemo,100000,100000,100000,100000,100000,100000,100000,100000,100000,100000
Piano bench price,6272453,100000,100000,100000,100000,100000,100000,100000,100000,100000
Pink zara,795502,470122,968110,2343975,8946331,11966283,1845303,8450908,100000,100000
Plant Fertilizer,100000,100000,100000,100000,100000,100000,100000,100000,100000,100000
Plant LED light,4530471,129694,674062,1127047,8671752,1435319,17082776,7669005,715347,9410599
Plastic chicken wire mesh model,15367405,1610879,4270359,4801149,8207627,100000,100000,100000,100000,100000
Poco X3,6305458,6929586,4885206,9308944,8688900,6138430,12094463,8370107,10427489,8400609
Poco c6,8085051,7012003,6305458,6929586,4885206,9308944,6138430,14326964,11494321,8688900
Poco m6 pro قاب کشویی,17252131,14104137,14540484,14467947,12747983,12749087,14782947,14644123,14883397,14820938
Poco x6 poroگوشی,14326964,14467947,13847395,14716026,14883381,14402753,14151404,14982625,14116027,14883384
Poly,117987,280243,100000,100000,100000,100000,100000,100000,100000,100000
Portok خودکار,532964,189571,14494349,620316,490435,12910679,16592579,6975559,167334,150440
Pot holder,882871,7066026,8439558,100000,100000,100000,100000,100000,100000,100000
Pourhomme,100000,100000,100000,100000,100000,100000,100000,100000,100000,100000
Power Module,12689957,823923,6516336,1479840,1956104,668165,6426591,144764,14721045,1127718
Power bank 20000,8687682,570764,3767575,7591943,12689957,823923,6516336,1479840,1956104,2271206
Power bank battery 10000mAh,7340116,12689957,823923,6516336,1479840,1956104,668165,6426591,144764,14721045
Power outlet,12689957,823923,6516336,1479840,1956104,668165,6426591,144764,14721045,1127718
Pride 141 trunk cover,343272,8355914,7597200,9026799,1151425,3296229,3559877,2651985,6820473,2168193
Prima Lilian blanket,528171,11229602,100000,100000,100000,100000,100000,100000,100000,100000
Pro one R100 pro,10510384,10667497,6779488,3202092,11274760,6184497,4286480,12662620,7203816,3876416
Protective Case for Samsung Galaxy A05s Mobile Phone,14333378,15294551,17961048,14262609,12976144,13804607,14050144,1932392,967689,5136293
Pufferfish plush toy,620316,100000,100000,100000,100000,100000,100000,100000,100000,100000
Puma boys hoodie,10371086,100000,100000,100000,100000,100000,100000,100000,100000,100000
Qcy whatch gt,11648685,12702443,12838592,8882003,13532245,2787116,11474358,4915289,2495603,8587723
R g مرطوب بدن,9446060,4640717,8739306,5346945,7663882,5127858,20388,97756,3212987,4139554
R2032,100000,100000,100000,100000,100000,100000,100000,100000,100000,100000
RELEMI mobile,625647,1547931,3622380,4952893,859,14349114,12990949,5662822,4823914,8337213
RTX 500,9661117,10918510,11477248,8229659,7833858,10566160,10571974,6035037,13080279,1581754
Ram 1500 car model,4202210,598177,5153596,882871,752270,6558638,1453992,8267336,123428,179297
Rana Plus steering wheel keys cover,14197838,9477760,10827874,6355888,1546996,569723,7973084,13524212,2582223,1015441
Rapido Engine Rear Shock Absorber,3294846,261754,104284,10812024,100000,100000,100000,100000,100000,100000
Raw camera lens,950423,13065873,12884694,13945893,100000,100000,100000,100000,100000,100000
Re   ddlamond,11781177,3461150,8320625,10532893,4352342,111606,100000,100000,100000,100000
Readmi K70 pro,13807859,13624405,15303881,7564833,10667497,6779488,3202092,11274760,6184497,4286480
Ready-made white putty,4148999,3277497,750182,748629,482498,495136,4202210,890570,761749,7080495
Reddragon mouse,5561737,9826552,7706929,100000,100000,100000,100000,100000,100000,100000
Redmi 1pc,5298345,8823098,14494540,13402069,13717987,14466435,9083865,16777791,14565825,14474135
Redmi Note 12 Pro 4G phone case,14474135,12559255,12686696,14272634,13576508,12516025,12111544,12933971,12884694,14242440
Redmi Note5 Pro کاور,401065,14474135,7763751,6035112,12068576,12686691,3876416,5327024,3772284,9863317
Redmi Poco X6 Pro 5G phone,14883381,14883384,17432344,14217106,14217361,14326964,14151404,14982625,14565825,14116027
Redmi nn,5553798,8889988,5203605,5298345,8823098,14494540,13402069,13717987,14466435,9083865
Redmi note 11 pro plus,7373577,14474135,14272634,14398384,9069160,12686696,8912657,14494540,14146381,14523169
Redmi note 12 4gشیاعومی,14474135,12516025,12933971,12884694,12559255,12427672,14523169,12686696,14354432,11928674
Redmi pad es,13345807,17038129,11636446,9254926,14079846,1744551,12965773,5602345,3349803,6243091
Religion of Love book,13131058,12155336,10414946,2081882,987316,108034,103261,7867932,5329771,14445815
Remote iPhone Door Opener,461904,1453060,6353974,10207088,13251635,6882567,12669477,4099036,12560677,4734311
Reno10,16033932,100000,100000,100000,100000,100000,100000,100000,100000,100000
Resin ring making mold,3882961,7371263,11594759,787425,16079192,8140263,15546718,12981310,10985441,100000
Ring light F,3882961,7371263,4530471,11594759,129694,674062,1127047,4629014,14041181,2546524
RoHS پاوربانک,11558570,14262023,8687682,13580357,5074412,5364017,8271775,9091151,42639,4385408
Rock music accessories,8161465,12302650,344852,4989781,9422726,100000,100000,100000,100000,100000
Rocket Car,5804989,598177,5153596,882871,752270,179297,564672,2297035,9800719,2510748
Rocking swing chair,4901144,100000,100000,100000,100000,100000,100000,100000,100000,100000
Roja model,100000,100000,100000,100000,100000,100000,100000,100000,100000,100000
Ronix angle grinder 3165,14703290,100000,100000,100000,100000,100000,100000,100000,100000,100000
Rope maker,100000,100000,100000,100000,100000,100000,100000,100000,100000,100000
Rovensburger,100000,100000,100000,100000,100000,100000,100000,100000,100000,100000
Rtx 4090 ti rog,9661117,10918510,8737685,13357588,222309,6853124,7950199,11477248,10085008,8229659
Ruby necklace with sequins,4510377,4589312,4826432,11402948,74937,4886374,410596,9682455,195987,865491
Runna rear turn signal light,3294846,4530471,129694,674062,1127047,8671752,1435319,17082776,7669005,715347
S2-FE phone case,11278753,14105863,12693128,13065873,13982222,12305171,5783375,13496875,7892239,10591563
S2023 fe سامسونگ,6438632,14105863,12693128,13065873,13982222,13148210,17210794,11278753,13177259,10591563
S21 Ultra,5381957,4367900,4339537,7886431,12693128,12804655,11278753,12305171,11625576,7892239
S23FE کیف کلاسوری,13503378,13628250,13072622,1568408,6997202,512929,2012052,3453135,9007201,10898662
S9 Ultra tablet pen protector,12711966,14340942,23134,15511163,14608010,17111036,1628998,12910731,807859,8519789
SKMEI waterproof watch,1154351,90288,14007389,10901262,13098387,8087355,12711966,12609686,13877869,13735302
Saipa wheel center cap,9477760,9542290,8452901,11124441,5427924,8398404,12097231,9954981,100000,100000
Samand car cover tent,11596055,598177,5153596,882871,752270,179297,564672,2297035,9800719,2510748
Samand flashing hazard light,11596055,4530471,129694,674062,1127047,8671752,1435319,17082776,7669005,16620811
Samand sport brake light,686871,11596055,4530471,12148419,5689902,129694,674062,7375409,10866417,1127047
Samsung AC S Samsung ACS,8333179,12934244,9370,5423191,1628998,8250179,1154385,6461395,17111036,117568
Samsung BAR,1474518,1056966,9878083,13224953,859,3927,38435,8333179,6252585,31830
Samsung C,4127095,6277532,155209,16072099,12914704,8133642,16531727,594097,5091399,14655793
Samsung SE4 Phone,859,5136293,9490803,9491143,1932392,11424321,8333179,3101194,16998315,11228484
Samsung s20پلاس,859,3927,38435,8333179,6252585,31830,9490803,6467,2770449,276873
Samsung s24 ultra case,14469461,14194971,14311467,14543479,14412156,14304704,13768300,14263738,14466033,14050989
Samsung vacuum cleaner parts,15113204,540860,11475653,10738117,1429669,215911,859,3927,38435,8333179
Sangpop,100000,100000,100000,100000,100000,100000,100000,100000,100000,100000
Scaerltt2i2,100000,100000,100000,100000,100000,100000,100000,100000,100000,100000
School cutlery holder,882871,7066026,8439558,100000,100000,100000,100000,100000,100000,100000
School hand soap,8414644,100000,100000,100000,100000,100000,100000,100000,100000,100000
Se 2023 گارد,14512408,9820263,9457871,13578795,13282374,11620483,14911876,12453934,252852,9926413
Self tan,100000,100000,100000,100000,100000,100000,100000,100000,100000,100000
Setare Sorkh,100000,100000,100000,100000,100000,100000,100000,100000,100000,100000
Shalvar (traditional pants) cotton,4290740,100000,100000,100000,100000,100000,100000,100000,100000,100000
Sheep cheese from Halab,10240877,13924499,100000,100000,100000,100000,100000,100000,100000,100000
Shoe polish,575613,12749670,100000,100000,100000,100000,100000,100000,100000,100000
Short Nirvana,430494,6953189,100000,100000,100000,100000,100000,100000,100000,100000
Simple phone chassis,750199,868521,9864060,9493378,9579256,14337860,8971949,1514008,17323155,5799080
Sinbo Rice Cooker,869810,100000,100000,100000,100000,100000,100000,100000,100000,100000
Single Motor Fan A@E,7308250,6617427,14721045,865491,10964548,7591916,5684456,859931,12094112,2234200
Sink faucet extension,274198,8501934,2351153,100000,100000,100000,100000,100000,100000,100000
Size 6 Wrench,14583873,5932038,262845,6575622,6998327,7156850,7537782,643096,516414,1116925
Skin tone colored pencils,8043231,209422,4320112,6350909,12506875,210803,8665878,12640391,8655710,672611
Sky شمع,622418,6239844,10273269,1480950,433458,4929072,1638404,2241690,4499873,9662450
Sl-720,9665263,14234612,4570342,5421011,4217641,7697997,7595752,647792,11105977,12388064
Small Sun headlamp zy-6,657178,9648403,8854392,7622354,690012,7456369,4393555,2776580,1143440,6230551
Small decorative bottle,727852,10589713,1143440,7622354,10054123,1743291,599786,1606824,9614086,14359691
Small desktop griddle,7573974,196351,1143440,7622354,10054123,1743291,599786,1606824,9614086,14359691
Smart watch,2873855,5572422,558489,6750649,4731083,12791797,14036383,11324697,9682209,13877869
Speaker,305063,8123064,3367934,9279178,11498716,7391150,10173363,222488,7858041,11987029
Speed wa,13996901,355992,1630279,3148813,6753256,3166187,6167628,13012187,100000,100000
Spider chandelier,917875,173977,11548891,13461348,11447064,12957273,100000,100000,100000,100000
Sport rear hazard light,3294846,4530471,12148419,5689902,129694,674062,7375409,10866417,1127047,336186
Spring organizer,10934087,886651,3436029,5350250,100000,100000,100000,100000,100000,100000
Ssd m.2 250,670793,7523900,5930508,109633,10670241,5460742,5652072,3573411,1859859,142262
Ssd xpg,202011,7523900,5930508,109633,859807,14494381,2458871,4563789,9859370,4068058
Stapler 1170,100000,100000,100000,100000,100000,100000,100000,100000,100000,100000
Star Wars design night light,114843,17147408,12640514,7669005,3389938,14474837,581843,4530471,3459452,11294304
Star-shaped Sequins Package,492666,256517,3459452,1054094,114843,17147408,12640514,6196449,2293190,5070466
Stone Hand Statue,3710946,8414644,100000,100000,100000,100000,100000,100000,100000,100000
Sultan Sofa,997006,100000,100000,100000,100000,100000,100000,100000,100000,100000
Sumsong A54,12673202,12953354,14724466,13576150,12282467,11748938,11585530,11966283,14577825,13376228
Sun tattoo,657178,9648403,690012,100000,100000,100000,100000,100000,100000,100000
Surface Laptop,6575181,108034,103261,13347499,14591367,11274192,7033256,1476154,7199802,8789224
Suroz lamp,100000,100000,100000,100000,100000,100000,100000,100000,100000,100000
Swiland,100000,100000,100000,100000,100000,100000,100000,100000,100000,100000
Sx8 typec,6993065,8068521,6777498,8068518,100000,100000,100000,100000,100000,100000
S۲۳ اولترا,5132167,7477029,11001700,13300475,7200364,11152854,14105863,11165930,13065873,14673891
T11 هندزفری,14420358,16035296,453365,8161465,10676179,1747050,1930327,8580963,1734817,8445215
T8 Jack Rear Hazard Light,3294846,12094251,42785,4530471,129694,674062,1127047,8671752,1435319,17082776
TEMPERED,310251,9829370,100000,100000,100000,100000,100000,100000,100000,100000
TUF Gaming FX506HF | i5 11400H | 16GB | 512GB SSD | RTX 2050,11477248,11485742,13129772,12539176,13347499,12952974,17456185,10918510,13676115,6911626
Tab s8,9236351,7844091,14608010,7237459,8248596,6229102,3519439,7178053,7799532,266499
Tablecloth on kitchen counter,606509,718577,1309479,8169681,8780629,5209372,12155336,5818929,5762016,100000
Tablet holder/grip,7066026,882871,8439558,11636446,112103,684396,437766,3381852,1095317,6505618
Taj Al-Sidi S23 phone,5126221,11152854,14105863,11165930,13065873,14673891,13982222,12179628,11077209,13148210
Technocracy,100000,100000,100000,100000,100000,100000,100000,100000,100000,100000
Teddy bear candle mold,9941383,216366,602199,591781,1096116,340514,2899169,14389675,9687535,8240438
Teq Aghi (a type of snack),13131058,4510377,3334209,25948,196351,90581,577614,286011,263737,14762075
Test book,12999394,10414946,108034,103261,7867932,12155336,196351,13131058,2828738,1710162
Text Sticker,6500727,17432344,100000,100000,100000,100000,100000,100000,100000,100000
The Rabbit Itself,877357,5087685,7451049,11103549,10985441,13131058,15284231,7024411,11548891,344852
The Raven King,10371086,880513,12436562,2924365,112409,5087685,6167628,7451049,10985441,13131058
The connection 3,5087685,3617452,12168292,7451049,10985441,13131058,15284231,7024411,11548891,344852
The fellowship of the ring the lord of the rings,10985441,5087685,7451049,13131058,10739975,13203408,14843838,12155336,2443838,9917529
The lion king,880513,12436562,2924365,112409,5087685,10890744,6167628,7451049,10985441,17992293
Three-prong Adapter,12423524,4256612,444614,100000,100000,100000,100000,100000,100000,100000
Tiny t1,847989,1823585,73969,6872711,15946642,100000,100000,100000,100000,100000
Tiptop electric socket wrench,12884433,12326145,100000,100000,100000,100000,100000,100000,100000,100000
Tokarak tights,100000,100000,100000,100000,100000,100000,100000,100000,100000,100000
Toner صورت,541167,13905556,9629625,2423504,14922341,8494071,9846474,11423012,15246177,584095
Toothbrush with medium bristles,599786,4510377,7653577,4589312,4826432,11402948,52824,7244338,74937,4886374
Travel kettle model,10415470,100000,100000,100000,100000,100000,100000,100000,100000,100000
Tricofer tablets,100000,100000,100000,100000,100000,100000,100000,100000,100000,100000
Trunk for aquarium,2560903,3203897,5085615,12573233,1145538,492666,5087685,2241417,13436618,42785
Tulips citrus juice,100000,100000,100000,100000,100000,100000,100000,100000,100000,100000
Tuna Pharmacy serum,973772,100000,100000,100000,100000,100000,100000,100000,100000,100000
Tuna fish (flavor variant),3327411,379343,602307,100000,100000,100000,100000,100000,100000,100000
Turntable 617,2086763,7116243,100000,100000,100000,100000,100000,100000,100000,100000
Twilight Pony doll,679780,100000,100000,100000,100000,100000,100000,100000,100000,100000
UItramax T99,11578992,10386289,11625576,11158610,100000,100000,100000,100000,100000,100000
USB 32,7275212,971829,20559,2715002,1792412,9436586,2261333,67348,7634670,3997038
USB ا USB2.0 To SATA Converter,1868597,7402345,702346,1626470,8156579,758079,12226742,7143480,774859,1619296
USB-C to USB adapter,7402345,12423524,14655793,594097,1786026,1780247,10720087,8684709,16531727,12722869
UV Light Screen Protector,807859,4386999,6767634,9005933,4530471,9620210,7468372,12947378,13429185,129694
Ultra Boost,500666,4738948,11431689,4884175,5398412,5347226,217465,4416908,11625576,12950092
Ultra box,8431072,9024504,12356449,347537,10217756,3825149,2052436,11625576,12911132,1552131
Ultra evo,11936798,4433578,670793,6853124,11625576,12950092,12520106,12711966,13364523,11159148
Unicorn design wallpaper,8282123,14474837,581843,762716,11294304,9818804,100000,100000,100000,100000
Usb مدل میکروفن,13231718,73428,5535016,9315706,10073361,696912,12575901,596699,9297848,11071862
V 15 پرو گوشی,12662620,13367746,13005877,13710998,13632307,13132596,13798085,4813079,13359918,14218512
VENZ CAFE,100000,100000,100000,100000,100000,100000,100000,100000,100000,100000
VGR Hair Trimmer Model V_290,4686242,5213536,13728402,9106450,4320112,1791872,14474837,631027,277000,2960094
Vgr v 282,6286333,2960094,10036235,2008349,743370,686871,5585267,14793780,6103924,6092808
Video power cable,823923,405946,1032523,12689957,6516336,1479840,1956104,668165,6426591,144764
Video touchstones 3,405946,1032523,2365505,6563735,1868597,11942932,1029723,6840624,8320487,8450192
VigRS,100000,100000,100000,100000,100000,100000,100000,100000,100000,100000
Virtual power strip,12689957,823923,6516336,1479840,1956104,668165,6426591,144764,14721045,1127718
Vitamin D3 10000 Tablets,9040068,9235064,10526032,6735701,6617427,13580357,5074412,195380,6754102,1624540
W26 ultra,14147496,11625576,12950092,12520106,12711966,13364523,11159148,367085,10386289,14105831
WS13 ULTRA 2,12950092,142262,14105831,14050066,589329,12837600,11625576,14334481,10401188,144764
Wall mounted shelf,14762075,14757686,100000,100000,100000,100000,100000,100000,100000,100000
Walnut screw sticker,14477219,100000,100000,100000,100000,100000,100000,100000,100000,100000
Warm dried fruits,100000,100000,100000,100000,100000,100000,100000,100000,100000,100000
Water Squirt Gun,9330978,5689902,11697889,6991372,6493318,9647966,7113613,4486352,1627097,9855378
Water-resistant MDF,11697889,6991372,7092375,4486352,1627097,9855378,1787492,10324118,478858,10812024
Waxing paper for hair removal,9106450,14474837,10379710,3203897,4320112,5085615,631027,277000,12573233,1145538
Wd 44,5817739,16565619,5624039,7054953,9552512,6292647,1050226,9588832,12185047,1139116
White skincare routine pack,3112577,3223084,2744525,2365673,6660785,3277497,8402173,8463637,750182,748629
WiWU قلم,11777130,8531074,11716692,5551003,7297459,3229989,320285,2206927,2206978,10881540
Windows tablet,13836558,7134009,11238413,11636446,112103,684396,3185092,437766,3381852,1095317
Wireless G Bluetooth speaker,13972438,6556217,9478609,14515067,5652871,5153596,11758156,6767634,305063,7206351
Wireless mobile gaming headset,6556217,4479388,14515067,8863794,1443423,451154,9515946,381254,3283047,5035423
Women's Gray Shorts,781018,7178053,7248029,13007005,2227950,4439658,346512,9297848,910553,7501115
Women's fabric and felt clothing sticker,4105452,11043683,4889984,13436618,3337174,12168292,7248029,580425,9964641,13007005
Women's formal abaya-style manteau,8096069,8191076,464143,8812256,12530126,8069248,9687309,12337287,464005,7248029
Women's protective underwear,967689,14105831,7248029,13007005,2227950,4439658,346512,9297848,910553,7501115
Wood drill bit,11364232,10763058,9791281,9719731,11596055,14477219,4271106,100000,100000,100000
Wooden Ronaldo statue,14844701,643398,100000,100000,100000,100000,100000,100000,100000,100000
Wooden full-length mirror model w,882871,10111916,2417146,1887326,6823208,9197280,7340116,6606397,13904421,6767634
Wooden handle taser cover,9306368,7781648,4851682,2555157,17252131,881532,14243935,9864095,12284171,5793228
Wooden level,9027096,6779835,3952386,1967885,14188564,6324209,10082995,7235544,9360788,9214719
Wooden pen holder,882871,7066026,23134,532964,320285,3734361,6293076,8439558,8598954,13924499
Word Cool fragrance,139696,42991,150472,398852,55392,4311097,100000,100000,100000,100000
Wrong paper,10379710,100000,100000,100000,100000,100000,100000,100000,100000,100000
X series ساعت هوشمند,13877869,12836450,11414941,6943665,9475069,7248029,4878993,9422726,14911876,7563592
X3LITE,100000,100000,100000,100000,100000,100000,100000,100000,100000,100000
X3light,100000,100000,100000,100000,100000,100000,100000,100000,100000,100000
X6 pro,14467947,14716026,14883381,14402753,14151404,14982625,14116027,14883384,17432344,14217106
XT 16GB GDDR6,13883838,13357588,8225409,10626350,6853124,13434284,11399623,10659583,11701479,13854737
Xiaomi 13c mobile phone,14055948,13717987,14577010,13931538,13695613,13716822,13709699,14819880,13877857,13402001
Xiaomi Doco C65 mobile phone cover,14109840,13877857,13922116,14509231,14819880,13727168,13931538,14055948,17137557,7426186
Xiaomi Mi 11 Ultra mobile phone,5663467,9958566,13323051,12672640,5556127,7212482,9772865,5072040,5274030,9022790
Xiaomi Note 13 Pro Doll Case,14958401,14753411,14782433,13446704,13237105,14753362,14782947,14644123,14883397,13322394
Xiaomi Redmi GT 3 phone,9917706,9174799,8665878,9039614,11375836,9393108,9917529,8257052,13446704,7426186
Xiaomi Redmi Note 12 Phone Case,12516025,12933971,12884694,12559255,14474135,12427672,14354432,11714554,13323176,12504213
Xiaomi S9 phone case,1546996,538526,17137557,7426186,12789392,10633491,14577010,17567737,7087016,9232039
Xiaomi poco x 6,10677094,11226793,4244447,4885206,7724238,10718056,7917114,8665878,11701225,17981346
Y7 2018,11307703,625647,633651,13314614,14495080,1736053,890360,1111878,3457766,729390
YSL Libre perfume,100000,100000,100000,100000,100000,100000,100000,100000,100000,100000
ZY-W647,8854392,7456369,4393555,2776580,6230551,9852658,100000,100000,100000,100000
Zanti 24000 Air Conditioner 24,9723848,8255514,11334503,7184806,11196611,15899457,6953542,3673743,961905,11244895
Zenteneh Canoni,100000,100000,100000,100000,100000,100000,100000,100000,100000,100000
Zy -t150,2776580,8854392,7456369,4393555,6230551,9852658,100000,100000,100000,100000
a 54 ۱۲۸,11585530,12963485,8366107,10646996,2924365,11236294,4394824,2428107,2725162,103095
a 55 gooshi,2326904,4294804,1522509,11585530,859481,1522466,14679714,6585334,12521436,4663785
a25 با شارژر,14017355,14903664,13215408,15180044,5158435,14252291,5371740,13920852,15434148,12748284
a2برگه,100000,100000,100000,100000,100000,100000,100000,100000,100000,100000
ab limu gir,4622727,4190115,5726740,1029723,347537,6464596,12974035,12662591,7611671,100000
abajour senator,2480888,12416237,100000,100000,100000,100000,100000,100000,100000,100000
ablimo torsh gir,100000,100000,100000,100000,100000,100000,100000,100000,100000,100000
abresan darugar,100000,100000,100000,100000,100000,100000,100000,100000,100000,100000
abro anastazia,100000,100000,100000,100000,100000,100000,100000,100000,100000,100000
absardkon mini,5210649,12020425,150119,144966,222488,159657,2032185,657178,12934720,112379
absardkon nikai,100000,100000,100000,100000,100000,100000,100000,100000,100000,100000
abshar shokolat,100000,100000,100000,100000,100000,100000,100000,100000,100000,100000
adab tour lamp,100000,100000,100000,100000,100000,100000,100000,100000,100000,100000
adams mooyi,100000,100000,100000,100000,100000,100000,100000,100000,100000,100000
adana,100000,100000,100000,100000,100000,100000,100000,100000,100000,100000
ahan roba 70-30,13959994,204321,7252189,900552,1864902,270131,9980728,1467510,10134957,9983214
airbad x3,8688900,12094463,6438308,6305458,10427489,8596417,6929586,4885206,8370107,9308944
airpod mi19,9719761,14472064,713893,3519765,11042355,1658599,3470463,763971,12419954,175115
alvin va sanjab,6105280,100000,100000,100000,100000,100000,100000,100000,100000,100000
amper damasanj 12volt,100000,100000,100000,100000,100000,100000,100000,100000,100000,100000
analog Ps5,9753199,3904662,6843702,9561839,7998713,14494381,4528853,14318780,5077335,12573233
angoshtar gorbeye siah pesaraneh,100000,100000,100000,100000,100000,100000,100000,100000,100000,100000
antifreeze supplement,100000,100000,100000,100000,100000,100000,100000,100000,100000,100000
apple watch iphone saat,13251635,6882567,4734311,8161925,354069,174172,252852,1638676,2126582,6781339
aquarium roo mizi,2560903,100000,100000,100000,100000,100000,100000,100000,100000,100000
arayesh walkkon,100000,100000,100000,100000,100000,100000,100000,100000,100000,100000
arcopal 6,7537782,643096,516414,1116925,712594,8931122,3537831,12552785,1821504,8276931
arcopal gerd lab tala,14146438,100000,100000,100000,100000,100000,100000,100000,100000,100000
ard gelitinous,100000,100000,100000,100000,100000,100000,100000,100000,100000,100000
armicher bandandaz,100000,100000,100000,100000,100000,100000,100000,100000,100000,100000
aroosak barbie dar model haye mokhtalef,3711588,100000,100000,100000,100000,100000,100000,100000,100000,100000
aroosak ghashang va ziba,6105280,100000,100000,100000,100000,100000,100000,100000,100000,100000
aroosak haye taskhir shode,100000,100000,100000,100000,100000,100000,100000,100000,100000,100000
arusak dokhtar siahpust,100000,100000,100000,100000,100000,100000,100000,100000,100000,100000
arusak model kimono,100000,100000,100000,100000,100000,100000,100000,100000,100000,100000
asbab bazi aroosake pelastiki zire 6 sal,7537782,643096,516414,1116925,712594,8931122,3537831,12552785,1821504,8276931
asbab bazi baraye sene 12 sale,13280973,5350930,14479735,4064721,7505141,12385632,8444265,5726740,1482105,1535222
asbab bazi hula model jabe abzar,100000,100000,100000,100000,100000,100000,100000,100000,100000,100000
asbab bazi mashin hame jash baz mishe,100000,100000,100000,100000,100000,100000,100000,100000,100000,100000
atr boss sefid,8191076,6547871,611097,2315672,100000,100000,100000,100000,100000,100000
atr libre mardane,100000,100000,100000,100000,100000,100000,100000,100000,100000,100000
atr odm,100000,100000,100000,100000,100000,100000,100000,100000,100000,100000
aviz steel,8862564,8028610,1114234,7675670,9883968,12748284,13237992,15127930,12747983,13237642
avize ye,11354540,100000,100000,100000,100000,100000,100000,100000,100000,100000
avizone shelang,100000,100000,100000,100000,100000,100000,100000,100000,100000,100000
ayene barani,100000,100000,100000,100000,100000,100000,100000,100000,100000,100000
ayene dare dastshuyi,100000,100000,100000,100000,100000,100000,100000,100000,100000,100000
ayeneh model ALF-3,5617048,10732226,6563735,1868597,11942932,1029723,6840624,8320487,8450192,681938
aziz perfume,6523024,100000,100000,100000,100000,100000,100000,100000,100000,100000
ba chand million ast,209947,16376250,2595835,424094,509122,9346600,12310720,3426975,4489668,14873706
babel carped pride,343272,8355914,100000,100000,100000,100000,100000,100000,100000,100000
baleshtak neshiman,100000,100000,100000,100000,100000,100000,100000,100000,100000,100000
baleshtake nakhon kari,100000,100000,100000,100000,100000,100000,100000,100000,100000,100000
band khanegi taki maxider,2058772,8517823,3232170,11637376,12837600,8759938,761028,5173333,3426902,8928806
band sony 1651,6535464,1287,191846,958,91013,8683837,9248424,21010,106912,482
banki,100000,100000,100000,100000,100000,100000,100000,100000,100000,100000
barchasb a4 akkasi,6851912,4043035,4460787,4486514,5449019,279853,4512195,10368784,2781547,7788990
barchasb arm glx,9911195,8985053,1006732,5044079,100000,100000,100000,100000,100000,100000
barchasb cover iphone 12 pro,4978798,12915638,8789858,6800616,4734311,3691173,13945893,7216687,4466558,8167191
barchasb divar barchasb divar,100000,100000,100000,100000,100000,100000,100000,100000,100000,100000
barchasb feleyi,100000,100000,100000,100000,100000,100000,100000,100000,100000,100000
barchasb kart model shab por setare,100000,100000,100000,100000,100000,100000,100000,100000,100000,100000
barchasb metalize printer label zan hararati,100000,100000,100000,100000,100000,100000,100000,100000,100000,100000
barchasb model HSE-OSHA-1171,6514401,6285581,5620722,3904662,2749111,2651985,5356716,100000,100000,100000
barchasb poosheshi monaseb a12 mark iran,4789290,170831,2790099,644103,4867366,4216970,904082,17675871,11130927,8671400
barchasb ps4,4545023,412826,143761,1980226,317619,607269,12804885,544767,531443,1505093
barchasb tiba,6211263,3176008,7569874,15307696,100000,100000,100000,100000,100000,100000
bast loole kamarbandi felezi,100000,100000,100000,100000,100000,100000,100000,100000,100000,100000
bateri saat 3 volt dc,1915548,913351,14272240,330843,1527792,4959322,982721,5093286,1516654,1516664
battery 4 seluli hp,198810,6745754,383320,1804403,67348,2144669,1752231,7275212,4894554,2925288
battery lithium ion 6800,7340116,4496008,9791281,13550999,9422726,183989,100000,100000,100000,100000
bazi euro truck makhsus laptop,515504,71623,11274192,7033256,6575181,1476154,7199802,8789224,6460419,2144579
bazi fekri,100000,100000,100000,100000,100000,100000,100000,100000,100000,100000
bazi fekri ajor sazi,100000,100000,100000,100000,100000,100000,100000,100000,100000,100000
bazi kari bekam,100000,100000,100000,100000,100000,100000,100000,100000,100000,100000
bazi lapo,100000,100000,100000,100000,100000,100000,100000,100000,100000,100000
bazi ps5 gta v,5077335,2960094,14793780,4813079,7383676,3904662,6843702,4105740,9561839,13311541
beres model okhtapoosi,100000,100000,100000,100000,100000,100000,100000,100000,100000,100000
bezel saat samsung watch 4,7221008,7143678,14007389,6423408,7229796,2044033,2873855,4931849,33516,12212747
bluetooth earl,1747050,13972438,9478609,100000,100000,100000,100000,100000,100000,100000
bob esfenji kaghazi,100000,100000,100000,100000,100000,100000,100000,100000,100000,100000
bokhar shoye lebas,100000,100000,100000,100000,100000,100000,100000,100000,100000,100000
bokhari lam,100000,100000,100000,100000,100000,100000,100000,100000,100000,100000
bookmark mazhabi,100000,100000,100000,100000,100000,100000,100000,100000,100000,100000
booster anten television,7277761,6713936,10349343,100000,100000,100000,100000,100000,100000,100000
bores harati kimi 1320,100000,100000,100000,100000,100000,100000,100000,100000,100000,100000
borose gerde doctor morning,4369668,773763,100000,100000,100000,100000,100000,100000,100000,100000
botri ab kafe,4622727,4190115,5726740,1029723,347537,6464596,12974035,12662591,7611671,100000
box kado nozad,8431072,9024504,12356449,347537,10217756,3825149,2052436,12911132,1552131,7013034
boxe nazm pegah,100000,100000,100000,100000,100000,100000,100000,100000,100000,100000
bozi mafiaye,100000,100000,100000,100000,100000,100000,100000,100000,100000,100000
brasil,2380620,100000,100000,100000,100000,100000,100000,100000,100000,100000
c.class feshari,7422785,7743245,16531727,594097,14655793,14554576,1786026,14365697,7954211,108299
cambridge vocab for ielts,1145538,3203897,5085615,12573233,492666,5087685,2241417,13436618,42785,2443838
cap ghahve saz dastgah satia,9542290,8452901,11124441,5427924,8398404,12097231,9954981,100000,100000,100000
capsul picnic kuchik,100000,100000,100000,100000,100000,100000,100000,100000,100000,100000
cart hafezeh gooshi a5,614009,521085,660941,2052434,3137036,3579732,3555528,2099718,5813649,5398310
cat sabz,502861,11668574,7199802,7515606,345738,12214791,6005120,3421673,475845,10302972
cd gta 5 bazi ps2,2960094,10706737,1724979,4583999,4630526,14793780,13041645,4105740,13311541,8441200
chador nafare 4,14391683,56284,525953,1480794,5177810,1037109,9936864,986435,2118808,544767
chador namaz,100000,100000,100000,100000,100000,100000,100000,100000,100000,100000
chagho angoshtar,100000,100000,100000,100000,100000,100000,100000,100000,100000,100000
chagho gerdi,100000,100000,100000,100000,100000,100000,100000,100000,100000,100000
chaghu ahromi khashen,100000,100000,100000,100000,100000,100000,100000,100000,100000,100000
chand rahi bargh dokme dar,100000,100000,100000,100000,100000,100000,100000,100000,100000,100000
changak pankeh saghfi,100000,100000,100000,100000,100000,100000,100000,100000,100000,100000
charkh dande aghab jelo docharkhe 20,3632996,3498877,5813688,14322897,5801409,5586776,2768571,3691970,6766561,14925699
charkh khayati zhanome asle zhapen 802,3111577,3885563,3695808,2867043,492431,3998803,5569926,6446876,5579404,100000
chasb PVC mdf,577147,8239214,7929551,7092375,11603429,1787492,478858,3323638,785604,11792316
chasb ghatrei va esprey,6105280,100000,100000,100000,100000,100000,100000,100000,100000,100000
chasb three m kaghazi,4256612,444614,187585,2152938,1826170,3398205,2393637,3756468,4833312,3418493
cheshm masnooi heyvanat,100000,100000,100000,100000,100000,100000,100000,100000,100000,100000
chipset,10571125,100000,100000,100000,100000,100000,100000,100000,100000,100000
chizhaye saghaye negahban,100000,100000,100000,100000,100000,100000,100000,100000,100000,100000
clips parvaneh crystal,4726765,7475432,4417031,736488,3019478,2852882,13260836,100000,100000,100000
clutch brake handle,686871,100000,100000,100000,100000,100000,100000,100000,100000,100000
cn16,7653531,100000,100000,100000,100000,100000,100000,100000,100000,100000
collagen go,1095317,7875079,12414641,3592012,5818929,2747336,12229027,4096787,13347499,14591367
combat disk,7339384,100000,100000,100000,100000,100000,100000,100000,100000,100000
connector,100000,100000,100000,100000,100000,100000,100000,100000,100000,100000
cook paz,5465929,9621656,8361048,100000,100000,100000,100000,100000,100000,100000
cooler 500 sepehr electric,12884433,8348768,12326145,7833858,10566160,10571974,6035037,13080279,1581754,14132756
core i5 1400,221120,1834433,343269,3825149,8474138,3185092,5360007,10626358,1613260,13524935
cover air buds 2 pro,7184982,8255514,9312593,7184806,8147606,16671885,2755994,961905,11244895,2028108
cover airpod GT 1,11652937,2943388,10344301,14472064,6617213,8794542,9719761,713893,11042355,1658599
cover doorbin model R,9171692,3212987,5819230,12987634,5841717,14257875,10985441,13977264,8032608,9544629
cover gooshi A50,1932392,4799194,2302424,5136293,11629160,2272484,8941042,14034713,11629178,16411240
cover gooshi Daria band,17992293,12837600,74937,195987,2046840,3432901,214841,2058772,8517823,3232170
cover gooshi model samsung kif dar,8827833,8518300,1932392,9490803,9491143,614009,2484816,14412156,3255186,7486201
cover mobile dokhtarane googoli Redmi note 11s,14714609,9083865,12632165,13402069,8493464,10903141,13352108,9682554,11876002,12461517
cover model redmi 9c,12117806,8115227,3818097,5298345,13717987,7426186,16777791,14577010,17567737,7087016
cover s 23 ultra cheriki,8333179,961479,4061863,12179628,14105831,8250179,14311467,14021478,1154385,14543479
cover shafaf poco,4885206,6929586,9308944,8149411,6138430,17981346,14326964,8688900,4189613,17252131
cover tarh louis vuitton gooshi a32,5089067,8688393,12664374,6239105,5813081,11797912,8256246,8050238,5822347,9686588
cpu 3550,13142686,1146158,100000,100000,100000,100000,100000,100000,100000,100000
cream door cheshm derma lift,9935382,461904,13516129,1453060,539647,975208,13882298,676111,1036482,479923
cream dore cheshm BC,539647,7715882,13882298,1036482,479923,75129,5625587,1024106,291081,100000
cream jujio,539647,13882298,1036482,479923,75129,1024106,291081,100000,100000,100000
cream powder fit me phyton,539647,6841198,308517,9776588,13882298,4271476,15554497,1036482,479923,7524101
daftar hyung,100000,100000,100000,100000,100000,100000,100000,100000,100000,100000
daftar kelasori gol,10690988,100000,100000,100000,100000,100000,100000,100000,100000,100000
daftar yaddasht batman,156181,14571528,1501452,14621297,8736762,11292799,11701225,8312675,12428435,9950272
dampayi heyvanat makhmali,100000,100000,100000,100000,100000,100000,100000,100000,100000,100000
dane haye yonoliti,100000,100000,100000,100000,100000,100000,100000,100000,100000,100000
daneye miveye avocado,5005084,100000,100000,100000,100000,100000,100000,100000,100000,100000
darooy salmunella,100000,100000,100000,100000,100000,100000,100000,100000,100000,100000
dastan ketabkhaneye nime shab,100000,100000,100000,100000,100000,100000,100000,100000,100000,100000
dastband tarh khaviar,100000,100000,100000,100000,100000,100000,100000,100000,100000,100000
daste application ps5,3904662,6843702,9561839,7998713,14494381,4528853,14318780,5077335,12573233,5422646
daste hocky,100000,100000,100000,100000,100000,100000,100000,100000,100000,100000
daste larzeshgir filmbardari,100000,100000,100000,100000,100000,100000,100000,100000,100000,100000
daste ps5 ghermez,3904662,6843702,9561839,7998713,14494381,4528853,14318780,5077335,12573233,5422646
daste rozhgune,100000,100000,100000,100000,100000,100000,100000,100000,100000,100000
dasteye segah,100000,100000,100000,100000,100000,100000,100000,100000,100000,100000
dastgah carwash sharzhe arva,100000,100000,100000,100000,100000,100000,100000,100000,100000,100000
dastgah feshar khoon,100000,100000,100000,100000,100000,100000,100000,100000,100000,100000
dastgah feshar sanj grammer,100000,100000,100000,100000,100000,100000,100000,100000,100000,100000
dastgah joosh mig va mag,6105280,3778682,9693823,14093711,9229099,13950898,15474441,9882049,100000,100000
dastgale lak khoshkon,100000,100000,100000,100000,100000,100000,100000,100000,100000,100000
dastmal relly softlan,100000,100000,100000,100000,100000,100000,100000,100000,100000,100000
decorative dakhel khodro,100000,100000,100000,100000,100000,100000,100000,100000,100000,100000
deep sens,11839435,215911,9301361,6032313,1527464,2399582,926166,12168292,11968382,100000
del vostro 3500,4929992,273192,11983491,468162,5069126,13485007,5210649,4968240,100000,100000
deril 10 otomat,1084065,11246431,964898,17211507,7055116,9250165,1738079,1652570,319602,6439683
dis mesi tarh barg,100000,100000,100000,100000,100000,100000,100000,100000,100000,100000
dis mive khori jcc,100000,100000,100000,100000,100000,100000,100000,100000,100000,100000
disk charkh jelo lifan x50,7339384,6794196,781413,6263638,779617,699324,8163672,100000,100000,100000
divarpush model kando,100000,100000,100000,100000,100000,100000,100000,100000,100000,100000
docharkhe beem,100000,100000,100000,100000,100000,100000,100000,100000,100000,100000
docharkhe daste dovom 26,3689720,6884317,6884403,349671,8420408,6884608,6013513,1050835,4245293,1515420
docharkhe ghermez dast 2,9304907,11989850,5504255,14659658,69822,11465019,14274757,4433459,4707082,13413731
docharkhe size 26 diski,14583873,5932038,262845,6575622,3689720,6884317,6884403,349671,6998327,8420408
doo za,7326602,100000,100000,100000,100000,100000,100000,100000,100000,100000
dook khali,100000,100000,100000,100000,100000,100000,100000,100000,100000,100000
drill pichgoshti boss life,8191076,6547871,12457646,9791281,11364232,611097,795502,12530126,8069248,2315672
duffle bag and suitcase,10901361,7262282,4889984,13436618,3337174,12168292,4105452,580425,9964641,5209372
easy rapid fesharsanj,1861243,13338974,1818291,13118595,12999394,6833552,7050231,100000,100000,100000
edg 20pro,100000,100000,100000,100000,100000,100000,100000,100000,100000,100000
edo perfume mark joseph,170831,2790099,100000,100000,100000,100000,100000,100000,100000,100000
eklil noghrei aluminium,100000,100000,100000,100000,100000,100000,100000,100000,100000,100000
epson perfection v39,13083109,73225,385195,385304,100000,100000,100000,100000,100000,100000
espray rang separ silver,5438008,757701,909536,706481,1099779,158397,15445255,1126407,8244011,2487461
esprey dofar milk shake,106912,1005052,10719973,3587147,348422,100000,100000,100000,100000,100000
esprey mardane media blue chanel,2028543,7955748,14341700,14540484,5210649,2787336,5347419,273192,542963,527018
esprey shostosho lavazem electroniki,100000,100000,100000,100000,100000,100000,100000,100000,100000,100000
espricho,100000,100000,100000,100000,100000,100000,100000,100000,100000,100000
esteper pride nimeh enjector,343272,8355914,100000,100000,100000,100000,100000,100000,100000,100000
etod se dahom,9820263,9457871,14911876,252852,9926413,3777740,13251635,11244895,3638241,7500920
eynak Proticion,100000,100000,100000,100000,100000,100000,100000,100000,100000,100000
eynak aftabi Jimmy Choo,750199,100000,100000,100000,100000,100000,100000,100000,100000,100000
eynak aftabi zanane,100000,100000,100000,100000,100000,100000,100000,100000,100000,100000
fabiano garm bala,100000,100000,100000,100000,100000,100000,100000,100000,100000,100000
family frind 6,3598137,9053195,14441410,4889984,3323498,7537782,643096,516414,1116925,712594
fan k electrici,865491,2900208,15400948,7781648,728621,2360509,5373611,1592745,14011786,10761043
fan pars khazar,865491,8675578,100000,100000,100000,100000,100000,100000,100000,100000
fan radiator pars,14494381,865491,16202156,8675578,100000,100000,100000,100000,100000,100000
fan silvercrest,865491,100000,100000,100000,100000,100000,100000,100000,100000,100000
fan zir dast nakhonkari,865491,100000,100000,100000,100000,100000,100000,100000,100000,100000
farmoon deraz vase docharkhe,100000,100000,100000,100000,100000,100000,100000,100000,100000,100000
farsh 4m metri,9110944,49349,100000,100000,100000,100000,100000,100000,100000,100000
farsh mashini 115 dar 75,3797471,7224236,4492609,5762815,4494850,171977,1443880,12842668,13327900,4323264
fer sandoghi pico,100000,100000,100000,100000,100000,100000,100000,100000,100000,100000
ferez ab bor,4622727,4190115,5726740,1029723,347537,6464596,12974035,12662591,7611671,100000
fesenjan zanj,100000,100000,100000,100000,100000,100000,100000,100000,100000,100000
filmhaye irani,100000,100000,100000,100000,100000,100000,100000,100000,100000,100000
filter tasfiyeh hava tiba2,13434845,100000,100000,100000,100000,100000,100000,100000,100000,100000
flash 32,9283347,2715002,1792412,3429963,9436586,2261333,5632277,1498412,157908,8718260
flash khor dvd,6467,10923236,1452542,9283347,1577264,3746829,4905731,1804403,1552131,495837
flask hooshmand koodak unicorn,8282123,762716,100000,100000,100000,100000,100000,100000,100000,100000
flying vest,100000,100000,100000,100000,100000,100000,100000,100000,100000,100000
forche dastshooi adena,9723848,9723937,100000,100000,100000,100000,100000,100000,100000,100000
forushgah hedye,100000,100000,100000,100000,100000,100000,100000,100000,100000,100000
forushgah vakil,100000,100000,100000,100000,100000,100000,100000,100000,100000,100000
freight,8170688,100000,100000,100000,100000,100000,100000,100000,100000,100000
galaxty tab,7799532,9826552,6389978,2478560,6438632,4000803,3699771,3048663,14989716,6270270
galaxy pods fe,14105863,12693128,13065873,13982222,6438632,13148210,17210794,11278753,10591563,12305171
galaxy s23کاور,5839832,5333130,5332276,5136293,11424321,1932392,3101194,11228484,16998315,7774474
galaxy watch 40mm,6420791,2873855,7221008,12212747,10901262,7156850,6095671,4632934,9423172,3432901
galexy j8,1160324,100000,100000,100000,100000,100000,100000,100000,100000,100000
game night book,3389938,10414946,7746824,12500133,9102515,12148419,874355,7134009,108034,103261
gard gooshi samsung a22 general king,7479385,6372758,9171692,14441998,7762011,5950634,7066059,7455621,1932392,3818902
gard gooshi xiaomi 65c,1794383,17137557,7426186,12789392,10633491,14577010,17567737,7087016,9232039,17981346
gardan band tarhe ronaldo shab tab,14844701,643398,7799532,9826552,2058772,8517823,3232170,11637376,12837600,8759938
gardanband leon,100000,100000,100000,100000,100000,100000,100000,100000,100000,100000
gardanband majmoe baste se adadi model rooh,9820263,9457871,14911876,252852,9926413,3777740,13251635,11244895,3638241,7500920
gardanband talaye dokhtaraneh,100000,100000,100000,100000,100000,100000,100000,100000,100000,100000
gardanband terme esme setareh,100000,100000,100000,100000,100000,100000,100000,100000,100000,100000
gardanband va angoshtar dastband set,6105280,8000565,1806576,100000,100000,100000,100000,100000,100000,100000
gardanband zanane model ghalb anatomi 02,11119109,1010081,10116105,7640481,2583317,9584036,1813686,10753113,11932261,2870931
gardanband zanji rey,100000,100000,100000,100000,100000,100000,100000,100000,100000,100000
gargo,100000,100000,100000,100000,100000,100000,100000,100000,100000,100000
gel,12910679,3382496,475703,725032,5017609,560818,721672,587821,100000,100000
ghab dastgir 206,3499111,162579,7021668,7128270,5622922,4397081,13968566,3984726,14065867,4836859
ghab dokhtarane gooshi samsung a10,6252788,12018001,3029173,13079048,2260890,1537340,1967359,6972627,8513272,3875383
ghab gooshi A30 S,10351455,11419550,6078390,2484816,3101194,1568408,16998315,7774474,4065469,5203605
ghab gooshi redmi 12c mardoone,12590872,12686706,11441579,13132232,12594212,12308731,12442344,13608480,11040959,14577010
ghab gooshi sticker coffee,6323277,3346510,7768098,1959514,343269,6578032,625647,1547931,3622380,4952893
ghab goshi poco x5 pro 5g tarh kaz,13278587,12444156,12760907,12346286,10667497,11777555,11594759,12255351,11701225,12981310
ghab mobile Huawei y5qrime,7750051,10821081,9434409,10374864,17311931,625647,4276464,9341260,12531760,17470238
ghab shisheyi eynak,100000,100000,100000,100000,100000,100000,100000,100000,100000,100000
ghab va glas baraye gooshi oppo a78,6105280,13876658,9614729,625647,1547931,3622380,4952893,859,14349114,12990949
ghab zheleyi sade gooshi redmi12c,7571853,625647,1547931,3622380,4952893,859,14349114,12990949,5662822,4823914
ghafase asbab bazi mahdkoodak,100000,100000,100000,100000,100000,100000,100000,100000,100000,100000
ghahve saz elita,100000,100000,100000,100000,100000,100000,100000,100000,100000,100000
ghahve saz kapsul ghahve,100000,100000,100000,100000,100000,100000,100000,100000,100000,100000
ghahveh saz 5394,100000,100000,100000,100000,100000,100000,100000,100000,100000,100000
ghaleb beton hayat sazi,100000,100000,100000,100000,100000,100000,100000,100000,100000,100000
ghap gooshi realme c33,10614847,14002894,17537520,14209828,13714164,14863402,13785575,13985374,14523408,625647
ghap gooshi redmi 8,7426186,7812006,7976209,5803476,3772284,5553798,7639432,10257009,4273719,9926456
ghasr poni,100000,100000,100000,100000,100000,100000,100000,100000,100000,100000
ghazaye mahi bi,8573985,7573974,8769143,100000,100000,100000,100000,100000,100000,100000
gheychi barseloni,100000,100000,100000,100000,100000,100000,100000,100000,100000,100000
gheymat dastshooyi farangi khodshoor,100000,100000,100000,100000,100000,100000,100000,100000,100000,100000
gheymat gooshi 12,4734311,9740033,15636808,11722455,4978798,4099036,14565825,12516025,12933971,12884694
gheymat pankeh saghfi taha ba loostr,7785456,16376250,424094,509122,3426975,4489668,100000,100000,100000,100000
gheymat touch lcd gooshi samsung s23ultra,12817985,13816037,288078,859,90539,312953,8488225,5600035,5136293,9490803
gheymate bande kharbozei pionerr,100000,100000,100000,100000,100000,100000,100000,100000,100000,100000
ghors anahil,100000,100000,100000,100000,100000,100000,100000,100000,100000,100000
ghors notrax protein,3674058,5884397,100000,100000,100000,100000,100000,100000,100000,100000
ghorse hindi zood enzali,100000,100000,100000,100000,100000,100000,100000,100000,100000,100000
giant 1,961448,5747151,11706172,12566613,4762709,5069534,1125790,6718203,4762789,857018
girande bozorg sal,100000,100000,100000,100000,100000,100000,100000,100000,100000,100000
gire dar yakhchal,100000,100000,100000,100000,100000,100000,100000,100000,100000,100000
gire sha bandi moo,10611243,100000,100000,100000,100000,100000,100000,100000,100000,100000
glass nut serving bowl,2839161,8716143,8589271,8515925,8641948,3837073,13599913,8603573,8558213,12384425
glass saat adventure,9043483,8716143,8589271,8515925,8641948,3837073,13599913,8603573,8558213,12384425
glass saat hoshmand wach8,8716143,8589271,8515925,8641948,3837073,13599913,8603573,8558213,12384425,9463203
gooshi Galaxy Note 20 ultra 5g,4061863,9732811,3265733,13712573,7626899,8521561,14523169,11808436,11641716,14272634
gooshi a04 zarfiat 64,10890604,11462027,10771614,12120757,14795434,354069,974392,2043912,982477,4122136
gooshi galaxy z flip1,9491143,15593973,12359107,6093366,6574189,9490803,9463203,9277135,12934244,7279053
gooshi htc one x nine,13255175,7248029,9227768,4225984,360732,4593072,14274805,354069,9969986,10611243
gooshi iphone 8 no,13251635,8161925,192637,6576917,10451858,7973084,6882567,10073733,4309859,97581
gooshi ke asar angosht dashte bashe,6912175,625647,1547931,3622380,4952893,859,14349114,12990949,5662822,4823914
gooshi samsung A34,15279663,12642977,12961639,14092151,12046774,12323073,11410958,11153467,13364378,11107279
gooshi samsung galaxy s22,8519789,8333179,13964899,9269465,8107063,13832231,8330682,5136293,1932392,11424321
gooshvare kawai,9741488,100000,100000,100000,100000,100000,100000,100000,100000,100000
goroohe bts heyvanash,5073943,9151882,100000,100000,100000,100000,100000,100000,100000,100000
gps ۲۰۷,10111064,10947891,9066038,2744686,849644,8133604,14973035,10183508,3500394,12709456
gt7 proساعت,14989716,10120929,100000,100000,100000,100000,100000,100000,100000,100000
gtv-50rq752s,12775139,15093855,12775216,14608132,17073474,12775091,4049858,14512098,6745951,14089667
h\g \k,3844616,4181452,2900208,4304895,7206351,3148851,4235617,2678496,15400948,11354540
halghe cross,1630279,468936,1136176,8960208,1707673,2509019,916408,7813142,9938759,8285771
halghe sine,100000,100000,100000,100000,100000,100000,100000,100000,100000,100000
hamto 829,3487711,2777286,100000,100000,100000,100000,100000,100000,100000,100000
handfree sa,5562610,4448013,8456500,1533016,9636471,7137626,8197472,100000,100000,100000
handsfree cover handsfree,11648662,12702443,8161465,10676179,14420358,1747050,1930327,8580963,1734817,8445215
handsfree sefid,8161465,10676179,14420358,1747050,1930327,8580963,1734817,8445215,2742336,8365337
haner 9x,10892772,4977852,2511416,12499125,4411527,5452756,6532707,3765030,100000,100000
harland store,100000,100000,100000,100000,100000,100000,100000,100000,100000,100000
headphone bisim apple airpod pro,7180057,14472064,12946785,12419954,175115,13354172,11042355,3470463,7484820,9748172
headphone model b04,1505093,4565345,138379,364752,11056812,6368593,4329352,7967010,7655336,763971
hedset gaming gh-03,7940220,3823958,6805009,8688283,5992012,4241559,7670153,2661735,10493947,4854648
herbasense arden,100000,100000,100000,100000,100000,100000,100000,100000,100000,100000
honor x9a,12093610,13602764,12211589,12939789,1539490,5404537,303259,4977852,9786391,1029325
hoodi meshki dokhtaroneh set,8000565,1806576,100000,100000,100000,100000,100000,100000,100000,100000
hoosh hafeze 2 ta 3 sal,1986053,797281,91264,2213318,5436849,5749229,5528497,1432204,1874610,5652871
hosn tark,100000,100000,100000,100000,100000,100000,100000,100000,100000,100000
hp2500,100000,100000,100000,100000,100000,100000,100000,100000,100000,100000
i6 Airpods,1580526,9719761,14472064,713893,3519765,11042355,1658599,3470463,763971,12419954
i7cpu,100000,100000,100000,100000,100000,100000,100000,100000,100000,100000
iPad Air 5 folio case,8255514,7184806,10058104,961905,15899457,9250165,3756140,6392087,881532,408268
iPhone 13 Pro Max mobile phone,6779488,12684890,9278594,7892136,7161954,11398248,14078041,10434136,9755208,11795976
iPhone 15 ProMax phone case,13194405,10799470,9736403,12443301,15321687,6741588,10480435,13193274,5009439,13367746
j beats dampaei,5180245,5701899,2428808,9538562,9048521,7079570,10265430,7201615,5711087,7079926
ja ab va ghaza sag,6105280,4622727,13185064,4190115,5726740,1029723,347537,6464596,12974035,12662591
ja adviye kabineti,13185064,100000,100000,100000,100000,100000,100000,100000,100000,100000
ja flashi doorbin akasi,13185064,100000,100000,100000,100000,100000,100000,100000,100000,100000
ja ghashoghi pelastiki dakhel kesho,13185064,100000,100000,100000,100000,100000,100000,100000,100000,100000
ja kelidi kamar,13185064,100000,100000,100000,100000,100000,100000,100000,100000,100000
ja'be baks roniz,13185064,12214149,9752324,9403178,100000,100000,100000,100000,100000,100000
jakafshi istadeh kam ja haft tabaghe,10662801,13185064,100000,100000,100000,100000,100000,100000,100000,100000
jakilidi silikoni uni,3459452,10687631,100000,100000,100000,100000,100000,100000,100000,100000
jamadadi kafsh football,9024504,13041645,100000,100000,100000,100000,100000,100000,100000,100000
jamedadi roomizi tazini dokhtarane nojavan,100000,100000,100000,100000,100000,100000,100000,100000,100000,100000
jaroo barghi asbab bazi,100000,100000,100000,100000,100000,100000,100000,100000,100000,100000
jaroo robotic eufy,100000,100000,100000,100000,100000,100000,100000,100000,100000,100000
jaye tigh baraye eslah,100000,100000,100000,100000,100000,100000,100000,100000,100000,100000
jomle angizeshi faregh,100000,100000,100000,100000,100000,100000,100000,100000,100000,100000
joosh boresh,100000,100000,100000,100000,100000,100000,100000,100000,100000,100000
jorab mardane 12 adadi sagh kota,13280973,5350930,14479735,4064721,7505141,12385632,8444265,5726740,1482105,1535222
jouroom model power bank case,4754715,12689957,823923,6516336,1479840,1956104,668165,6426591,144764,14721045
ka,4852681,7813156,100000,100000,100000,100000,100000,100000,100000,100000
kabel USB be AUX 3.0,2533972,2715787,12214149,681938,11380114,538062,1569587,1868597,1029723,971829
kabel micro usb huawei,7402345,8068521,8068518,1827268,9422975,14479735,8828407,7577059,6718972,6235389
kabel tabdil do be yek jack 3.5 milimetri,12214149,42785,5232752,12190557,9752324,9403178,1874610,780798,4208525,1770372
kafpoosh 5 bodi,5119105,13081627,1016395,13904421,2081187,10901262,1626562,1526337,7722811,8445101
kafsh bachegane(size 35),14583873,5932038,262845,6575622,16811609,6998327,8000168,3108863,880451,12308910
kafsh eskate ba tajhizat,16376250,424094,509122,3426975,4489668,100000,100000,100000,100000,100000
kafsh kalej mardaneh sport makhmal ghahvehi choob kebriti,12148419,5689902,7375409,10866417,336186,4757213,6040921,74937,13182831,12529474
kafsh mardane charm siah ara,5747445,5420778,3606854,14830905,100000,100000,100000,100000,100000,100000
kafsh pesaraneh khoshgel,100000,100000,100000,100000,100000,100000,100000,100000,100000,100000
kafsh salon bachegane jorabi,100000,100000,100000,100000,100000,100000,100000,100000,100000,100000
kafsh vans badi,100000,100000,100000,100000,100000,100000,100000,100000,100000,100000
kalbas asrane,100000,100000,100000,100000,100000,100000,100000,100000,100000,100000
kanape khoob,100000,100000,100000,100000,100000,100000,100000,100000,100000,100000
kapshan pesaraneh kudak,100000,100000,100000,100000,100000,100000,100000,100000,100000,100000
kapshan zanane arzan,100000,100000,100000,100000,100000,100000,100000,100000,100000,100000
kapsool gaz,100000,100000,100000,100000,100000,100000,100000,100000,100000,100000
karbon maye,100000,100000,100000,100000,100000,100000,100000,100000,100000,100000
kare badam jif rezhimi,100000,100000,100000,100000,100000,100000,100000,100000,100000,100000
karteh ditband,100000,100000,100000,100000,100000,100000,100000,100000,100000,100000
kashi tazeeini qajar,100000,100000,100000,100000,100000,100000,100000,100000,100000,100000
katoni zenoone original,887306,10510261,319602,100000,100000,100000,100000,100000,100000,100000
kelid ghato vasl mini ferez ronix,5210649,12020425,150119,144966,222488,159657,2032185,657178,12934720,112379
kelid shasi touch,13816037,288078,90539,312953,8488225,12817985,13347499,14591367,12656284,100000
kesh o tire kamelen,12987634,13827543,14341700,3555528,9430343,16946635,100000,100000,100000,100000
ketab accent,8361048,10457347,100000,100000,100000,100000,100000,100000,100000,100000
ketab akharin jadu,100000,100000,100000,100000,100000,100000,100000,100000,100000,100000
ketab aks maryam kazem zadeh,100000,100000,100000,100000,100000,100000,100000,100000,100000,100000
ketab dastan pitel niber,100000,100000,100000,100000,100000,100000,100000,100000,100000,100000
ketab moamele gar monzabet,100000,100000,100000,100000,100000,100000,100000,100000,100000,100000
ketab rang amizi bozorgsalan babakhanloo,100000,100000,100000,100000,100000,100000,100000,100000,100000,100000
ketab tafsir noor jeld yek ostad gharaati,100000,100000,100000,100000,100000,100000,100000,100000,100000,100000
ketab time,836894,1119237,4551871,687796,13436618,5793021,14866418,100000,100000,100000
ketab va sepas hichkas,6105280,100000,100000,100000,100000,100000,100000,100000,100000,100000
ketab yek eshgh yek dorough,14974123,100000,100000,100000,100000,100000,100000,100000,100000,100000
ketabche jadavele mohandesi,100000,100000,100000,100000,100000,100000,100000,100000,100000,100000
kharid memory gps dena,13909110,10111064,10947891,2744686,14310946,13502179,100000,100000,100000,100000
khaz baraye miz morabba,100000,100000,100000,100000,100000,100000,100000,100000,100000,100000
khorshidi va docharkhe,6105280,100000,100000,100000,100000,100000,100000,100000,100000,100000
khoshboo konande maye lebasshooyi,100000,100000,100000,100000,100000,100000,100000,100000,100000,100000
khoshbukonande ekolayzeri,100000,100000,100000,100000,100000,100000,100000,100000,100000,100000
kif kooli laptop president,11274192,7033256,6575181,1476154,7199802,8789224,6460419,2144579,70798,6005120
kife zanane,100000,100000,100000,100000,100000,100000,100000,100000,100000,100000
kodama,100000,100000,100000,100000,100000,100000,100000,100000,100000,100000
kolah eymeni khargushi,100000,100000,100000,100000,100000,100000,100000,100000,100000,100000
koleh poshti fantezi dasteh dar dokhtarl,100000,100000,100000,100000,100000,100000,100000,100000,100000,100000
koliat modiriat va mohandesi eymeni,6105280,100000,100000,100000,100000,100000,100000,100000,100000,100000
komak kia,11769387,5845932,100000,100000,100000,100000,100000,100000,100000,100000
kondom zaban,100000,100000,100000,100000,100000,100000,100000,100000,100000,100000
konsol logitech,100000,100000,100000,100000,100000,100000,100000,100000,100000,100000
koochooloo ghalion koochooloo,100000,100000,100000,100000,100000,100000,100000,100000,100000,100000
koole poshti kat,100000,100000,100000,100000,100000,100000,100000,100000,100000,100000
kore jonoob,11170976,100000,100000,100000,100000,100000,100000,100000,100000,100000
kot o shalvar set dokhtarane zap,8000565,12987634,5152959,1806576,13827543,14341700,3555528,9430343,16946635,100000
krem dore cheshm bio aqua,405960,886651,9171060,3551025,4568549,10687631,9410599,8414644,100000,100000
ks 550,4388902,14510040,572324,11091734,12996305,435461,7459173,8890150,15285802,2271085
lamp edisoni 60 wat,7571962,1034808,4649136,2140580,5343905,343482,3612361,1419929,13133550,9838220
lamp fabric paye 9012,3350560,11043683,100000,100000,100000,100000,100000,100000,100000,100000
lamp halogen LED 7 watt afratab model AF-PS-7W paye GU10,4361267,1450658,5615117,583131,1753907,11000988,8511358,11269336,838819,4545023
lamp kam masraf shami por noor,100000,100000,100000,100000,100000,100000,100000,100000,100000,100000
lamp khodro 10,1084065,11246431,964898,17211507,7055116,9250165,1738079,1652570,319602,6439683
laptop lenovo legion y520,227674,3388401,11979,13434284,10639608,5149661,11152849,736488,11701479,2292211
lasegermez,100000,100000,100000,100000,100000,100000,100000,100000,100000,100000
lavazem yadak motor kavan,14721045,10964548,100000,100000,100000,100000,100000,100000,100000,100000
layi abshoor,100000,100000,100000,100000,100000,100000,100000,100000,100000,100000
lcd note 10,17211507,10694984,12940209,11159404,9863317,9231800,7763751,6035112,12686691,5327024
ldeapad gaming 3-15IHU6,10639608,12952974,11152849,6911626,4479388,4854648,3278200,9497381,10062088,10626350
lebas khab mardaneh,100000,100000,100000,100000,100000,100000,100000,100000,100000,100000
lebas se tike crop kat,9820263,9457871,14911876,252852,9926413,3777740,13251635,11244895,3638241,7500920
lebas shoyi LG automatic 8 kilo,6745354,13944827,11968525,6135735,704354,12654808,6394442,6230137,2933107,215561
lebasshui dogholu pakshuma 9.6,7165982,5791972,2883420,2820325,8258835,6382060,8185216,8069248,3536913,12015718
lego bob esfenji restoran,100000,100000,100000,100000,100000,100000,100000,100000,100000,100000
lego marvel bozorg,100000,100000,100000,100000,100000,100000,100000,100000,100000,100000
lego mashin jip,100000,100000,100000,100000,100000,100000,100000,100000,100000,100000
lent tormoz disk do charkhe,7339384,5232752,12190557,100000,100000,100000,100000,100000,100000,100000
lip gloss lavazem arayesh,12084333,9126478,100000,100000,100000,100000,100000,100000,100000,100000
liulan do jedare gol khoshk,10690988,5232752,12190557,100000,100000,100000,100000,100000,100000,100000
logo sarbaz,4545023,177628,6270270,9101770,14540484,4754715,4754217,8901015,7608860,9110944
loostr model cheragh aviz chobi,8862564,100000,100000,100000,100000,100000,100000,100000,100000,100000
losion moo 12 kare,13280973,5350930,14479735,4064721,7505141,12385632,8444265,5726740,1482105,1535222
lotion shaindar unicorni,11512116,7340419,14673714,749485,100000,100000,100000,100000,100000,100000
lustr aviz open ashpazkhane,8862564,100000,100000,100000,100000,100000,100000,100000,100000,100000
m88,11189102,11071396,100000,100000,100000,100000,100000,100000,100000,100000
maghzi fandak pride 131,343272,8355914,7793333,9857792,11473694,6212262,9136299,5070528,152741,2967739
maharat moalemi,100000,100000,100000,100000,100000,100000,100000,100000,100000,100000
mahsoolat orin behdashti,100000,100000,100000,100000,100000,100000,100000,100000,100000,100000
mahsoolat vitalayer,100000,100000,100000,100000,100000,100000,100000,100000,100000,100000
maket saat,100000,100000,100000,100000,100000,100000,100000,100000,100000,100000
makhzan ab 400 litri arzan,4622727,4190115,5726740,1029723,347537,6464596,12974035,1487225,7964485,1637989
manga shekarchi,100000,100000,100000,100000,100000,100000,100000,100000,100000,100000
manto elsana model sadia,100000,100000,100000,100000,100000,100000,100000,100000,100000,100000
maseh badi goldan,100000,100000,100000,100000,100000,100000,100000,100000,100000,100000
mashin bazi khavar konterli,100000,100000,100000,100000,100000,100000,100000,100000,100000,100000
mashin ghahremanan,100000,100000,100000,100000,100000,100000,100000,100000,100000,100000
mashin konterli sharzhi,100000,100000,100000,100000,100000,100000,100000,100000,100000,100000
mashin police controlb,1068868,100000,100000,100000,100000,100000,100000,100000,100000,100000
mashin zarfshooi sonia,100000,100000,100000,100000,100000,100000,100000,100000,100000,100000
mask halloween,631027,4257853,12017861,1996320,100000,100000,100000,100000,100000,100000
mask moo free sulfate,577147,631027,4257853,4474955,514062,1996320,3434306,735953,6062260,100000
mask soorat anonymous,10081814,631027,4257853,1996320,100000,100000,100000,100000,100000,100000
mast yek nafare,100000,100000,100000,100000,100000,100000,100000,100000,100000,100000
mat temper 58 gater,1447966,272669,11704661,1530229,516414,8692023,1592884,12775243,14608584,557524
mate izar,6245130,10967237,4954085,8609452,491098,10374864,356804,3622380,100000,100000
mech band shena,2058772,8517823,3232170,11637376,12837600,8759938,761028,5173333,3426902,8928806
medad madam ol omr,6274998,100000,100000,100000,100000,100000,100000,100000,100000,100000
mediaye mahiran,100000,100000,100000,100000,100000,100000,100000,100000,100000,100000
mesvak oral b model advant,1498412,975028,9732812,4424718,3471819,14618807,5091908,8761808,2920743,712400
mesvako khamir dandan,100000,100000,100000,100000,100000,100000,100000,100000,100000,100000
mi band1,9686380,11636446,9022790,5363631,15738138,14236894,13358306,7212482,12672640,12789392
micrisd به SD,6235389,4063504,2963028,6718972,692119,7634670,11189922,8456969,5004533,3409966
microsoft seven,1144973,5799800,33592,100000,100000,100000,100000,100000,100000,100000
microsoft surface laptop 4 i5 16 gb ram,13347499,14591367,11399623,6575181,108034,6460419,103261,6198127,1132710,8789224
microusb type c,129688,10406553,7402345,5231049,16531727,597980,2747336,4613836,1786026,14365697
mikrotik 750gr3,100000,100000,100000,100000,100000,100000,100000,100000,100000,100000
mini fresh jouice,7372199,1664421,857018,848151,1528874,5210649,12020425,150119,144966,222488
miniator computer,9176763,2443838,100000,100000,100000,100000,100000,100000,100000,100000
minimeter hava boresh,100000,100000,100000,100000,100000,100000,100000,100000,100000,100000
mino deler,100000,100000,100000,100000,100000,100000,100000,100000,100000,100000
mit changeh ei,100000,100000,100000,100000,100000,100000,100000,100000,100000,100000
mix plate toopi,4251866,9827862,4148999,3674058,3790582,100000,100000,100000,100000,100000
miz vihan,100000,100000,100000,100000,100000,100000,100000,100000,100000,100000
mobadel PCI be M2 MVME,11476645,12214149,7277761,7655336,761002,5684456,445937,7675791,6267673,9752324
model ghab gooshi a10s,8982851,9900864,12784245,7935982,2915486,9527959,3191825,5004533,2162521,13206067
model mx player hamrah,712276,10656190,7492207,8957543,9917446,10457502,4742047,106999,73856,1743832
modem sim karti LTE/4G,1496655,7461288,7926691,10848265,9237240,12152352,120976,3954639,8734807,4626056
modul M38,3964018,100000,100000,100000,100000,100000,100000,100000,100000,100000
mohafez ab dar,4622727,4190115,5726740,1029723,347537,6464596,12974035,12662591,7611671,100000
mohafez bateri khodro tiba,6211263,3176008,7569874,15307696,100000,100000,100000,100000,100000,100000
mohafez daste xbox 5,11314201,1516651,274302,5193119,1485962,6943665,7192914,7248029,6565366,7067157
mohafez doorbin xiaomi Note13,14566156,16483817,11274760,1734817,2212624,10337868,3235851,5497765,8573346,3397286
mohafez moche dast model,100000,100000,100000,100000,100000,100000,100000,100000,100000,100000
mohafez safhe a34,15279663,12642977,12961639,12046774,14092151,12323073,11410958,11153467,13364378,11107279
mohr nakhan model 01,4419202,4765687,14063205,5616229,608188,5351047,2069596,715826,2420241,1407137
mohr ostokhani tarh mohr chini,100000,100000,100000,100000,100000,100000,100000,100000,100000,100000
mohrehaye bazi,100000,100000,100000,100000,100000,100000,100000,100000,100000,100000
mojasame chobi barbie,3711588,100000,100000,100000,100000,100000,100000,100000,100000,100000
mojasameye clash of royal,89543,11455615,157908,6228161,7898541,14428253,13131058,14762075,3971425,131646
monitor 5K,364752,1585808,100000,100000,100000,100000,100000,100000,100000,100000
morvarid pasbi,1432114,100000,100000,100000,100000,100000,100000,100000,100000,100000
morvarid riseyi,1432114,100000,100000,100000,100000,100000,100000,100000,100000,100000
motor 5 asb bokhar,14721045,10964548,5119105,13081627,1016395,13904421,2081187,10901262,1626562,1526337
motor bargh fusion,14721045,2101667,10964548,4225984,359882,5062639,10638723,10617203,100000,100000
msi rx,8225409,350169,14988,3778682,10918510,8520254,5189,14090372,5128268,10831550
mug jadid mardane,1529074,100000,100000,100000,100000,100000,100000,100000,100000,100000
mug juli,1529074,100000,100000,100000,100000,100000,100000,100000,100000,100000
mug tarh esm banafsheh,1529074,100000,100000,100000,100000,100000,100000,100000,100000,100000
multisim,100000,100000,100000,100000,100000,100000,100000,100000,100000,100000
music box fanoos,8161465,12302650,344852,8431072,9024504,12356449,347537,10217756,3825149,2052436
nabat neydar,100000,100000,100000,100000,100000,100000,100000,100000,100000,100000
nakh rangi bara charkh khayati,100000,100000,100000,100000,100000,100000,100000,100000,100000,100000
namakdan jHd,100000,100000,100000,100000,100000,100000,100000,100000,100000,100000
navar sekeyi tazini,100000,100000,100000,100000,100000,100000,100000,100000,100000,100000
nazhe makhsus zoruf,100000,100000,100000,100000,100000,100000,100000,100000,100000,100000
negahdarande sirup,100000,100000,100000,100000,100000,100000,100000,100000,100000,100000
negin aghigh shajari,100000,100000,100000,100000,100000,100000,100000,100000,100000,100000
neutrogena hydro,4884175,5398412,4416908,100000,100000,100000,100000,100000,100000,100000
neveshte mashin,100000,100000,100000,100000,100000,100000,100000,100000,100000,100000
ney haye pelastiki estickeri,100000,100000,100000,100000,100000,100000,100000,100000,100000,100000
nock espresso saz,7973394,100000,100000,100000,100000,100000,100000,100000,100000,100000
note 10 pro پافر,12940209,14782947,10694984,11159404,9863317,9231800,7763751,6035112,12686691,5327024
note 13کاور استارباکس,11159404,10891485,4454387,9900864,14749791,2926894,3258412,8493464,17211507,9840669
note13pro 5g,14644123,14883397,14644104,12141023,11808436,15511163,14565825,13706806,8245350,9743158
nothing phone قاب,11195560,12588138,15213679,14105863,9370,49766,12804655,9940975,11477186,11158470
odkolon khonak,100000,100000,100000,100000,100000,100000,100000,100000,100000,100000
odkolon zerjoff jtc,100000,100000,100000,100000,100000,100000,100000,100000,100000,100000
ood sooz mard ler bakhtilari,100000,100000,100000,100000,100000,100000,100000,100000,100000,100000
organizer vasayel,100000,100000,100000,100000,100000,100000,100000,100000,100000,100000
otoo ByBabyliss,100000,100000,100000,100000,100000,100000,100000,100000,100000,100000
oud isphan,9556827,4271106,100000,100000,100000,100000,100000,100000,100000,100000
p 25 i,3672002,3087399,2081882,114843,1119466,12457774,4394824,9176763,12987634,1006732
pach gosht barghi ronix,100000,100000,100000,100000,100000,100000,100000,100000,100000,100000
pack jay mayei va espere,6105280,3112577,3223084,2744525,2365673,6660785,8402173,8463637,100000,100000
pack sticker anime sheytan kosh,3112577,3223084,6830791,2744525,2365673,6660785,12961639,14437943,14065530,14882746
pad panchar giri,11636446,1437746,14546674,13345807,17038129,14079846,11625784,12965773,12104111,100000
pad tarh ronaldo,11636446,14844701,643398,1437746,14546674,13345807,17038129,14079846,11625784,12965773
pak konande dast general clean,7455621,8023119,17088276,1013310,100000,100000,100000,100000,100000,100000
pak konande poost seravi,8023119,100000,100000,100000,100000,100000,100000,100000,100000,100000
palto zanane barooni,100000,100000,100000,100000,100000,100000,100000,100000,100000,100000
panbe septoma,100000,100000,100000,100000,100000,100000,100000,100000,100000,100000
panel hooshmand cooler asaneh,11210315,14188564,6324209,10082995,7235544,9360788,9214719,13586694,9294989,8900054
panel jelo tiba 2,6211263,7569874,3176008,15307696,11210315,8900054,14340995,6324209,10082995,7235544
papet dahtaraneh,100000,100000,100000,100000,100000,100000,100000,100000,100000,100000
parafin behdashtic,100000,100000,100000,100000,100000,100000,100000,100000,100000,100000
parde keshooei shishe aghab,100000,100000,100000,100000,100000,100000,100000,100000,100000,100000
pardeh 4140,10042561,100000,100000,100000,100000,100000,100000,100000,100000,100000
pardeh hogwarts,8133531,100000,100000,100000,100000,100000,100000,100000,100000,100000
party box جی بی ال,2052436,7013034,10217756,6230137,2933107,13632786,6745354,5818929,13430967,5987991
parvaresh hamdeli,100000,100000,100000,100000,100000,100000,100000,100000,100000,100000
paye kahvare kodak,100000,100000,100000,100000,100000,100000,100000,100000,100000,100000
paye television spart,12305171,100000,100000,100000,100000,100000,100000,100000,100000,100000
paytakht 3,6563735,1868597,11942932,1029723,6840624,8320487,8450192,681938,3271100,1492020
peeling vitamin c balance,10526032,7898863,9524064,10108761,12506875,3408934,195380,2229552,117987,1475568
pes 2017 برای پلی استیشن،2,4630526,9591547,12692262,640031,2465131,1136176,4583999,2102520,5652871,11758156
pich do sar rezve filter roghan,5232752,12190557,100000,100000,100000,100000,100000,100000,100000,100000
picture,2761500,100000,100000,100000,100000,100000,100000,100000,100000,100000
pirahan bedoon astin zanane,100000,100000,100000,100000,100000,100000,100000,100000,100000,100000
pirahan sefid yaghe gerd,100000,100000,100000,100000,100000,100000,100000,100000,100000,100000
pirahan yaghe gerd englisi keremi astin boland,100000,100000,100000,100000,100000,100000,100000,100000,100000,100000
planer tarh grouh emso,100000,100000,100000,100000,100000,100000,100000,100000,100000,100000
player ram khor,712276,4989781,9422726,9221811,13656147,13656897,6265476,10330824,1018883,8718260
poco x3 pro خرید گوشی,8688900,12094463,6305458,8370107,6929586,4885206,10427489,9308944,6138430,8400609
pocom6 قاب,6129574,2429494,453777,1568281,589137,3887956,866146,3998803,723178,4615249
polopaz koochak,100000,100000,100000,100000,100000,100000,100000,100000,100000,100000
poly zero,8320625,117987,280243,8216688,100000,100000,100000,100000,100000,100000
pooshak bache molfix size4,100000,100000,100000,100000,100000,100000,100000,100000,100000,100000
portable power cable,823923,17082776,12689957,6516336,1479840,1956104,668165,6426591,144764,14721045
poster anime black clover,14286961,6830791,12961639,14437943,14065530,14882746,6239111,6239105,5762016,14210521
poster divari yade,100000,100000,100000,100000,100000,100000,100000,100000,100000,100000
poster mohafez shakhsi,100000,100000,100000,100000,100000,100000,100000,100000,100000,100000
pottery making machine,5085615,100000,100000,100000,100000,100000,100000,100000,100000,100000
powder gainer bioxs,6841198,100000,100000,100000,100000,100000,100000,100000,100000,100000
printer g 4410,9667215,7206351,4235617,2678496,626446,1538119,1538121,2112414,3003351,4337187
protein mpi,3674058,5884397,100000,100000,100000,100000,100000,100000,100000,100000
ps2خرید,100000,100000,100000,100000,100000,100000,100000,100000,100000,100000
ps5 رنگ بنفش,10611401,2748203,10599126,13871715,1955382,1098257,17892194,1514008,3904662,3971487
puzzle chobi tarh manzoome shamsi,100000,100000,100000,100000,100000,100000,100000,100000,100000,100000
rado,1409034,100000,100000,100000,100000,100000,100000,100000,100000,100000
ram verity 32,8718260,6265476,12461983,9474766,2715002,5749229,1792412,3429963,9436586,2261333
rang acrylic 6 rang,15058232,7537782,643096,516414,1116925,712594,8931122,3537831,12552785,1821504
rang moo sormeyi,100000,100000,100000,100000,100000,100000,100000,100000,100000,100000
rang pelastic 2 litri,9304907,11989850,5504255,14659658,69822,11465019,14274757,4433459,4707082,13413731
range mu dupier,15201333,4362824,100000,100000,100000,100000,100000,100000,100000,100000
reciver tv,13414415,100000,100000,100000,100000,100000,100000,100000,100000,100000
redmi  11t,12141023,7548524,10057318,10162058,11616787,7213087,13706806,8395893,7459251,7203816
redmi note 12 f,14474135,12516025,12933971,12884694,12559255,12427672,14523169,12686696,14354432,11928674
reyhaneh gardanband,100000,100000,100000,100000,100000,100000,100000,100000,100000,100000
rhyme,4106484,100000,100000,100000,100000,100000,100000,100000,100000,100000
rish tarash biberos,100000,100000,100000,100000,100000,100000,100000,100000,100000,100000
ritter,12869737,100000,100000,100000,100000,100000,100000,100000,100000,100000
rk کفش,13203132,7797203,9134351,13492821,11819855,5050942,12054697,14757100,9655956,7720365
ro takhtkhabiye 4 tike,1712065,6072391,6072525,4944170,11064523,886651,4542230,1657413,12101460,7152359
rob anar,100000,100000,100000,100000,100000,100000,100000,100000,100000,100000
roghan pak konande bad az epilasion,8023119,8970212,7997167,10698504,13061571,5801406,8180982,9007201,100000,100000
roghane motor TU5,14721045,11781177,6944449,10964548,1453431,12889866,7487162,7813142,100000,100000
rokesh sandali saba ghermez,6897993,100000,100000,100000,100000,100000,100000,100000,100000,100000
roll kaghaz shirini,100000,100000,100000,100000,100000,100000,100000,100000,100000,100000
romina ojagh gaz,100000,100000,100000,100000,100000,100000,100000,100000,100000,100000
romizi khatereh,100000,100000,100000,100000,100000,100000,100000,100000,100000,100000
roofarshi dor keshdarmakhmal abrisham,100000,100000,100000,100000,100000,100000,100000,100000,100000,100000
rooposh koole poshti,100000,100000,100000,100000,100000,100000,100000,100000,100000,100000
roosari abrisham khal khali,100000,100000,100000,100000,100000,100000,100000,100000,100000,100000
rooye baft zanane size bozorg,14583873,5932038,262845,6575622,6998327,7156850,100000,100000,100000,100000
roughan motor sefr 20,14721045,10964548,3632996,3498877,5813688,14322897,5801409,5586776,2768571,3691970
roughan sanaye,100000,100000,100000,100000,100000,100000,100000,100000,100000,100000
rozh lab maye aklili,100000,100000,100000,100000,100000,100000,100000,100000,100000,100000
rozh lab shomare 307,3750835,4266141,10480335,12492669,8675578,725619,5108117,1804403,859807,11490357
rozh mat shine,1447966,576100,669395,272669,11608345,5685312,1629774,100000,100000,100000
rubik cube y,630081,3383612,3202248,10082671,667278,8884427,2182660,752773,145237,643096
s 23 اولترا قاب,5132167,9370,7477029,961479,5079914,11001700,13300475,14146381,7200364,14494540
saat T18,12702443,8313097,100000,100000,100000,100000,100000,100000,100000,100000
saat active4,100000,100000,100000,100000,100000,100000,100000,100000,100000,100000
saat digital romizi projector,472989,790960,8901015,100000,100000,100000,100000,100000,100000,100000
saat dokhtarane gheyr asl,7947635,100000,100000,100000,100000,100000,100000,100000,100000,100000
saat hooshmand sport watch ultra 8,11525395,12711966,74937,11625576,12520106,13182831,12950092,195987,13364523,11159148
saat hoshmand ji tab model GT3 Pro,15511163,7799532,9826552,6389978,2478560,6438632,4000803,3699771,3048663,14989716
saat hoshmand xiaomi model Redmi Watch Active,14337860,13098387,16835001,12402554,8220841,14346325,7156850,14007389,17278326,6420791
saat kar digital,472989,8901015,100000,100000,100000,100000,100000,100000,100000,100000
saat londville set,8000565,1806576,100000,100000,100000,100000,100000,100000,100000,100000
saat mardane esport portar fdar,100000,100000,100000,100000,100000,100000,100000,100000,100000,100000
saat mochi bache gane GSHOCK,100000,100000,100000,100000,100000,100000,100000,100000,100000,100000
saat mochi digital,472989,8901015,100000,100000,100000,100000,100000,100000,100000,100000
saat mochi violet,162492,100000,100000,100000,100000,100000,100000,100000,100000,100000
saat mochi zanane date just gallery alibaba,2289856,5604877,100000,100000,100000,100000,100000,100000,100000,100000
saat saat samsung,859,3927,38435,8333179,6252585,31830,9490803,6467,2770449,276873
saat skmei 1818,8612133,100000,100000,100000,100000,100000,100000,100000,100000,100000
saat zanane sefid,100000,100000,100000,100000,100000,100000,100000,100000,100000,100000
sabad nan,100000,100000,100000,100000,100000,100000,100000,100000,100000,100000
safhe kelach motor honda 150,14721045,10964548,7392683,5618453,334139,9688202,2546524,8995528,10626358,9106609
sak varzeshi chikaho bulls,11097591,100000,100000,100000,100000,100000,100000,100000,100000,100000
samavar asbab bazi,100000,100000,100000,100000,100000,100000,100000,100000,100000,100000
samavar e nasb,7591916,5684456,859931,12094112,2234200,227674,7308250,6267673,4929992,195380
samsung ram3,859,3927,38435,8333179,6252585,31830,9490803,6467,2770449,276873
sandali arayeshgahs,100000,100000,100000,100000,100000,100000,100000,100000,100000,100000
sandali peykan vanet,100000,100000,100000,100000,100000,100000,100000,100000,100000,100000
sandali rahati mahi koodakan,100000,100000,100000,100000,100000,100000,100000,100000,100000,100000
sandali sandaliye charkheshi kadom,100000,100000,100000,100000,100000,100000,100000,100000,100000,100000
sang angoshti,100000,100000,100000,100000,100000,100000,100000,100000,100000,100000
sanjagh ghofli van yekad,100000,100000,100000,100000,100000,100000,100000,100000,100000,100000
scanner kodak karkarde,100000,100000,100000,100000,100000,100000,100000,100000,100000,100000
senseptive,100000,100000,100000,100000,100000,100000,100000,100000,100000,100000
sensor cheshmi rah pelle,7140966,7980019,4748512,1935838,100000,100000,100000,100000,100000,100000
seri almas,100000,100000,100000,100000,100000,100000,100000,100000,100000,100000
serlak ghoros hollandi,100000,100000,100000,100000,100000,100000,100000,100000,100000,100000
serom poost asb,100000,100000,100000,100000,100000,100000,100000,100000,100000,100000
serom vitamin c karite,10526032,7898863,9524064,10108761,3408934,195380,2229552,117987,1475568,16531727
serpich lamp do adad,5232752,12190557,100000,100000,100000,100000,100000,100000,100000,100000
servis ashpazkhane pelasco,100000,100000,100000,100000,100000,100000,100000,100000,100000,100000
seshvar 3377,8448015,100000,100000,100000,100000,100000,100000,100000,100000,100000
set achar yek sar takht,8000565,1806576,100000,100000,100000,100000,100000,100000,100000,100000
set blouz va shalvar mardane hirad,6105280,8000565,1806576,100000,100000,100000,100000,100000,100000,100000
set lavazem tormoz aghab motor cycle,8000565,14721045,1806576,10964548,100000,100000,100000,100000,100000,100000
set lebas varzeshi pesarane 6 tike,8000565,1806576,7537782,643096,516414,1116925,712594,8931122,3537831,12552785
set nozad,8000565,1806576,100000,100000,100000,100000,100000,100000,100000,100000
shalvar fil elizabeth,6774181,100000,100000,100000,100000,100000,100000,100000,100000,100000
shalvar li abi yakhi dokhtaraneh,4677719,10912135,12123595,6868438,100000,100000,100000,100000,100000,100000
shalvar nozadi bi,8573985,7573974,8769143,100000,100000,100000,100000,100000,100000,100000
shalvar zanane sade arzan,7571853,100000,100000,100000,100000,100000,100000,100000,100000,100000
shalvarak jin pesaraneh,100000,100000,100000,100000,100000,100000,100000,100000,100000,100000
shame tavalod R,3212987,5819230,12987634,5841717,14257875,10985441,13977264,8032608,9544629,3907654
shampoo badan ove poost khoshk,100000,100000,100000,100000,100000,100000,100000,100000,100000,100000
shampoo dar ma kin moo,5666990,2604338,890714,1941549,535481,5928218,7142412,8949562,11622728,10242439
shampoo moohaye charb,100000,100000,100000,100000,100000,100000,100000,100000,100000,100000
shamshir tirkaman separ,100000,100000,100000,100000,100000,100000,100000,100000,100000,100000
shane mashin shomare 35,16811609,8000168,3108863,880451,12308910,1953988,6080148,8481670,880521,10455584
sharjer 67w xiaomi,8703939,9609457,11274760,1734817,2212624,10337868,3235851,5497765,8573346,3397286
sharjer fandaki viva,33428,14861022,100000,100000,100000,100000,100000,100000,100000,100000
sharjer gooshi redmi 7 xiaomi,1926451,12559381,15899604,2634336,8370216,7426186,14577010,17567737,7087016,12686706
sharjer simi PS4,4545023,412826,143761,1980226,317619,607269,12804885,544767,531443,1505093
shegmal,100000,100000,100000,100000,100000,100000,100000,100000,100000,100000
shenavare kouler abi,100000,100000,100000,100000,100000,100000,100000,100000,100000,100000
shir dosh nozad barghi,100000,100000,100000,100000,100000,100000,100000,100000,100000,100000
shir dush hamam pichi,100000,100000,100000,100000,100000,100000,100000,100000,100000,100000
shir mozgir,100000,100000,100000,100000,100000,100000,100000,100000,100000,100000
shishe aghab mazda3,100000,100000,100000,100000,100000,100000,100000,100000,100000,100000
shishe bozorg jelo mashin peugeot 405,7814413,8794936,9614779,1467744,1152961,11210315,6984499,7504341,17637807,1967953
shokolat fandoghi parmida,100000,100000,100000,100000,100000,100000,100000,100000,100000,100000
shokolat gerdaliye fandoghi basteyi,100000,100000,100000,100000,100000,100000,100000,100000,100000,100000
shokolat jabeyi baraka,100000,100000,100000,100000,100000,100000,100000,100000,100000,100000
shostoshoo soorat kofi,100000,100000,100000,100000,100000,100000,100000,100000,100000,100000
sidi makhsus bazi computer assassins creed,1163645,11336522,9227768,9176763,1838867,2443838,3082490,812759,100000,100000
sigar kelasik,100000,100000,100000,100000,100000,100000,100000,100000,100000,100000
sim 2 shakh,2525798,10544675,9304907,11989850,5504255,14659658,69822,11465019,14274757,4433459
sim HDMI va DVI,9054600,6105280,2525798,10544675,178762,155877,8445425,341677,6853124,524407
simi beraylango,100000,100000,100000,100000,100000,100000,100000,100000,100000,100000
"sini, 50 tayi sharbat",14972695,15610484,2529858,1880999,1887326,3855570,370531,2315554,651025,330734
sky house,10423802,622418,5762262,9957249,12359107,11294197,13323051,12749087,9952409,13238409
smart cart reader,16843325,649515,2873855,1797827,170684,5572422,11619362,558489,6750649,579644
soalati ke bacheha miporsand,6912175,100000,100000,100000,100000,100000,100000,100000,100000,100000
sofre chahaardah masum,100000,100000,100000,100000,100000,100000,100000,100000,100000,100000
soot kesh iso mashin,100000,100000,100000,100000,100000,100000,100000,100000,100000,100000
soozan diabetkhoongiri,100000,100000,100000,100000,100000,100000,100000,100000,100000,100000
soozan pride 141,343272,8355914,7597200,9026799,1151425,3296229,3559877,2651985,6820473,2168193
sorkhkon bedoon roghan gasonic 757,11690142,13782641,11644793,12911132,100000,100000,100000,100000,100000,100000
sotien dokhtarane,100000,100000,100000,100000,100000,100000,100000,100000,100000,100000
sotoon chador mosafrati tent,100000,100000,100000,100000,100000,100000,100000,100000,100000,100000
soundcore icon mini,2021878,10558674,14487196,10015577,12457774,12457646,13579136,5210649,3218980,12020425
speaker Bats,305063,8123064,3367934,9279178,11498716,7391150,10173363,222488,7858041,11987029
speaker ewa,305063,8123064,3367934,9279178,11498716,7391150,10173363,222488,7858041,11987029
sportop,100000,100000,100000,100000,100000,100000,100000,100000,100000,100000
ssd cp,2606395,11087289,8549674,9022790,202011,7523900,5930508,109633,859807,14494381
ssd لبتاپی,202011,7523900,5930508,109633,859807,14494381,2458871,4563789,9859370,4068058
stand gol zarbdari,10690988,6943665,1497226,11777130,14671969,100000,100000,100000,100000,100000
stand se keshoo beauty,7379000,6943665,4124417,1497226,11777130,9820263,14671969,9457871,14911876,117889
sticker barjaste tarhe fazanavard,100000,100000,100000,100000,100000,100000,100000,100000,100000,100000
sticker laptop anime tokyo ghoul,2931653,11274192,7033256,6575181,1476154,7199802,8789224,6460419,2144579,70798
sub band,146494,2058772,8517823,3232170,11637376,12837600,8759938,761028,5173333,3426902
support loole pelika,10804858,100000,100000,100000,100000,100000,100000,100000,100000,100000
surface go,1095317,13347499,14591367,7875079,12414641,1710162,3592012,320285,22657,6575181
surface laptop 3,6575181,108034,103261,13347499,14591367,13434284,10639608,11274192,11152849,3402196
t ۹۰,3155036,4352342,168079,4492680,2069596,4371,8866541,7997432,10404044,134261
t13  anc,14275370,11648685,13287099,14048785,14656328,1734817,7484820,9087079,12527301,13532245
t55,6750649,2682398,13525678,100000,100000,100000,100000,100000,100000,100000
tabe vok graniti size 24 arous,14583873,5932038,262845,6575622,6998327,15390774,7156850,3664741,12381319,76628
tablo dekorative talakob,100000,100000,100000,100000,100000,100000,100000,100000,100000,100000
tablo kaghazi sefid,100000,100000,100000,100000,100000,100000,100000,100000,100000,100000
tablo neshan khoruj,100000,100000,100000,100000,100000,100000,100000,100000,100000,100000
tabloye mercedes benz,7841359,10728359,8304319,547317,7836765,100000,100000,100000,100000,100000
taghviat konande system soti,12724679,100000,100000,100000,100000,100000,100000,100000,100000,100000
taghvim khers,100000,100000,100000,100000,100000,100000,100000,100000,100000,100000
tajhizat janebi parastari,100000,100000,100000,100000,100000,100000,100000,100000,100000,100000
takhte charm kari,5420778,3606854,14830905,100000,100000,100000,100000,100000,100000,100000
tala,14146438,100000,100000,100000,100000,100000,100000,100000,100000,100000
tamp chehel gis,100000,100000,100000,100000,100000,100000,100000,100000,100000,100000
tan poosh koose,100000,100000,100000,100000,100000,100000,100000,100000,100000,100000
tanab varzeshi size 10,7156850,14583873,5932038,262845,6575622,6998327,1084065,11246431,964898,17211507
tapper cake taj king,5568351,2924365,112409,11072644,880513,6167628,12436562,6918666,100000,100000
tarash cute tarh mive,8052912,100000,100000,100000,100000,100000,100000,100000,100000,100000
tarash fantezi tarh doorbin,100000,100000,100000,100000,100000,100000,100000,100000,100000,100000
tatto ba esprey,16376250,424094,509122,3426975,4489668,100000,100000,100000,100000,100000
tayer va toop monor chahar charkh,6105280,100000,100000,100000,100000,100000,100000,100000,100000,100000
tejarate gharne bist o yek,12987634,13827543,14341700,3555528,9430343,16946635,100000,100000,100000,100000
telefon bisim panasonic,100000,100000,100000,100000,100000,100000,100000,100000,100000,100000
television e di electronic,2695413,6872675,1071003,7835147,7591916,5684456,859931,12094112,2234200,227674
televizion bozorg,100000,100000,100000,100000,100000,100000,100000,100000,100000,100000
televizion sony 50 inch,591097,112103,1287,191846,958,91013,8683837,9248424,21010,106912
the power of one more,9818804,13131058,10985441,5087685,7451049,10739975,13203408,14843838,12155336,2443838
tigh eslah surat banuran,100000,100000,100000,100000,100000,100000,100000,100000,100000,100000
tighe khorkon model 6 tighe,7537782,643096,516414,1116925,712594,8931122,3537831,12552785,1821504,8276931
tishert surati rani,100000,100000,100000,100000,100000,100000,100000,100000,100000,100000
to do list bts,5232752,12190557,5073943,9151882,674062,1619660,9739135,9176763,12974035,7402345
tom ford OUD,4271106,878724,2546524,9556827,9646741,100000,100000,100000,100000,100000
ton mahi 250 garmi,5595567,12310300,602199,13080560,2725058,12309780,12009083,12586823,13461620,8093857
tor handball,100000,100000,100000,100000,100000,100000,100000,100000,100000,100000
torkmeter 25 foot pound,696585,1528874,5438621,2428107,6245149,7367110,16592579,6996746,137894,3672002
toshak zenithmed,100000,100000,100000,100000,100000,100000,100000,100000,100000,100000
toste,100000,100000,100000,100000,100000,100000,100000,100000,100000,100000
tp link mr100,493952,5804859,11589339,1993094,2289837,8068521,3329993,1938623,8068518,2162521
tsco tm 2018n,7185607,4419091,100147,5813507,309315,942712,11942840,27857,1792594,9044865
ultra max 8x,11625576,12950092,11159148,10404345,10386289,14105831,11158610,12849731,14050066,78679
va249he,100000,100000,100000,100000,100000,100000,100000,100000,100000,100000
vaks takhasosi rang tireh khodro,100000,100000,100000,100000,100000,100000,100000,100000,100000,100000
vape argas GT,2787116,11474358,4915289,2495603,8587723,7652374,814388,9917706,9743231,3664818
vasayel docharkhe simano v brake,686871,2960094,10036235,2008349,743370,5585267,14793780,6103924,6092808,4813079
vasile jashn tavalod,100000,100000,100000,100000,100000,100000,100000,100000,100000,100000
vaziri lebas,100000,100000,100000,100000,100000,100000,100000,100000,100000,100000
vg27aq3a,17249634,100000,100000,100000,100000,100000,100000,100000,100000,100000
vitus 15,955878,9860914,5149661,12662620,7523576,10085008,3867621,959959,10831550,13394833
wire asli isakoei,100000,100000,100000,100000,100000,100000,100000,100000,100000,100000
witcher موس پد,3617452,6002837,7999154,4793273,10479780,5930508,9667215,10965551,13086217,3282317
xs panda,1165495,6083419,2144967,859481,4593072,9969986,10611243,14274805,315578,2501820
yakhchal va freezer fylor tarakomi do darb,6105280,5232752,12190557,100000,100000,100000,100000,100000,100000,100000
yaragh konande dashboard,100000,100000,100000,100000,100000,100000,100000,100000,100000,100000
yaragh yaragh dar hayat,100000,100000,100000,100000,100000,100000,100000,100000,100000,100000
zan mohsen,100000,100000,100000,100000,100000,100000,100000,100000,100000,100000
zanane model delina,100000,100000,100000,100000,100000,100000,100000,100000,100000,100000
zanjir gardan nissan,8313443,9743231,100000,100000,100000,100000,100000,100000,100000,100000
zarbegir darb khodro tiba,6211263,3176008,7569874,15307696,100000,100000,100000,100000,100000,100000
zarf arisan,100000,100000,100000,100000,100000,100000,100000,100000,100000,100000
zed lak faghed charbi,100000,100000,100000,100000,100000,100000,100000,100000,100000,100000
zedaftab rangi pixel shomare 2,8544546,12428435,10148366,14720281,9304907,11989850,5504255,14659658,69822,11465019
zeh separ aghab nissan juke shasi boland,180512,8313443,9743231,100000,100000,100000,100000,100000,100000,100000
zerehzar andaz zarafe,100000,100000,100000,100000,100000,100000,100000,100000,100000,100000
zhile o shalvar,12987634,13827543,14341700,3555528,9430343,16946635,100000,100000,100000,100000
zhilet eslah,100000,100000,100000,100000,100000,100000,100000,100000,100000,100000
zip kif,8518300,8827833,100000,100000,100000,100000,100000,100000,100000,100000
zir livani classic,1547931,12020425,7668670,1693740,636662,5699257,3149540,4346822,1309479,4877415
zir payeh goldan,100000,100000,100000,100000,100000,100000,100000,100000,100000,100000
zirpoosh short,430494,100000,100000,100000,100000,100000,100000,100000,100000,100000
zoghal khod sooz kababi,100000,100000,100000,100000,100000,100000,100000,100000,100000,100000
zoghal motor fan peugeot,14721045,865491,10964548,100000,100000,100000,100000,100000,100000,100000
zoodez,100000,100000,100000,100000,100000,100000,100000,100000,100000,100000
zorofe chini khareji marke do gozan,5232752,12190557,100000,100000,100000,100000,100000,100000,100000,100000
zoroof crystal star max,4726765,7475432,3459452,4417031,114843,17147408,12640514,736488,6196449,2293190
zoroofe arcopal,100000,100000,100000,100000,100000,100000,100000,100000,100000,100000
zz,100000,100000,100000,100000,100000,100000,100000,100000,100000,100000
İPad Air,8255514,7184806,15899457,6953542,3673743,961905,11244895,12976978,3756140,6235389
،هواپیما و قطار کنترلی,6254879,8854392,6593274,622418,7802622,3165287,6103924,8050566,13606395,13593631
،کارواش,9089232,6936264,7518451,10217111,161506,11001762,7283331,13237524,5547351,15076938
ءروسک دخترانہ,100000,100000,100000,100000,100000,100000,100000,100000,100000,100000
آب تیمکس,8617660,309315,11209558,3658747,11697889,10823610,9132888,886651,622748,8859039
آب میوه های سن ییچ,1932080,2161876,382547,26666,27960,893916,893483,48401,859807,12414641
آب میوه گیری سوئیس پلاس,14048197,26666,382547,27960,2161876,3821449,65576,13938765,4425039,6826356
آب پاش تایمری,11209558,11697889,3404079,745924,12957372,5008688,1759704,10616962,5752476,8000565
آبرسان درمالیفت برای پوست خشک,1538761,4241462,1518115,1558485,1640291,16755280,784555,6090847,12230709,4241121
آبرسان دمودکس کلینیک,12100062,12101402,14756968,3790582,12586759,4428092,11296848,9842497,6752724,12196553
آبرسان هیدراکتیو,12586759,4428092,11296848,9842497,6752724,12196553,6909316,6955660,13218671,5398412
آبرسان کریس,8273061,2534522,3255019,2986271,13416734,10042496,12586759,4428092,11296848,9842497
آبرنگ الکترونیکی,12234635,4064721,1491939,1655174,86720,666324,10498126,14985370,5403851,3713750
آبمیوه گاسانویک,2140891,5205987,5024186,3135503,2067611,672592,1572515,9106609,3533907,14048197
آبمیوه گیر لایف چند کاره مدل,2140891,3135503,159657,14257875,173542,13938765,382547,9736657,447326,5624039
آبمیوه گیری wmf,2140891,5205987,5024186,3135503,672592,1572515,9106609,3533907,14048197,723132
آبگیر لبه در پژو پارس,10621046,7184190,14190688,5929905,5078838,7038768,3855137,6741383,9805389,5095256
آبگیر مرکبات هاردستون,9813153,2097496,2023379,536385,9103478,3083082,11256957,3821449,5157447,3398398
آبگیر‌شیشه‌استیل,3398398,3398369,712594,7038768,6261040,10626069,10626050,8659374,2608053,2023379
آتاری کانسول هولدر,15099543,2901096,11188019,7533365,3411640,100000,100000,100000,100000,100000
آتل پای,3907654,2007653,4149043,598677,2234013,6274998,2182660,5378982,2760515,6863297
آتین بی سیم دریایی,12866264,637473,897119,2413323,1743832,13804774,3382080,457018,2438582,3904229
آجارچرخ,100000,100000,100000,100000,100000,100000,100000,100000,100000,100000
آجیل اعلا دربار,14850139,348705,766975,6240267,6687979,8448364,8575460,8392552,13016381,4395571
آجیل خوری کریستا خورشیدی,8448364,6687979,8575460,8392552,13933524,4395571,8476689,766975,6240267,2432359
آدامس ربودیان,12855505,482666,6843443,5712105,13401329,3068716,11578203,3781059,12152772,3621770
آدامی تری,9962550,9838220,3758086,73006,2191842,5500776,4682127,806525,9423141,11118812
آداپتور Sd,2963028,4063504,972644,338475,6235389,9513945,7505141,9706010,3999175,2081187
آداپتور برق اسپیکر,9513945,7505141,9706010,3999175,2081187,8469468,5069126,4328920,630476,1437746
آدمک جاسوئیچی,4176147,12534042,6755271,1095732,9686682,5745204,5878288,11030618,1029673,6158866
آدمک رونالدو,4176147,12534042,6755271,1095732,9686682,5745204,5878288,4909407,4301569,8988978
آدیداس بالشتی,2738494,1085374,2933915,1494216,7697997,5415357,500666,16576857,8214116,12991404
آر جی بی موس پد ایتی بای ترتی,1032531,12103422,4951030,6286333,10204601,8913462,13810500,8584290,8190969,8134613
آر سی کار ۴۰۰۰۰۰,13613061,4956897,958,2476616,4951182,4972133,448718,1032531,10708778,1056100
آرایش پاک کن کاسمکولوژی,13133550,9445298,10058099,12054588,8180402,8659141,2966648,210803,4640838,839031
آرتیما,8185216,100000,100000,100000,100000,100000,100000,100000,100000,100000
آرم ام وی ام رینک,9157043,305573,3896892,5102788,9567321,826701,7332407,11490088,13879779,1153178
آرم روی فرمان ال 90,8338698,5068713,5044079,13887672,11968525,8491338,589998,7173763,12989817,704354
آرم پایونیر,321736,8315327,901845,7706582,47962,35021,2278578,2229219,7579480,6804638
آرم چسبی عاشقانه,15761801,13726497,1638404,14643773,7264632,13727015,1378151,9114819,7779143,1159678
آرم گلگیر جلو موتور سیکلت طرح اسب تک شاخ,14251885,12663066,1690726,3797495,15014636,12220101,2932701,4189438,6356790,6202050
آرمیچر اره عمود بر ماکیتا,6779969,115676,104706,6991847,3852727,668821,14884689,10360223,10596165,10548632
آرمیچر پمپ هوا آرمیچر پمپ هوا,1825594,4950239,2977515,12774881,1466748,6598766,14593412,9763788,11296079,9493098
آرک پیش ساخته,10632168,12120662,4358875,12063702,7285915,109512,1426720,8476782,15982986,8077412
آزمون آزمایشی,909042,2701359,6806447,2958837,11953252,2348001,14022215,8421822,242289,6916616
آس تی کرز,3042739,2670722,7357501,14821517,6156582,3927,607449,283986,283804,278543
آسان ریط,608188,1030285,962839,44748,796611,11423934,14697174,4261129,6499111,1571159
آستون صنعتی,14790881,12864981,6493318,9254926,13237524,10699784,5742706,190423,8191076,5021172
آسمان ابر,12350031,1433075,4516407,5760614,8218297,5097503,478133,9607570,11352605,245021
آسیاب‌مخلوط‌کن,12900943,3952888,14925699,4897005,2407598,13126767,2850289,13085782,5685312,11838209
آشپز خونه واقعی,51517,17085140,4288937,10634862,4289403,9891650,9965789,7232637,13608480,13303554
آشپزیار مدل تخمه پوست کن,880906,9264756,460362,10864424,1515290,1104172,880451,11859478,167410,880521
آطل گوش,6578624,981926,1513702,533697,57149,9097395,1565823,15708070,10406630,107681
آفتاب گیر  فلزی سایبان,1932281,1932279,1932248,1677625,1480789,1467744,12652614,10909098,10542440,8073921
آفتاب گیر ماشین برای ال نود,1677625,1932281,1467744,1932279,1932248,1480789,5109569,8520105,14208883,8681804
آفتابگیر ال90 درشت,10757160,7356395,4404714,4325093,3352967,3289306,1480794,4249702,3033133,14006784
آفتابگیر خودرو مخصوص شاهین,9575969,8297769,1480794,3033133,1477400,1477401,11434306,9242187,1149211,162579
آفتابگیر شیشه جلو 405,15229287,3033133,14577768,1149211,11308393,8436769,1480794,1932279,9614779,7824652
آلبا سان اسکرین,3224355,17484673,4889975,7456369,4393555,2776580,451449,10170605,82004,10127608
آلبوم های انیمیشنی,10254311,7165982,2543882,6069592,17751721,20474,22437,11043427,177217,43733
آلبوم کلاسوری a3,3409966,10254311,15439236,7165982,2543882,162509,13011193,9387650,6069592,17751721
آلفونس گابریل,2426859,100000,100000,100000,100000,100000,100000,100000,100000,100000
آلن میل,10799223,12489190,12309596,6225061,7922203,6519317,5726740,2911194,997828,325520
آلومینیوم گاتر,14315407,8494072,11593415,7014486,8791012,9932602,5376279,12669432,7136299,7436272
آلوکس,3030259,100000,100000,100000,100000,100000,100000,100000,100000,100000
آلیس چای آتش,97486,586696,6744529,3340204,741348,6185331,3330996,5741169,12305509,8000168
آماتیس عطر,7185932,2444236,9915584,252103,2028711,5900864,8910724,8806996,5703443,1066505
آموزش جامع پاور بی آی,2406262,3784568,6425156,7573974,20559,10324772,4113547,7619749,7477029,3554505
آموزش فارسی عمو فردوس,2406262,6349054,398852,6742314,3784568,9289318,6914232,6554501,80316,4174383
آمولی  فتیر,100000,100000,100000,100000,100000,100000,100000,100000,100000,100000
آمپ ام بی 4190,9209819,10544388,8552792,632362,5128268,1797316,2700176,11809430,264920,6329182
آمپر روغن رومانی,2419368,9329090,1885602,2394989,5261472,4251573,468936,6197168,7307739,15114946
آمپلی فایر D,7611671,12662591,13883838,7355145,264920,7789659,136984,4498563,4787696,9622065
آمپلی ماشینی,7611671,12662591,13883838,7355145,10739444,264920,7789659,136984,4498563,4787696
آمپیلی فایر خودرو اینفینیتی رفرنس,8486978,13883838,7355145,7789659,12662591,7611671,4787696,136984,4498563,9622065
آمپیلی فایر مینی مخصوص مانیتور اندروید,5424291,9660030,6184497,5091399,7799532,6940473,3798930,9659575,6946094,8431072
آنالوگ آنتی ریست واچ,12309780,6833552,17093058,451963,1034194,493952,7802326,8934618,8964300,10842479
آنتن تلویزیون جی وی سی,12782977,1435164,3349803,13944827,15093855,10930227,1652460,12775216,12775139,14608132
آنتن تلویزیون پاور آنتن,1435164,2186330,1016194,7270861,8881982,677528,2522085,10536119,701087,393815
آنتن سقف ۲۰۶,2186330,1016194,7270861,8881982,677528,2522085,10536119,701087,393815,8794936
آنر 90pro,3278517,5452756,10192572,8586890,12853385,4411527,8517823,10892772,10886566,9796369
آنیل چاینیز سروینگ ست,2933479,8571836,456522,7901470,5025436,9800468,1117966,7774937,698981,4417039
آهن نمره ۲۲,568650,7975822,734314,732825,6827885,13786741,14884689,5282709,7987904,306005
آهنرباى مايع,10618588,9632153,1930011,5657434,5064582,14197726,6935322,12680721,10564473,10554732
آوار تعویض شمع خودرو,7458474,638665,2342101,4995311,14391683,5823722,6561991,7104382,9384931,7318141
آون توستر  مدل مورانو,10958076,943809,8180441,9782682,9753199,3351225,12601366,4630447,9665329,9665263
آوون توستر داتیس,10958076,9782682,3351225,9665263,9665329,1414797,227680,460463,31739,6202877
آويز پرده,11358968,10985290,2094624,10961693,12644844,8011488,5426017,11476129,12506465,12894905
آویز آلبالو,13740380,7290919,976519,510853,9861910,1407137,1122015,6070664,3778601,4256269
آویز تبلت فضانورد,6145908,17111036,1801630,10040094,9235064,6349467,3400318,1579877,9697948,9548373
آویز جلو آینه طرح پژو,3571443,8675578,14596741,11467023,6166748,2825664,3154318,5255608,4614297,17222397
آویز خودرو طرح پر کچر,1063099,8806979,10248034,6070664,4256269,13068451,8736641,3514157,3045099,9993005
آویز رم مدل نوتلا,9697948,3778601,4256269,13068451,5447615,14477251,1407137,8591168,1122015,6070664
آویز سقفی,6657649,7755176,8938625,8239214,9928892,1601894,3055850,6760814,722074,301003
آویز سویچ مودل فرمون,1407137,1122015,6070664,3778601,4256269,13068451,5447615,14477251,8591168,5248502
آویز عروسک بافتنی,8449627,6225075,7168123,3663415,2457948,2791087,13254387,12349726,9837930,12587737
آویز موبایل طرح حرف نون,9001613,12489190,13699053,8279929,5819230,7731917,1827322,350400,2016450,1924146
آویز موبایل مدل توپ,10040094,13662403,9235064,5134415,6349467,13282374,946160,795502,6145908,3400318
آویز کالسکه و تخت نوزاد,948416,6904486,3037283,5248502,1122015,6867028,13710651,5786852,9564665,378114
آویز گردنبند طلا,341951,2009191,13465465,12489190,16286253,7662294,15912361,340581,10460461,9221077
آویز گل سرامیکی,5799005,8737931,9508030,6330542,1646002,5836503,9568274,14793930,12344937,288913
آویز گوشی بلند وپهن,11358968,12942068,14465593,7404404,15899604,10982349,9378158,9361439,11130927,16827508
آویزکلید pvc,577147,8239214,7929551,11603429,3323638,11792316,7393227,7303131,12914437,3614592
آپتور دوربین,8509775,2873515,947718,3927,4621360,92087,12981178,3294846,1828722,38435
آچار تخت و جغجه,1732746,10226912,7722162,2882990,2610656,14346547,1787549,9872404,3422181,134840
آچار تخت ۱۴,1732746,2610656,7722162,9988983,1787549,7587836,14346547,5264862,2882990,10226912
آچار فرانسه4,14346547,4048051,1787549,8866541,7722162,2610656,1732746,12100106,168079,13613146
آچار فیلتر روغن ال ۹۰,10313541,10455179,9372677,9336161,157366,435240,1835147,154211,3786538,2357548
آچار قلاویز,1653131,9361576,14346547,4048051,1843521,1787549,8866541,7722162,2610656,1732746
آچار پرفکت توولز,11246879,14346547,4048051,1787549,8866541,7722162,2610656,1732746,12100106,168079
آچارفیلترتسمه‌ای,4016744,9302065,7706929,3475356,3229989,10324772,7619749,7660864,2417088,7477029
آچارچرخآلمانی,100000,100000,100000,100000,100000,100000,100000,100000,100000,100000
آژیر  امبولانس,2165299,3375451,11981269,100000,100000,100000,100000,100000,100000,100000
آکوا,314159,2554498,7468372,10526032,5931403,3920796,6071872,10905810,9299584,4276083
آکوا سفید,314159,2554498,7468372,10526032,5931403,3920796,6071872,10905810,9299584,4276083
آکواریوم با پایش هاش,5536763,2930956,440818,3330902,6213165,859111,1514664,1119610,2604338,4288693
آکواریوم مدل k500,10180016,9706639,5536763,2930956,440818,6213165,859111,1119610,1514664,2604338
آکواریوم کوچک با اکسیژن آب,5536763,2930956,6213165,440818,3330902,859111,1514664,771961,959015,1119610
آکوامارین بول,5784493,8924210,100000,100000,100000,100000,100000,100000,100000,100000
آکیو اسپرسو مشین,60955,4402895,4362497,31744,60927,60962,12204566,3690452,8397962,4729233
آیس برلین جرمی,14756572,2522912,12494021,709463,172614,267237,124633,9841733,9138535,100000
آیس کریم شاپ,2522912,14756572,101478,11475040,6852256,709463,6062260,172614,267237,124633
آیفون ایلِوِن پرو کاور,3203897,6779488,13367746,12202419,7843326,4978798,8283341,6882054,9699777,13274339
آیفون تصویری آلدو پنل داخلی,3667585,12669477,12560677,5056646,1922967,2672678,2381178,2278578,199623,7537782
آیفون تصویری کوکو ماکس,12669477,12560677,9161608,11152961,58469,8541903,9451361,806023,13922116,14716026
آیفون ۱۲_,4099036,4734311,15636808,4978798,11722455,8789858,6800616,9723331,12915638,13945893
آینه بغل اسپرت موتور سیکلت بنلی,11104942,6595121,5930504,3553009,5504255,8075711,6821467,4951182,6659446,4172151
آینه بغل تاشو ال نود,14262023,14221624,390067,6166748,4547675,10621046,5297304,2151255,4757213,11906988
آینه بغل تیبا ،۲,4547675,4757213,2151255,14221624,9801204,390067,6166748,14262023,11778310,6578025
آینه جیبی اکلین,15958386,7925806,11676603,11906988,12549450,11861252,11659455,11661172,11679052,2561992
آینه دکوراتیو سقف,6526822,314196,8716895,5619556,6148057,13003541,2537106,17403628,2561992,14079258
آینه شمعدون قدیمی,4917214,11323321,5665975,2561992,2373857,6526822,5619556,14079258,2537106,17403628
آینه قدی کشو‌دار,11127840,11400727,10732226,8497198,11401486,6334408,17403628,5889381,3154318,8065760
آینه موتور هارلی دیویدسون,12217516,129063,7162181,11966450,4172151,9797207,5930504,2561992,6526822,5619556
آینه وسط پراید۱۱۱ استیل,13191343,2116397,4424973,12347435,3081763,8421261,2561992,6526822,5619556,14079258
آینه گاو خمیری,2993466,4148999,2678496,9320384,3321292,9390573,6156841,13880861,7561829,2561992
آیپاد T13X,12695788,13532245,100000,100000,100000,100000,100000,100000,100000,100000
آیپد 10.2 کاور,961905,961951,340686,3254659,4332189,9250165,3335526,12686691,8191595,6083419
آیپد ۱۱ اینچ,3254659,437766,961905,340686,961951,14130420,13962427,14079846,14632331,12095477
آیپدپر2022,100000,100000,100000,100000,100000,100000,100000,100000,100000,100000
آیینه بغل راهنما دار ساندرویی,7407164,7795622,6429942,5160544,6245032,416375,12966274,6766386,11778310,1144352
آیینه سنتی شیشه رنگی,2021737,6429942,6245032,416375,7330976,8699409,9664474,4423957,11247860,14511107
آیینه شاگرد,6429942,6245032,416375,5109551,100000,100000,100000,100000,100000,100000
ا سباب بازی هاگی واگی,9936543,1626470,1619296,806089,806023,806140,758079,774859,12226742,7143480
اب برتقال گير,9813153,9103478,13938765,4457650,5228840,1021268,5714659,5612391,1117465,8531080
اب هویج گیری,26666,382547,27960,3821449,65576,13938765,2161876,729439,13334615,11266930
اب وبوراکس,309315,11209558,3658747,11697889,10823610,9132888,886651,622748,8859039,8848644
اباژور مدرن طرح ایکیا,12292356,9539928,1605401,8544546,12293267,145237,976059,878479,3339107,891524
ابتدای ایسوز,100000,100000,100000,100000,100000,100000,100000,100000,100000,100000
ابر شستشو خودرو,5223874,8218297,5097503,478133,9607570,11352605,1925523,6798757,5895194,2293574
ابردستگیره,100000,100000,100000,100000,100000,100000,100000,100000,100000,100000
ابرسان سیمپل مدل,13218671,6970514,12586759,4428092,11296848,9842497,6752724,12196553,6909316,6955660
ابرسان هیلایف,12586759,4428092,11296848,9842497,6752724,12196553,6909316,6955660,13218671,5398412
ابرو 405 اس ال ایکس,319553,5044079,2536428,6849774,215561,3573411,6807225,7847572,698762,1717522
ابرو چراغ x33,14337709,453365,5156672,5403418,4573008,11000524,6100632,6296693,9878812,2554498
ابروچراغ جلو هندا,10649152,1476125,1584808,1585520,996559,12217894,10388992,1913608,12537996,11697602
ابروی بالای چراغ جلو ۴۰۵ مشکی,1152961,4204115,8825682,2398855,7824652,4396103,283804,2568772,1441868,8283197
ابریان کامان,4428092,2411046,3868368,3514216,520362,8299149,1841775,13299223,8739306,1825326
ابریز بانوان,5890321,1484777,12190959,15514368,2537376,288078,1497226,9993110,10546457,2537381
ابزار تلمبه,3876063,595447,847989,10857322,1887326,9517695,6992761,4061084,12250755,8481670
ابزار شوخی  مارمولک,4924898,9732812,745924,13640746,9017177,1134379,725292,1851303,707511,3313283
ابزار كرون,734180,2090965,6534092,596481,8481670,9893926,4196654,405912,5747445,3900675
ابزار مونته سوری,10555917,8481670,9893926,4196654,405912,5747445,3900675,7065338,1080166,890714
ابزارشوخی مدل خون‌ مصنوعی,9732812,707511,2830753,4402895,60927,60955,60962,3186254,8977576,4362497
ابمیوه گیر سیج,9575295,14257875,13938765,1003999,2140891,5205987,5024186,3135503,2067611,672592
ابمیوه گیری چند کاره مباشی,2140891,3135503,26666,5205987,5024186,672592,1572515,9106609,3533907,14048197
ابمیوهگیرصنعتی,100000,100000,100000,100000,100000,100000,100000,100000,100000,100000
ابچک روی سبنک,433357,13286051,7273764,11544782,5228491,4428968,1953988,2805377,3289306,9889750
ابکط باگس,100000,100000,100000,100000,100000,100000,100000,100000,100000,100000
ابگرم کن گاززمینی,5714659,5228840,1104172,11859478,167410,2586479,1759545,2987852,14925699,12016209
ابگرمکن 200لیتری,3889673,3950734,7310681,7995078,1753907,7271234,5069126,7252189,4457650,5228840
اتاری آرزوی دهه شصتی ها,3716961,15099543,11188019,7533365,3411640,7882390,6774949,5168003,7812634,7083260
اتاق ال جی وی,13944827,11968525,12782977,12103422,4951030,704354,12654808,6286333,10204601,8913462
اتاقک دوش حمام,11630643,7691559,455580,466066,5901716,774908,7345465,531827,13302895,3160022
اتاق‌های پژو ماشین,7526582,9704028,14664998,3384983,10970047,12325010,2255843,4886795,8721153,5318554
اتای پیکان,9839290,11132726,4823722,1094947,11246905,4862377,2914569,6561991,3046475,5112407
اتبرپاد,100000,100000,100000,100000,100000,100000,100000,100000,100000,100000
اتصالات لوله اب پلاستیکی,3929912,7593002,11465019,9330621,9839599,7432018,7444105,5085833,2933367,7118302
اتل ‌پا,4149043,6274998,6892322,3907654,1023734,7417288,6863297,6417834,2351576,8737931
اتو بخار بلوم,9557066,3573288,11637871,822575,10396369,4519838,8511196,5261987,1725361,14034612
اتو بخار خانگی جانتک,8020993,9557066,3573288,11637871,822575,10396369,4519838,8511196,5261987,1725361
اتو ذغالی دکوری,1496743,4448013,3981124,7653577,9557066,3573288,733785,4351903,2579717,5333376
اتو فیلیپس لباس,14034612,8511196,11637871,3306083,14925699,2781637,4084760,3233914,33589,7653577
اتو لوازم خانگی,7781648,7653577,4351903,5333376,4880002,752022,1496743,5261987,1725361,9557066
اتو مخزندار ترك,5595567,7653577,9557066,3573288,733785,4351903,2579717,5333376,822575,11637871
اتو مو  dsp,14220127,1733557,8411265,8607101,8207871,5976412,7808672,2137875,609325,7916430
اتو مو فرکانس,14220127,1733557,8411265,8607101,8207871,5976412,7808672,2137875,609325,7916430
اتو مو و لایچی,14220127,1733557,8411265,8607101,8207871,2137875,5976412,7916430,7808672,609325
اتو ویکند,3573288,7653577,9557066,733785,3897989,4351903,2579717,5333376,822575,11637871
اتو پرس ژانو,7653577,12046140,9557066,3573288,733785,4351903,6531055,2579717,5333376,822575
اتود,6991372,115001,440264,396033,100000,100000,100000,100000,100000,100000
اتود 0.5 زبرا,88814,196153,1078142,6991372,115001,1139189,440264,396033,4564006,829519
اتود 0.5 گوسفند,6991372,9001111,115001,440264,396033,6535145,2148347,1761982,5478241,2159526
اتوسیلیتری ترک,5595567,263299,3063106,3433416,1528874,2522912,6484768,682074,722074,170535
اتوماتیک بوق درآر موتور,12666445,3061662,1473156,2039418,7640481,4087377,17673143,6858748,7674446,8101679
اتومو v 520,10132814,12388629,2364781,2960094,10036235,2008349,743370,686871,5585267,14793780
اتوی مو  ح,9806934,2206927,2206978,7394608,845953,3779119,8073921,4158441,2614137,662613
اتویلگن,100000,100000,100000,100000,100000,100000,100000,100000,100000,100000
اجاق سنتی هیزومی,8318946,14135524,10566257,427710,9493987,7330976,5792790,1829693,8699409,7490531
اجاق گاز تک شعله حیاطی,8318946,13673427,13804761,7490531,13900904,14119400,11888964,3419880,11626600,9493987
اجاق گاز صفحه ایلیا,2097496,11888964,3419880,11626600,13804761,9993134,6465396,349945,2577481,6784035
اجیل ژاپنی,6240267,10571974,6631597,766975,12170505,6687979,13350642,8448364,13568527,8575460
اخرم نرم کننده کلاچ ال نود,1808258,15521488,2876890,303880,296051,4862377,1087254,6847209,1031021,869810
ادامس طرح باربی,482666,6843443,5712105,13401329,3068716,11578203,12855505,3781059,12152772,3621770
اداپتور شارژر دو کابله,9308042,5371740,9513945,7505141,9706010,3999175,6777498,2081187,8469468,5069126
اداپطور شیائومی,11274760,1734817,2212624,10337868,3235851,5497765,8573346,3397286,6520437,15113204
اددوپرفیوم,100000,100000,100000,100000,100000,100000,100000,100000,100000,100000
ادكلان برك,100000,100000,100000,100000,100000,100000,100000,100000,100000,100000
ادكلن جيو آرمانى,12198178,16048469,2076296,1857547,361300,11145265,14042335,3389938,532966,2444236
ادمک شطرنج,4176147,3782063,12534042,6371952,10652655,6755271,6645040,688123,6816575,1095732
ادو پرفیوم مردانه اسکاره بلو شنل,12303596,4659289,9700139,6748502,12452046,7375409,12458926,5404537,7338066,10290303
ادو پرفیون مردانه,12452046,12458926,7419476,5404537,7375409,10290303,98601,3789666,10016579,611097
ادوتویلت boss,8191076,6547871,532970,312953,611097,10101664,2315672,100000,100000,100000
ادوپرفیوم آزرو,11145265,14042335,532966,12648952,272263,13835855,10220257,4789702,8863286,13954531
ادوپرفیوم نیو پرستیژ کالر مدل Lancome Tresor Midnight Rose,12428668,4425039,5762262,3868112,14246588,10138096,1542287,7556398,1550972,5624445
ادویه  فلفل سیاه,3171012,5146566,11711364,11402645,881466,10566160,1638746,13431040,6924312,1062572
ادویه بلغاری,7409739,10566160,13431040,8008427,4244349,5551688,1758614,9053642,8960641,17480967
ادویه شرکتی,10566160,13431040,8008427,4244349,5551688,1758614,9053642,8960641,17480967,308442
ادکان صندل,10069504,11615656,15319503,549513,539632,1301248,346512,706481,3196036,9085030
ادکلان black ink,1429669,4017472,1514737,1612670,14004535,773877,10739444,50675,1711961,9552512
ادکلان مردونه کلوین کلین,6081809,9680078,5758800,2680933,12387237,7798748,6241074,12643252,7047648,100000
ادکلان میگی لاو,4088765,9809991,9688202,10650567,13853158,100000,100000,100000,100000,100000
ادکلن 542,4789702,12836450,2293190,2076296,769936,1857547,361300,11145265,14042335,3389938
ادکلن KEEPIT,2076296,1857547,361300,11145265,14042335,3389938,532966,2444236,12648952,7338066
ادکلن اسکلاره گود,7475432,4704036,11395750,6219619,1144060,7554094,7444423,8935796,510582,6206211
ادکلن الزهر,2076296,1857547,361300,11145265,14042335,3389938,532966,2444236,12648952,7338066
ادکلن اونتیوس,361300,2076296,1857547,11145265,14042335,3389938,532966,2444236,12648952,7338066
ادکلن باسانتال ۳۳,17553725,7357753,4622688,6596952,785023,12503628,4248271,2132786,13013539,2189600
ادکلن جیبی دخترونه باکارات رژ,9631647,9708003,10220257,7243533,13622726,361300,5948450,12747349,10618588,9632153
ادکلن جیبی زنانه لیبره,252103,8910724,1066505,13013539,7032222,13527053,10769991,6004716,14476967,1917569
ادکلن دانته دنیا,15126953,2811495,2312421,7535192,2076296,1857547,361300,11145265,14042335,3389938
ادکلن دخترانه خوشبو مدل خرگوشب,3331675,340779,2839161,2627010,7018165,9401053,7497832,9043483,900552,997006
ادکلن دونار,7234165,2076296,1857547,361300,11145265,14042335,3389938,532966,2444236,12648952
ادکلن روونا اسکنت,8967084,2076296,1857547,361300,11145265,14042335,3389938,532966,2444236,12648952
ادکلن شالیز آبی مردانه,4281918,6219619,552559,11360638,2076296,2031949,7982014,17825988,6468888,13185064
ادکلن فلوراگوچی,2076296,1857547,361300,11145265,14042335,3389938,532966,2444236,12648952,7338066
ادکلن قصتی,2076296,1857547,361300,11145265,14042335,3389938,532966,2444236,12648952,7338066
ادکلن مردانه خنک و تلخ ۵۰میل,12458926,1857547,2330465,12452046,582429,552559,10290303,5362159,3967585,6450361
ادکلن مردانه سوپر لاو,4088765,9809991,9688202,10650567,2076296,13853158,10890311,1857547,361300,4570342
ادکلن مردانه کاپیتان بلک,10101664,8337405,11129004,312953,2076296,91928,927573,3021960,4311122,4635943
ادکلن مردونه خنک,1857547,12452046,12458926,552559,10290303,1021213,3967585,526298,13192142,54695
ادکلن نارسیی,2076296,1857547,361300,11145265,14042335,3389938,532966,2444236,12648952,7338066
ادکلن پنسیس زنانع,4913022,2076296,1857547,361300,11145265,14042335,3389938,532966,2444236,12648952
ادکلن کوتون  زنانه,3733807,4062985,3624625,11124441,11145265,14042335,3389938,532966,2444236,12648952
ادکلن گلو وی,2818526,11187587,1452935,305573,6588022,9993110,3896892,277950,4016744,8135386
ادکلن ۲۵۰ میلی باکارات رژ,9708003,10220257,7243533,9631647,12310300,12309780,11475040,2514163,12152772,9809991
ادکلون کولواتر,100000,100000,100000,100000,100000,100000,100000,100000,100000,100000
ادکن دیور ساواج,8824653,9085923,11145265,2536578,100000,100000,100000,100000,100000,100000
ادی داگ,7622354,14204895,5023883,7958316,8866541,100000,100000,100000,100000,100000
ارام پز،پلوپز,3045210,10538809,277932,5054403,847112,1716571,3230426,5401454,779127,14092946
ارایشی,3782930,3257807,815931,1768109,9764007,4271476,81555,10035800,14226632,4622727
اردو طرح میوه,6247130,7983850,13848972,14497586,4386912,8215708,4492609,1958658,635016,363985
اردوخوری سرامیک ترشی,9832146,13615782,1747802,5025977,633484,4494850,3074423,7285915,557051,9706590
اردور خوری زیر استیل,10544590,1026247,8081582,8028610,15231794,11108015,3002651,5165276,10116615,12688957
ارذهحلوا شکری,6967969,7219736,2359809,8111781,602111,8106665,10118071,100000,100000,100000
ارزون ترین گوشی جدید,3057033,15325496,2973194,506035,14265961,868935,1421031,245021,5318554,7655830
ارسک مارمولک,1612877,100000,100000,100000,100000,100000,100000,100000,100000,100000
ارم تویوتا چراغ دار,172501,172516,9785473,853644,15119159,184274,9296213,12388741,8351078,16859043
ارم جلو پنجره ۴۰۵ طرح فرانسه,11467023,11481780,2357214,2357210,5044079,6812666,770259,8862349,1602832,8825682
ارمیچر لباسشویی,12774881,1466748,6598766,14593412,9763788,9151144,11296079,11070523,6520197,2607850
اره بنزینی ام پی ام,399999,12075751,5373840,893475,6278780,65292,9699869,869964,540219,9470748
اره دستی تولید کره جنوبی,793203,2651985,821575,801751,425413,1023734,6779969,10548632,10358668,8971127
اره دستی مجاری,425413,6779969,10548632,10358668,8971127,56912,9699869,5739874,893475,6152802
اره زنجیری شارژی باس مدل life style,12530126,8069248,9687309,8191076,8971127,12337287,7440533,893475,10358668,9699869
اره عمودبرچوب کوچک برقی,10548632,7440533,10358668,6991847,6152802,3852727,169518,104706,7193606,115676
اره چوب تبدیل به سنک فرز,7760694,8971127,10358668,8685101,8051771,13898090,10360223,7440533,5027027,6905118
ارپات دو هزار,6343668,9980728,6187225,2726511,1896044,5867668,5867074,7425234,12711787,11386454
ارپات ساده,14369776,15641477,6164269,1642892,6924312,3150946,12247101,8984751,5638233,432372
ارپات شیائومی,11274760,1734817,2212624,10337868,3235851,5497765,8573346,3397286,6520437,15113204
ارگ پی ۷۰۰,7413839,5409265,13951101,7219736,1128977,1154347,8617660,5875063,3437,2077105
ارگ کیبوردی بچگانه,7413839,5409265,1048427,8186728,11997584,1012345,7431446,9371896,2077105,3859880
ارگانایزر تب شرت,5647649,5831949,5715433,14989716,31969,5827896,10901361,5196299,8714551,555240
ارگانایزر پلاستیکی طرح کمد,878662,3398205,8067606,4644853,10901361,1837601,3003351,7164970,5196299,12719180
ارگانایزر یخچالی  کریستالی لیمون,3156300,6766561,7311695,1809269,314384,723132,10676895,12623996,3978078,15036612
ارینگ بطری,1160048,2051041,9320384,1604580,8173071,4931636,1139534,3602065,1776517,2080004
اریکهه,100000,100000,100000,100000,100000,100000,100000,100000,100000,100000
ازلاعیک اسید,6859966,8367504,10398156,10791485,534402,534530,9941250,11209676,13715986,7775776
ازمایشگاه شیمی بازی,2609471,1054461,4210424,6222747,2492104,5607915,1963552,5608353,1695565,1710707
اس اس دی ۲۵۶ گیگابایت,5460742,2177862,1843483,1859859,9607810,10739828,4433578,12371948,1832584,5930508
اس ام‌دی ۱ متری,8658143,6563735,1513183,8659282,8176598,2770449,8164385,12414641,12688670,9789345
اسبا ب بازی ارو سک,13951101,3935371,806089,806023,806140,1835147,774859,7363962,2347316,15912361
اسباب اشپزخانه kitchen,606509,5364951,8563832,12213372,6966279,3254639,7581955,8159763,718577,9665556
اسباب ب. ماشین,1590579,903797,1534578,2598881,2186480,363896,3607248,3935371,806089,7437726
اسباب بازی,17423036,7623616,12020425,7248561,2949988,17381762,17845107,17632730,10122383,363896
اسباب بازی  توفنگ اسلاگترا,17423036,7623616,12020425,7248561,2949988,17381762,17845107,2196911,17632730,10122383
اسباب بازی  سگ باتری خور,12618675,12760388,10894388,736874,4528161,7999154,13519086,2153736,4950327,17412089
اسباب بازی  فود بالدستی,2522912,17423036,7623616,12020425,7248561,2949988,17381762,17845107,17632730,10122383
اسباب بازی آموزشی مدل موبایل,2416140,6492614,671036,158528,11792453,17591730,751366,10432482,8873557,800503
اسباب بازی ادم کشی,1590579,1550904,17423036,7623616,12020425,7248561,2949988,17381762,17845107,17632730
اسباب بازی انیمه اتک ان تایتان,14909514,8384140,7904244,8572108,13770965,5762016,9722881,10161806,14804094,17423036
اسباب بازی برای نوزاد ده,1126099,16234113,7091950,17423036,7623616,12020425,7248561,14037723,2949988,17381762
اسباب بازی تفنگ ساشمعی,148766,618241,1052198,687603,637232,2877154,842100,707962,5119105,3000679
اسباب بازی جنگا,440003,10952084,17423036,7623616,12020425,7248561,9422675,2949988,17381762,17845107
اسباب بازی خانه پسر,6448621,6209833,12578888,5710882,12943184,3796868,14141928,708498,5479603,8998363
اسباب بازی دشک بازی,17423036,7623616,12020425,7248561,6209833,9980852,11792453,2949988,17381762,17845107
اسباب بازی ربات بزرگ کنترلی,340510,8833060,2153736,363896,9377384,1528090,708498,3143872,1590579,1518404
اسباب بازی ربات ۶,340510,2153736,1590579,4245075,17353965,12533213,2540963,3000482,1528090,800503
اسباب بازی رپتور بلو دایناسور,11602582,3313102,7729570,9942415,17423036,7623616,12020425,10688816,7248561,2949988
اسباب بازی ساعتی ماشین,1590579,903797,2186480,1534578,363896,3607248,2598881,2474467,7437726,17423036
اسباب بازی سرسره پنگوین,17423036,7623616,12020425,7248561,2949988,17381762,17845107,17632730,10122383,363896
اسباب بازی سگ جیبی,736874,4528161,7999154,13519086,2153736,12760388,17412089,5437047,4567852,17423036
اسباب بازی شانسی ال سری کوچک,2949988,10392705,4209856,17632730,17480397,5006635,3369509,17554025,17845107,17177349
اسباب بازی شوخی پرنده تعادلی,10432482,674062,1003107,7539519,11380006,9215637,11511422,5398310,8984858,17423036
اسباب بازی طرح ژیرسکوپ,2272565,16627900,2186480,8513506,13844762,7091950,11893422,1621699,8282123,14141928
اسباب بازی لباس جنگی بپ,17423036,10122383,363896,3353596,2540963,3607248,7248561,6647088,13844762,9491291
اسباب بازی ماشین تسلاه,1590579,903797,2186480,1534578,363896,3607248,2598881,2474467,7437726,17423036
اسباب بازی ماشین دنا‌,5700270,14127116,1590579,903797,2186480,1534578,363896,3607248,2598881,2474467
اسباب بازی ماشین ریز و کوچک,131646,1590579,903797,2186480,2474467,1534578,363896,3607248,2598881,7437726
اسباب بازی ماشین فلزی لاماری,13970748,11315279,9761470,4475377,14425994,10546897,1590579,903797,2186480,1534578
اسباب بازی ماله دخترا,626446,17423036,7623616,12020425,7248561,2949988,17381762,17845107,17632730,10122383
اسباب بازی مدل سوت بلبلی سفال,8367197,11322248,13121920,9525697,17423036,7623616,12020425,7248561,17381762,17845107
اسباب بازی پک  قهوه سازو همزن باطری خور,12618675,674062,10504087,11543090,359346,17423036,7623616,12020425,7248561,14292218
اسباب بازی پیانچ,17423036,7623616,12020425,7248561,2949988,17381762,17845107,17632730,10122383,363896
اسباب بازی کشی گربه,6236121,3582917,736874,4528161,13519086,17412089,5437047,4567852,1550904,17423036
اسباب بازی کیفی,4954108,8159763,17423036,7623616,12020425,7248561,2949988,17381762,17845107,17632730
اسباب بازی ی کلاس,4950518,17423036,7623616,12020425,7248561,2949988,17381762,17845107,17632730,10122383
اسباب بازی ۸ سا له,10432482,7260100,2540963,340510,16627900,800503,1025013,11146563,6646847,17423036
اسباب بزی پسرانه,7505548,7338292,12126072,139696,10479854,6805910,7503155,7553658,8347785,13730026
اسباب پایولو مالدینی,16171326,16144179,8127544,17423036,7623616,12020425,7248561,2949988,17381762,17845107
اسبابازی ادم جنگی با تفنگ,5119105,3000679,9288727,8697886,6456174,6299355,11255090,8833060,17423036,3607248
اسبابازی مگنت ومیله,917220,3629964,5519452,14977026,3155935,11262616,5702624,12318389,4492609,6069592
اسبابازی پسران,14052859,14144893,10857130,9403178,12949181,13167560,10085386,10164226,3692410,9997705
اسباب‌بازی  دختر انه,17423036,7623616,12020425,4303836,7248561,2949988,17381762,17845107,9570970,17632730
اسباب‌بازی انگشتان,17423036,7623616,12020425,7248561,2949988,17381762,17845107,17632730,10122383,363896
اسباب‌بازی خیلی کوچک,131646,17423036,7623616,12020425,7248561,2949988,17381762,17845107,17632730,10122383
اسباب‌بازی دخترانه لوازم آرایشی,7709371,4954108,7929065,6818217,9139656,4839472,604191,7505548,11340226,3796868
اسباب‌بازی شکمو توی توی,3382729,2309345,1563637,2297035,6323922,305628,287859,5342154,4206368,3828819
اسباب‌بازی‌‌قرص‌جادویی,1456632,1468592,4787071,17423036,7623616,12020425,7248561,2949988,17381762,17845107
اسبازی دخترونه کلبه زیبا,5479603,13622726,11558074,977697,1573576,3178498,15836024,9455040,6087736,626715
اسبکر چنداست,100000,100000,100000,100000,100000,100000,100000,100000,100000,100000
اسبیکر خفن,14948589,100000,100000,100000,100000,100000,100000,100000,100000,100000
استار علیه نیروی شیطانی کیف پول,12000895,6737217,12437914,4105740,4210424,5583001,3828819,13929076,14411390,634765
استارت پرااید,3179283,4882206,4797570,7717796,3111451,5059385,4249702,2109417,13175971,2475217
استارت پژو۲۰۶,4882206,3179283,4797570,7717796,3111451,5059385,4249702,2109417,13175971,2475217
استارلایت لیدی,13869892,11421317,10152408,14385136,8812256,11104246,14618807,7221868,8899916,5748923
استامپ نلخن,9396622,9589386,2211341,6850079,930482,9792746,5180245,1874229,100000,100000
استایلیش گلسز,1632270,100000,100000,100000,100000,100000,100000,100000,100000,100000
استخر بادی ساده,5150034,521121,714324,4146294,1006905,9115881,411716,9296886,5474199,10359323
استرابری فروت گامی کندی,14312014,7392121,8465932,8398100,1677740,7603988,4296039,11714569,100000,100000
استرنال هارد یک ترا ادیتا,25948,90581,577614,1123218,24775,196351,2817194,9265137,7117020,7857132
استریت استیچ سوئینگ مشین ای۲,3283997,16670787,8430508,3280349,100000,100000,100000,100000,100000,100000
استعوکینون,100000,100000,100000,100000,100000,100000,100000,100000,100000,100000
استقلال برندد ماگ,15216852,4855941,7951437,14793930,15197364,7279314,14822087,2725162,2205733,14821528
استند استکاج,7188425,3782930,3257807,2342736,815931,1768109,9764007,2152938,9898703,4271476
استند اشغال تفاله قهوه,14391819,6914623,27960,31644,5595567,2313536,7464696,4214565,33589,471534
استند تفاله گیر سینک,14391819,6180333,1718000,27960,8256500,3911995,6152102,14295812,14009141,435781
استند تولد عدد 65,3722468,4013119,5366507,12910182,5785116,10463434,11098166,10310417,11224344,470602
استند تولد فوتبال,4013119,5366507,5362720,3722468,12910182,3570769,9588832,10836360,7188425,8371040
استند جا ادویه ای چوبی مارک لیمون,9304019,8960641,13578869,17470082,314384,11557922,11013228,1758614,308442,13828274
استند دیواری فرفوژه,7188425,3782930,3257807,2342736,815931,1768109,9764007,2152938,9898703,4271476
استند ری آتیشی,7082269,8478693,8717298,3638241,7858686,7188425,3782930,3257807,2342736,815931
استند سنگ طرح قلب,12100809,2725449,11116439,9756715,7188425,9898703,761004,13068451,2153646,1800278
استند موبایل پاناسون,7675791,12179628,7188425,3782930,3257807,2342736,815931,1768109,9764007,2152938
استند هد ست,9965789,8765520,8410075,3726850,77069,457422,7188425,8774462,3782930,3257807
استند وان تری تو ناین,73006,10226806,9962550,4550206,61733,9838220,3758086,11008436,2191842,5500776
استند پلکسی,5477812,9304907,4509127,4490294,416375,7188425,17426826,3782930,3257807,2342736
استند پلیس,12529474,17223962,8369135,11755118,12349726,3358668,9101986,3127877,10338921,8185780
استند پنبه و پد آرایشی کد ۵۱۰,10033795,4559139,12351230,3581552,10035800,108279,1129820,3782930,3257807,815931
استند کوچیک برای لوازم آرییش,6090993,3782930,3257807,815931,1768109,9764007,4271476,4992091,10035800,5843481
استند کیک فروگاهی,619874,6748998,757630,1808733,2712971,2841404,9953477,795328,7288466,7381924
استند کیک ماین کرفت,7386074,15491261,619874,6748998,757630,1808733,2712971,2841404,9953477,795328
استند گلدان مدل هلالی,10924715,7188425,2559335,14145919,12100809,7761376,3372647,3405536,7441638,722139
استند گوشواره مدل گربه,2584210,14477251,9293680,4280661,9480573,8966653,4682310,930487,7845852,2209733
استندارایشی,100000,100000,100000,100000,100000,100000,100000,100000,100000,100000
استنده جا ادویه چوبی,9304019,8960641,1758614,308442,13828274,17470082,17480967,2603710,2230751,13578869
استوانه شیشه ای هفت سین,4643325,10763968,12960623,7327547,10653703,4631112,10402877,10690988,10546102,10536713
استوژیت,676941,100000,100000,100000,100000,100000,100000,100000,100000,100000
استوک طرح  آدیداس,2703757,3740920,2738494,1085374,2933915,7512551,1494216,7697997,5415357,692430
استپ عقب خودرو 207,7970320,14360609,7888010,4956709,919112,4616085,5384390,12522406,161971,9066038
استپرموتور پژو ۴۰۵,9614779,1467744,6984499,7814413,7504341,17637807,1967953,5066318,1152961,1452948
استکان بلینک مکس مدل آنجلیکا,12524405,11703904,7735272,438730,8592353,2836235,3840587,7588252,9654161,513771
استکان دسته دار ایرانی,9654161,10479698,6107940,7588252,4473969,7513454,1714950,12253819,6596564,513771
استکان شیشی,7588252,9654161,513771,3124611,358827,5801967,6205920,519162,7818581,3929078
استکان قدیمی قاب دار,9654161,4917214,11323321,7588252,5665975,7165982,513771,11778310,10426374,5889381
استکان مدل اسپرسو خوری,519162,7818581,3929078,10856427,31744,7588252,12204566,3690452,9654161,8397962
استکان نوری تازه جدید,6205920,4240284,2202624,9861910,3057033,757391,15325496,7588252,9654161,33751
استکان کمر باریک  لب طلایی,10036040,9213629,7588252,9654161,8073921,513771,4374767,4419202,3124611,358827
استیرک ناخن,1848840,13655115,16749668,12233629,2453294,2583317,1998383,9588977,9584036,3545204
استیل ارشی,8456500,842691,4616527,3911995,4924987,552599,8754590,4182129,9445070,968220
استیل درب دار یونیک,11689074,9064677,10944728,12282414,616284,5139270,544817,7612076,11681405,742370
استیل سفران,6606397,8456500,842691,4616527,3911995,4924987,552599,8754590,4182129,9445070
استیل وایپر بلید فور پراید کار,10687227,12503652,7430710,8171818,6535145,2751858,7221868,15231794,5165276,4787696
استین انگشتی گیمینگ,10772174,9703644,6327884,12553170,963026,8972866,3016694,2787116,4158682,12349565
استین عرق گیر بازی,645366,6363775,2209409,13085614,3730774,8164723,12215455,9954981,1117465,468522
استیک امبرلا,4292371,4509716,4368206,12570796,1790557,100097,1007575,4590811,10401049,100000
استیک زیربغل صابونی,4509716,4292371,1790557,4368206,12570796,100097,1007575,4590811,10401049,100000
استیک نوت فانتزی,4590811,14474135,14494540,14782433,4509716,4292371,13490588,1790557,15899604,4368206
استیکر  قرنیز,7548711,9426547,4793179,2653959,761749,3066530,4793273,4816942,10190962,2656975
استیکر my computer,9176763,2443838,703450,16374936,606297,679780,8595642,12371948,14295074,24775
استیکر yin yang,2656975,4793179,2653959,761749,3066530,4793273,4816942,10190962,4793187,8348995
استیکر آرایشگر,4793179,2653959,761749,3066530,4793273,4816942,10190962,2656975,4793187,8348995
استیکر آنیا در خانواده جاسوس,8489421,10683941,14441410,9283557,3877162,3439998,12692860,4158682,4395224,12801123
استیکر باسنی,4793179,2653959,761749,3066530,4793273,4816942,10190962,2656975,4793187,8348995
استیکر برچسب سیگار,4793179,2221277,4188367,10287333,7548711,10306216,10754791,7618225,1586166,9893664
استیکر تزئینی آشپزخانه,2063886,1436081,1453308,5048956,1801630,6578032,10700652,12525696,959072,1139534
استیکر تزئینی موبایل ترح گربه پسرانه,1453308,2063886,5048956,1801630,6578032,12525696,10700652,6549059,6349467,5277264
استیکر توتفرنگی,4793179,2653959,761749,3066530,4793273,4816942,10190962,2656975,4793187,8348995
استیکر جنسیس,7775792,7708987,4793179,2653959,761749,3066530,4793273,4816942,10190962,2656975
استیکر دیواری شیشه ای,6861729,5558833,11523065,7144875,2133131,2021737,9720000,10459614,6875862,4917214
استیکر دیواری طرح گیمینگ,6861729,7144875,4917214,6012977,12299112,11909673,4792905,5188202,5197824,12082834
استیکر دیواری کودک طرح فیل,11523065,538237,5197824,5558833,9720000,6875862,6861729,9830039,7144875,2069609
استیکر فتوکارت سونتین,10077614,11019622,7726313,7734239,10746724,10055139,4793179,2653959,761749,3066530
استیکر فور پی‌اس فایو,5032834,9585969,14081992,8207871,7396534,482,9370,274212,3368623,7813156
استیکر لپ تاب طرح no bad wide,7462044,2262254,2351456,1585425,6367861,2221277,6356790,3036946,13907409,5197824
استیکر لپ تاب و موبایل گوفی طرح سریال فرندز,12558738,12563933,12589311,2208667,13907409,1585425,12525696,7462044,2262254,2351456
استیکر لپ تاپ 3 بعدی,1769433,7462044,2262254,2351456,8320625,6367861,6327528,3036946,2221277,4151594
استیکر لپ تاپ تاپ فرانسوی,7462044,3036946,2262254,2351456,4151594,1161275,8320625,6367861,6327528,2221277
استیکر مسی لپتاپ,7144875,7836291,13431892,6687979,13233331,13778709,1508629,8328373,13710923,5551207
استیکر ناخن و نوار طراحی,187591,1866816,2453294,8812136,2009602,9202121,908908,1814355,12233629,1545322
استیکر نسیه ممنوع,12948321,11007937,4188367,6514401,6285581,4793179,2653959,761749,3066530,4793273
استیکر چوبی مدل ایم,3716961,7174648,6105469,6902160,10500732,10806077,14063205,9664474,9899588,761749
استیکر چوبی مدل کره زمین,2682769,2175053,2651985,3716961,7174648,6105469,11352263,11214778,6567845,6427221
استیکر کارت بانکی دو تیکه,4793179,4793273,4816942,4793187,4415866,7734110,7687747,6171234,10077614,4414948
استیکر کارت طرح ابر,5557840,416375,4793179,1545322,4793273,4793187,7734110,11242972,10077614,11019622
استیکر کارت طرح هویج,4793179,4793273,4793187,7734110,13334615,11242972,10077614,11019622,7726313,4816942
استیکی برنح,3512548,100000,100000,100000,100000,100000,100000,100000,100000,100000
اسلحه اسباب بازی خیلی خفن,687603,131646,618241,637232,842100,2877154,707962,14948589,3955712,17423036
اسلش گشغد,12356824,11883294,965056,7795622,10156991,100000,100000,100000,100000,100000
اسلو دان,1538119,1538121,9738147,11229602,100000,100000,100000,100000,100000,100000
اسلیم ۱,9265137,9314740,13942891,14348920,4279077,1804837,3246560,49623,8780629,4678282
اسمارت واچ  lw 203,9305129,15260002,14334481,14638569,13484301,13280858,1400464,11187587,13527881,9398706
اسمارت واچ ویت هدفون بی,15260002,14334481,14638569,13484301,75932,897119,1818291,75912,6368593,3904229
اسمال بلوتوث پرینتر,4889975,7456369,4393555,2776580,6230551,9852658,11517957,204608,7181587,13972438
اسمال تی وی فور گیمینگ,9703644,4889975,742773,7456369,4393555,2776580,870719,7974645,1921996,882196
اسمال چیزل ست,4889975,7456369,4393555,2776580,6230551,9852658,7412773,7901470,5025436,9800468
اسناد رومیزی انیمه ای,9053195,9873944,11465854,1901333,9297848,11618181,12807422,11056630,13770965,11352263
اسنس پرتقالی,9036295,78001,1502558,100000,100000,100000,100000,100000,100000,100000
اسنک ساز چدنی,463993,13235104,5477608,11840984,7080417,10659153,8670914,2105864,355992,663229
اسنک پز راسن,838986,463993,1138304,27958,173542,14064257,13925002,27957,3045210,9789372
اسپاپ بازی  بزرگ و,7783378,708498,2932816,8984858,8581051,1099886,7955133,665130,17035271,14696
اسپاگتی قطر 1 ویتامین تک,633420,7291966,477320,477326,111707,253575,2066431,187585,137474,968220
اسپایدرمن بالون پرایس,15636106,13518846,4471525,10641993,4632584,16758435,12739978,1615286,15115718,1972289
اسپبکر پارتی پلاس ۶۰۰,9484811,8489552,9546468,6248479,8651292,1832192,1099779,3048569,12943759,1104038
اسپتر‌تیبا,1022396,3612596,8577074,7086864,6994218,12131416,4529283,143608,741055,6435051
اسپرت  کردن ماشین,2969602,8587723,13763869,9544629,6595635,10874215,9743231,16204164,6033622,9864678
اسپرت ۴۰۵,14428253,8306342,7824652,7814413,8794936,9614779,1467744,1152961,11210315,6984499
اسپرتی پژو,11778310,4959376,10598469,12889866,7021668,6984499,1452948,7421005,603611,7504341
اسپرسو تمام اتوما,31744,12204566,3690452,8397962,4729233,3821096,8861839,4124800,8370339,9036871
اسپرسو ساز مارک ماکسیمان,31744,12204566,3690452,8397962,9036871,4729233,2726222,3821096,8861839,9094968
اسپرسو ساز هامسول,407068,31744,12204566,3690452,8397962,9036871,4729233,2726222,3821096,8861839
اسپرسو ۳۵۰ لواک,2726222,31744,2215376,12204566,3690452,8397962,4729233,3821096,8861839,4124800
اسپره برنزه کننده,329865,272669,5050942,723825,4261189,7018165,10311608,7239559,4248271,1021213
اسپره شفاف کننده,7020779,5274047,2721355,5024364,2108201,4278971,6823208,5521775,11217296,5205149
اسپره پلیس,12529474,17223962,8369135,11755118,12349726,3358668,9101986,3127877,10338921,8185780
اسپره ی خوشبو کننده ی دهانن,8630838,84463,3202248,10082671,667278,8884427,7018165,3331675,340779,2839161
اسپره ی مرطوب کننده,395674,12869215,11914277,2411046,7356282,99127,3860309,4192569,2408149,195380
اسپري تاخيري كدكس,323611,335402,680665,602359,558843,13094442,13138705,335558,3697681,389422
اسپری victoria's secret,14246588,7860127,7248029,13007005,2227950,4439658,346512,9297848,6880140,910553
اسپری الکل 70,80708,179460,5656107,7769964,6880140,9632573,1864902,12294463,11704944,1740203
اسپری انعکاس کننده کادنس,4792107,7018165,5240881,1740203,340779,964677,71942,2627010,4589312,7154304
اسپری بدن انجو,14153701,6880140,12294463,11704944,8503036,1740203,6577114,3711588,4589312,4792107
اسپری بدن مادمازل,5926572,6880140,12294463,11704944,8503036,1740203,6577114,3711588,4589312,4792107
اسپری بدن کودک بوم بومز,10426980,6880140,12294463,11704944,8503036,1740203,6577114,3711588,4589312,4792107
اسپری بدن کودک فیکورس,1889126,10426980,6880140,12294463,11704944,8503036,1740203,6577114,3711588,4589312
اسپری بدنه براغ کننده,8752810,4792107,376930,7018165,5240881,1740203,340779,964677,71942,2627010
اسپری برای عینک,5108117,15205385,6939250,9333587,10336591,749052,11216802,9403178,649515,11336547
اسپری بیسکوییتی بیول,4589312,9089137,6740296,8909113,9380220,1489847,1510875,6880140,9632573,12294463
اسپری تا خیری,3007039,6880140,9632573,12294463,11704944,1740203,14702900,13024773,12369745,8503036
اسپری تمیز گیاهان,824215,2293574,796229,199083,8834048,202619,966215,2680052,1412732,4993916
اسپری تمیزکننده چرم خودرو مفرا,2050509,8752810,12548125,1677740,7670489,6854837,358187,145212,9141108,796229
اسپری خامه برای کیک,7048378,7288466,924058,1017501,1926935,888598,4437935,619874,6748998,757630
اسپری خوشبو کننده power,340779,7018165,2627010,9401053,4792107,4589312,1740203,125987,7575881,5602345
اسپری خوشبو کننده بدن مردانه سیدونا مدل Bad Boy,8970212,4792107,4589312,1740203,7575881,4659289,8834256,3082490,812759,813045
اسپری خوشبوکننده هوالوندر,14086563,1008395,7174426,5003190,7059012,13283717,7922600,7372199,11311087,494454
اسپری خوشبو‌ کننده ملحفه,340779,7018165,2627010,9401053,4792107,4589312,1740203,7575881,5602345,14133879
اسپری دیودورانت سورملینا,8503036,12550978,6880140,9632573,12294463,11704944,1740203,14702900,13024773,5398220
اسپری رنگ سپر خودرو,4024078,4015327,9632573,3228627,10465790,9126478,1042971,16432146,5170019,319553
اسپری رو داشبوردی,11125380,9126823,11443530,10456796,5254220,6520214,7823273,487724,12391577,12656609
اسپری فوم لاستیک خودرو جی پی,9134781,7152359,4472184,5451198,2831303,6854837,1745410,796229,2046735,9370
اسپری قیر پاک کن پاور,10738117,7371956,6241074,4659289,13133550,997006,10058099,12054588,8180402,2966648
اسپری مو بر صورت,1429669,14702900,9632573,6448482,7154304,1629774,770774,7249943,125987,4716746
اسپری موتور رنگ,9632573,14574494,7432686,6835557,71942,753092,304734,3326131,964677,1677740
اسپری موتور شویی  بدنه,4366604,4986463,6177461,7259511,1677740,8752810,6135391,2050509,956954,8702467
اسپری مورال آپ,5812546,9680078,1628652,1664421,12387237,823923,1628655,1716536,13804808,10638509
اسپری موی البورا,3723362,1922735,1922802,1922546,1475568,6436457,7118751,2776377,9119757,8531074
اسپری نرم کننده و ضد وزی موی سر لروکس.,6163514,11091734,6436457,12387366,862983,1475568,10462363,16187751,11482375,5891015
اسپری نیو استار ویکتوریا سکرت,5762262,3868112,14246588,7860127,2729786,1346484,4660904,11165628,12680721,6557691
اسپری واکس,2672984,6854837,8752810,1677740,5451198,1832192,2050509,796229,12749670,8232361
اسپری واکو متالیک,7432686,7588755,1915812,12639630,1025472,6880140,9632573,12294463,11704944,1740203
اسپری چوب واک کن,2413323,7371956,11165628,6241074,10738117,964677,6574559,7432686,753092,1915812
اسپری کفش دکتر,7417451,379576,889648,7249192,8098840,10170605,11711364,5568535,10959853,7592065
اسپری کودک سگ های نگهبان,11398900,10290622,1915931,505309,2255843,4241459,4104800,3250261,12233240,4804290
اسپریprestige,100000,100000,100000,100000,100000,100000,100000,100000,100000,100000
اسپشال ورک کلوز,3534947,13656147,13656897,100000,100000,100000,100000,100000,100000,100000
اسپی اکالیپتوس,6718445,14086563,100000,100000,100000,100000,100000,100000,100000,100000
اسپیلت نه هزار ال جی,12711787,11386454,13944827,11968525,10894310,704354,12654808,6394442,6230137,2933107
اسپیلر,10069504,9085919,100000,100000,100000,100000,100000,100000,100000,100000
اسپیلر  مهمانی,10069504,9085919,739779,2089470,6939250,4826653,4822834,438452,4707890,4242148
اسپیندل موتور,5558533,2706820,13261519,10260791,996559,12774881,12217516,3797526,3797495,8884238
اسپینر ۸پر,1617401,7336680,5474199,4849044,3481212,11221056,702522,8489068,4386912,12391533
اسپینردستی طرح مرد عنکبوتی,1615286,6070664,1972289,9664817,7384350,13151305,12145368,7785302,13461348,1984456
اسپیژن کاور فور آیفون فیفتین پرو مکس,6779488,7843326,4978798,13367746,13132596,9699777,12684890,9278594,6800616,12915638
اسپیکر  ۱۲۹۹,305063,8123064,3367934,9279178,11498716,7391150,10173363,222488,7858041,11987029
اسپیکر 1327,12413536,7104832,305063,8123064,3367934,9279178,11498716,7391150,10173363,222488
اسپیکر maxeeder,305063,8123064,3367934,9279178,11498716,7391150,10173363,222488,7858041,11987029
اسپیکر zec,305063,8123064,3367934,9279178,11498716,7391150,10173363,222488,7858041,11987029
اسپیکر بای,8227563,9568957,1071554,9561936,305063,8123064,3367934,873644,5632277,11314580
اسپیکر بلوتوثی  T&G,3367934,305063,11498716,10173363,7858041,11987029,571689,9882347,9793563,13266203
اسپیکر بلوتوثی بیدار میکروفن,4839238,596699,3367934,305063,11498716,10173363,7858041,11987029,571689,9882347
اسپیکر جی بی ال 310,6675077,2933107,13430967,11852994,5818929,5987991,8068949,2052436,6230137,13632786
اسپیکر زد کیو اس ۸۳۰۱,10602118,5128268,14821517,7762204,837213,12094112,8553660,4293858,6480772,549702
اسپیکر طرح Tsco,305063,8123064,3367934,9279178,11498716,7391150,10173363,222488,7858041,11987029
اسپیکر عقب پارس فابریک,14453589,6741383,4015327,7430710,14344908,11434306,13644566,9242187,9196930,3079446
اسپیکر میکرولب فونیکس ۵,2360229,873054,618869,10548860,7391150,1477021,2933107,4616,13266203,13430967
اسپیکر همرا با میکروفون,7391150,3243733,5930903,9279178,9793563,9380054,2052436,305063,8123064,3169130
اسپیکر پرای,305063,8123064,3367934,9279178,11498716,7391150,10173363,222488,7858041,11987029
اسپیکرGRECITNiCE مدل GTS-1523,14093711,8465932,11498716,5298731,10108420,6793934,10661112,11217836,4495195,4741460
اسپیکرsoaiy,100000,100000,100000,100000,100000,100000,100000,100000,100000,100000
اسپیکرایستاده,100000,100000,100000,100000,100000,100000,100000,100000,100000,100000
اسپیکرملنیتورینگ,100000,100000,100000,100000,100000,100000,100000,100000,100000,100000
اسپیکر۱۹۰۹,100000,100000,100000,100000,100000,100000,100000,100000,100000,100000
اسپیگیر مدل گلون,14947512,5062268,3943782,5191394,2706820,10212975,10692740,11007251,8938311,2639830
اسک صورت رینوزیت,1556884,1996320,3434306,13905556,9629625,2423504,14922341,8494071,9846474,11423012
اسکارف تو خز,9570967,4550206,6703274,61733,1117985,17185045,1115222,8392989,11008436,17662197
اسکراب آووکادو دکتر اسکین,8756989,5929763,13469479,5337670,10396494,11330901,8355764,8023443,6427985,879610
اسکراب زنانه داندانپزشکی,6116965,879610,349227,9445298,8756989,4050187,3434306,7928869,14005510,14277900
اسکراب صورت کیوی و خاک رس,879610,4319256,9798693,9445298,4978160,6383690,5956223,13604669,8991413,349227
اسکراب عصاره خیار مدل veventeh,4050187,6875639,879610,6383690,7363962,464143,813564,349227,9445298,1556884
اسکراب مکس لیدی,11104246,14385136,5082578,866595,11421317,10152408,8812256,14618807,7221868,879610
اسکراپ بدن و صپرت,1915493,657934,13299223,5665364,1005052,707892,262734,436821,5346945,3193420
اسکراپ شیر الاغ,8656536,13327900,14385136,14005510,11792453,724480,6350773,3072164,1797555,6404806
اسکراپ پوست رینونز,11042962,5339885,14213476,10461490,5521775,12230709,11833762,8480468,9291384,7205841
اسکرودرایور تول,2917060,932901,9404268,9872404,100000,100000,100000,100000,100000,100000
اسکلت گنگستر,1617401,4256269,1767570,1793225,1604580,11983346,5004118,11960908,2319386,7211105
اسکلتی اینه پژو پارس,3571443,8675578,10621046,17222397,1510737,9038170,2255123,13191343,8838042,3855137
اسکناس درهم امارات,9462656,23227,6196636,1970503,13798541,100000,100000,100000,100000,100000
اسکوتر برقیی,1098476,10226806,10396416,901181,9087079,11116159,11269336,14097982,100000,100000
اسکوتر سنگین وزن,1098476,10226806,10396416,901181,9087079,11116159,11269336,14097982,3539005,3768544
اسکوتر لوک کار,1346484,1098476,10226806,2090561,10396416,901181,9087079,7487162,11116159,11269336
اسکچ بوک ورق سفید,14419202,4286957,17039636,3598086,15292177,430950,11942039,693872,5556954,12894112
اسکیت برقی ناین بات,10226806,2290169,1699984,8972866,6122666,766062,6327884,5651845,3280349,8891280
اسکیتدست,100000,100000,100000,100000,100000,100000,100000,100000,100000,100000
اسگوییت گیم لگو,4530267,4681991,14249606,6168141,12615690,906308,11255090,8133531,216219,114843
اسین کوتا مردانه,1015930,10635917,7108756,1290089,11459772,606382,890570,6439769,961925,4285398
اشراف زادگان فقیر,8644546,100000,100000,100000,100000,100000,100000,100000,100000,100000
اشپز خانه واقعی,51517,750182,4681991,495136,2103525,14697174,12578888,4301652,5710882,6209833
اشپزخانه کودک,4202907,9203226,8511358,155792,7800937,5364951,9178314,7283666,8563832,13338974
اشین حمل ماشین,9239327,4336838,608188,13918199,526527,1074759,4791465,11498716,10173363,8616817
اصلاح بدن dsp,12468738,436821,20388,262734,1484777,12114587,288078,12190959,12541409,12891981
اصلاح صورتی زنانه,2487012,14131312,3943782,9780840,14186549,7934152,10772174,1409298,13905556,5895194
اصلاح کننده انگشت شست پا Tech Love,8145995,3907654,1016559,5319481,9379002,576100,9585121,9011955,3730774,8164723
اصول حسابداری جمشید اسکندری,3885705,462925,215632,1146652,1021135,2256187,3445541,12535219,1901333,2736387
اصول روش ترجمه,1021135,2256187,3445541,37908,7195094,11866878,4288935,2441995,2085875,2563598
اعتماد به نفس یک قدرت,3098913,249941,5453152,37884,1117465,4014257,1922110,13389998,15186788,7972016
افتی شیب مردانه,3716034,10635917,7108756,1290089,11459772,606382,890570,6439769,961925,4285398
افروز,12400632,4852495,100000,100000,100000,100000,100000,100000,100000,100000
افزایش قد آرژی پلاس,3539005,1029723,4433459,566235,587773,10571125,3291393,6560493,8938359,5684456
افعم در بازکن,2622153,9928424,2381178,10384433,13196606,6392775,4452962,9436496,9489581,192498
اقای ماجیکا,2400759,2675756,253294,12648431,100000,100000,100000,100000,100000,100000
ال آرژنین ترک,11228214,6807225,8478740,5595567,3498008,13716011,263299,3063106,3433416,1528874
ال ارژنین 2000,11228214,6807225,8478740,4566914,3498008,13716011,12562224,8310880,163122,133172
ال او ال مدل گرلز هندبگ,10392705,4209856,5006635,2949988,8931782,9139656,1425618,12424201,3060898,3471063
ال ای دی cob خطی,8491338,9994878,8733104,543723,7869564,3475356,8658143,13944827,2698211,1968037
ال ای دی rgb,7844352,8112567,8391149,10062088,10207088,6183557,7844222,1874436,17082776,17176269
ال ای دی ارجیبی دار,10912381,6353974,3475356,13944827,2698211,1968037,11070498,7844352,848850,2528095
ال ای دی جلو دوچرخه لامپ,1968037,848850,831483,2230861,10912381,12527987,3460347,2821654,5426875,3553600
ال ای دی شمعی فلامنت,10463293,7869818,1475443,3475356,13944827,2698211,1968037,11070498,7844352,848850
ال سی دی A5 2016,6660785,614009,2052434,1652460,3555528,5072153,7239286,8677650,5306528,6926013
ال سی دی سامسونگs23 اوترا,1652460,5072153,7239286,8677650,5306528,6926013,7237459,7235784,16693891,6660785
ال لی   دی بلوکی بلوکی,4206368,14869064,10554732,13944827,8501934,1652460,2698211,1968037,848850,2528095
ال کارنیتین الا یوروویتال,11228214,5068713,9360474,12226742,3498911,4967444,5068687,13120166,7433262,6240500
الارو رجوونیتینگ کریم,5249231,5249209,101478,183282,183277,2522912,79769,96819,4288935,7666578
البالو خشک مزمز,976519,880451,880906,3405987,880521,7290919,880807,510853,9861910,13740380
البوم نایلونی عکس,10254311,7165982,2543882,7020792,8986051,3887956,866146,6129574,6069592,4615249
البیومین ۲۰,3632996,3498877,5813688,14322897,5801409,5586776,2768571,3691970,6766561,14925699
الماس خراطی,6214663,5133301,12284171,13233331,4997418,668821,1563457,6913983,8328373,4873848
الماس مو,6913983,6214663,5133301,12284171,13233331,4997418,668821,1563457,8328373,4873848
المنت بخاری متری,6996746,1467510,959015,6826975,9897042,877668,2109104,4262763,997096,6947088
النگو تک,16216627,8384280,8135591,10017891,11467012,9112432,12087821,9837973,12659199,6363324
النگو هندی با دستبند هندی,12659199,5064040,9244901,3181933,7921773,14283316,2809410,204452,4247931,16216627
الو و ال,8445022,11228214,802011,802080,8931782,5068713,8957674,7466432,10392705,4209856
الکتریک اینسکتیساید ریفیل,2081512,16537303,13886812,6214633,468162,4151132,10472470,3952490,476084,5155480
الکپتر کنترلی,8069225,719750,8833060,622418,12673984,5599387,2969602,7437726,11755118,6167628
الگو زنانه طلای ۱۸ عیار,11970613,8917094,8384280,9648721,8135591,10017891,11467012,9837973,10480997,17443537
الی و دوستاش,10480335,12196553,7419570,1054461,800400,16736391,1120456,723825,10774889,14060525
ام ایت ایت پلاس بلوتوث هدفونز,5440381,3582917,7384350,2262280,2028108,4016744,3614592,9785505,483317,6496163
ام فور,4787696,6535145,2751858,7221868,5032834,10152408,7699090,9952960,6748502,305573
ام فیفتی کمرا,305573,3896892,5102788,9567321,4629071,826701,11490088,916324,7332407,13879779
ام وی ام استیرینگ ویل کاور,305573,3896892,5102788,9567321,826701,7332407,11490088,13879779,1153178,4405075
امبرقفلی kdk,15129745,12582151,100000,100000,100000,100000,100000,100000,100000,100000
امبرویدری فبریک ویت نامبرز,75932,1818291,75912,10631178,288078,3079364,3954961,932152,14713512,9093644
اموزش زبان ب کودک,80316,241558,2406262,398852,3784568,9289318,4310710,3935371,806089,806023
اموزش پيانو,49414,9061987,11353022,800503,6554501,12487138,49393,7970728,2406262,8680062
اموزش کمانچه اذر سینا,9488744,813564,862511,7937541,4024078,1129295,45112,5664252,14742748,10465790
امپلی فایر گیتار کلاسیک,13449482,7611671,12662591,13883838,7355145,264920,7789659,136984,4498563,4787696
امپیلی اکتیو,645096,2942011,668821,668997,303880,1518566,123428,280243,123445,123821
امپیلی ۶کانال ناکامیچی,9131978,9131935,100000,100000,100000,100000,100000,100000,100000,100000
امپیلیت دو کانال,3260451,5429378,2839217,14037723,9735156,13849949,426131,571768,9507554,852874
امیزینگ لست چنس,100000,100000,100000,100000,100000,100000,100000,100000,100000,100000
امیلی فایر بلوتوثی 12 ولت,4682127,7684242,8488755,13140565,7505141,913351,5350930,12866328,9706010,865368
امیلی فایر داشپوردی,3192810,7611671,12662591,13883838,7355145,264920,7789659,136984,4498563,4787696
امیمیشت,100000,100000,100000,100000,100000,100000,100000,100000,100000,100000
انار تزیینی,379015,2570590,191576,956434,110874,3828170,13140022,1028467,3270948,7364909
انبر دست تمام عایق سایز۱۲اینچ فولادی,9436496,8924210,12243728,4941308,13147836,3644582,9673893,12050377,14387651,4374767
انبر دستی مسترتولز,3644582,9673893,14387651,4374767,6872675,2275787,12560872,6531055,8924210,255406
انبر قفلی 4,7447605,3644582,2015267,255406,6008131,175077,9544913,7785456,6750721,9673893
انبر قفلی rico,3644582,7447605,2015267,6750721,9673893,14387651,4374767,6872675,2275787,12560872
انبر کلاغی رونیکس10,3928951,8122433,3644582,9673893,14387651,4374767,6872675,2275787,12560872,6531055
انبردست 8 کنزاکس,5905725,285945,14214103,1806932,4196654,12935923,614287,3644582,255406,8472321
انبرلوله پرچ کن,1421626,9544913,12401564,1104172,11859478,167410,2586479,1759545,2987852,14925699
انبور آرماتور بندی,9397341,11615656,5438621,4642638,3632996,4605492,12290041,5703297,3704304,3222596
انتن ATRON,2186330,1016194,7270861,8881982,677528,2522085,10536119,701087,393815,8794936
انتن آهن ربا,7975822,732825,6827885,13786741,568650,3677531,734314,2094490,2933886,2186330
انتن خودرو برای شاهین,8881982,8297769,8794936,1016194,13279036,9066038,14500350,5157251,12325992,677528
انتن ساده,2186330,1016194,7270861,8881982,677528,2522085,10536119,701087,393815,8794936
انتن کوسه ایی ماشین,677528,15034858,8236672,12461860,2186330,554649,1016194,7270861,8881982,8732036
انجکتور موتور ۱۵۰,7392683,10591265,8098125,2993702,5665928,4951182,7464335,3797526,3797495,4891946
اندازه حلقه انگشتر,5129645,964160,959685,9283392,10635917,12401047,3801395,57321,11772475,1555394
اندگشتی گیمینگ,6556217,5593181,11442145,7094941,6759548,13587952,3283613,2440074,7871032,8290347
انسایکلوپیدیا آو ایرانین سینما فیلمز,5320165,8259371,8200558,6493748,10453614,10392705,4209856,12379255,5006635,7363962
انواع آبنما,496620,14351770,1157046,68695,7653577,7394608,845953,9246246,1558485,4139539
انواع تبدیل های گوشی,286011,10358668,8971127,11419558,11637009,653921,5027027,5885141,9174362,6993065
انواع ساندویچ های سرد کاپو,4404801,2767413,12554237,7080417,3306409,9667367,10659153,8670914,2105864,1633485
انواع سیم و جامپر,13281235,2025241,68695,12290031,4139539,8143983,10212975,12299347,1475515,10871908
انواع شونه مو,7394608,845953,82118,10871908,6865394,9726998,3297315,6740296,770774,12625697
انواع لباسهای گشاد زنانه,5647877,13028920,610745,11942840,5018045,7866153,5436725,12492669,68695,7653577
انواع چینی ظروف,191291,14331365,8215708,3423831,852735,5025977,126688,356507,4385504,2708994
انواع چیپ ال ای دی ۲۲۰ولت,5426875,3553600,3524979,7755871,8710128,3814622,12285648,5065809,3475356,13944827
انواع کاتر دایره,5037105,13380111,2251277,143233,12300886,530419,13280719,11352605,299944,1938344
انواع گلهای آپارتمانی,13086217,9882300,4264439,9695099,348581,4307586,4424718,4020554,68695,3602551
انژیوکت مدل بسته,9272608,9739940,5589097,9397341,3403213,5438621,4642638,3632996,4816326,4605492
انگستر طلا بچگانه,12582151,1048427,8186728,11997584,1012345,7431446,9371896,3859880,8765520,10133022
انگشتر  پسرانه,10635917,12401047,3801395,57321,11772475,1555394,17553725,14954315,9688202,1115788
انگشتر استیل بدل,742370,10635917,12401047,3801395,1555394,17553725,12532616,14030174,9362011,4637303
انگشتر استیل زنانه,12401047,3801395,9362011,10229655,4637303,1561888,12532616,14030174,8271644,13325298
انگشتر اوله اسم ستایش,12671111,2553486,5438008,10248923,10635917,12401047,3801395,57321,11772475,1555394
انگشتر بدل دو نفره,7317800,8271644,9717198,5385015,4306831,2858093,705153,1154347,3981709,6069235
انگشتر ترمه مهریه,5747151,1409787,4762709,1125790,4762789,8053224,5928218,6577298,6831038,9271123
انگشتر تک ماه مرداد,10467229,10085386,12648975,6520332,11104578,9828121,704994,10635917,12401047,3801395
انگشتر تک نگین مربع زنانه,12648975,10229655,9362011,13154854,11104578,1561888,742370,8280670,7201615,7706851
انگشتر تیفانی,17577708,10635917,12401047,3801395,57321,11772475,1555394,17553725,14954315,9688202
انگشتر حدیث,12671111,10635917,12401047,3801395,57321,11772475,1555394,17553725,14954315,6806447
انگشتر حلما,7268757,10635917,12401047,3801395,57321,11772475,1555394,17553725,14954315,9688202
انگشتر دخترانه کیوتد,17553725,4873815,5025436,10635917,12401047,3801395,57321,11772475,1555394,14954315
انگشتر رینگ نگینی رنگی,7505814,15124629,17662197,16721016,11247860,14511107,10635917,12401047,3801395,368743
انگشتر رینگی سبک طلا,9283392,11772475,1115788,8917094,17577708,11610808,705153,15124629,9814011,12660227
انگشتر زنانه مدل گربه سه عددی,12349565,9254768,8110066,11361274,422652,5700211,12236024,8271644,9109885,7436770
انگشتر ست قلبی بست فرند,10034370,11772475,698981,7774937,4637303,9755680,14740537,11682344,9828121,5025436
انگشتر ست پسرانه طرح نت موسیقی,11378133,970451,8680062,6394152,14603315,13073651,2682750,3393386,6446396,2171115
انگشتر طرح رعدوبرق,1555394,2184135,2525798,10229655,7919101,7291130,7290594,968831,7268757,11610415
انگشتر طلا زنانه ماهک,5439765,9220073,16286253,7662294,9221077,8387731,341951,541156,483317,1115788
انگشتر طلا سنگ مردانه,14264177,11610808,11610415,4996641,7107256,7129303,1115788,212535,5129645,7603052
انگشتر طلا مفتولی,15124629,1115788,8917094,17577708,11610808,705153,9814011,12660227,5439765,5698912
انگشتر طلا ی خانم 5 ایار,1115788,8917094,17577708,11610808,705153,15124629,9814011,12660227,5439765,5698912
انگشتر عقیق زرد خطی,9499411,11427562,5129645,7107256,7129303,11610415,6593146,9349513,7526503,5575468
انگشتر مدل مروادید,10635917,12401047,57321,11772475,1555394,17553725,14954315,3801395,9688202,12532616
انگشتر مردانه مدل شچر,10635917,1555394,742370,11772475,14264177,4477129,9051696,2184135,12459184,7706851
انگشتر مشکی حسبی الله,13266989,8670721,10229655,3184604,899210,7058313,10635917,12401047,3801395,57321
انگشتر مشکی دخترونه طره گردی,10229655,13622726,12021769,9940906,13164840,15066799,10635917,12401047,3801395,13454493
انگشتر نقره سنگ اوپال,7603052,14264177,2666771,212535,4996641,7107256,7129303,6593146,57321,9688202
انگشتر نقره مردانه نگین دهر,7706851,11104578,12648975,14264177,742370,9051696,12459184,11427562,4996641,212535
انگشتر نگین دا. دخترانه,742370,9362011,13154854,10229655,12648975,7706851,17553725,11104578,4873815,8231314
انگشتر هوشمندکه شبزههگوش یتصاویری,10635917,12401047,3801395,57321,11772475,1555394,17553725,14954315,9688202,1115788
انگشتر پسرانه اسپرت بتمن,7537309,13730026,17035873,6800916,12739978,14386438,6007873,13231368,15115718,13627720
انگشتر چند ضلعی نقره,9688202,14264177,9051696,1033928,12459184,12648975,7706851,7603052,11427562,2666771
انگشترحلقه طلازنانه,100000,100000,100000,100000,100000,100000,100000,100000,100000,100000
انگشتروجردن,100000,100000,100000,100000,100000,100000,100000,100000,100000,100000
انگشتری سگ,4270359,13880861,9357417,4991935,378044,7947395,3513813,822322,4577534,14763533
انیمه استایل کلوتینگ,8285100,1592461,3595884,8792479,8792625,5662396,8450192,10442694,6231066,10133630
انیمیه برچسب,12087708,4661330,7038535,3595884,1688380,3410956,6484699,7582077,8670445,1612355
اهرام هندسی,12450641,1789517,7801311,100000,100000,100000,100000,100000,100000,100000
اهرم شیرمخلوط سفید,11178970,3277497,750182,13041793,748629,482498,495136,4202210,890570,761749
اهرم کنترل تغییر اهنگ 405,13041793,11178970,9563117,444227,5199389,11655097,3723264,1871957,156097,149716
اهم مور,292000,1443423,5161208,11025870,14054239,7375515,8216295,12364005,7330534,2207468
اهن ربای طرح ناخن,568650,734314,1848840,2453294,4982964,5424088,13527881,11330221,3511657,14473540
اوتی تونر,1460811,1514737,6252585,8567079,1711961,10434382,11475040,10526032,8367504,8502630
اودکلن دیویدوف,100000,100000,100000,100000,100000,100000,100000,100000,100000,100000
اورنگی زیر بوش پژو,7638641,10605416,2040547,1673762,7961102,9389490,1765544,31739,31744,155792
اوریجینال پوکو ایکس تری چارجر,5064814,265143,9962550,9838220,3758086,73006,2191842,5500776,4682127,806525
اورینک کش,1680521,10438847,8983241,9937885,8527470,8822985,8871440,513668,7435487,567826
اورینگ بادی,1131373,2385414,17673143,11132726,5537438,1006905,5150034,521121,9115881,411716
اورینگ سوزن انژکتور نیمه انژکتور,2385414,12153023,6830083,12554568,14580856,669351,12217894,7063890,487503,905385
اورینگ کش,1131373,2385414,17673143,11132726,5537438,1765544,1680521,10438847,8983241,9937885
اوماکس زنانه بند فلزی,5664355,10245642,404028,451963,493952,10510261,3350124,3726850,7294241,1602309
اونجرز دیزاین کی‌چین ست,9067793,6830791,9880812,1924368,3974550,1633485,2221277,539647,712400,2485521
اونو تم دار,2470659,11416165,10463434,1137664,12778555,9622549,1127801,9588832,15982986,8077412
اونیکس توالت فرنگی,5034707,537291,1628531,5656137,15937518,4908976,6113078,687903,2861077,5360007
اوور لود یخچال ازمایش,3889673,2609471,6884317,6884403,7234165,13652157,6048427,130792,6547871,9434505
اوپال,5934742,7603052,11646607,13240386,12464202,9717141,6557691,12069630,7190400,100000
اویز برای جاکلیدی,11960908,8032608,5930020,10097967,10088731,9776133,14596741,9455757,5616229,4626274
اویز تزیینی خرس کله فندقی,11970915,8131326,12560714,14209762,12318197,11781292,7364909,3591118,12928230,4256269
اویز ذستگیره,1407137,1122015,6070664,3778601,4256269,13068451,5447615,14477251,8591168,5248502
اویز زمینی لباس,10360705,3778601,6567845,3150946,5450855,7092375,1453060,4526837,3339107,11034432
اویز طلا مسنجابی,11277102,341951,2009191,13465465,12489190,223276,16286253,7662294,15912361,340581
اویز فلاور,8591168,10212975,822575,7211105,7529183,1407137,1122015,6070664,3778601,4256269
اویز لباس گیره دار,9715350,3778601,8511358,5762274,10360705,11287730,8736641,865529,8726996,917261
اویز ماشین دلیم,13084003,1407137,1122015,6070664,3778601,4256269,13068451,5447615,14477251,8591168
اویز مرد عنکبوتی,6070664,1615286,1972289,1984456,9664817,7384350,6865455,13151305,12145368,7785302
اویز پرنده,7539519,486750,10404044,6998190,9255949,9586937,4311087,7336680,13947085,148036
اویز کراوت,1407137,1122015,6070664,3778601,4256269,13068451,5447615,14477251,8591168,5248502
اویز گردنبند طرح N,9001613,2009191,12489190,16286253,7662294,9221077,1689085,8387731,4892662,7306054
اویز گردنبند طلا حرف س زخیم,12489190,9001613,13699053,12863242,341951,2009191,13465465,16286253,7662294,15912361
اویز گردنبند نقره گرد,5447615,1409787,7219645,1095832,14477251,1125790,712614,794980,14629544,5438008
اویز گوشی  کرومی,13380111,9371896,15571908,14324362,15309498,12737686,14757059,12170505,14952548,14472064
اویزمدلماشین,100000,100000,100000,100000,100000,100000,100000,100000,100000,100000
اویزونی ساعت,14007389,10901262,13098387,8087355,12711966,12609686,13877869,13735302,3950345,16858178
اویل پمپ 125,2831303,11755988,2032757,9493098,7867869,10517307,9497412,9680638,7506039,3919520
اوییز تزئیزنی مدل رئال مادرید,14006784,3865146,1874145,5107735,1646195,11213427,1659142,8654862,12038143,12032047
اُوال کارپِت,100000,100000,100000,100000,100000,100000,100000,100000,100000,100000
اِدیوکِیشِنال اِسکیل گِیم,100000,100000,100000,100000,100000,100000,100000,100000,100000,100000
اِسکوِر پِینتینگ کَنوَس,100000,100000,100000,100000,100000,100000,100000,100000,100000,100000
اِسکی اِکوییپمِنت,100000,100000,100000,100000,100000,100000,100000,100000,100000,100000
اِل ای دی اِستریپ,8259371,9886940,3190654,8979294,3475356,2053588,8743568,2351153,14214555,11070498
اِم بی فور ناین فایو زیرو,10226806,2751858,146605,6535145,8282123,7221868,11644793,12838592,4787696,5032834
اِنجین کلینینگ سولوشِن,100000,100000,100000,100000,100000,100000,100000,100000,100000,100000
اِچ پی پرینتر مادل تو زیرو وان فایو,383320,1752231,2925288,1484096,146605,8282123,11517957,4550206,61733,204608
اِی سِوِنتی وان فَنتِسی فون کِیس,8995528,1062567,1944985,2010522,3164744,2435321,6801865,292000,6555192,1443423
اپد واچ اولترا,5132167,7477029,11001700,13300475,7200364,6833552,17093058,451963,1034194,493952
اپری تمیز کننده لاستیک نانو,796229,13258210,6944776,10311608,540860,6854837,358187,6135391,199083,5451198
اپل تی وی,742773,870719,1921996,882196,7521904,589998,4172151,5432465,5165393,2460002
اپل واچ سری 44mm,14512408,9636699,9569556,11294304,9350358,9788708,195987,10435768,9829370,6833552
اپل واچ سیکس چارجر,6833552,8964300,17093058,451963,1034194,493952,7802326,8934618,10842479,9636699
اپوکسی میرور,1897763,9753204,9023522,10448004,12818944,12822118,4916098,7587493,9358503,8439558
اچ اف دابلیو ۱۲۳۹ اس ۱ پی,8164385,6745754,472989,383320,198810,1804403,67348,2144669,1752231,3573411
اچار جک ابکاری,7127768,14346547,4048051,1787549,8866541,7722162,2610656,1732746,12100106,168079
اچار دو سر تخت 12,7722162,134840,5356031,1732746,223878,10226912,932901,1787549,3422181,14346547
اچار شماره23,14346547,4048051,1787549,8866541,7722162,2610656,1732746,12100106,168079,13613146
اچار شیر ارهمی,7440540,14346547,4048051,1787549,8866541,7722162,2610656,1732746,12100106,168079
اچارچرخ پرايد,7334223,6593322,6105665,7294795,12890633,6459788,9780426,12456849,6524315,6461093
اچر ستاره ای  ریز,2267012,10912381,9594856,13525678,14016564,10235208,5440381,7833858,890696,1946671
اچرسنگ فریز,380267,1145291,100000,100000,100000,100000,100000,100000,100000,100000
اژدهای    سبز,10332707,3703067,1490799,8895878,752091,1934531,5902270,10587154,4122325,5301082
اکتی هیر,11246879,12708037,5144650,5466028,5060099,9093644,10867257,100000,100000,100000
اکستندد تیبل,100000,100000,100000,100000,100000,100000,100000,100000,100000,100000
اکستنشن موی,865529,832740,160034,8098840,3249394,3784625,915219,917261,6204718,2159524
اکسسوری دخترانه گوشواره,7845852,4682310,5891778,5097503,556907,9800468,14477251,9293680,4280661,9480573
اکسسوری دخنران,3596209,13145967,4254832,3495091,1513702,15111410,17484673,717913,8071173,3540635
اکسسوری ست کامل طرح مار,1477544,12701407,2063886,7919101,10273269,930157,1881603,9859965,13002646,7181487
اکسل عقب پژو۲۰۶,2902421,12454100,1673762,6524315,4882206,6766193,2552449,3294846,11434306,2906550
اکسوری دسبند مردانه,10635917,7108756,1290089,11459772,606382,890570,6439769,961925,4285398,13203132
اکسپریا مینی st15i,2992,5288152,101056,199182,212881,115561,10893795,3349,10744491,260265
اکسیدان ۳,7195564,6775093,9765572,1959173,1959209,14638250,6563735,7999221,7657613,1868597
اکشن فیگور خون آشام,11699280,13461620,12213156,14287592,2811235,6231066,2740957,17861138,3382729,156181
اکشن فیگور دارک یولز,8666126,13461620,12213156,14287592,6231066,2740957,17861138,156181,12446652,2869152
اکشن فیگور سریال والکینگ دد,13121378,13461620,12213156,14287592,6231066,2740957,17861138,156181,12446652,2869152
اکشن فیگور طرح اکاتسوکی ناروتو,6231066,10084937,8414058,2740957,14287592,537668,2869152,12446652,4671970,3668887
اکشن فیگور مدل سوپرمن,10651778,13461620,12213156,14287592,6231066,17861138,2740957,156181,2869152,14534561
اکشن فیگور هوشینو آی,13461620,12213156,14287592,6231066,2740957,17861138,156181,12446652,2869152,14534561
اکشن فیگور ونوم مینی,12543132,2642961,13461620,12213156,14287592,6231066,2740957,17861138,156181,12446652
اکشن فیگور کامبت,13461620,12213156,14287592,6231066,2740957,17861138,156181,12446652,2869152,14534561
اکشن فیگورگربه ی سیاه,643096,1638746,6924312,15967853,482666,13461620,12213156,6231066,2740957,17861138
اکشن ن  فیگور مدل ددپول ۳۱,3799104,14534561,14287592,13461620,12213156,6231066,17861138,2740957,156181,2869152
اکوی شارزی,100000,100000,100000,100000,100000,100000,100000,100000,100000,100000
اگزوز سوپر رکاب,1034210,1033928,2351861,9850282,11007995,5195847,7361950,14322527,13302528,3882123
اگزوز شور,2351861,9850282,11007995,5195847,7361950,14322527,13302528,1084065,3882123,3575386
اگزوز قهرمانی موتور پژو ۴۰۵,3882123,11781177,7407820,14580856,7961102,7259511,3731327,12217894,5941649,1097931
اگزوز هندا250,2351861,9850282,11007995,5195847,7361950,14322527,13302528,3882123,3575386,14580856
اگزوز ۵ ستاره موتور سیکلت,14580856,3731327,12217894,6770083,4417108,3681664,11877122,11911500,11911364,14097982
اگشتر اسکلت,1617401,4256269,1767570,1793225,1604580,11983346,5004118,11960908,2319386,7211105
اگشتر مفصلی,100000,100000,100000,100000,100000,100000,100000,100000,100000,100000
اگلونما,100000,100000,100000,100000,100000,100000,100000,100000,100000,100000
ای ایتی فون هدفون آداپتر,8995528,1062567,1944985,12588138,2010522,3164744,12057463,364752,50375,49197
ای فایو کلیگرافی کاور,146605,8282123,5556727,713893,881532,3335526,961905,633651,8191595,15303290
ای پد i11,5165393,12522411,5189,3899906,868453,7983566,416524,2505460,2960094,797396
ای گیر ظرف شویی سلکونی,8817686,3289173,13715232,7379172,790252,14115658,15873939,1077019,655912,3888213
ایده ال مدل ۳ خانه,10627470,4301652,8053224,6577298,6831038,6893620,12648083,4622688,14336499,9178314
ایر پاد soundcore life p2i,12806866,12417844,12457646,9729133,10558674,3218980,2021878,5708150,12457774,8191076
ایر پاد گیم,12417844,5669988,5708150,7172933,11602537,12528544,11774357,2835534,13359318,7532175
ایر پاد یورت,12417844,5708150,2835534,12235594,12299894,961905,11942039,173605,6133584,14299332
ایراد فیک,100000,100000,100000,100000,100000,100000,100000,100000,100000,100000
ایران لنت بنز ده تن,14604543,6174930,7393072,6099091,7836765,14037723,134681,11763611,793912,4170530
ایران پاد بثروب تاول مدل,12417844,3772520,16537303,7499738,7271234,13886812,1519801,6214633,5652150,5796695
ایرن پلاس,7371956,11506025,3798930,12392676,6976321,6976256,337494,7642446,14048197,8856459
ایرپاد 2370,6733245,5048956,9719761,14472064,713893,3519765,11042355,1658599,3470463,763971
ایرپاد TVS,7651694,9719761,14472064,713893,3519765,11042355,1658599,3470463,763971,12419954
ایرپاد m18,6225235,8445215,3329216,9719761,14472064,7553898,713893,3519765,11042355,1658599
ایرپاد oxsion,9719761,14472064,713893,3519765,11042355,1658599,3470463,763971,12419954,175115
ایرپاد redlme,9719761,14472064,713893,3519765,11042355,1658599,3470463,763971,12419954,175115
ایرپاد آپل پرو,14472064,7180057,11042355,12419954,2262835,9312593,13354172,12946785,8507967,6617213
ایرپاد انکر مدلr50i NC,13579136,16200986,16498062,2021878,444846,9663993,10558710,3149841,9719761,14472064
ایرپاد بارنگ جیوه ای,4355056,10133022,472998,713893,9719761,14472064,3519765,11042355,1658599,3470463
ایرپاد شیائومی اومتینگ,9719761,14472064,713893,3519765,11042355,1658599,3470463,763971,12419954,175115
ایرپاد مدل t3,13856310,6801865,2581733,6099091,9719761,378563,14472064,713893,3519765,11042355
ایرپاد هاینوتکو ۵,6617213,12927512,9719761,14472064,713893,3519765,11042355,1658599,3470463,763971
ایرپاد ۱۳پرو qcy,11648685,12702443,12838592,9719761,14472064,8882003,13532245,713893,3519765,11042355
ایرپادQCY t13,14275370,14656328,11648685,9087079,12527301,13287099,13532245,14048785,100000,100000
ایرپادm20,100000,100000,100000,100000,100000,100000,100000,100000,100000,100000
ایرپادyesplus,100000,100000,100000,100000,100000,100000,100000,100000,100000,100000
ایرپادایرپادqcy,100000,100000,100000,100000,100000,100000,100000,100000,100000,100000
ایرپادز پرو  نیا,6368593,1700698,13757530,10632211,12258538,3276555,10667497,6779488,3202092,11274760
ایرپادز پرو وان,5161208,2435321,6801865,292000,6555192,1443423,354564,549702,3944618,8023443
ایریاد اپل,893929,13414415,8964300,175115,7180057,11476645,354069,174172,252852,104405
ایزوله,4882532,5432465,100000,100000,100000,100000,100000,100000,100000,100000
ایسوس تاف ۱۵,9860914,10085008,114703,282863,13394833,7783954,222309,9028907,7950199,10272397
ایسوس راگ لپتاپ,7519991,9970465,3746829,4114392,114703,7241903,8329555,9661117,12539176,540625
ایسوس لپ تاپ بگ,114703,8329555,282863,1758713,7783954,222309,7950199,11727519,9860914,10272397
ایسوس کی فایوثرتین ای,9285840,10669490,9539928,10822302,3559877,6850187,7119464,7519991,12761318,13946519
ایفن ایکس مکس اپل,8824918,7889793,2144967,7843326,4978798,974308,13132596,9699777,13367746,12684890
ایفون SE,13251635,9820263,252852,9926413,8161925,4023448,9457871,14911876,3777740,11244895
ایفون ۱۲ فیک قیمت مناسب,4099036,4734311,15636808,4978798,11722455,8789858,6800616,12915638,10480435,9723331
ایفون ۱۳ پرومکس تک سیم,14048694,12521436,10632768,12521394,974392,9125271,10741729,6772759,10444345,14852587
ایفون15  promax,12721132,10799470,9736403,6741588,12443301,15321687,8824918,10480435,5009439,3520632
ایمنی آتش سوزی,2286974,97486,586696,192498,3340204,741348,6185331,5741169,12305509,8000168
این د استارز,1680052,10554732,11171072,3740380,2290169,492022,3536523,10546457,411220,9830825
این لیوان برای بهترین مربی دنیاس,8174051,2008349,10554732,11171072,3740380,2290169,9824111,492022,10546457,411220
ایندور کلوز درایر,100000,100000,100000,100000,100000,100000,100000,100000,100000,100000
ایندین استایل گریتر,8285100,1592461,8792479,8792625,5662396,8450192,10442694,10133630,767271,767139
اینع کیوت جیبی,12549450,11266930,12536422,14757686,10378996,11705624,13929076,15367789,6632614,11510141
اینفرارد لمپ ۱۰۰,4354946,926580,6392126,12367583,554054,4642638,6372064,994573,7009867,9048820
اینفینیکس 8 zero,8216688,9067279,8320625,6424773,6582907,10662801,11830223,13399395,2171761,14009347
اینه ELX_SLX,17222397,4614297,13644566,6812434,2561992,14428253,6021098,9128967,281447,6526822
اینه آکواریومی,15958386,7925806,12549450,12926669,9257304,13682018,10462671,14006084,2561992,6526822
اینه بغل برقی سمند,14221624,16620811,390067,6166748,4547675,10621046,5297304,2151255,4757213,9801204
اینه بغل رانا معمولی سفید,5297304,14221624,390067,6166748,4547675,10621046,2151255,4757213,9801204,14262023
اینه بقل 111رهنما دار,17403628,11400727,5889381,3154318,8065760,4509127,10732226,12966274,2254486,10170656
اینه تاشو برقی ساینا اس,12973545,11906988,10618688,11861252,16936423,6265787,16620811,17222397,6577661,4172151
اینه داخل خودرو پژوپاری,8714711,4032241,8461494,4701748,3825801,11706479,12375156,4017949,8223587,14221624
اینه دستی تیبا,10361578,11778310,6578025,14322897,8675578,6840007,16620811,2561992,6526822,5619556
اینه دکوراتیو خورشیدی,2537106,2565207,6526822,314196,8716895,5619556,6148057,13003541,17403628,2561992
اینه دکوراتیو طرح حاشیه,6148057,3154318,6526822,2565207,314196,12164451,8065760,11127840,8716895,11400727
اینه دکوری برای سرویس بهداشتی,7959398,9483691,5392974,9752877,4288937,4936670,2660180,4604034,5993764,9965789
اینه رومیزی پایه,14511418,713831,8065760,4854361,11400727,10732226,2825664,348678,2151255,12347435
اینه قدی چوبی مدل برگ,11401486,11127840,11400727,8497198,10732226,6334408,2707188,8433389,12120907,2561992
اینه مدل دیواری طرح خرس,11906988,11861252,5357338,10378996,15099543,4829705,10079503,6590722,3154318,3828819
اینه پرشایی برقی,16620811,17222397,12973545,1458009,8675578,2561992,6526822,5619556,14079258,2537106
اینورتر arc950,432653,8267336,1080986,10561611,12935923,14382816,13140565,4309206,12508996,11006589
اینورتر اصفهان ترانس,432653,1468972,9229099,4239477,2168193,4223170,8595427,10082054,5021172,12186100
اینورترچرخ خیاطی,5233434,8186973,9782160,4827418,737527,7147625,4718551,3912815,14875638,12185047
ایوان یکبار مصرف کاغزی,4228636,913831,7140760,6230486,3338055,1454059,7285915,4279395,4389124,777769
ایپاردm28,100000,100000,100000,100000,100000,100000,100000,100000,100000,100000
ایپد. مینی,961951,3254659,961905,340686,101056,199182,212881,115561,10893795,3349
ایکس باکس سری s,910553,9227768,7248029,759520,9626909,12804462,4878993,9851111,6565366,15986310
ایکس‌باکس تریسیکستی وایرلس کنترولر,6556217,12804462,2763623,910553,159941,8206556,4284678,9347369,12775038,759520
ایکیو سان نهمچ,4889975,7456369,4393555,2776580,451449,10170605,82004,10127608,6230551,12143102
ایینه نیسان وانت,14165122,10529944,2731902,12534060,12554568,14453371,4017949,4797570,12499009,6279419
ایینه پروانه,6429942,6245032,416375,11342834,14243261,9097395,11900976,5109551,8280670,12522411
اییکس باکس سری ایکس,12804462,6556217,9227768,2763623,9626909,910553,159941,8206556,4284678,9347369
ب پاش شیائومی,11209558,3935371,806089,11697889,8000565,806023,806140,774859,7363962,65571
با پانصد هزار تومان چی بخریم,463993,6864861,6820473,464674,5398220,460362,4019101,6232365,7063890,6230942
بابلیس وی جی ار ۵۹۵,8584290,12103422,4951030,6286333,10204601,8913462,13810500,8190969,8134613,7084617
باتری  شیایومی مدل ردنی,5015281,11249252,4411947,8143640,124806,384571,10646502,2053912,2859399,10654402
باتری 12 امپر,5350930,865368,12628300,5796314,10693590,12297675,5015281,684396,9738989,13296825
باتری 18 650,4769878,5449274,13379873,4353116,14476853,12522765,5017609,10118071,1677740,6005120
باتری G730,3850766,4754217,5015281,11249252,4411947,8143640,384571,10646502,124806,2053912
باتری J2 prim,3491706,250803,6226528,1140969,14090709,5015281,11249252,4411947,8143640,384571
باتری JPS,5015281,11249252,4411947,8143640,384571,10646502,124806,2053912,629090,7715882
باتری dbk 104,10641993,2032185,10684824,14473540,13100447,101478,10890604,7566381,5015281,11249252
باتری doravell,5015281,11249252,4411947,8143640,384571,10646502,124806,2053912,629090,7715882
باتری top sel,6049606,15367405,2421535,15302238,5015281,11249252,4411947,8143640,384571,10646502
باتری باسوس,5015281,11249252,4411947,8143640,384571,10646502,124806,2053912,629090,7715882
باتری تلفن بیسیم پاناسونیک ۵۵۰,2271085,13144366,3402052,1416506,4268372,7989717,2787912,14654,14645,13757516
باتری سونی ایلکسون,2205336,591097,4035856,1287,191846,958,91013,8683837,9248424,21010
باتری لنوو g500,2292211,1832584,5274977,9080322,11979,227674,3388401,6464596,13434284,10639608
باتری لپ تاپ g58,1476154,1132710,2292211,12133134,356415,23741,11274192,7033256,6575181,7199802
باتری لیتیومی کواد کوپتر,12324828,9738989,12535268,5752183,4769878,124806,2552449,3048569,4677719,3269498
باتری ماشین ماشین کترلی,472306,8587723,7061153,3229372,5700270,13763869,9704028,12219863,6595635,6329182
باتری ماشین پرايد,11695665,10357165,14425994,7612293,472306,8587723,12219863,7061153,13763869,3229372
باتری موبایل امپر,7750051,7324155,8495570,2572985,7108523,7325227,5545020,2396283,3083455,2260890
باتری نیم قلمی مکث فورت,7572255,384261,587934,7715882,5031075,2982373,2128538,2271085,7674446,1132730
باتری پیچ گوشتی مکس 12,17642899,10563755,12449332,9978291,6693613,11249252,13504983,12664128,15966458,512798
باتری کرو 2,384571,2552449,921124,2982373,6068838,3633322,1898312,2271085,12090299,13485007
باتری گوشی MotoG13,660941,7750051,7324155,8495570,308517,212446,7108523,7325227,2572985,282952
باتری گوشی آنر 7x,5636451,5452756,8586890,12853385,4411527,10892772,10886566,9786391,17647594,9796369
باتری گوشی جیپلاس,660941,7750051,7324155,8495570,308517,212446,7108523,7325227,2572985,282952
باتری گوشی سامسونگ a2 core,10275604,11601102,250803,7378417,9237582,8054135,4489476,63831,9177103,7324155
باجی پَراکیت فود,2522912,7964468,6060757,13342125,100000,100000,100000,100000,100000,100000
باد کنک,12546075,12586823,3876063,3237213,205704,12065834,1438846,379621,6992761,4061084
بادام خام د ختی,3342046,6567845,3150946,467065,4526837,836586,1637989,880451,10395449,5791972
بادبی اس پلش ادامس,482666,6843443,5712105,13401329,3068716,11578203,12855505,3781059,12152772,3621770
بادسنج وینتاکت,5634104,100000,100000,100000,100000,100000,100000,100000,100000,100000
بادکنک طرح‌دار پاندای کونگ فو کار,3841557,10164226,8561575,6431053,5782821,5366507,12553170,7929922,9341782,1029325
بادکنک فویلی ریسه ای یونیک,8503237,5782821,9341782,3841557,10884328,7785302,9879245,726413,4241459,11189983
بادکنک فویلی سفینه فضایی,11189983,5782821,13145967,4212044,9341782,3841557,10884328,7785302,9879245,726413
بادکنک فیلی طرح سگ,4241459,2367693,5782821,12553170,7929922,9341782,3841557,10884328,7785302,3490666
بادی اسپبش bear,602199,591781,1096116,340514,2899169,14389675,1006905,5150034,521121,9687535
بادی اسپلش من,12152772,82169,9809991,8816886,9302065,1731142,6328357,5624445,5009040,15247714
بادی اسپلش ویکتوریاbare vanila,12152772,82169,9809991,8816886,9302065,1731142,6328357,5624445,5009040,15247714
بادی اسپلش گودگرل مای,82169,12152772,9809991,8816886,9302065,1731142,6328357,5624445,5009040,15247714
بادی بیلد,1006905,5150034,521121,9115881,411716,9296886,5474199,10359323,11475040,9466666
بادی دارک موسک,8666126,5517534,13344446,1006905,5150034,521121,9115881,411716,9296886,5474199
بار پل,6895860,12308910,6053278,6214633,8256175,5301530,12744393,11388363,8970641,1025823
بارانی دیسکوارد,14487196,6853226,3733807,6895860,6299689,686339,100000,100000,100000,100000
باربند اسپرت sport,10866417,13182831,1782938,8616817,1641465,3459452,4959376,9693280,3033055,14690036
باربند سقفه خودرو تییا ۲,3750411,1782938,1641465,8616817,4959376,10866417,3033055,14690036,794921,8465878
باربند هیوندا ورنا,3364429,1782938,8616817,3451396,1641465,3459452,4959376,10866417,9693280,3033055
بارک 405,7814413,8794936,9614779,1467744,1152961,11210315,6984499,7504341,17637807,1967953
باری فکری مافیا,12225708,7590916,6560177,12090989,5679099,10523389,9243998,10677636,12090877,11966450
بازوی ابپاش ماشین ظرفشویی,7729879,14089147,3941575,7642446,1787492,5140827,9037666,4304088,5900930,11088610
بازي فكري جاده طرح,9859965,14443467,18020129,8636262,17286872,10934228,10903361,9351509,6349644,8174051
بازی GTA V مخصوص پلی استیشن ۴,4813079,7383676,2113818,12804885,708443,9561839,13041645,14793780,15433,544767
بازی pes 2019 مخصوص pc,6858580,12692262,5280625,4630526,4696564,515504,377799,7013222,4635943,9591547
بازی آموزشی دروازه,2757502,6431588,6742314,594909,7783378,2609471,9872277,4925584,9483275,1563637
بازی آموزشی مدل لامپ و آرمیچر,14593412,11296079,6431588,6742314,2309345,594909,13025803,7783378,2609471,472555
بازی اموزشی بستن بندکفش,6431588,6742314,594909,7783378,2609471,9872277,4925584,9483275,1563637,429720
بازی اموزشی تخته جادویی تکشاخ,1456632,10262401,7454369,6431588,6742314,594909,9029360,7783378,2609471,546625
بازی اونو فارسی,1127801,1137664,12778555,1931645,1934400,6991847,1913391,11330882,230499,567646
بازی ایراکی,10262401,10903361,7454369,1770280,9243998,8636262,17286872,10934228,546625,10677636
بازی تایتانها در ps5,6843702,9561839,7998713,5422646,5077335,4528853,14318780,14494381,3904662,12573233
بازی تیرکس اسباب بازی تیرکس اسباب بازی تیرک تیرک,17423036,7623616,12020425,7248561,6209833,9980852,2949988,17381762,17845107,11792453
بازی جن.ا,4643422,1626470,54419,160092,1619296,806089,806023,806140,758079,774859
بازی جی تی,14793780,13311541,1032531,5165393,15445255,5317448,2588590,6091941,9583859,696912
بازی دست چین,13717604,3900728,4394790,14616088,11188019,14387651,12633409,1661937,12560872,2275787
بازی زنگ پیچ,3900728,13504983,12664128,6107200,15966458,772363,376930,6830539,2277393,1167986
بازی شایپور,10262401,10903361,7454369,1770280,9243998,8636262,17286872,10934228,546625,10677636
بازی عمو پولدا,6742314,6914232,6349054,10262401,10903361,7454369,1770280,9243998,8636262,17286872
بازی فکری درگوشی,8636262,17286872,10934228,10903361,9351509,6349644,8174051,10262401,10708778,7711651
بازی فکری زمبوری,8636262,17286872,10934228,10903361,9351509,6349644,8174051,10262401,10708778,7711651
بازی فکری سرگرمی کوچولو دستی,5007139,7454369,8725423,10898538,8636262,17286872,10934228,10903361,9351509,6349644
بازی فکری مدل گربه ی انفجاری,17649828,9513525,7370328,8636262,11340226,17286872,10934228,10903361,5762765,10952084
بازی فکری کوییکز,8636262,17286872,10934228,10903361,9351509,6349644,8174051,10262401,10708778,7711651
بازی فکریدنینجا,10262401,10903361,7454369,1770280,9243998,8636262,17286872,10934228,546625,10677636
بازی موبایلفکر,10262401,10903361,7454369,1770280,9243998,8636262,17286872,10934228,546625,10677636
بازی ها کی,10708778,12214658,5604877,6349644,12761318,13946519,10602118,14002894,396213,11519824
بازی هایxbox series s,7248029,6943665,9851111,15986310,4878993,4857459,6262642,9851362,5689902,7501115
بازی پلی استیشن 2 فیفا لیگ ایران 2023,9561839,10458260,9591547,13282374,4583999,2465131,5652871,7067157,11758156,6228161
بازی پلیسیشن ۱,4165937,4696564,5652871,9623209,1908813,7224717,1617886,9591547,1505530,1511351
بازی کامپوتر استراژیکی,10262401,10903361,7454369,1770280,9243998,8636262,17286872,10934228,546625,10677636
بازی کامپیوتری کاپیتان سوباسو,658436,4635943,71623,927573,3021960,4311122,11974771,8337405,3098779,2085875
بازی گل یا پوچ رسمی,17286872,16546423,17085831,17085179,17616593,5984204,2027225,12100809,10651505,7526503
بازی گونگی,18020129,10262401,10903361,7454369,1770280,9243998,8636262,17286872,10934228,546625
بازیفکری معدن الماس,6214663,5133301,12284171,13233331,4997418,668821,1563457,6913983,8328373,4873848
باسکول و ترازو کمری 300 کیلو,1503086,204452,14542798,3953015,7283666,13276121,8507591,8516352,10359323,898026
باش فرم گرفتن سر نوزاد,4742378,7775279,1110715,113181,2661735,14195212,3260743,10780879,9445237,2907018
باطری p-p102 پاناسونیک,3402052,5921549,1511968,4268372,7989717,13757516,8179314,13144366,2787912,14654
باطری اسپینر,1617401,7336680,5474199,4849044,4532245,12618675,3481212,2819210,7920573,1411300
باطری بزرگ موتور سیکلت اتمی,996559,1476125,996546,6706357,1910538,9126936,8428516,5091908,1968037,14580856
باطری دل ۵۰۱۰,1132710,3349,23741,4929992,16702994,12005190,4532245,12618675,1460055,2819210
باطری سایکل موتور سیکلت,2383313,996559,1476125,996546,6706357,1910538,9126936,8428516,5091908,1968037
باطری سکه RL 44,2819210,12004587,5487496,13344920,14265961,12663531,4149043,8849068,12663728,4532245
باطری موبایل 5CB,7249810,4532245,12618675,2819210,7920573,1411300,11675039,735088,5662822,6926013
باطری موتور هندا ایرانی,1476125,996559,12217894,10388992,10649152,12537996,1584808,1585520,7651694,7790253
باطری گوشی مدل۶۳۰۳,4532245,12618675,2819210,7920573,1411300,11675039,735088,625647,1547931,3622380
باطری گوشی نوکیا۲۰۶,4532245,12618675,2819210,7920573,1411300,11675039,735088,625647,1547931,3622380
باطریBM47,100000,100000,100000,100000,100000,100000,100000,100000,100000,100000
باطریه وشارژر دلرشارژی ce1P.M,187585,2152938,1826170,3398205,2393637,3756468,4833312,3418493,4434764,14566948
باطر‌ی‌نیم.قلم.شارژی,5031075,2312421,14740537,12646507,512798,104851,9896560,4983869,8531074,11716692
باطگری کتابی ۱۲  والت,7237753,12640343,2813183,587934,7389929,10563755,2675756,13280973,5350930,14479735
باطی فوتبالی,8338751,17751721,17177349,14612250,10569668,17294257,5857844,10055139,100000,100000
بافت بلند برای زیرپالتوزنانه,8739624,11145547,6821872,10842479,11418399,876629,2290116,10784475,4370792,12844753
بافت دستی کلاه,13152346,845469,437799,9623006,10085302,17185045,4941927,11145547,6821872,1552186
بافل ساز,13235104,5477608,11840984,7080417,10659153,8670914,2105864,355992,663229,31644
باقلوا,14476853,100000,100000,100000,100000,100000,100000,100000,100000,100000
باكس هاي مخصوص دمبل,2763623,7192914,12804462,6565366,7067157,159941,1516651,5193119,1485962,7090055
بال صندق ساینا,6094927,8371040,1095832,4986492,9735534,1621699,1730180,709463,2668036,6424828
بال عقب 206,11350165,9735534,1680698,162579,1021638,9164080,11189922,6741383,15222255,9567166
بالانس سره فرمان ۲۰۰,8571144,4660904,9858904,7954638,1098476,7817052,565132,6165845,7172945,963026
بالش,5351047,14584821,1797385,6833596,995484,2009602,12000857,579644,4742378,14096421
بالش نوجوان ببر کد,14584821,2468473,12957372,6702032,1797385,13260181,14096421,5351047,14309629,6757157
بالش گردن مسافرتی,7278598,6801649,1441171,4490729,5351047,14584821,1723585,1797385,12542244,5990540
بالش گردنی رویال,7009783,579644,631186,5351047,14584821,1797385,6240267,14803529,1712065,10283219
بالشت بگ,7278598,4604120,8237708,11404306,11883294,8922297,1439867,5018045,15963251,6238884
بالشتک صورتی برای مبل,15457903,6033622,6142220,7338944,10839017,628220,1464978,3981709,6327528,14186549
بالشتی صندلی l90,16576857,12991404,1799331,1484542,143601,4096476,4995852,838154,1125171,10977036
بالم بدن کاز,11058233,263299,97756,4290740,9183156,82111,4269675,13469479,148182,13318293
بالم لب  ایر پادی,9183156,82111,13469479,13318293,8909113,2361522,7308250,4111283,4111288,14751100
بالم لب آریواکی توت فرنگی,14751100,491322,9183156,82111,13469479,13318293,8909113,3331675,12451018,2361522
بالم لب طرح یموجی,4111283,4111288,9183156,82111,13469479,13318293,8909113,2361522,7308250,14751100
بالن بلانزا ابی,4800187,10229247,1697751,5210649,2787336,5347419,273192,542963,527018,4968240
باله مشکی کوییک,758079,7143480,812887,13261389,6759371,6762673,10687227,12219863,11851125,3730552
بام تایم,1490799,3246519,4114266,11414941,706778,9863906,263790,10405688,8841716,6396028
بامبر اپل واچ,6833552,8964300,17093058,451963,1034194,493952,7802326,8934618,10842479,9636699
بامبر‌ جکت,7431446,100000,100000,100000,100000,100000,100000,100000,100000,100000
بان شارژ,5666990,639743,7951107,183120,2046421,69845,3943900,6162332,7378236,537112
باند بینی,1498932,7278168,1565823,5442074,1718585,2536270,14608360,1085299,10088444,2536428
باند جبل,1498932,9067524,5442074,1085299,9546468,1502682,689989,5130999,200466,3219595
باند خانگی مکسیدر al-mp5,10656190,8735636,10631706,10630704,1498932,9275396,9275371,4802809,8957543,10457502
باند رو دری پژو ۴۰۵,9614779,1498932,1467744,6984499,7814413,7504341,17637807,1967953,5066318,1152961
باندل مادربرد و سی پی یو,7396534,5635159,8193958,5350930,5796314,7544531,4894554,5630888,5395417,3810323
بانكه هاي مادام كوكو,11152961,9161608,655912,5469203,8841640,11940913,6475537,15707925,8793843,15521816
بانکه 7تکه  چای و قند  فلزی,952489,1480950,8841640,11940913,6475537,15707925,6076259,8793843,15521816,1443507
بانکه استوانه بلوری,11940913,13634929,10763968,8841640,6475537,15707925,8793843,15521816,1443507,14023133
بانکه استیل هند,8841640,11940913,6475537,15707925,8793843,15521816,1443507,14023133,11152961,7102537
بانکه اسپند,14023133,1003488,2374031,3050985,8841640,11940913,6475537,15707925,8793843,15521816
بانکه تکست شکر,8243159,952489,12464920,3277497,7768098,8841640,11940913,6475537,15707925,8793843
بانکه شیشه ای,7102537,655912,15707925,6475537,13634929,8793843,15034858,8841640,11940913,2080004
باک موتور  احسان شکاری,12078168,5067950,5091908,4137141,7901711,7276053,7790253,10388992,4891946,3875851
باکتری‌ساز,5293738,4236441,11560128,13235104,5477608,11840984,7080417,10659153,8670914,2105864
باکس برای عکسبرداری,14812728,6184497,7799532,3798930,3120224,4157305,6556217,8259803,7862940,2696573
باکس برنج,13796222,1652570,10173246,6992046,7586593,14812728,1060152,1487225,6184497,8120588
باکس تخت جکدار 120,1896597,1922110,892501,13716432,1991176,1879360,13117072,14812728,6184497,7799532
باکس دو سوراخ ساب,8259803,7862940,2696573,3374268,2666116,5927210,14016564,8315311,8972235,11105977
باکس ساب ووفرطرح ۶ ضلع,3374268,8259803,7862940,2696573,8315311,11008436,11105977,7847710,3443086,13991427
باکس شوفاژ و رادیاتور,7266005,3883028,9723848,9723937,3882981,6129113,8701936,1161679,9719394,4851682
باکس قفسه و آینه,2660180,4604034,5993764,5392974,10909098,4985247,10117064,5080783,8721153,2561992
باکس کادویی,10100862,1126407,8143983,14812728,6184497,7799532,3798930,3120224,4157305,6556217
باکس گل,4439658,10375725,14974123,14969535,14977370,14812728,6184497,7799532,3798930,3120224
باکس یا شلف,17406399,11208491,10240052,12043381,9253428,17085140,14156519,598780,17447318,3720054
باکس یک بارمصرف,1922110,7847710,1879360,1896597,14812728,6184497,7799532,3798930,3120224,4157305
باگ s23 fe,14105863,13065873,13982222,13148210,13496875,13072622,14819671,14246753,13503378,13576686
بای شاول,8227563,9568957,1071554,9561936,873644,5632277,11314580,11853616,130792,3823192
بای لینگوال اینگلیش استوری بوک,13853158,8227563,14419202,17039636,430950,11942039,693872,5556954,12894112,7715198
بایسیکل بریک هندل,6794196,5620278,10986377,100000,100000,100000,100000,100000,100000,100000
بایفاس گل پنبه ای,1129820,10123941,9262820,2839557,6431368,3581552,11000594,1119237,6374504,12351230
بایوآکوآ مدل هلو,12549397,9183156,9105170,7581955,13832741,800503,7836415,3110727,9083833,273091
بتری  گاو,2678496,9320384,3321292,9390573,6156841,13880861,7561829,9045018,6856537,3283997
بثروم اند تویلت وال سرامیک تایلز,819815,7220792,9180751,3899381,15937518,9937384,2763161,12081253,15205385,749119
بخار سذد خودرو,4397081,8086679,536935,9557066,3573288,11637871,822575,10396369,2434476,4519838
بخار سرد آکواریوم,11715513,5536763,2930956,440818,3330902,6213165,859111,1514664,1119610,2604338
بخار شو ویکنز,536935,2908489,461209,4566914,163122,8648012,7166735,4571366,86140,4373764
بخارشوی آیرو لوکس,461209,86140,4157305,2450919,7969736,10605416,12258829,12719812,1610239,4573977
بخاری برقی برفاب 3100,3321687,4262763,299236,6996746,6947088,9858765,1467510,2109104,865491,17856877
بخاری برقی فن دار گرما گستر,865491,299236,13384444,9085536,13466118,9463740,4262763,6240274,6996746,6947088
بخاری مغازه,6850056,6826975,877668,2109104,4262763,6996746,997096,6947088,3321687,9858765
بخاری کف پا,2131257,62841,6417834,6826975,3280349,877668,2109104,4262763,6996746,997096
بخاری کمپینگ,14210868,1159193,6826975,877668,2109104,4262763,6996746,997096,6947088,3321687
بخور سرد گولمن,14554743,4905582,14574143,13848507,16925386,14703809,295097,866642,12554237,37002
بخور مخصوص صورت,962411,2360390,75932,14554743,9896560,4905582,14574143,13848507,16925386,2861067
بخور کوچک گرم فانتزی,962411,3771829,10094710,37002,2081898,953404,7616089,14554743,4905582,14574143
بخچال وفریزر اتومبیل,451225,100000,100000,100000,100000,100000,100000,100000,100000,100000
بدن شور سیلیکون,14333650,1084065,7363962,6119848,669351,7340462,1120125,7128270,1492841,262734
بدن و تن نوزاد,97756,4290740,2907018,6099091,501820,12571887,13719471,12536601,52727,256517
بدنه کیلومتر موتور,10076719,10689673,7434537,12537996,11106490,14157096,4366604,4986463,6177461,7259511
بذر لیف گیاهی,959286,173998,6603008,912146,2839557,8348280,5809629,7345790,7574820,2182908
بذر پاش پشت تراکتور,6603008,912146,2839557,7345790,7574820,5188202,4536943,7926649,11209558,7832914
بذر کیوانو,6603008,912146,2839557,7345790,7574820,4536943,7926649,2915537,9488744,2150214
بذر گل مخنصه,912146,2839557,7345790,862511,7845978,6603008,7574820,4536943,7926649,2915537
بذر گوجه گرین سید,2636755,2915537,2150214,2485582,4149665,2149655,881466,6603008,912146,2839557
بذر ۱۰ میوه,11714569,10971175,912146,6603008,2839557,7345790,7574820,4536943,7926649,1723654
بذرسیفی جاد,100000,100000,100000,100000,100000,100000,100000,100000,100000,100000
بذز دراگون‌فروت,11714569,13832741,534577,9791281,13454932,14065530,14092151,13352108,13576686,13525678
بر پاکن کامل نیسان,577147,14126372,13002646,8930873,180512,133172,8506272,7478582,7181487,8520881
بر چسب دور  سینک کابینت,8423792,1612355,7990598,7127833,8256500,6072525,3911995,6882679,6152102,679366
براداران سیفی,3509800,100000,100000,100000,100000,100000,100000,100000,100000,100000
براش ارایشی,738077,1120125,81555,5419199,3559480,7379000,7884372,14095647,15952446,3151844
براش تکی,738077,1120125,455957,494731,9020454,11676603,16276244,228408,81555,6391068
براش دوسر دستی مایع دار,494731,7632776,1930011,5064582,16453115,407841,3422181,738077,10651467,10081971
براش ستشو,738077,1120125,455957,494731,9020454,11676603,16276244,228408,81555,6391068
براش متراکم,738077,1120125,455957,494731,9020454,11676603,16276244,228408,81555,6391068
براق لب فانتزی,772045,765929,4419202,17536916,5948450,6991372,10583707,12747349,10618588,9733549
براکت 3.5 به 5.25,1874610,1770372,780798,744279,7117020,11380114,3592513,2100257,702346,3189403
براکت تلویزیون های 17 تا 32 اینچی,7199110,2044887,8789224,1157087,3710946,2529858,3579546,7956122,4871471,3225041
براکت تی وی جک A2,870719,7521904,882196,742773,1921996,696912,589998,547317,4172151,5432465
براکت سه گوش,635779,4238492,311168,9689921,11194782,17080885,7199110,6578624,981926,1513702
براکت مهتابی,11194782,17080885,5994231,7199110,9877650,4925525,3054003,8516132,13634628,10487720
برای ایهان چی بخرم,7063890,4409667,4288435,5398220,4019101,10968291,6864861,6404633,6820473,9467149
بربلینگ کلاج برای پراید,7832914,9131125,7334223,6593322,7294795,12890633,6459788,9780426,10597675,12456849
برجسب بدنه طرح تورک,7038535,3410956,6484699,8670445,4366604,14277291,2869971,7340116,3730552,11116517
برد برق ایفون الکتروپیک,12669477,10157236,3181103,6800873,13369143,10561611,5278820,1699984,6222158,572256
برد بورد نامبر,2107119,1699984,6327884,10157236,3181103,8972866,6800873,13369143,10561611,5278820
برد خچال یخساران,1829451,10157236,3181103,6800873,13369143,10561611,5278820,1699984,6222158,572256
برد سنسور نشت گاز,12779149,772477,9385874,10529944,7922580,6997735,10157236,3181103,6800873,13369143
برد فريزر پارس,3295640,264611,12649062,8527893,8553684,9956126,10157236,3181103,6800873,13369143
برد مخابراتی,10157236,3181103,6800873,13369143,10561611,5278820,1699984,6222158,572256,12669477
برد کنترل پنکه,26709,8227563,563823,5762323,5429378,12746508,6181661,10157236,11509788,9009983
برد گیرنده دیجیتال تلویزیون,4371,6222158,3713750,12324828,24052,7270711,1435164,36838,794651,1922447
بررسی اثار ترجمه شده اسلامی ۲,11866878,11398308,16987646,6496163,5548047,4421343,16858588,9951863,5608211,7819879
برس سر,10462363,16187751,11482375,4684626,671737,14226632,4044799,13716432,1654753,12198705
برس سیلیکونی ماسک صورت,7658594,14333650,564192,10576976,15165707,1892948,7158617,14226632,9798693,980807
برس مو فر.,4684626,92226,13809364,1654753,4286480,12198705,16669316,84463,11249452,18229
برس پاشور,4684626,671737,14226632,4044799,13716432,1654753,12198705,11249452,599786,14713512
برف پاکن ژله ای پراید,3825051,10082867,3600742,150726,1472728,17536916,577147,5556727,713893,14126372
برق دینا,12258317,7440540,5252970,1097931,2316141,2308497,6575098,8884238,3471819,7591088
برق لب حرارتی  مجیک,11455279,11015528,10583707,12680721,10036040,15475424,5401454,2415653,1801937,7556757
برق لب دوتایی,12680721,10036040,11455279,11015528,15475424,2415653,773051,4419202,17536916,5948450
برم کننده روغن ارگان,9276327,4935468,2553486,6909316,4598074,1543627,476011,1626901,4554581,1031021
برنامه آفیس ۲۰۱۶,572070,12525696,614009,3612596,195342,9260890,9387650,180512,14092946,5550662
برنج اطایفه,13796222,1652570,10173246,6992046,7586593,1060152,1487225,8120588,3649726,4516407
برنج فجر فریدونکنار,10173246,6992046,13796222,1652570,7586593,1060152,1487225,8120588,3649726,4516407
برنج هزاردستان,6520214,17979658,4176124,13796222,1652570,10173246,6992046,7586593,1060152,1487225
برنجو,100000,100000,100000,100000,100000,100000,100000,100000,100000,100000
برندینب,100000,100000,100000,100000,100000,100000,100000,100000,100000,100000
برپوش سامسونگ a53,8136420,8265570,8501589,7406081,11819855,11748938,11510814,859,3927,38435
برچسب 0,16813121,1942838,1852785,3808463,8363035,3775014,4078750,2301882,9522393,16934584
برچسب Sony,10353248,1287,191846,958,91013,8683837,9248424,21010,106912,482
برچسب ps4 gta,4545023,143761,1980226,607269,4813079,4544783,2113818,9851362,2960094,412826
برچسب ps5 اسلیم,13942891,4279077,8780629,4678282,5422646,801570,4314409,14530408,9265137,9314740
برچسب ps5 گیم,4995772,5422646,3904662,5669988,6843702,7172933,11602537,9561839,12528544,7998713
برچسب آفرود 4X4,2913666,3808463,12817900,10094197,11462164,4057964,2510748,14981849,9654535,11289120
برچسب اتاق نوزاد,8630516,12536422,9098249,10229247,7500920,17024812,104511,4886795,8721153,8658743
برچسب استوارتر ماشین,2869971,7612293,13568527,9540773,9578637,12087708,9110721,2315399,12325010,8844118
برچسب اسم انیمه,3595884,7038535,9451361,3365847,16336573,6231066,14821528,9455757,13343048,15761801
برچسب اسکرپ بوک برش خورده,12452964,14195974,10641391,724901,15405411,11604309,11942039,12894112,14419202,17039636
برچسب اسکرپ بوک مدل برش نخورده فانتزی,10641391,12452964,14195974,11604309,11942039,12894112,11283001,724901,10891628,5424088
برچسب الله منی یار,8670721,5972745,924553,3184604,14980996,899210,7058313,955687,5740120,12991997
برچسب انرژی باک موتور,7901711,7276053,10388992,3875851,6659446,5091908,11171380,4137141,7790253,4891946
برچسب ایفون13,12087708,4661330,7038535,3595884,1688380,3410956,6484699,7582077,8670445,1612355
برچسب اینه ای,12181285,10170656,2081979,5357338,12087708,5968354,8363035,2561992,8780629,10388992
برچسب ایکس باکس ۳۶۰ پرو,4284678,4279077,2763623,8206556,7192914,916294,9265137,7067157,910553,3571154
برچسب باز بودن درب خودرو,5323286,14848864,16130108,11171380,6021098,8274157,1922967,2672678,7705977,3485940
برچسب باک موتور هوندا۱۲۵,7901711,7276053,10388992,3875851,6659446,5091908,11171380,4137141,7790253,4891946
برچسب بدنه خودرو,7038535,1688380,3410956,6484699,8670445,14277291,2869971,7340116,3730552,11116517
برچسب بدنه خودرو اسپرت  غدیر,9522393,3731473,8436769,7038535,1688380,3410956,6484699,8670445,14277291,2869971
برچسب بدنه خودرو طرح افرود کدz28,3808463,2913666,7038535,3410956,6484699,8670445,14277291,2869971,7340116,3730552
برچسب بدنه خودرو پژو پارس,3329347,7423741,9540773,11467023,9805389,9652451,7038535,8862349,1688380,3410956
برچسب برای ایکسباکس,11171380,3507554,7258579,4146139,11581465,1789638,14076582,10999066,15258075,8436769
برچسب برش خورده دودی,724901,15405411,12452964,14195974,9183864,1789638,1942838,17038646,15806224,10641391
برچسب تتو مسی,8988978,4822834,6081591,13431892,5666461,7769964,6687979,13233331,9073973,13778709
برچسب تتوشیر,12087708,4661330,7038535,3595884,1688380,3410956,6484699,7582077,8670445,1612355
برچسب جلو افتابگیر هایلوکس,8436769,15229287,3033133,4170530,14577768,17038646,15806224,1149211,15258075,11481780
برچسب حروف فارسی ۱۴ اینچ,1655333,1609964,1913391,7956122,4871471,567646,13962427,8423792,3710946,3579546
برچسب حرکف فارسی کیبورد لنوا,1913391,1609964,567646,11942039,1655333,3710946,3579546,7956122,4871471,13962427
برچسب خشگل,12087708,4661330,7038535,3595884,1688380,3410956,6484699,7582077,8670445,1612355
برچسب خط کاپوت,334514,334502,11074308,4196851,2448796,630223,4325093,4559686,996099,4551871
برچسب خط‌چشم,8773872,7451748,90288,3551025,4568549,5840971,3454479,9563541,7268142,7359906
برچسب خودرو مهدیار طلایی,7890516,7340116,9308907,7423741,8704956,7364490,7038535,1688380,3410956,6484699
برچسب خودرو ۲,1688380,1602832,9522393,3808463,1612877,1602786,6977243,16633807,3731473,6148096
برچسب دسته پلی استیشن 5 بارسا,4251866,14868843,13942891,13359318,11362304,4226290,3311285,8387744,6356674,8445101
برچسب دیواری طرح محرم,9248510,3740380,9052518,3259947,9067524,4661330,7038535,7144875,6500727,2069564
برچسب رولی کروبی,845833,109835,1942334,1974618,1149211,3469180,10207211,9680078,7140776,12087708
برچسب روی درب ایکس۳۳,16130108,11171380,5323286,1087254,14848864,9984274,6943577,13587558,13887672,12989817
برچسب سرامیک کفپوش,12518784,10261729,916408,4968049,5558402,433182,168157,165896,6362797,12453314
برچسب سوارسکی,9955005,9755208,12087708,4661330,7038535,3595884,1688380,3410956,6484699,7582077
برچسب سی جی ال,12078168,4754715,11681449,12283380,13944827,11968525,8957674,7466432,704354,9797207
برچسب شب نما,14186382,7274041,9567048,2381178,14277291,12647595,5901390,1433075,12075125,14030174
برچسب شیشه ای a4,7636392,7582077,9183864,4486514,1789638,1942838,15258075,8436769,11997868,2080004
برچسب صفحه کلید لپتاپ,4536071,409154,2843881,13897697,807859,13807569,13399395,10610185,5593181,6895860
برچسب طرح ابر,478133,9607570,416375,9717360,1655182,13134598,1545322,1421031,4661330,7038535
برچسب عروسکی ضد اب,2081979,8938625,9981331,812887,706965,889648,15372734,12775440,12654011,6225075
برچسب فرمان بازی,3182932,10610361,3181786,9477760,1980226,156097,444227,607269,6161608,5256000
برچسب فلالپ بنلی ۳۰۰,6659446,6821467,3045507,5504255,11104942,6595121,5930504,3553009,8075711,4951182
برچسب قاب چراغ سقفی خودرو206,10030087,8938625,722074,15390774,9928892,1127047,367703,912476,4277477,7755176
برچسب لولو موبایل,12525696,5261180,5277264,10892772,10353248,10886566,10974840,5482819,13727168,9917706
برچسب لپ تام یونیکورن,13962427,13568527,12754374,9937384,3710946,3579546,7956122,4871471,1938849,807859
برچسب لپ تاپ انیمه,8320625,6906343,12563933,13568527,12754374,3710946,12589311,3579546,7956122,11352263
برچسب ماشین لانتنس,2869971,7612293,13568527,9540773,9578637,12087708,9110721,2315399,12325010,8844118
برچسب ماشین ۴۰۵ اسپرت,8436769,2969602,14428253,8306342,2869971,9522393,7612293,3384983,770259,8587723
برچسب ماهوت redmi note 11s,8170856,14477219,11141250,14714609,9083865,13402069,12632165,10903141,13352108,8493464
برچسب مخصوص تیشرت دخترانه,2763193,3137037,6557324,9567211,9435157,4643422,1842845,7914313,5341223,5097597
برچسب مدل بولت ژورنال و اسکرپ,12452964,11604309,14195974,4869468,10472652,2563598,10641391,4468095,10289010,8234858
برچسب میو,9852192,10754791,12703828,60107,7431580,12087708,4661330,7038535,3595884,1688380
برچسب ناخن با طرح اسب تک شاخ,4189438,12663066,1690726,15014636,12220101,2932701,6356790,6202050,6998606,1520731
برچسب ناخن دخترانه مدل خرس,13675506,16749668,8730255,5424088,7388202,6557324,12349347,9567211,1570634,10784475
برچسب نم مدل فضانورد,16934584,9243523,11116973,6145908,5517946,14182497,1801630,9686588,17024812,11742064
برچسب نواری بسته ۴ عددی,7431248,6875823,3329347,11581465,7901711,7423741,7975836,5323286,1486387,16934584
برچسب نوشته انگلیسی,11116517,12370593,575173,3805248,8770709,5976140,80316,8270275,1886413,709944
برچسب پا رکابی چرمی خودرو کوییک,3730552,11581465,3740211,13261389,6759371,6762673,10687227,11851125,5410960,7889284
برچسب پشت poco x5 pro,13278587,11594759,12255351,11717667,12760907,12444156,11701225,12346286,11476836,11153458
برچسب پشت گوشی poco x6 5g,14326964,14883381,14151404,14982625,14116027,14883384,17432344,14217106,14217361,15340740
برچسب پوششی آنر 50 lite بنز,7841359,13358150,10892772,10886566,10974840,2599596,7325702,491098,10268467,13897697
برچسب کابینت طرح سنگ مشکی,4977212,7618225,9671719,7548711,7990598,7127833,6072525,753092,679366,10891628
برچسب کاغذی,13323415,3930337,1896062,874254,4574855,10653284,613237,9866526,10134957,6087736
برچسب کرم رنگ,12087708,17038646,676111,8160614,6990482,723825,7162291,115001,4261189,3008567
برچسب کنسول و دسته ps5 مدل براق اینه ای,5422646,6843702,1980226,9561839,7998713,4251866,14318780,4528853,9304907,5626787
برچسب کیوت چینی بریده نشده ارزان,11116517,11266930,12536422,14757686,10378996,2708994,117803,11705624,13929076,15367789
برچسب کیوت یبلک پینک,8457699,8104951,13488262,8570486,7811394,6069592,9647229,11266930,3436424,3489017
برچسب گرد خودرو,14351575,7038535,1688380,3410956,6484699,7582077,8670445,8234858,14277291,2869971
برچسب گوش سامسونگ دخترانه کیوت تم سبز,13079048,13907283,13113689,13982222,6632614,14757686,17892194,17977823,13929076,13200706
برچسب گوشی طرح استری کیدز,11629160,7734110,6596396,12294078,7734239,9498284,7425060,4661330,7038535,3410956
برچسب گیمری,12087708,4661330,7038535,3595884,1688380,3410956,6484699,7582077,8670445,1612355
برچسبمجموعه,100000,100000,100000,100000,100000,100000,100000,100000,100000,100000
برچسم دفترچه ای کرومی,13661348,17718484,13380111,9371896,15571908,14324362,15309498,12737686,14757059,12170505
برچسپ خودرو پراید,12890633,7334223,7294795,6593322,9780426,6459788,9294022,143580,12456849,11274003
برچسپ در بانک بنزین,570764,7924512,1921996,955687,2301882,14333262,7063890,14364592,5244080,3008807
برچسپ پشتمبایلa54,100000,100000,100000,100000,100000,100000,100000,100000,100000,100000
برچشب ماشین پنجه هیولا,7388202,15247016,12300886,321828,13682018,11714283,5607537,13280719,8075123,6128576
برگ تمشک,348255,13120166,6247130,9851966,6850079,3275908,4487521,8421335,14751687,6075796
برگ عبایی گیاه طبیعی,6890116,3703067,7125606,4424718,5221431,4020554,3602551,3605044,4000750,4984859
برگه A4,6851912,4043035,4460787,12009083,10345721,4486514,5449019,279853,4512195,10368784
برگه است چهار جوابی تست,2811369,3740380,4362497,2394321,5598466,3399580,2830753,4748512,9788096,12229635
برگه فتوگلاس,12009083,10345721,2809410,11433978,8445022,4927762,100000,100000,100000,100000
برگه لاک برا جوش سر سیاه,3115913,1638746,13655115,8595427,6924312,2583317,3545204,15967853,10729478,8492349
بری پاک کننده صورت,8659141,354157,5014566,4416908,9054363,7139353,4241462,7228711,6032313,4378150
بریل hdmi,2663954,784374,2110057,4934765,566235,9609031,8206556,7954211,1744686,9943533
بزرگترین شهابسنگ,13274853,100000,100000,100000,100000,100000,100000,100000,100000,100000
بست باطری خورشیدی,2432359,4532245,12618675,9075982,8047249,7537782,513786,12836090,1809169,2819210
بست درجعبه,9075982,8047249,12836090,11124883,11246431,4589369,4452658,12152329,523748,11226032
بست کامل نگهدارنده کابل در دنا,13260609,4602001,4452658,12708949,5651845,112379,8029592,13002646,9075982,8047249
بست کمربندی آن است اس,412870,4589369,4978220,595566,7775776,15087423,7729570,268928,6156582,283986
بسترن,1088021,5853721,13279036,7796412,8163672,100000,100000,100000,100000,100000
بستنی خشک شکل شکلات,9095355,14259579,8041694,6801165,7680985,13804808,3528459,10434325,1491939,4729006
بستنی ساز بلانزو,4729006,15126651,51529,8041694,9095355,12926611,451449,2899169,5941999,7066450
بستنی میهن لیوانی,8041694,9095355,888598,10076719,4917171,8053224,4729006,6761858,6577298,9178615
بسته بندی عروس,8889337,349671,349676,9397341,732692,5425937,349378,5438621,4642638,3632996
بسته بندی مدل کارت.,12290041,12367583,9397341,5438621,4642638,3632996,4605492,5703297,3704304,3222596
بسته لوازم و تحریر کرومی,13382398,4816326,4397106,3403213,2958150,3549446,11238561,2199154,563526,15982986
بسته های گویه گل یا پوچ,17085831,17286872,17085179,16546423,17616593,10651505,12652614,3303406,9700179,7295598
بسته کارت بلک پینک,10077614,7726313,6777999,7811394,9647229,3436424,3489017,7565716,8457699,10546457
بسته گل یا پوج,17085831,17085179,17286872,16546423,17616593,12652614,9700179,7295598,12100809,10358746
بسته ی خودکار چند عددی,9736657,16592579,620316,13280973,9705085,10719782,9729341,13661348,50675,721672
بسته ی قلم ها ی نقاشی موی خرم,979954,1000484,2206927,2206978,2167201,3779119,2312421,1814355,5357364,667278
بستهی کیمدی,16539311,17381762,17845107,17632730,17177349,14612250,17348642,16507839,17457514,17213693
بستی ساز واقعی,13235104,5477608,11840984,7080417,10659153,8670914,2105864,355992,663229,31644
بسکوییت رژیمی,7614436,100000,100000,100000,100000,100000,100000,100000,100000,100000
بشر پلاستیکی,7459147,5170007,2152076,9075982,7745780,970214,536385,10842381,7623593,8287444
بشقاب آکروپال گل مشکی,6240057,4428698,154410,5836503,8949246,6557691,328565,7539519,8824958,12120662
بشقاب دایره ساده,8949246,6557691,328565,7539519,8824958,12120662,6240057,9255949,13933524,4903134
بشقاب سفالی سفید,11618796,4903134,9726160,8057538,6543297,4930182,8949246,6557691,9662450,328565
بشقاب طرح فلورانس,1580572,6391475,8824958,6240057,575173,4903134,11618796,2708994,14283316,948416
بشقاب غذاخوری دیاموند,4240284,2202624,8949246,6557691,6240057,12054924,4428698,13154792,7190400,6925338
بشقاب لامپی,8949246,6557691,328565,7539519,8824958,12120662,6240057,9255949,13933524,4903134
بشقاب لیوان یکبار مصرف سفید سفید,748629,5271456,11288948,9163885,6048935,15982986,8077412,4228636,3277497,913831
بشقاب پرنده مدل اسپینر,7539519,7336680,9255949,10290622,6338780,1617401,5474199,8949246,4849044,3481212
بشقاب چینی گل,4428698,6240057,2708994,12088288,1580572,6391475,6925338,14331365,191291,126688
بشقابملامین رنگی,11247860,14511107,368743,50792,1693740,3548683,5699257,2383500,7766544,568650
بطری دحوری,2051041,9320384,1604580,8173071,4931636,1139534,3602065,1776517,2080004,2407543
بطری در دسته آبپاش,15367405,5008688,11796792,4984375,2051041,3602065,97115,12415371,9320384,2931144
بطری شیشه ای طره پاکت,2080004,10362830,2051041,1139534,2407543,14214555,9320384,2959261,1604580,6465396
بغل هوندا 125,9220165,9218357,10649152,8799078,11911500,11911364,3299334,7780382,15837828,8293232
بك كاور آيفون سون پلاس,10827874,7973084,11106291,6355888,11156711,8052513,569723,4309859,10073733,9180929
بلبرینگ چرخ جلو پژو 405,268928,4570167,1035399,1760908,2588590,7826220,1152961,6582726,4204115,7631405
بلبرینگ گیررکس,1035399,8158319,2731902,9060954,954655,2588590,1505330,268928,15128543,10162415
بلند گو پیکان وانت,9839290,4823722,2914569,1094947,4797570,14764965,7258062,4089012,11132726,4370792
بلند گو ۱,1638746,10638354,4990008,11870986,9524821,15165767,12337287,955482,7982014,12619125
بلندگو,677319,10362197,14054239,16592229,8216295,12364005,7432265,6812434,685024,3211482
بلندگو aragon,8164385,677319,10362197,14054239,16592229,8216295,12364005,7432265,6812434,685024
بلندگو فضای باز,11932261,7728675,2933479,9296213,4711031,5635948,596826,10617230,5149251,4563908
بلندگو ۸ اهم اسپیکری,14054239,12364005,7330534,8216295,11025870,13639983,12976560,13035813,3211482,677319
بلندگوی 4 اینچی,8789224,811532,6460419,5821167,108034,6535464,1032531,6198127,1794383,837213
بلندگوی ماشین,811532,5821167,1032531,837213,9578637,9110721,2315399,12325010,8844118,8587723
بلنگو میت رننج,10258397,321828,5595547,1157860,1154968,11330901,6128576,14186382,5009439,9686682
بلوتوث سیار Bt-dongle,3713750,1562700,16035296,10703295,200770,12675664,287451,2407543,3401763,276319
بلوتوث ظبط خودزو,9674839,12721132,10066988,2097924,6225235,13865602,451154,381254,1747050,7391150
بلور چراغ جلو پژو,1152961,172501,5095256,4204115,9356340,4231446,8825682,2398855,7824652,1411192
بلوز اسب تک شاخ,15014636,6998606,12663066,1690726,12220101,7193568,2932701,4189438,6356790,6202050
بلوز بلوچی مردانه,1419929,7432210,1439902,10111916,4176147,14142903,5647877,7866153,5024683,12698831
بلوز خانه  زنانه,14142903,1419929,1439902,5647877,7866153,5024683,12698831,7971987,10334804,13220379
بلوز زنانه خالدار,5094155,1419929,1439902,5647877,14142903,7866153,5024683,12698831,7971987,10334804
بلوز‌نوزاد,4176147,12534042,1419929,1439902,14142903,5647877,7866153,5024683,12698831,7971987
بلوند کردن کرم,2487676,769897,2508215,5243806,3037932,769936,770458,12096037,1031600,8384974
بلووزداامن للی,100000,100000,100000,100000,100000,100000,100000,100000,100000,100000
بلیا اکسفولیتور,100000,100000,100000,100000,100000,100000,100000,100000,100000,100000
بمب ارمب BTS,5073943,10401049,9151882,100000,100000,100000,100000,100000,100000,100000
بن تن دیوایس,3565413,6174930,3250980,7561829,6413628,2843125,7082269,7722811,8478693,7722876
بنانا فِلِیوِرد آدامز گام,9283557,3373841,10282482,8935597,5063472,8933878,4536365,4544134,13504571,22437
بند  سیلیکونی طرح نایکی,9350358,767440,3673743,1001967,2009530,7221008,15045013,6095651,16026610,14890627
بند MI BAND 5,8759938,3426902,10784902,3232170,2058772,5173333,8225657,8928806,7185823,2378379
بند galaxy gear s3,6998327,404028,734233,7156850,219824,7185360,3950345,12204734,4931849,844531
بند minand 6,8759938,5173333,10784902,7185823,12227792,14007389,4844701,129911,3232170,870053
بند آویز پستانک,6588022,3211073,2584390,9337800,6544907,3755533,4621360,14357221,13576868,10982349
بند آوییز,2058772,8759938,5173333,3426902,10784902,8225657,12950074,7294241,13580657,12520106
بند اسپرینگـ,2058772,8759938,5173333,3426902,10784902,8225657,12950074,7294241,13580657,12520106
بند انداز اکسیژن,4860558,9904889,11695682,12603987,9909994,2535703,13569337,1049010,17449743,9422726
بند اولترا سامسونگ,5132167,7477029,11001700,4931849,13300475,3950345,7200364,2873855,7221008,404028
بند اویز گوشی A10 سامسونگ,6252788,12018001,3029173,13079048,10982349,2260890,1537340,13692930,1967359,6972627
بند اپل واچ سری۳,17093058,451963,1034194,493952,7802326,6833552,10842479,6799594,2682335,9350358
بند رخت دیوار هتل,7668670,4051553,8754590,4844701,437099,7294584,12293267,14952371,6292647,2999253
بند رخت مهر,7668670,4051553,4844701,437099,7294584,4137364,12293267,6292647,2999253,5549870
بند ساعت gtr 2e,5121640,15533994,10654402,7463956,10011361,13098387,3950345,14990284,10901262,4931849
بند ساعت rs4plus,13098387,3950345,14990284,10901262,4931849,8220841,14007389,14337860,12950074,14989716
بند ساعت الگانس مردانه,8671788,13210372,14406703,4977840,8708852,14890627,10288925,1032542,10965871,7494692
بند ساعت اپل واچ آبی,195987,17093058,451963,1034194,493952,7802326,6833552,3432901,2046840,10842479
بند ساعت سامسونگ 6 کلاسیک 20,14007389,7221008,12227792,4931849,3950345,12722910,10901262,2873855,16576316,7143678
بند ساعت مچی دخترانه ی ساده,9851720,5592158,12609686,12543936,14890627,12722910,10288925,8708852,1032542,10246718
بند ساعت میبرو T1,15946642,8627851,9260208,7540371,16740022,11171746,847989,13098387,3950345,14990284
بند ساعت هوشمند اپل,3532121,9423172,3432901,9475069,2046840,12836450,214841,12837600,3950345,13098387
بند ساعت هوشمند سامسونگ active,6420791,7156850,14007389,14337860,3532676,2349276,13098387,8220841,13364523,12402554
بند ساعت گلمسی اکتیو۲,13098387,3950345,14990284,10901262,4931849,8220841,14007389,14337860,12950074,14989716
بند سر پسرانه,12522765,9371896,13134598,7338292,12126072,139696,10479854,6805910,7503155,7553658
بند كاور گوشى,13609766,9423172,11027464,10982349,11591916,3618324,11338392,13206067,15180044,5083551
بند موبایل طرح النگو,16216627,8384280,8135591,10017891,11467012,9112432,12087821,9837973,9687535,12659199
بند موبایل طرح گل,13289523,1806576,13988661,9687535,9508030,1547423,1084233,3127072,6240057,1730311
بند موبایل مدل 01,8801219,3618324,870053,4765687,5190171,7929551,13227880,14803529,2393637,9548373
بند پارچه دی ساعت هوشمند,15533994,3950345,13098387,2873855,12950074,14990284,9439376,4931849,8220841,13580657
بند چرمی اپل واچ44,6799594,2873855,12722910,8671788,7463956,3159240,8708852,17093058,451963,1034194
بند گوشی اپل واچ سری 10,17093058,17323155,9350358,10435768,451963,1034194,493952,7802326,6833552,9636699
بند ۵سانتی,2058772,8759938,5173333,3426902,10784902,8225657,12950074,7294241,13580657,12520106
بنز دوربین iPhone 13,9736403,8739501,9826102,10860775,6943614,7836765,6781339,10343254,9545062,9947773
بنیان اندیشی,12717254,3551157,1421031,3542035,3536591,100000,100000,100000,100000,100000
به ترتیب پرفروش ترین کالا,2540855,2562643,2479307,6159749,8197472,104851,983371,2973194,512798,9978291
بهار ازادی طرح جدید سکه,14265961,13344920,12663728,12663531,15325496,12004587,6012977,11329050,563506,3882961
بهار فلفل,11402645,4536943,5146566,3171012,881466,11711364,1062572,5261472,13344920,862511
بهترین قصه های نماز,4990008,6510095,11252935,9824111,449113,1740320,7655830,5389299,17035271,277570
بهترین مدل ضبط پایونییر,4248271,2732077,3951436,9824111,11474358,1901258,11005168,161693,9507554,4990008
بهترین کاور گوشی اس 23,8520254,5883355,9370,7156439,7946629,9824111,13158377,4990008,2562643,11923642
بهترین کتاب های بدن انسان,5883427,2074913,4990008,6744212,9445237,9824111,5597339,2562643,12089424,4197457
بهترین گوشی های تلفن,14645,9824111,10742703,10100238,4268372,7989717,3177340,9033884,13144366,7542983
بهداشتی های نوزادی,9446010,3833118,6841625,9086639,157448,9045018,1513702,13325975,10960911,7572898
بو یو بالن,4800187,10229247,10749077,61733,1697751,9439931,7396534,10063253,10934087,101399
بورد بورد,6327884,8972866,17447318,2107119,1699984,2290169,766062,6122666,5651845,3280349
بوروس دخترانه,14757100,5616229,1350873,8699409,5255132,1924214,15319503,9984477,9016025,4626274
بورژوا هلثی,9063764,272669,100000,100000,100000,100000,100000,100000,100000,100000
بوریج کبینت,100000,100000,100000,100000,100000,100000,100000,100000,100000,100000
بوستر اوتوماتیک,1794383,8830358,15639524,8044249,8474909,11347963,9970279,10648133,5890764,100000
بوسک,100000,100000,100000,100000,100000,100000,100000,100000,100000,100000
بوش دنده زنجیر,8230805,2504677,7780382,4341832,10571093,3520814,10591265,31739,31744,155792
بوش سرکمک,31739,31744,155792,3587005,7162164,227680,6293939,2404977,8211935,6159749
بوش پیستون قائم,2040547,7638641,7393072,1454599,7961102,1765544,6461093,6274512,8772003,31739
بوق  18 صدا,7674446,12093910,6858748,7640481,4087377,8101679,10943918,8634278,4248271,2732077
بوق حلزونی رگ باری,7640481,1473156,11966450,913351,4087377,6858748,7674446,8101679,13948193,12093910
بوق موتور سیکلت مدل honda,12666445,3061662,1473156,996559,1476125,996546,6706357,1910538,9126936,5091908
بوق ۳۹۰,7640481,4087377,6012268,6858748,7674446,8101679,12093910,10943918,8634278,3688275
بولوتوث گردنی سامسونگ level u2,1967885,14803529,10283219,2562313,14357221,1860173,9027096,4183245,13656268,7858136
بولونیا برا حمل ماهی,3777155,4276171,14109551,6137952,6840624,2442889,6166323,37948,7252956,4458966
بوم نقاشی TZ_1,3604908,71757,1714950,8984756,4941927,14168666,979954,10426980,367650,6829003
بوکس صعتی,4242832,6755271,2084566,6916217,14036003,173977,3328280,3032501,6554716,3431953
بوکمارک,9358503,100000,100000,100000,100000,100000,100000,100000,100000,100000
بوگیرژله ای,4016744,9302065,7706929,3475356,3229989,10324772,7619749,7660864,2417088,7477029
بوی اند گرل دالز,7943088,11640402,3400272,8449800,7554094,9937384,12081253,749119,9375148,7414717
بویز کامفورتبل کلوز ایج ۹,6366778,17673143,6643424,3379854,7546584,17048438,6976199,5057153,7855065,2926894
بِرد فود بول,2522912,7964468,8924210,6060757,13342125,100000,100000,100000,100000,100000
بِنِلی فیول تَنک اَکسِسوریز,100000,100000,100000,100000,100000,100000,100000,100000,100000,100000
بِیبی کَریِر,100000,100000,100000,100000,100000,100000,100000,100000,100000,100000
بچه های خاص خانه,2098873,8461297,11196311,1740320,7541003,7655830,11079523,750182,3225586,142327
بک کاور گوشی pocox 5 poro,9180929,9926413,762716,2836228,7787605,10662801,5480232,12359107,5579648,12602622
بک کاور گوشی سامسونگ galaxy s23 ultra,11152854,12179628,14673891,11077209,11165930,11107580,10461570,10812024,10704537,10838305
بکا,1908895,100000,100000,100000,100000,100000,100000,100000,100000,100000
بکاور مای کیس گوشی,6927431,8912525,11380127,11853696,9515946,88205,13281648,13281581,5327024,2136850
بکس سایز ۳۱,2027272,7368232,15165767,8945874,4533964,12337287,12488839,2290169,13525678,17048438
بکس ستاره اسکای ۱۹ تکه,12337287,13525678,10235208,4575062,1070702,7240959,3204480,13583566,7127873,14274757
بکس هدیه بزرگ,4285398,10853306,4729870,15414041,2969980,11081720,8325058,2153646,2279846,7472092
بکسل بند آسانسور,7322577,1664086,9514127,7197935,7367140,9673310,5529084,12453378,14994969,2058772
بی ان دی,3055850,6586610,12215001,8616817,12233629,9133186,10544388,3008807,132763,8492349
بی اِم دابلیو سِوِن,6555192,12981618,6586610,7427170,897119,1522463,5059385,990229,9209819,6745354
بی بی کرم تامیلا,7759454,7902729,632362,3008567,767271,1010147,4953123,12431846,5753864,6555192
بی بی کرم سینره ضد آفتاب,77859,12431846,183282,1645222,1644680,4953123,5753864,78069,81887,8317281
بی سی,457018,7619749,7477029,3554505,2920743,15110674,7855730,6865216,10324772,12934720
بیبی گیفت کندل,13877869,12503628,9665556,6902007,4440027,6535145,2103408,8897333,3211073,8961486
بیتروی,7422589,12586759,6833947,6522340,15610484,11042962,6834112,8267157,8267433,100000
بیزنس سان اسکرین,17484673,10368784,4889975,7456369,4393555,2776580,451449,10170605,82004,10127608
بیس کت ناخن سالن,12778369,13924135,9375158,3382496,528971,3179358,5060776,626412,1333664,3046384
بیسوس انکوک دبلیو تری,9962550,9209819,4878943,186930,9838220,2851286,8993529,3758086,4061084,12895905
بیسکویت های بای رضوی,8516675,9568957,10527270,8227563,7178449,873644,6834237,10057487,12801663,3150946
بیسکوییتnestle,100000,100000,100000,100000,100000,100000,100000,100000,100000,100000
بیسیم ها,7967010,11648662,2099553,521444,5141029,13278490,8758331,9491291,1416506,6766386
بیل باغبانی دسته بلند,387077,1121885,391659,522714,15055116,14214103,9080792,9192745,5660946,7313352
بیل دوکو,10646996,9080792,10229247,1121885,9192745,391659,7313352,15055116,10546897,8043959
بیل میکانکی کنترولی بیظین,9080792,1121885,9192745,391659,7313352,15055116,10546897,8043959,4013845,522714
بیل و کلنگ,7313352,9080792,1121885,9192745,391659,522714,15055116,8043959,10546897,4013845
بیلدینگ اس بی,632362,7855730,3536591,5921549,2648343,5883355,5128268,7715987,451234,1140660
بیلچه کوه نوردی,395762,396033,402991,681270,15066799,522714,100000,100000,100000,100000
بیک سبز,2714488,16805847,3686782,893346,2293034,55619,961915,50675,55610,4971284
بیگ بویز واچ,729661,8506272,6833552,17093058,451963,1034194,493952,7802326,8934618,8964300
تءوفیلین,100000,100000,100000,100000,100000,100000,100000,100000,100000,100000
تابان پات,2867889,12590052,7504753,100000,100000,100000,100000,100000,100000,100000
تابلو  اسسین,5294475,715826,1938864,7776542,4462913,1689549,7480168,11055808,9791693,9462785
تابلو اطاق,5294475,715826,1938864,7776542,4462913,1689549,7480168,11055808,9791693,9462785
تابلو ال ایدی سوپر مارکت,2694484,2103408,7086780,6230137,1663833,2407152,4173214,2405229,13568527,12754374
تابلو بالوتلی,5294475,715826,1938864,7776542,4462913,1689549,7480168,11055808,9791693,9462785
تابلو تاکی تاچیبانا,11026661,717800,9491291,5294475,715826,1938864,7776542,4462913,1689549,7480168
تابلو جلو موتور سیکلت بهرو,10649152,3797495,3376676,3299334,984839,8230805,8098125,13537847,4972087,12283380
تابلو جی تا ای,7974645,1045063,3229989,15445255,5195847,2351153,13944827,10669490,14214555,1663833
تابلو دلار و سکه طلا,13344920,12004587,14265961,3902127,12663531,11329050,15069967,12663728,11623178,1115690
تابلو دیواری فلزی نستعلیق,4776132,11055808,14844701,1714950,4621203,7383699,8836315,12122174,7771001,699252
تابلو شاسی بکلیت نقاشی,7078118,10153869,10020794,10372606,12487138,13969150,10367325,11684113,5294475,8828520
تابلو شاسی تیم لیور پول,8359836,10372606,10367325,5294475,9462785,2220861,7289974,715826,797508,6103339
تابلو شاسی حاج قاسم,4171242,4236184,5130838,5294475,9462785,2220861,7289974,715826,797508,6103339
تابلو شاسی روز معلم,10974940,10462829,4188595,15284231,5294475,9462785,2220861,7289974,715826,797508
تابلو شاسی طرح نئون تایپوگرافی,14445815,9462785,6140203,2220861,7289974,6103339,3366928,2032757,1522463,7344545
تابلو طبقه ۲,6571417,8972749,3308038,5080783,3307928,12043381,10653182,8433389,10360705,9899588
تابلو طرح امیرالمومنین,1938864,9791693,9462785,2220861,7289974,1714950,1767570,6310093,4621203,6103339
تابلو طرح جنگ ستارگان,17147408,4530471,6168141,13844762,12640514,687603,4359657,1938864,9791693,9462785
تابلو طرح خداوندا مرا آنده,9396692,9648168,37261,1938864,9791693,9462785,2220861,7289974,1714950,1767570
تابلو فانتزی ساده,14301017,7174648,7813657,5294475,9593956,715826,1938864,7776542,2255843,4462913
تابلو فرش اللهم عجل لولیک الفرج,7949615,7163743,10550567,13546272,9293619,11592187,6214663,9004905,499812,1968301
تابلو فرش علی ع,13546272,12020076,1938864,9293619,4776132,1081470,11592187,4087034,6214663,7219645
تابلو فرش هدیه,9293619,13546272,10462829,10974940,10244388,11592187,6214663,499812,1968301,10739444
تابلو مدل اچ پی,6745754,383320,198810,1804403,67348,2144669,1752231,7275212,4894554,2925288
تابلو مدل برلین خانه کاغذی,12494021,3930337,10134957,14756572,13323415,9841733,750182,874254,4681991,10653284
تابلو موسی,6366493,5294475,715826,1938864,7776542,4462913,1689549,7480168,11055808,9791693
تابلو مینیمال دختر,12225545,4558232,601784,12436562,8984751,15457903,13231368,3178498,14977026,14008542
تابلو نشانگر کازیوه,6571417,3844616,4473720,11393731,4737240,8489421,410800,7948519,7900737,116816
تابلو نقاشی تذهیب,1689549,9791693,1714950,4558232,601784,3045099,7765654,2055943,1420638,4359657
تابلو نوری رمانتیک,4683813,15961661,14643773,699252,699190,11684113,14043492,8828520,4240284,33751
تابلو نوری طرح اسم اسنا,14643773,11684113,14043492,7596488,8828520,15961661,699252,699190,7038535,14821528
تابلو هری پاتر هافلپاف,4131389,6633877,8376289,4683221,3337746,8133531,3792937,8054296,9200427,10591134
تابلو هورایزون,5294475,715826,1938864,7776542,4462913,1689549,7480168,11055808,9791693,9462785
تابلو ورق طلا بزرگ,3045099,4286957,768250,3598086,15292177,3875383,8924210,58060,230423,9464418
تابلو کشاورزی,869662,4011667,4516407,5294475,715826,1938864,7776542,4462913,1689549,7480168
تابلو کوچک با طرح فیلم ها,1477921,4941927,9791693,8836315,7596488,3877162,9396692,1663833,2407152,4173214
تابلوی فرزاد فرزین,22437,207314,1663833,2407152,4173214,2405229,2694484,3444932,5598466,100000
تابلپ بی,6555192,12981618,6586610,7427170,897119,1522463,5059385,990229,9209819,6745354
تابه دسینی تک دست,559657,4139549,10315842,1741020,468478,1626562,3306409,3429963,9270795,3213581
تابه سايز ب,3429963,9270795,3213581,1804262,349378,616284,559657,12448393,838819,10492051
تابه نااینو,3429963,9270795,3213581,1804262,349378,616284,559657,12448393,838819,10492051
تابه و قابلمه مسافری,14165526,3429963,4197917,9270795,349671,349676,59132,157908,3213581,1804262
تابه وک عروس,6998270,349378,5425937,348971,349671,349676,8889337,348880,3664741,3429963
تابه پیرکس نرک,7645771,927004,4112193,3429963,9270795,3213581,1804262,349378,616284,559657
تابه گرانیت سایز ۴۰,3429963,9270795,3213581,9334589,1804262,349378,616284,559657,12448393,838819
تاتامی برای ماساژ پا,4321877,4452500,1827485,12083352,4528466,464143,8348280,808546,707892,17097822
تاثیرگذارو کلیدی شو,3085247,4762789,814388,15806224,411716,10839017,7735830,12179628,8339334,3981709
تاج  ال سی دی  گوشی,5072153,8677650,5306528,7239286,6926013,7237459,7235784,1652460,16693891,6660785
تاج ماشین شاهین,3461612,10460461,649278,9715350,8297769,4844701,14500350,5157251,3393386,13279036
تاج نفرین,16987646,10460461,649278,9715350,4844701,15786472,5720281,11400727,912146,10598374
تاج وال سی دی سامسونگ j7,6660785,8463637,321303,1734256,791053,7237459,98090,16693891,9361439,5477084
تاریخ دهم گلبرگ,109449,8895878,5235672,5170007,7823273,113181,708556,9830425,7697832,7301351
تافت اسکارف,7249943,804925,125987,1629774,1117985,1115222,8392989,9570967,12447072,100000
تافکو,9408316,9412499,9369558,10635486,100000,100000,100000,100000,100000,100000
تافی چند رنگ,8398100,10630903,1898820,9359293,7096623,11640402,11421317,8812256,9033542,6136694
تامفورد وانیل تنباکو,5657926,4437935,7143480,8255777,9568957,1144060,7556398,596481,6054997,4041666
تانک دایناسوری,2636930,5321832,9132888,8890436,3627522,728521,100000,100000,100000,100000
تانکر آب پلاستیکی,9075982,7745780,970214,536385,10842381,7623593,780485,7652374,91264,795371
تاویزیون سونی x90l,1287,191846,958,91013,8683837,9248424,21010,106912,482,9563950
تاپ بافت زنانه نسکافه ای,16953652,6821872,786933,4214565,2682750,9770679,12844753,6503651,1031600,12928230
تاپ زنانه کشی,11699458,6920192,17401644,2854925,2980913,2380620,8399546,7802294,2307028,634636
تاپ فیس کانسیلر,12788457,12988358,4284200,998156,5929763,5363992,8595642,378242,735954,735953
تاپ و شورت خواب بچه گانه,555591,1020800,839813,2520167,173977,702522,705153,695191,4883013,1496004
تاپ کات pony,679780,11562239,9177635,14633627,2808706,3576842,9770679,11274192,7033256,6575181
تاپر کیک طرح دسته پلی استیشن,4480066,11098166,14868843,3311285,4583999,3181786,4251866,3140001,6419280,2873984
تاچ ال سی دی سامسونگA7 2016,7239286,5306528,7237459,7235784,6660785,8576669,8609452,5477084,7878508,7886431
تاچ ال‌سی‌دی هواوی نواپلاس,7235784,8576669,8609452,7239286,5306528,7237459,5477084,7878508,7886431,8402173
تاچ تی زیرو سِوِن,5432465,11644793,494731,12838592,17484673,13478258,1980226,15233659,9736657,7239286
تاچ و ال سی دی موتورولا g60s,7239286,5306528,7237459,7235784,8576669,8609452,5477084,7878508,7886431,8402173
تاچ گوشی galaxy فقط تاج,13376228,7237459,3555528,5477084,7878508,7886431,8402173,13832231,5475713,8463637
تاید پی اس جی,9370,3573411,5921549,2831303,7279987,1745410,14364592,6557779,9585969,14081992
تایلامی ۱۰۲,4039824,17536916,7228711,3955299,4284200,7983359,3387748,11727269,10631706,4402895
تایم دایکو پراید,10405688,4114266,8841716,263790,3305777,1490799,3246519,11414941,706778,9863906
تایمر غذا ریز,7833858,3693404,9457871,4684411,616505,8735420,2667217,6944449,9665329,875736
تایپ سی تو وی جی اِی اَداپتر,12782977,12856922,3349803,12103422,4726071,4951030,6286333,10204601,8913462,13810500
تایپس آو اسپیکرز,5320165,8259371,8200558,6493748,10453614,10392705,4209856,12379255,5006635,7363962
تبديل hdd به ssd,7117020,1891472,3346503,4270768,10358668,1577264,640031,509122,6105665,6228161
تبدیل hdmi 1به 2,1744686,11465019,517430,9054600,9943533,2102520,178762,4270768,209841,640031
تبدیل hdmi به سه فیش av,828267,780798,6993065,1744686,8054249,517430,405946,11637009,744279,9054600
تبدیل بارانی پارت,6853226,3733807,6895860,6299689,686339,6828779,6914027,476084,5155480,4231919
تبدیل بازی دسته پلی استیشن2,6228161,766574,14868843,4583999,6419280,8387744,5652871,13359318,11362304,4226290
تبدیل جا فندکی ماشین,13040232,492022,3358668,308442,12198072,14703809,379621,8054513,7825011,158073
تبدیل دریچه گاز ب منیفولد,8421844,8577074,5885141,15585921,10529944,7922580,6997735,3286166,3935371,806089
تبدیل هالوژن,15118188,12590052,12527987,4852495,4361267,11558570,13917758,653921,11707656,5885141
تبدیل ینی فرز به عمودبر,8051771,7760694,8685101,8971127,3346503,4270768,10358668,104706,7193606,1577264
تبدیل ۱۶,10911730,14365697,5253135,5133583,14794205,4506710,5093286,10521206,3426975,10593941
تبدیل ۲ به ۱ کواکسیال,4270768,4544872,780798,3107660,3829603,3592513,286907,9113515,8191411,7484546
تبدیل ۶ پین,3346503,11912073,178762,3314049,2770901,492022,6267673,3053607,254666,653921
تبریز جلوی روشوی,1035399,9655956,12558561,10305497,323714,6233264,4875708,4459431,5961873,7644331
تبغه برف پاکن,3600742,10082867,577147,14126372,7906591,8930873,2308497,6446757,3269571,1489256
تبلت redimi pad se,13345807,14079846,11636446,14546674,17038129,11625784,12965773,12104111,9820263,9457871
تبلت ارزانترین قیمت نو,3030255,208976,2846485,3009257,16233414,3038837,4582181,1828208,9178615,433458
تبلت استوک,8313758,17154107,12961647,12090699,11636446,112103,684396,437766,3381852,1095317
تبلت جادویی رنگی 8=5,1456632,14351770,11636446,961448,52727,1468592,5668815,785604,1584616,429720
تبلت ردمی پد شیامومی,5189,50375,49197,7983566,416524,48690,2505460,2960094,797396,7501115
تبلت سامسنگ اس۶,11636446,112103,684396,437766,3381852,1095317,6505618,5189,8673314,22657
تبلت سامسونگ  ۱۲ اینچ,893929,14130420,9936864,17038129,14176713,12910731,9937001,437766,14514895,816135
تبلت سامسونگ Galaxy Tab A7 10.4 SM-T505,3851079,3699809,7183359,4000803,6206347,8653138,7182933,6389978,8729265,6438632
تبلت سامسونگ بزرگ قلم دار ظرفیت 512,1628998,9936864,109633,2886609,2509581,2478560,6438632,144626,3699771,14175877
تبلت لنوو Tab M10,7397727,11813652,2793594,3329993,3528213,2887055,3307683,6389978,2478560,6438632
تبلت مرغوب قیمت مناسب,14340942,11636446,7397727,14830905,3528213,6272453,6389978,408268,14546674,6445102
تبلت هواپی,11636446,112103,684396,437766,3381852,1095317,6505618,5189,8673314,22657
تبلت پیانو instrument,6272453,9061987,11353022,800503,12487138,49393,7970728,8680062,49414,533315
تبلو رزا پیشرو,435849,223276,340581,8189210,518389,3676668,13999587,15470725,15376246,100000
تبگیر برقی,11572853,10691718,12522411,1098476,12083352,10226806,14467723,4262763,6996746,6507549
تتخته بر,8506272,8520881,210621,6991847,668821,108540,9706590,9464418,3852727,8561802
تجهزات فلزیاب,11794406,12225353,100000,100000,100000,100000,100000,100000,100000,100000
تجهيزات حيوانات خانگي,2615017,2159526,1683331,2534522,9480418,317579,2421914,7920573,12986138,278724
تجهیزات استودیو  خانگی,3578808,1440386,7950942,1135071,9480418,317579,765991,7920573,12986138,278724
تجهیزات ماشین تخت تاشو صندلی عقب,1709177,3185423,8720704,5841105,13117072,9500427,8990652,6170447,14210868,11315279
تجهیزات پزشکی آرنج بند,907973,7885469,14037723,1547931,1718585,7858686,3592513,5893341,3348511,52753
تحت فشار شلینگ,5075705,5241775,566235,384444,3291393,384314,257884,384900,384397,8908327
تخت باکس دونفره,6923355,8771613,6562476,1991176,10061052,1879360,12868672,13117072,1896597,1922110
تخت خواب  یک نفره بچه,11185198,8293985,11090329,9279485,2480888,1922110,8753543,1879360,1896597,4949404
تخت خواب برای اتاق کودکان مبلی,7735830,11185198,8630516,11090329,8293985,12536422,4949404,8771613,13117072,10229247
تخت خواب دخترانه رنگ سفید همراه با دراور و میز,1709945,645600,3653594,1060345,8884664,1879360,11056384,5028427,1896597,1922110
تخت خواب دخترانه یک نفره و بچه گانه,11185198,8293985,11090329,9279485,2480888,1020800,1922110,8753543,1879360,1896597
تخت خواب دو نفره دیپون,13117072,13202510,2793838,4949404,1991176,11185198,8293985,11090329,9279485,2480888
تخت خواب نوجوان دوقلو,11185198,11090329,8293985,4949404,8771613,13117072,8884664,2793838,13202510,1991176
تخت خواب یک نفره بادی,11185198,8293985,11090329,9279485,2480888,1922110,8753543,1879360,1896597,4949404
تخت خواب یک نفره باکس,1922110,1879360,11185198,1896597,8293985,11090329,1991176,9279485,2480888,13117072
تخت سنتی چوبی قهوه خانه ای,9664474,7983850,8987925,8111781,816022,4369668,3791190,3446756,12828494,220980
تخت شاسی طرح شینوبو,9722881,9774941,9462785,2220861,7289974,1122015,6103339,3366928,2032757,13011193
تخت وکمد  نوجوان,11185198,1122015,11090329,6923355,11461192,8293985,8771613,8884664,5248502,13117072
تخت کودک عکس فوتبال روش با,6453152,6211018,495979,1122015,9824111,2069609,5248502,6923355,2921252,6867028
تخت یکنفره کشو دار,8884664,13545295,11185198,11090329,3322371,6413628,645600,1838111,9764007,11525184
تخته برش آشپز خانه,51517,9868369,11557922,77326,6152102,750182,13011193,7788990,5022247,3891080
تخته سزو پیتزا,4395224,3068985,3499111,210621,1708587,108540,11676603,13011193,7788990,5022247
تخته سه متری,323714,1035452,966594,2044653,13011193,7788990,5022247,380267,3891080,4234289
تخته سیاه طرح سایز,2777286,3891080,3828058,9233353,13011193,7788990,5022247,13938626,9739194,572256
تخته شاسی بهاری,13011193,7788990,5022247,5211128,13938626,267856,9739194,717455,2949596,6859988
تخته شاسی عکس۴۰,13011193,7788990,5022247,5211128,13938626,267856,9739194,717455,2949596,6165750
تخته شاسی کیوت مدل سگ,13938626,13011193,7788990,5022247,5211128,267856,9739194,717455,2949596,6165750
تخته لگو,4530267,4681991,14249606,6168141,12615690,906308,11255090,8133531,216219,114843
تخته پاکن,577147,14126372,8930873,13011193,7788990,5022247,3891080,4234289,3828058,11557922
تخته پی  وی ویسی,11560035,10471936,1552186,5150034,521121,7618225,7781648,1026247,13011193,411716
تخته چرخ گوشت,4885876,11767162,11413824,11413479,1498412,11557922,4980704,9390573,1596265,2148347
تخته ی مهرهی,13011193,7788990,5022247,3891080,4234289,3828058,11557922,572256,2777286,9233353
تخفیفات,7897714,100000,100000,100000,100000,100000,100000,100000,100000,100000
تخلیه زخم,691040,3500394,8004738,6365957,5656137,361048,10397098,983409,11475653,6514401
تخم مرع رسمی,1949098,813564,27958,4631112,753063,14064257,13925002,27957,4893128,10546102
تخم مرغ ابپز کن,27958,4631112,1949098,753063,14064257,13925002,27957,10546102,561073,8317899
تخم مرغ سیمرغ,27958,4631112,1949098,753063,14064257,13925002,27957,10546102,561073,8317899
تخمه کدو زربار,880906,460362,10864424,1515290,880451,880521,766975,100000,100000,100000
تخم‌مرغ تریینی,27958,4631112,1949098,753063,14064257,13925002,27957,10546102,561073,8317899
تراز دستی بزرگ,363346,9342140,10040160,1099886,376525,104262,174943,8322527,5812779,7208436
ترازو body care,9446060,13276121,8516352,3953015,10359323,2488852,13010219,5234940,1503086,7807071
ترازو فنری,13276121,8516352,3953015,10359323,2488852,408640,5556954,219969,13010219,14757059
ترازوی اشپزخانه گرمی,9203226,7283666,4383345,8912519,545029,2488852,3784786,137894,728621,3872759
ترازوی دیجیتال ۴۰,8912519,2488852,14542798,9203226,7283666,4383345,221364,12371948,202011,7477767
ترازوی زعفران Dm3,2901148,14132756,9203226,4179102,7283666,8838317,6264383,753357,730392,6196186
ترازوی طلایی کشی,9203226,7283666,4383345,8912519,1498932,9864095,5920856,5483508,4647335,932459
تراش برقی با یو اس بی,5128268,7715987,451234,9439931,7396534,372161,3333664,8193958,5350930,5796314
تراش مداد بزرک,4622727,726734,304410,1573576,2414238,1416631,396033,8328373,11266930,12367945
ترامپلین کوچک,11476645,156181,14010886,3185092,591929,17085140,131646,9182371,173977,73969
ترانس اجاق گاز البرز,12186100,944397,8318946,13673427,937913,2097496,11888964,4975465,3419880,13804761
ترانک,16991856,100000,100000,100000,100000,100000,100000,100000,100000,100000
تراول اکسسوریز,7237606,7951437,2205733,3346510,9894892,9980686,13502385,10891485,10462797,4351400
تردمیل دینامیکی,578192,7591916,100000,100000,100000,100000,100000,100000,100000,100000
ترل جی وای,12686619,8919809,4991745,15030810,7230405,8313097,11591625,9060954,6849774,13287099
ترمال اسپون,100000,100000,100000,100000,100000,100000,100000,100000,100000,100000
ترمو اسلیم امیتیس,379015,9265137,9314740,8756257,15105445,13942891,5725565,14348920,4279077,1804837
ترموستات trd,14165122,5112407,3989214,8169830,4488066,1695565,7291061,2089139,1710707,4355056
ترنر دست گاه جوجه کشی,1680783,5483508,2421914,5478241,1761982,15319527,1498932,1481699,16755006,12143102
ترنسپرنت پلاستیک دسک پنسل هولدر,1668788,2901096,4916098,921961,923971,714308,466066,638338,6413628,6753202
ترهزو آشپزخانه,4202907,9203226,8511358,155792,7800937,5364951,9178314,7283666,8563832,13338974
ترَوِل اسپایس کانتِینِرز,100000,100000,100000,100000,100000,100000,100000,100000,100000,100000
ترکبند موتور,2706820,13261519,10260791,996559,12774881,12217516,3797526,3797495,8884238,614287
تری پوینت تری مایکروفارد کپسیتور,6556299,9962550,9838220,3758086,73006,2191842,5500776,4682127,806525,9423141
تریکو تدی,9572398,5027766,9941383,10784475,5555879,9108471,12282998,11974409,12642977,12448026
تزئینات موتور سیکلت,996559,1476125,996546,6706357,1910538,9126936,8428516,5091908,1968037,14580856
تزئینات کیک,619874,6748998,757630,1808733,2712971,2841404,9953477,795328,7288466,7381924
تزئینی اتاق بزرگانه,5610808,4886795,8721153,8658743,5895194,8630516,1139534,3050985,6998606,12536422
تزئینی خودرو ۱۳۱,7793333,11473694,6212262,9136299,152741,9857792,5070528,15028893,2967739,9221710
تزعین برجسته انیمه,4661330,9036295,8836315,7237753,15961661,7771001,16522900,412370,11699280,6978184
تزینات عقب۲۰۶,100000,100000,100000,100000,100000,100000,100000,100000,100000,100000
تزیینات اکواریوم مدل خانه باب اسفنجی,10520790,5345214,995626,5928924,9563541,4574855,9588832,10280312,3997038,8960732
تزیینات سواری ساینا,2668036,6424828,5654096,4257853,3875573,4437935,7294622,7747034,4196851,11872182
تزیینات ماشین غزال,10891714,4437935,11872182,8112340,9578637,9110721,2315399,12325010,8844118,8587723
تزیینی روی یخچال,7859766,6884317,6884403,7234165,13652157,6048427,130792,6547871,9434505,130809
تسبیح منگوله,4279624,6343668,5575468,3563723,1101531,17145362,11072804,100000,100000,100000
تست ریاضی مهر و ماه رشته تجربی,2945800,909042,4544134,6701468,2958837,6196537,11305219,14985956,3523514,2701359
تست قندخون قیمت آوان,3186254,2394321,981681,6586232,4362497,667372,2830753,4748512,861406,9788096
تست نوار قند خون امپرور,8977576,910280,667372,60962,3186254,4904769,4748512,12229635,4362497,861406
تستر است بازی,2811369,5403851,3740380,4390181,1112597,2664209,9603981,2155313,5598466,3399580
تسمع ولانچر فرفره,5345214,7293937,7775792,9513525,11340226,637410,5762765,10952084,7708987,10022247
تسمه بکسل باسل,14994969,5529084,1664086,3998323,9514127,263790,4117177,7322577,7275002,4114266
تسمه تایم glx,263790,4114266,3998323,4117177,10405688,8841716,6914027,12889866,9863906,4122899
تسمه تایم اپتی بلت ۲۰۶ تیپ ۲,2725014,3998323,7566381,12889866,8841716,263790,4114266,4117177,10405688,3984726
تسمه تایم دایکو مدل 94187,4114266,10405688,8841716,263790,3998323,4117177,6914027,12889866,9863906,4122899
تسمه تایم پژو۴۰۵,4122899,263790,4114266,3998323,4117177,10405688,8841716,6914027,12889866,9863906
تسمه دینام کره ی,7590054,4124977,265143,7278242,793203,11098593,6736967,3998323,11214778,263790
تسمه کولر آردی,1563662,7478582,3860866,11098593,5316473,6854553,3998323,263790,4117177,7275002
تسکو مدل ts23030,2763820,7799532,5416769,11476078,158516,1150578,5813507,7857132,3226472,192387
تسکیت برقی,11572853,10691718,12522411,1098476,12083352,10226806,14467723,4262763,6996746,6507549
تسید استئاریک,10398156,100000,100000,100000,100000,100000,100000,100000,100000,100000
تشویقی گربه اسنک مغز دار مرغ پنیر,12236024,11653354,4510377,8891940,7124918,11109291,463993,3499111,1017501,1926935
تشک آبس,10791514,10691718,11705509,4103399,361048,7568031,2410351,7645751,983409,10112729
تشک اندوکس,10791514,10691718,11705509,4103399,361048,7568031,2410351,7645751,983409,10112729
تشک تخ,10791514,10691718,11705509,4103399,361048,7568031,2410351,7645751,983409,10112729
تشک دونفره فنر منفصل,7568031,11705509,7645751,12536601,8440356,5841076,1411709,12868672,6923355,10791514
تشک رویال فنر میکرو دونفره,5841076,1411709,7568031,11705509,7645751,12536601,7317800,455271,6991694,5628638
تشک سی سانتیمتری فنری 2×2,2408697,7805647,8827825,1896597,1922110,8494398,435451,7359906,7548711,947963
تشک صندلی عقب سمند بابل کارپت,5035983,7652491,2929216,165896,12499009,143587,143990,11653870,4089012,143606
تشک طبی رویال تکنفره,7317800,5841076,6991694,8652662,1411709,2408697,7805647,5628638,8827825,1088342
تشک نقاشی,10791514,10691718,11705509,4103399,361048,7568031,2410351,7645751,983409,10112729
تصفیه اب تایوانی سیلور ایکس,4944170,8848644,7902972,7967451,2414671,7033494,6116245,886651,4104881,12886626
تصمیم,16826326,100000,100000,100000,100000,100000,100000,100000,100000,100000
تعبیر خواب فروید,37908,11185198,11090329,8630516,8293985,5995863,2934337,3904662,1991176,8891280
تعزینات نیسان زامیاد,13569337,12534060,12554568,14804094,12499009,11125380,6967975,13977357,14453371,13191343
تعمیر ساعت,5043985,14354130,10635679,14007389,10901262,13098387,8087355,12711966,12609686,13877869
تفنک کلت بادی,8235932,1006905,5150034,521121,9115881,6790296,411716,9296886,5474199,10359323
تفنگ  شادکان,11209558,9330978,5621825,11697889,6790296,7362047,8235932,618241,687603,148766
تفنگ بازی مدل تک تیر,9647966,3000679,707962,687603,9288727,637232,8697886,6456174,51588,949193
تفنگ بی سیم نارنجک,6299355,637473,897119,2413323,1743832,13804774,3382080,457018,3904229,14645
تفنگ شارژی تیر ژله‌ای,3000679,707962,749384,9288727,8697886,51588,9647966,949193,687603,6456174
تفنگ شکلاتی,924058,1019108,11209558,9330978,5621825,11697889,6790296,7362047,1492241,1015930
تفنگ پی سی پی,4894554,10324772,11560035,14333262,3810323,8444265,10715109,10706737,1301248,4953306
تفنگ چسب حرارتی مدل ۶۰w,2507543,5338156,436241,7195939,9330978,11209558,5621825,11891409,6790296,11697889
تفنگی پانج پرده,2443836,3674258,507457,10985290,2094624,10961693,12644844,8011488,5426017,11476129
تفکر زائذ,9483275,37881,2438582,1432835,100000,100000,100000,100000,100000,100000
تقسیمهای چینی,2708994,117803,4428698,7492512,11670350,1580572,10856427,856277,6177278,1869408
تقظيت كننده مژه,4885697,7624567,14673714,7442287,7836235,15379219,3249394,11512116,983602,3580571
تقويم كاملا سفيد,13961466,1622791,10378996,7710026,4573794,13884190,8337966,7566605,9928540,348678
تقویت مچ دست ژله ای,2321608,68830,12498534,13620175,316820,1016559,68319,17536916,3907654,15241059
تقویت و رشد ماهی,775333,9747702,757630,5706924,8812442,4276171,14109551,6137952,37948,13587558
تقویت کننده اکواریم,2882705,9878812,7624529,4098932,8895848,7270861,4885697,7442287,4949229,7836235
تقویت کننده مچ و ساعد,12498534,68830,13620175,68319,2882705,2321608,15241059,7442287,7624529,4098932
تقویت‌کنده‌جنسی,3246327,10349343,4551871,2448796,534577,558843,554983,323611,557013,557126
تقویم پاپت,2028711,7243533,1917569,3506503,10378996,7710026,4573794,13884190,11606815,8337966
تقویم چند ععدی,10378996,7710026,4573794,13884190,8337966,7566605,9928540,348678,14495355,14292205
تقویمصندلی,100000,100000,100000,100000,100000,100000,100000,100000,100000,100000
تل اسب تک‌شاخ,7193568,15014636,6998606,12663066,1690726,12220101,2932701,4189438,6356790,6202050
تل موی پاپیونی,4889668,1111145,10399862,16720639,7220483,9708098,2307028,2313806,11729919,7193568
تلفن بی سیم پاناسونیک مدل KX-TG3711SX,2787912,14654,14645,7989717,13144366,3402052,3177340,4268372,5921549,2271085
تلفن تاشو,4268372,7989717,3177340,9033884,13144366,7542983,557201,9254926,10742703,3890870
تلفن شکل لب,4268372,7989717,3177340,9033884,13144366,7542983,557201,9254926,10742703,3890870
تلق چراغ پراید,6105665,13530628,670122,2068072,8353565,8667588,1660828,3645126,7512465,8896427
تلم برقی ۱۳,13619045,3401780,12250755,11572853,10691718,12522411,1098476,12083352,10226806,14467723
تلوبیون سایز ۸۰,11710716,3051720,8185216,8764944,5363097,6094638,4126650,1085299,2586479,17024593
تلوزیون ایکس ویژن 55X25,4669957,24052,74056,1434791,698762,12791486,1717522,13949919,8644984,14506845
تلوزیون دوو oled,7085174,8319122,762996,5140827,11313185,4975465,13535111,11675218,4977405,11301016
تلوزیون سام h 265,7085174,3897845,7225810,3902127,14265961,3117053,4053442,11543809,8310880,5984226
تلوزیون هوشمند سونی ۵۵,13444722,2140775,11296195,11300121,1287,882196,7085174,14295526,797440,1801937
تلوزیون ۷۰اینچ پاناسونیک,7085174,4268372,7989717,13757516,8179314,13144366,2787912,14654,15329208,1672816
تلويزيون ال جل اولد ٦٥ اينچ,15104501,11831294,14487286,797010,4563789,9859370,11543809,11224344,17073474,14512098
تلویزیون  پرو ویژن,698762,1717522,13949919,8644984,14506845,12791486,14760870,11336547,4669957,24052
تلویزیون 50 ایننچ,2529858,8425139,4053442,12775139,14608132,14506845,14336077,12886918,2408736,13538016
تلویزیون 70درصد,13538016,3539343,5561794,3225041,10930227,4137461,2529858,11620483,8765904,276873
تلویزیون آوکس از ایکس ویژن بهتره,698762,1717522,13949919,12791486,8644984,14506845,4669957,24052,74056,1434791
تلویزیون ا65SU748جی پلاس,15093855,12775216,12775139,14608132,17073474,12775091,4049858,14512098,6745951,14089667
تلویزیون ال ای دی جی پلاس مدل GTV-55RU722N سایز 5,12775216,12775139,14608132,12775091,17073474,4049858,14512098,6745951,14089667,13944827
تلویزیون ال ای دی هوشمند سوني,13444722,2140775,11296195,11300121,21010,276873,61334,13513770,1801937,11831294
تلویزیون ال جی 55اینچ8k,13944827,12775216,12775139,14608132,17073474,12775091,4049858,14512098,6745951,14089667
تلویزیون ال لایو ۵۵,13944827,1801937,4048878,13354447,7052007,13444722,13535111,2140775,11675218,11296195
تلویزیون الجی نانو ۵۵,13944827,797440,1801937,4048878,13354447,7052007,13444722,13535111,2140775,11675218
تلویزیون ای ایکس ویژن ۲۹,698762,1717522,13949919,8644984,14506845,12791486,14760870,4669957,24052,74056
تلویزیون ایکس ویژنا55,698762,1717522,13949919,8644984,14506845,12791486,14760870,13538016,3539343,5561794
تلویزیون راک قیمت,13258210,12273790,14022937,14546674,4514161,14199136,14340942,4348727,7425060,7115304
تلویزیون سامسونگ ۶۵  اینچ,797682,797010,401105,3225041,2547206,11831294,14487286,276873,61334,7199110
تلویزیون سونی ۵۵ اینچ,13444722,2140775,11296195,11300121,21010,13944827,797440,1801937,4048878,13354447
تلویزیون هایسنس سایزکوچیک,309830,13538016,3539343,5561794,3225041,10930227,4137461,2529858,11620483,8765904
تلویزیون پانانورامیک,13538016,3539343,5561794,3225041,10930227,4137461,2529858,11620483,8765904,276873
تلویزیون ۴۲اینچ سونی,21010,13444722,2140775,11296195,11300121,1287,191846,958,91013,8683837
تلویزیون ۵۲ اینج ال جی,13944827,12775216,12775139,14608132,17073474,12775091,4049858,14512098,6745951,14089667
تلویزیون ۵۵ اینچ مازر,13944827,797440,1801937,4048878,13354447,7052007,13444722,13535111,2140775,11675218
تلویزیون ۵۵ ایچ سامسونگ,797440,36838,13944827,893916,1801937,4048878,13354447,893483,7052007,13444722
تلویزیون ۶۰ تین,14010886,276873,4371,2044887,13538016,3539343,5561794,3225041,10930227,4137461
"تلویزیون ۶۵, اینچ",401105,797682,3225041,11831294,14487286,797010,7199110,4563789,9859370,11543809
تلویزیون ۶۵. سامسونگ,797682,2547206,797010,3225041,401105,7199110,11831294,14487286,182309,4563789
تلویزیون ۶۶ سامسونگ,13538016,276873,61334,797682,797440,797010,797221,2547206,12886918,7221008
تلویزیونLED32inch,100000,100000,100000,100000,100000,100000,100000,100000,100000,100000
تم توز,460362,463993,11416165,10463434,464674,13384859,9622549,9588832,15982986,8077412
تم تولد تم اسب شاخدار,2470659,10463434,11416165,9588832,932430,6460839,3471063,9101986,3722468,2710686
تم تولد مستر تم طرح پیانو,10463434,11416165,3471063,9588832,15982703,8077412,6460839,9101986,15982986,3722468
تم سگ های نگهباگ,1915931,11416165,10463434,9622549,372161,9588832,7188846,15982986,8077412,11398900
تمثال حضرت زینب,3184604,9052518,3272499,11684113,1138006,10550567,100000,100000,100000,100000
تمیز کننده کانل کولر,10311608,540860,11647583,796229,410036,13258210,358187,199083,7759822,3249394
تمیزه کننده قالی,7018165,10311608,4248271,1021213,2882705,2732077,261051,540860,8683837,10630704
تمیزکننده کاتالیست,11999912,2050509,4428121,12197331,8009061,6556299,1025472,8286788,1541231,9714651
تن اینچ اسکرین پروتکتور,17484673,3500158,6099091,12571887,13719471,12536601,5551196,10828044,633069,75134
تنباکو آدامس دارچین,5712105,13080560,3304086,482666,6843443,13401329,3246519,3068716,11578203,12855505
تنباکو فندق,100000,100000,100000,100000,100000,100000,100000,100000,100000,100000
تنبک شیرانی ارزان خاتم,5114683,109835,348705,1457546,7597200,4291477,1497390,14635509,708556,11974298
تند,7257964,10661237,881466,1062572,10393914,552559,10812826,12458926,55610,7699090
تندیس گراماموفن,3029194,6613130,6960342,5161662,13971016,3230246,3715688,15786472,924553,169151
تنظیم شارژموتور,4383345,8912519,6566014,5622922,9516833,706119,10172799,13774641,4869443,5344498
تنور قابلمه ای,2560169,6548170,8276226,4197917,349671,349676,59132,157908,11689074,5855224
تنپوش ایدین تاول بچه گانه,3772520,839813,1020800,2520167,173977,705153,4883013,1496004,4173214,555591
تنگل تیزر,14713512,7125209,100000,100000,100000,100000,100000,100000,100000,100000
تنیس رو,8765520,163530,9126823,11443530,10456796,5254220,6520214,7823273,410177,487724
تنیس رکت استرینگ این پارس,8765520,785154,10554732,11171072,3740380,2290169,163530,492022,10546457,411220
تهجیزات لبتاب,100000,100000,100000,100000,100000,100000,100000,100000,100000,100000
تهویه صنعتی,13781222,2981561,8910937,6493318,9254926,13237524,10699784,5742706,190423,8191076
تهینی اند گریپ مولسز,947718,5901901,3612578,5478456,16051918,9937384,12081253,749119,9375148,10488826
تو دو لیست تحصیلی,12120907,4496519,9138535,4550206,61733,11008436,12856922,4438095,640036,327148
تو ر تخت خواب دو نفره,13117072,13202510,2793838,4949404,1991176,11185198,8293985,11090329,9279485,2480888
تو فیز دترون,2262280,4550206,61733,11008436,12856922,4438095,640036,327148,12356824,73006
تو هاندرد پیج پرکتیس نوت بوک,5556954,4550206,61733,14419202,17039636,430950,11942039,693872,11008436,12856922
تو پیس تری ست,73006,9739545,10322404,9962550,7788990,4550206,61733,7559080,7142116,11248112
تو پیس هیتر رادیاتور,6129113,8701936,1161679,13384444,7788990,4550206,61733,9085536,7559080,7142116
توالت زمینی مروارید طبی النا,15937518,3047128,6567845,3150946,16302939,7092375,2191995,4526837,1797555,14385221
توالت شور سیمی,1084065,1797555,14385221,186930,5034707,7363962,537291,6119848,2724761,1628531
توالت فرنگی مدل دار,4908976,5034707,537291,1628531,5656137,15937518,6113078,687903,2861077,5360007
توالت. کوچیک,1797555,14385221,186930,5034707,537291,2724761,1628531,737108,15937518,9680078
توالت‌فرنگی‌مسافرتی‌کوچک,5034707,537291,1628531,5656137,15937518,4908976,6113078,687903,2861077,5360007
توالد فرنگی,4149665,5656137,2149655,5034707,537291,1628531,15937518,491322,4908976,6113078
تودولیست خرس,6590722,5550662,8456741,1570634,4829705,10784475,15099543,8730255,10079503,6836305
تور شیشه سواری,8282083,1826170,9780840,2869152,797281,555310,17058307,2990912,5357966,9004357
تور ماهیگیری خام,8282083,1826170,1570417,7379247,3780778,4967444,3155036,3644163,467065,7603625
تور. دروازه فوتبال کودک,2398797,2757502,2069609,1510608,973138,6116990,7553658,8282083,1826170,2869152
توربوشارژ,10648133,8163672,100000,100000,100000,100000,100000,100000,100000,100000
تورر والیبال,2008349,11595399,1016395,6374504,3996706,7694752,12947380,100000,100000,100000
توری برف پاک کن رانا,1079839,10204197,2308497,6446757,3269571,5853721,4405075,1151239,6133401,3825051
توری ضد کولر,10946286,858645,1010081,9016025,12687760,309830,10492200,4507854,173998,8675008
توری مرغی پلاستیکی,10946286,12687760,4893128,328464,858645,2287038,1010081,9016025,1896438,5571418
توری پشت خوودرو,10946286,858645,1010081,9016025,12687760,10492200,4507854,173998,8675008,1084065
توری پنچر ه آکاردئون,7427170,10946286,38249,858645,1010081,9016025,12687760,10492200,4507854,173998
توستر بوش مدل TAT6A001,31739,227680,10958076,1414797,460463,6202877,943809,8180441,31744,155792
توسترویمکس ۵۰ لیتر دیجی کالا,2540855,2562643,2479307,12586562,147439,8433411,1644680,12724679,6267901,4545846
توصیه هوا در ماشین,12434237,12362738,8421844,8125590,3685890,4950239,453005,9053258,4978252,997006
تولو پرسن ترول داینینگ ست,7901470,5025436,9800468,1117966,7774937,698981,4417039,3956184,7798139,3198163
تولید فسفر در بدن,3644163,773051,14060525,5378489,10782076,522985,8273061,262734,12089424,2846485
تولیپز اسلو کوکر,4931366,779127,52031,10538809,6105280,277932,27958,5054403,847112,3644156
تونتی فور پیس آرکوپال داینینگ ست,6535145,2751858,6884608,7788990,7221868,7559080,7142116,11248112,4787696,12063702
تونر ال اسکین,12643252,5929763,1514737,6252585,13469479,8567079,5337670,10396494,1711961,11330901
تونر بدون شست و شو,5258933,9052410,2268047,3002651,2805018,12091506,2531210,8931122,3849615,1508629
تونر مدل farbea,1514737,6252585,8567079,1711961,10434382,11475040,10526032,8367504,8502630,1612670
تونر پاک کننده ارایش ویتالیر,10866966,8502630,10867257,4486220,8234291,4486352,115696,11259779,4378150,3408934
تونِر فیفتی فایو اِی,146605,8282123,100000,100000,100000,100000,100000,100000,100000,100000
تونیک بافت زنانه,9812075,13854253,6821872,1608070,8699409,12844753,6503651,16953652,13301980,7174761
تونیک دخترانه مجلسی طرح سنتی,8699409,1608070,9812075,15087762,9720229,4360062,3027097,15094280,13942522,13854253
تونیک زد ریزش مو,9941250,476822,9842879,2882705,12625697,9277692,8699409,458555,749485,8823095
تونیک ضدریزش پرومین و شامپو ضد ریزش پرومن,476822,9941250,12625697,9842879,513177,471143,458555,8093511,845953,2014465
تونیک طبیعی سدر,7016620,8699409,13854253,9812075,1608070,2882705,9941250,476822,9842879,959286
توپ  فوتبال مدل رویه چرم,14125759,5134415,13282374,10744491,3498877,12689957,712276,6978919,10744471,15097183
توپ بادی آپارتمانی,6865455,2839752,714324,4146294,13662403,5134415,13282374,946160,795502,1016395
توپ بارسا مسی,13431892,13662403,5134415,6687979,13282374,13233331,946160,13778709,1508629,795502
توپ بازی ایرهاکی,7623616,556850,2577392,4146294,4528161,714324,5437047,17322627,16144179,856221
توپ بدمينتون ال ای دی,10671497,3475356,13944827,2698211,1968037,11070498,7844352,848850,2528095,12055540
توپ بزرگ گربه,4528161,5437047,4567852,13662403,5134415,13282374,946160,795502,1016395,10744491
توپ بسکتبال سایز 6,946361,13662403,555310,9618503,712276,8522727,1016395,946160,795502,714324
توپ جغجغه,4296822,4999495,16769798,13662403,5134415,13282374,946160,795502,1016395,10744491
توپ روبیک,7198829,13662403,4476642,5134415,13282374,3715881,7420512,946160,12010756,11989850
توپ فوتبال  ابی,5134415,13282374,10744491,14125759,3498877,12689957,712276,6978919,10744471,2069609
توپ فوتبال 40تیکه خیلی ارزان,5134415,13282374,10744491,14125759,3498877,12689957,712276,6978919,10744471,2069609
توپ فوتبال ارزون ارسل امروز,5134415,13282374,10744491,14125759,3498877,12689957,712276,6978919,10744471,2069609
توپ فوتبال اصل استقلال,5134415,13282374,10744491,14125759,3498877,12689957,712276,6978919,10744471,2069609
توپ فوتبال دربی استایل پرسی,10744471,712276,5134415,13282374,10744491,14125759,3498877,12689957,6978919,2069609
توپ فوتسال fb524_05,51971,961925,2552632,13096606,6565942,13662403,5134415,4279624,13282374,946160
توپ فوتسال استار,51971,3498877,10744471,961925,2552632,13096606,6565942,13662403,5134415,13282374
توپ قدیمی مشکی و سفید,8172433,4917214,11323321,5665975,13662403,179460,5134415,13282374,946160,795502
توپ مدل messi,15097183,10960016,13662403,9862935,5134415,13282374,946160,795502,1016395,4229433
توپ پاپر ایکس,13662403,5134415,13282374,946160,795502,1016395,10744491,4229433,14125759,556850
توپ چمن واقعا,13282374,762996,3679832,5023883,13662403,5134415,946160,795502,1016395,10744491
توپ چهل تیکه پرسپلیس,13230163,4567852,7174761,3462515,13662403,977706,5134415,13282374,946160,795502
توپ ۲۰۰۲۰ رال مادرید,1646195,13662403,5134415,13282374,946160,795502,1016395,10744491,3865146,14006784
توپچی کارت فوتبالی,17751721,16627900,8338751,17177349,14612250,10569668,17294257,5857844,10055139,4549471
توپیکامل جلو دوچرخه مدل ۲۰,6276346,3434836,8771500,1496876,159657,2651073,7460246,7355660,4981527,9021296
توپ‌نورانی,4737141,93061,11246905,13662403,5134415,13282374,946160,795502,1016395,10744491
تيشرت كاني راش,6468888,8402610,4643422,1842845,7914313,4516244,5341223,5097597,2763193,3137037
تيغ كاتر كد 11 بسته 10 عددى,1938344,299944,7997391,12300886,87166,1436786,13380111,151394,2251277,143233
تِفلان پات پاین سایز تِرتی سِوِن,1016395,5066622,57321,15982093,14471723,12904616,8122486,5812779,5054450,12946769
تِن پیس اِکستنشِن کورد سِت,7788990,7559080,7142116,11248112,6625780,100000,100000,100000,100000,100000
تک پوش یخه باز,9906836,1400583,5551196,426944,427025,2381178,2513243,606382,6800916,4380808
تکان دهنده مزیکال,78001,4542230,2124120,3398205,1921465,7396949,829181,2403783,1927521,132763
تی ان تی مجسمه,3724125,13529517,11161864,6156582,283986,283804,278543,7946629,280249,281447
تی زمین شوی لیمون,12110498,13796612,13527385,6427221,6099272,1421031,106674,11165628,6366031,1626293
تی سطل دار دوموتوره مجیک,5401454,11455279,1801937,7185360,7556757,4885946,1505003,10583707,1421031,961448
تی سی ال 55p365,1652460,10894310,15433875,10930227,7798882,10894204,15104501,3497052,8957674,7466432
تی شرت خنک نخی,13928307,1392336,10803122,134261,15339692,729293,8522110,559882,9108471,14883440
تی شرت و شلوار مردانه ناربن,17675088,4321474,7307322,1392336,14869660,8577168,134261,9681293,6556730,729293
تی شرت ورزشی مردانه,729293,8090073,1659864,9681293,955482,134261,2858237,7365384,1592998,11457161
تی شرت گرگ,7357314,134261,729293,8522110,559882,9108471,14883440,8090073,845735,1659864
تی همه کاره,653921,69822,740245,11419558,10064894,14988,10017841,7184190,424094,313602
تی و کمان شکاری,14150938,10116105,949193,13856310,8849022,2326749,6617363,12078168,12277034,7999154
تی کاپ اند ساسر ست,10488826,325076,9681293,12616203,2858237,8577168,7307322,4321474,6535331,1592998
تیبا تکسچرد بریک پد,6794196,5620278,7983566,416524,2505460,1022396,3612596,2960094,797396,8577074
تیبا وان کار اگزاست پارتس,7478582,1463118,827879,9785473,184274,2435321,6801865,292000,6555192,1443423
تیر تفنگ اسباب بازی بادی,3000679,707962,687603,637232,9288727,8697886,842100,6456174,9647966,148766
تیر های فومی جدا,6456174,13785423,949193,10116105,6230486,9939827,7778595,13856310,12448393,2326749
تیشرت  بازی,4643422,1842845,7914313,5341223,5097597,2763193,3137037,6953189,5689694,607213
تیشرت آستین بلند,9435157,4643422,5341223,2339955,6953189,5689694,468522,2029719,2693125,607213
تیشرت آستین بلند دخترانه مدل کرومی,9435157,9371896,11474078,4643422,13963533,5341223,12807422,2763193,3137037,2339955
تیشرت آستین بلند مدل شیر و خورشید,9435157,14883440,4643422,5341223,2339955,6953189,5689694,8463027,468522,2029719
تیشرت ازان یقه دار,940207,5689694,9435157,607213,788542,937532,1863815,3400868,2029719,2693125
تیشرت انیما دخترانه,2763193,3137037,9435157,4643422,1842845,7914313,5341223,5097597,6953189,5689694
تیشرت اورسایز مردانخ,11108176,4643422,1842845,7914313,5341223,5097597,2763193,3137037,6953189,5689694
تیشرت با طرح نیکولا تسلا,7266461,15982093,1842845,12680813,607213,3400868,788542,3032501,3942786,1863815
تیشرت بچه فرشته,7655830,4940985,7867932,1095832,7419193,9833806,4621203,1621699,7771001,142327
تیشرت بچه گانه پولو,839813,1020800,2520167,173977,705153,4883013,1496004,4173214,555591,702522
تیشرت بگ Rستاره پشت طرح,11883294,1842845,8237708,11404306,607213,3400868,788542,3032501,1863815,937532
تیشرت زنانه طرح drama,2898209,937532,2693125,1842845,940207,607213,3400868,788542,3032501,1863815
تیشرت سنگشور مردانه,5341223,4643422,1842845,7914313,5097597,6953189,5689694,607213,3400868,1418333
تیشرت شهدا,4643422,1842845,7914313,5341223,5097597,2763193,3137037,6953189,5689694,607213
تیشرت شوتی,4643422,1842845,7914313,5341223,5097597,2763193,3137037,6953189,5689694,607213
تیشرت طرح ایرپاد هنذفری,1842845,607213,3400868,788542,3032501,1863815,937532,822292,2029719,13354172
تیشرت مردونه رنگ سبز,1527792,940207,3137037,6953189,5689694,13325895,1844754,12687069,1095732,13465465
تیشرت و شلوراک مردانه ست,7914313,5097597,3400868,2763193,3137037,4643422,1842845,5341223,6953189,5689694
تیشرت پدیده,817362,6210464,10131996,4640838,978140,7762057,4643422,398852,1842845,7914313
تیشو هولدر اَند هِمپ بَسکِت,2901096,100000,100000,100000,100000,100000,100000,100000,100000,100000
تیشورت جن,4643422,54419,160092,100000,100000,100000,100000,100000,100000,100000
تیصرت شرتک نردانه,100000,100000,100000,100000,100000,100000,100000,100000,100000,100000
تیغ برای برس,4514009,151394,12349056,5403418,7997391,359882,285259,8297733,12547362,13300445
تیغ خوردکن ناییسرداییر,5403418,4514009,7997391,151394,12349056,285259,8297733,3861346,2290116,87166
تیغه برف پاکن عقب ام وی ام 315,4405075,5102788,7332407,438429,8893396,13692905,3896892,9196930,10082867,3600742
تیغه سوییچ 206,397447,1151239,10603317,2870931,5556727,551022,5258,5500667,3382080,3886176
تیغه میکسر خانگی,17548788,321736,1498412,15788825,1596265,11174271,1529074,4887025,5500667,10360223
تیغه یدک خرد کن,11174271,2731192,138844,2094852,1444878,9180751,6446757,3269571,5853721,2509036
تیقه اره موتوری,2050058,6779969,10548632,10358668,8971127,56912,9699869,5739874,893475,6152802
تیلر ویما 5اسب,8081615,7206351,7855730,100000,100000,100000,100000,100000,100000,100000
تیلوزیونLG,100000,100000,100000,100000,100000,100000,100000,100000,100000,100000
تیوتر الو,8445022,6230137,12123595,6512336,152422,7432265,9835817,1085299,100000,100000
تیونر 206,267559,3499111,162579,7021668,7128270,5622922,4397081,13968566,3984726,14065867
تیوپ بوستر پژو آردی,5316473,6854553,8044249,1794383,8830358,4463663,464362,7356395,5075705,11984915
تیکه چوب پرنده,598677,13551569,977706,13230163,7539519,486750,11676603,10404044,6998190,9255949
جا اسكاجي,7825011,37261,3385777,314384,4934866,8960641,13040232,567638,3179287,17470082
جا اسکاچی بازن مدل گرافیک,10996920,5678657,314384,12524201,816624,1075479,7241903,1937899,9661117,3278200
جا اسکاچی بازن کد ۹۱۷۱,5678657,10996920,314384,12524201,1075479,816624,3385777,4934866,8960641,4505039
جا اسکاچی طرح فلاور,314384,5678657,12524201,10996920,822575,8591168,10212975,1104553,3085247,7211105
جا دستالی,7825011,37261,3385777,314384,4934866,8960641,13040232,567638,3179287,17470082
جا دستمالی اشپز خانه,51517,17470082,878479,750182,7825011,37261,4681991,495136,2103525,3385777
جا ربیک,7825011,37261,3385777,314384,4934866,8960641,13040232,567638,3179287,17470082
جا روزنامه‌ای سمند,8960641,9304019,2831303,13578869,274212,10082867,2230861,7825011,37261,14326353
جا زیورآلات,7825011,37261,2342736,3385777,314384,4934866,8960641,13040232,567638,3179287
جا سویچی کوروش,4762789,2148347,10737095,2610258,321828,3040455,5161662,7825011,37261,7697738
جا سوییچی بنز,7836765,134681,9736403,7393072,7825011,6174930,37261,10306216,8587723,2816145
جا سوییچی فوک,751366,7825011,37261,3385777,314384,4934866,8960641,13040232,567638,3179287
جا شمعی بلند کریستال,7825011,3179287,1104553,1097022,356717,1605497,11358968,9130259,12530933,8392552
جا عودی لیوانی,7825011,4622688,626412,4917171,8053224,6761858,6577298,9178615,13963203,15094280
جا قاشقی یا جعبه,2481241,9893664,3074423,1972358,8394489,7825011,37261,7526503,3303406,3385777
جا قفلی شیشه سکوریت,7785456,15830443,3179287,15806224,3644582,308442,6750721,2603710,7447605,773763
جا لباسی ایستاده برقی,1489561,7755643,4622688,1662761,1817540,8132436,1610239,8726996,7825011,37261
جا لنزی فانتزی چشم,8599853,7825011,37261,3385777,314384,7268142,4934866,8960641,7943088,13040232
جا لیوانی اویزی,567638,4622688,626412,4917171,8053224,6761858,6577298,9178615,13963203,15094280
جا لیوانی پژو,4622688,626412,11210315,4917171,8053224,6761858,6577298,9178615,13963203,15094280
جا لیوو,7825011,37261,3385777,314384,4934866,8960641,13040232,567638,3179287,17470082
جا مایع پمپی,7798748,7273764,7825011,37261,3385777,314384,17977823,4934866,8960641,13040232
جا مایعی مسافرتی,5990540,7825011,3170935,37261,800821,9276214,1776517,7062486,3385777,314384
جا مدارک ۲۰۷,10646996,7825011,37261,3385777,9066038,314384,4934866,8960641,13040232,567638
جا پدری لباسشویی,7960441,9151144,7825011,11070523,6520197,37261,2607850,6237630,858645,8319122
جا پیاز وسیله زمینی,7092375,11034432,64335,6091941,6567845,3150946,4526837,10360705,880451,10395449
جا پیازی ام دی اف,5889381,7698593,10329529,9789345,4878943,2775237,1020670,8993529,8164385,634753
جا چسب طرح ابر,478133,9607570,416375,691040,1104553,9717360,1655182,3085247,13134598,4762789
جا کارت ویزیت طرح جوکر,12438224,2220861,5986871,4314409,8636262,1104553,3963159,9217198,3085247,4762789
جا کارت کیمدی,16507839,17751721,17360780,16539311,17381762,17845107,17632730,17177349,14612250,17348642
جا کاردی اپل,1750875,365347,8573116,7245704,7825011,37261,3385777,314384,4934866,8960641
جا کلیدی اسکلت,3085247,4762789,814388,15806224,1617401,4256269,1767570,7825011,1793225,1604580
جا کلیدی اسکلتی,3085247,4762789,814388,15806224,8838042,7825011,37261,3385777,314384,4934866
جا کلیدی طرح کیتی خشن,3085247,4762789,814388,15806224,1122015,2869840,3154318,10839017,8132753,273091
جا کلیدی هنگدرام,3085247,4762789,814388,15806224,7825011,37261,3385777,314384,4934866,8960641
جا کیلیدی مدل سیگار,9893664,4793179,1586166,6820528,1905089,7825011,7775279,12128702,2221277,13519626
جا کیلیدی کرمی کیوت,6567845,6780397,96819,11266930,5657926,7825011,37261,5581620,12536422,14757686
جاادویه استیل برنز,1937682,3783648,11265264,211336,9800468,329865,8456500,842691,4616527,3911995
جاتخم مرغی مسافرتی,10946286,4893128,328464,2287038,1896438,5571418,5990540,12687760,3170935,1477018
جاد دخترانه,14757100,5616229,1350873,8699409,5255132,1924214,15319503,9984477,9016025,4626274
جادانه مرغ,919972,13002646,27958,4631112,1949098,753063,2759976,14064257,13925002,27957
جادست مالی مسی رو میزی,6105808,4262763,299236,13466118,1144352,6413827,6152802,13431892,6687979,13233331
جادستمال کاغذی وسطل خاتم کاری,348705,109835,8692268,13323415,2636509,3930337,8302742,1896062,874254,4574855
جاذب مگس,5542160,11245945,11162265,5607915,5608353,100000,100000,100000,100000,100000
جاذوشارژی مجیک,5401454,11455279,1801937,7556757,1505003,10583707,961448,10828899,6473213,482116
جاربرقی فندکی خودرو,13040232,12198072,14703809,2255885,492022,379621,8054513,158073,6035044,294570
جارو ایتالوکس,4983869,4585575,4076941,59380,3334118,407488,1049010,5892737,5561111,15278394
جارو برقی اکاری,528434,4373764,3496519,31852,26757,2559448,9739030,4983869,4585575,4076941
جارو خاک انداز  دسته بلند,59380,1049010,5561111,15278394,4585575,407488,387077,11695682,4983869,5660946
جارو خاک انداز لیمون,15278394,1049010,5561111,59380,11695682,4983869,12603987,1809269,314384,723132
جارو دستی با خاک انداز ایستاده,1049010,5561111,15278394,59380,4076941,407488,941779,11695682,4983869,12603987
جارو سر مخمل,4983869,4585575,4076941,59380,3334118,407488,1049010,5892737,5561111,12656609
جارو شارژی دلونکیس,4983869,3334118,4585575,4076941,5892737,407488,4566230,59380,1049010,5561111
جارو شارژی سیمی درما,4585575,4983869,3334118,4076941,5892737,407488,4566230,6333036,1626293,59380
جارو شارژی گلسونیک قیمت,4983869,3334118,4585575,4076941,5892737,407488,4566230,5561111,15278394,59380
جارو هوضشمن,4983869,4585575,4076941,59380,3334118,407488,1049010,5892737,5561111,15278394
جاروبرقی اسنوا مدلRL24RD,11304127,12310412,8367425,5900930,10638901,13900904,4563789,9859370,14119400,4068058
جاروبرقی ال جی شرکت گلدایران,4566914,3496519,1104038,13944827,11968525,704354,12654808,6394442,6230137,2933107
جاروبرقی ایساتیس,5301082,5034707,10490287,4566914,540796,1879507,7166735,10999888,4571366,163122
جاروبرقی تی وان,31659,10490287,4566914,540796,1879507,7166735,10999888,4571366,163122,2491087
جاروبرقی پاکشوما pvc,11603429,3323638,1787492,5867668,5867074,2745451,3560024,11853616,3823192,2820325
جاروبرقی کپنهای,10490287,4566914,540796,1879507,7166735,10999888,4571366,163122,2491087,8383328
جاروبرقی‌پارس خزر,163122,9685096,26750,26757,5205987,26709,27956,27960,6240274,27857
جاروی شارژی مولینکس,51967,2407598,142420,31688,4897005,4983869,17642899,12449332,4353116,10563755
جارو‌بیسل,1879507,4983869,4585575,4076941,59380,3334118,407488,1049010,5892737,5561111
جاساز کوچک,11476645,156181,14010886,3185092,591929,17085140,131646,9182371,173977,73969
جاسوئیچی کیت کت,4801149,11030618,1029673,626412,6158866,1333664,2241846,3046384,13325895,617708
جاسوییچی آمبولانس,1457546,3375451,788186,1882194,1059820,11255602,1112124,1550434,4744349,100000
جاسوییچی زندان بافت,1457546,788186,1882194,1059820,11255602,11145547,1112124,6821872,1550434,11418399
جاسوییچی زنگدار,1457546,788186,1882194,1059820,11255602,1112124,1550434,4744349,100000,100000
جاسوییچی طلا ماهک,341951,9220073,541156,16286253,7662294,556907,9221077,8387731,5439765,7820952
جاسوییچی فلزی موتور,1112124,1457546,788186,1882194,10510261,1059820,11255602,10999616,1550434,10909098
جاسوییچی مدل کشور,1112124,1457546,788186,1059820,11255602,1882194,1550434,4744349,7996480,11188019
جاشمعي گربه,10806077,14179735,14581595,16627856,495136,12639630,6236121,3768855,3540612,11795283
جاشمعی مدل اسانسی,10806077,428979,14179735,14581595,16627856,495136,12639630,11097713,13132272,7825011
جاشمعی واسنوفر,10806077,14179735,14581595,16627856,495136,12639630,11097713,13132272,7825011,8707461
جاعودی مدل پرنده,8707461,13132272,7539519,486750,10404044,10806077,9255949,9586937,6998190,7336680
جام  قهرمانی,9879245,855992,7259511,728026,3036527,10226719,14980311,13134598,10652816,7870591
جام  یورو,14980311,728026,3036527,10226719,17381762,14391683,9879245,17632730,10652816,7870591
جامایع استند دار,6180333,16453115,7188425,3782930,3257807,2342736,815931,1768109,9764007,2152938
جامدادی تبلتی دخترانه ی کیوت,15367789,11510141,6632614,14757686,13079048,13907283,13929076,13200706,752773,13113689
جامدادی دخترانه ۱۰ ساله,38902,38820,3820703,14052039,2538094,6439683,8338751,1778968,11792316,9225084
جامدادی سگ و گربه,4577534,979720,736874,14456404,4528161,7858136,13519086,476376,7835596,9391549
جامدادی مدل کتابی مدل تخ شاخ,7237753,12640343,12663066,12220101,14052039,2538094,8338751,11792316,9225084,2813183
جامدادی هری پاتر,8711251,6633877,8376289,4683221,3337746,8133531,3792937,8054296,9200427,10591134
جامدادی کرومی,15571908,15489612,14052039,2538094,13380111,8338751,1778968,11792316,9225084,10048426
جامعه شناسی,58469,7489503,224913,7013482,2552982,5608211,4197849,2061569,4301652,5152752
جانتان مرغ دریایی,105276,1407137,9662450,919972,13002646,1468592,27958,8938311,4631112,1949098
جانوین leclat,5460627,9742330,9708003,9796828,9714415,100000,100000,100000,100000,100000
جاوا,100000,100000,100000,100000,100000,100000,100000,100000,100000,100000
جاواهر,100000,100000,100000,100000,100000,100000,100000,100000,100000,100000
جاوبندی نیسان,180512,133172,7478582,14165122,12534060,12554568,10517307,6158866,10529944,14453371
جاپلاکی دودی موتورسیکلت,770458,10611401,2487676,8804022,9183864,1789638,1942838,724901,8098125,2485582
جاپودریجاپودری,100000,100000,100000,100000,100000,100000,100000,100000,100000,100000
جاکارتی زیپی زنانه,5814973,12634048,13273079,2240142,9365889,8449261,14324362,2319386,4473955,4810218
جاکارتی طرح سیب,13273079,2240142,14324362,2675756,5814973,2319386,6518188,1638746,15314286,7092375
جاکفشی اسپان,6344073,2386977,11694891,689989,7798283,5866703,100000,100000,100000,100000
جاکفشی عددی,6344073,11694891,2386977,9983214,1482105,9875795,6766561,568650,5189014,7857661
جاکلدی نیسانی,100000,100000,100000,100000,100000,100000,100000,100000,100000,100000
جاکلیدی spider man,13461348,173977,12957273,260265,917875,11548891,10097967,8032608,10088731,9776133
جاکلیدی حرفmr,10097967,8032608,10088731,9776133,9455757,5616229,5930020,4626274,3481212,15319527
جاکلیدی خندالو معلم اینده,12266231,10746724,7542501,7775279,7142116,12499229,7485046,12294078,7654268,4188595
جاکلیدی طرح ابزار کار,6459611,4626274,5819230,7546533,13583566,9618503,3882961,15099543,9455757,5597339
جاکلیدی طرح ساطور زنجان,10630003,13007005,4626274,5819230,7546533,6459611,9618503,3882961,15099543,9455757
جاکلیدی طرح مورتال,8858810,2740957,4626274,4816942,5819230,7546533,6459611,9618503,3882961,15099543
جاکلیدی مدل سیلیکونی طرح دختر تکواندوکار,16755006,12218381,14207701,10599126,12148285,11970915,5819230,6459611,4626274,9618503
جاکلیدی مدل ورزش رزمی کاراته,13869249,11592601,52824,8670445,1077664,6819000,10097967,8032608,10088731,9776133
جاکلیدی مردآهنی,10031601,10097967,8032608,10088731,9776133,9455757,5616229,5930020,4626274,3481212
جاکلیدی پارچه ای,2091251,9750813,12656609,3176973,5879916,10684824,4883013,11062189,632064,10097967
جاکلیدی پرس,12046140,6531055,10097967,8032608,7653577,10088731,7742260,9776133,9455757,9919695
جاکلیدی چرم طبیعی,1117966,8444057,9455757,564551,13343048,15641477,9905428,5427924,6792674,7754712
جاکلیدی کمیل,6675597,3039913,10097967,8032608,10088731,9776133,9455757,5616229,5930020,4626274
جاکلیدیkaws,100000,100000,100000,100000,100000,100000,100000,100000,100000,100000
جاکیدی اکواریمی,100000,100000,100000,100000,100000,100000,100000,100000,100000,100000
جاکیلیدی دخترانه طرح قلبی,10772174,12751996,1111145,11696856,13997686,4499873,7542699,9774941,7901088,13964899
جاکیلیدی مدل استیکر خندان دیجی کالا,11593021,2540855,2562643,2479307,3692410,2021737,512798,9978291,11736113,4178571
جاکیلیدی مدل رپبیک دخترانه  فانتزی,7845852,1429406,11342834,14301017,10556052,5630320,7288906,9089076,7728180,12543936
جای اکسوری,13323415,4244349,5551688,9053642,1958831,5716984,17480967,3181280,5126086,11674314
جای جک پارس,12164324,9242187,13323415,4244349,5551688,9053642,1958831,5716984,17480967,3181280
جای خودکار میلانو,853883,11431689,13816037,10087985,3389938,13323415,4244349,5551688,532964,9053642
جای دان فنچ,8913983,1538119,1538121,9738147,13323415,11229602,4244349,5551688,9053642,1958831
جای دستمال کاغذی برنج و سطل,5126086,5568116,4838328,8088041,13323415,11674314,1896062,874254,348705,9866526
جای دندان,6488097,13323415,12547362,3477042,9045018,1452935,9033884,5620616,5266126,9564694
جای زعفرون,13323415,4244349,5551688,9053642,1958831,5716984,17480967,3181280,5126086,11674314
جای سگ و خرگوش,979720,3658952,435451,10774889,11615432,5773507,13323415,761749,5126086,1958831
جای شرت‌وسوتین‌درلباس شویی,17480967,308442,3509610,13323415,14009141,4244349,5551688,9053642,1958831,5716984
جای شکر و قند و چای,952489,519162,1480950,15578494,3277497,13323415,8243159,6076259,5126086,2643710
جای غذا برای دتم طیور,3328463,674036,13323415,4244349,5551688,9053642,1958831,5716984,17480967,3181280
جای قاشق  و کارد وچنگال تو کار,8402610,777144,10116615,7125366,9631589,6458182,7354748,10352901,73006,198120
جای کادو برای تولد,607213,10244388,4131783,4208525,12247101,12648083,8083000,9114819,4013119,14275920
جای کبگیر وملاقه کابینت,7990598,7127833,6072525,679366,6072391,13323415,4153002,1927521,7232503,7618225
جایه سیگار خودرو,4793179,1586166,9893664,6820528,1905089,13519626,7775279,12128702,2221277,4188367
جایی حبوباتی,7480008,100000,100000,100000,100000,100000,100000,100000,100000,100000
جایی لباس,7480008,13947776,1942334,2233703,4354296,2873857,503450,3778601,8067606,10481951
جا‌کلیدی آکواریومی,3085247,4762789,814388,15806224,7925806,12926669,9257304,15958386,13682018,10462671
جبه دستمال کاذی مدل بامبو,10479698,5121637,12647595,1930011,5139270,8107655,1441171,12445728,9178314,10653284
جت با کنترل,4569840,5865442,13274672,6647088,13538016,2773505,7561144,9147790,10930227,1642892
جج,100000,100000,100000,100000,100000,100000,100000,100000,100000,100000
جدول ترکیب کلاس اول بزرگ,4496519,5648044,9237240,428769,8935597,8933878,1054461,7987018,8244255,10719782
جدیدترین گن شکم,1610096,4810357,5162821,3170650,4137364,8721656,3893911,52753,8023119,4012539
جرثق,100000,100000,100000,100000,100000,100000,100000,100000,100000,100000
جرم گیر اسپرسو ساز هایدروساف,14035359,15285802,9164788,9094968,31744,12204566,3690452,2041100,8397962,9036871
جریقه زن برقی,1085000,762996,892394,2457890,6803405,1612355,6178212,2605175,7181587,13972438
جسوتین شورت,489695,890570,9016025,5569495,4394824,14943019,5197288,1998521,3465817,797281
جعبه آچار,12381319,14346547,8472321,9364733,4048051,1787549,8866541,7722162,2610656,1732746
جعبه ابزار برای اتصالات,8481670,4196654,405912,5747445,3900675,7065338,1080166,6575740,9430343,143587
جعبه ابزار ماشین با تجهیزات,8481670,4196654,405912,5747445,3900675,7065338,1080166,6575740,9430343,907973
جعبه اسماچ,3219595,8481670,4196654,405912,5747445,13151272,3900675,1514106,2153646,7472092
جعبه انتیک,1582096,4373764,10688144,3219595,8481670,4196654,405912,5747445,13151272,3900675
جعبه انگشتر باکس,13151272,3443086,2450919,11008436,6787332,9404268,2881768,6486005,14812728,10635917
جعبه باکس حصیری,686432,13151272,2450919,11008436,3443086,6787332,9404268,2881768,6486005,14322527
جعبه باکس دوربین مدار بسته,5149251,2615879,13151272,2450919,11008436,3443086,6787332,6955458,9404268,2881768
جعبه بکس المان,12381319,9364733,8922676,2263557,4729870,15414041,2969980,7368232,15165767,8945874
جعبه دریل و ابزار رونیکس,13619045,4505039,13976605,139739,1538002,3569463,2302523,817054,405912,8481670
جعبه دستمال كاغذي طرح,1896062,874254,4574855,613237,13323415,10653284,5568116,9866526,528171,6087736
جعبه دسته دار کادو,4131783,4208525,12247101,12648083,8083000,10479698,9114819,14275920,761004,7513454
جعبه رنگ و روغن,12299112,12998878,4033284,4558232,755084,4941927,10020794,405912,6563344,921439
جعبه صوت دخترانه,9254926,15180570,3219595,8481670,4196654,405912,5747445,13151272,3900675,1514106
جعبه لوازم SOS,418667,876180,4822207,1586166,3017645,6787332,302288,8936330,409154,9397341
جعبه نظم دهنده زیورآلات,3900675,6575740,7065338,14833224,6486005,2124120,3398205,1921465,7396949,829181
جعبه هنز فیری برای هایلو,13361536,7967010,3048830,2185196,11648662,11392513,10120510,7371778,5109437,11971306
جعبه پلاستیکی شفاف,91264,9075982,7745780,970214,3219595,536385,8481670,4196654,405912,5747445
جعبه گلسرخی و کش,6844096,9951083,405912,9937885,10438847,8481670,1680521,4196654,5747445,1514106
جعبه ی ماژیک رنگی رنگی,3925647,11247860,14511107,368743,50792,1693740,3548683,5699257,2383500,7766544
جعبه ی. شعبده. بازی,631757,1533392,480743,631598,3561465,706965,3534519,10898538,856221,1126099
جعمه عکس کرمی خدکش,6567845,10254311,6780397,96819,3887956,866146,7165982,6129574,4615249,5657926
جغجقه قلاویز,1653131,9361576,1843521,11207628,9246016,7253348,9976901,9267983,100000,100000
جلال دهنده,78001,4542230,2124120,3398205,1921465,7396949,829181,2403783,1927521,132763
جلد جوجوتسو,10943528,9542679,9786851,10885725,7485046,15014161,12563933,13742531,14275870,13951460
جلد فانتزی رلمی ۸,10162478,6205093,11699162,12559456,14292205,6576917,10131996,6280450,2256187,6532814
جلد گوشی ردمی ۹ سی,10894310,859,1450658,31659,7165982,3379854,8743568,12789392,12577729,3258412
جلد گوشی سامسونگ A3,9387650,9159143,1154385,3409966,15439236,1845153,15177911,162509,13011193,12046140
جلو مبلی حصیری,1619660,14322527,2080004,5404262,8371959,9167161,686432,12445728,15347992,7802326
جلو پنجره پیکان چراغ گرد,7580020,3332088,10139310,6212262,11481780,8825682,7378236,4369829,6682596,9839290
جلو کابوت تیبا,741055,10139310,8318670,1435097,4369829,930046,8436769,7569874,793912,9467149
جلوه پنجره ٢٠٦,6682596,5635159,3332088,10139310,6212262,9652451,11481780,6653298,7378236,4369829
جمعبه انگشتر,10635917,12401047,3801395,57321,11772475,1555394,17553725,14954315,9688202,1115788
جملات انگیزشب,12370593,11680493,9009865,9028116,100000,100000,100000,100000,100000,100000
جنتای پراید,7334223,6593322,6105665,7294795,12890633,6459788,9780426,12456849,6524315,6461093
جنرال دایگناستیک,8900256,7906416,8315267,2773505,7995078,7004735,10894781,8968351,123445,100000
جنوا کالرلس سان‌اسکرین,17484673,11703904,4889975,7456369,4393555,2776580,451449,10170605,82004,10127608
جنگل محفض,5262324,1145538,2100249,6682453,5345709,4119534,12421466,10884328,1670075,7867932
جنیفری پلنگی,6032036,4855941,9593086,17145362,7802294,10479854,10737352,8463595,3170935,5814973
جواهرات اسم عشقم,3519402,2152938,9898703,8578896,2584210,12605493,15211028,11008436,2342736,776391
جوجه‌های رنگی واقعی,15319527,429720,5483508,1481699,16755006,12143102,1760333,824055,715340,12623594
جوجوتسو انیمه اکسسوری,9542679,9786851,10885725,7485046,12563933,13742531,14275870,13951460,15014161,10943528
جوراب  شیشه  ای  مردانه,7857662,9524821,8411009,9780840,1035800,9524793,10498856,10498850,1533016,16040039
جوراب اسکیمو,10079503,916313,1048427,7857662,10506140,10397098,13841173,787233,9780840,1533016
جوراب بدون کف پاورزشی,10498856,10498850,8411009,7798283,8129430,6417834,916313,1048427,1084065,7857662
جوراب بهپوش,16089694,916313,1048427,7857662,10506140,10397098,13841173,787233,9780840,10079503
جوراب خار پاشنه سیلیکووی,3063106,1142886,3971051,17097822,6417834,916313,4325093,1048427,7857662,10506140
جوراب خونه ای,9780840,1035800,8411009,13608480,9524821,13278798,17085140,4288937,10498856,10634862
جوراب دخترانه عددی,6295828,10397098,5551196,6164269,8892235,10506140,787233,16040039,1035800,9048386
جوراب دخترانه ۴سال و ۸سال,10397098,5551196,6295828,6164269,8892235,2991204,916313,1048427,7857662,1874145
جوراب زنانه طرح چشم زخم,10397098,10079503,9780840,8552999,691040,916313,10493947,13121363,10506140,9524821
جوراب زنانه مدل خرسی,10506140,12619125,916313,9796558,13841173,787233,10079503,6881177,8552999,1345136
جوراب ساق بلند زانه,10397098,8129430,10498856,9524821,7350088,8892235,10493947,8739624,11717943,16310340
جوراب شلوار بادکنکی,7999154,14725540,916313,1048427,7857662,10506140,10397098,13841173,787233,9780840
جوراب طبی رفع ترک پا,1491168,1528874,17097822,2731092,3063106,6417834,263299,170535,1557811,749161
جوراب فوتبال مردانه,8892235,7857662,1533016,16040039,7798283,1035800,742237,9048386,8977360,8739624
جوراب مردانه ساده نیم ساق,8977360,8129430,7350088,8739624,10498856,9048386,1620325,7512551,6164269,9524821
جوراب مردانه ساق متوسط تم مجلسى,8739624,16040039,11717943,7512551,8129430,16310340,10498856,7350088,9048386,8977360
جوراب مردانه لنترن,7857662,1533016,16040039,7798283,1035800,742237,9048386,8977360,8739624,8129430
جوراب مردانه چندرنگ,7857662,1533016,16040039,7798283,1035800,742237,9048386,8977360,8739624,8129430
جورج اورول نشر ماهی,56594,37948,5197288,4276171,14109551,6137952,6840624,2442889,6166323,7252956
جوهر مشکی اعتدال,2529919,1612670,2514163,277637,6850079,9792746,5180245,2211341,6331516,9562492
جک آداپتور 12 ولت,7505141,9706010,8469468,3999175,630476,982721,10238864,12385632,9513945,2081187
جک دوچرخه راپیدو سایز 20,3689720,1496876,8771500,2651073,7460246,4981527,16051918,7584679,4866896,14108332
جک صندوق 405,12441836,9319210,12518784,143606,547317,8120207,9705656,11074308,14522041,10484612
جک متحرک موتور,14245999,14263969,16793428,10823610,5076264,14243874,9850512,6099091,934862,961300
جک وسط دوچرخه ۲۶,3689720,2446746,686871,7237606,1515420,11696106,6013513,11759010,6177988,12668704
جک پاری,10836360,6099091,12094251,8187878,7521904,744279,411197,1029673,12441836,7079570
جک کابینت ۱۵۰,1872538,7990598,7127833,6072525,679366,6072391,4153002,1927521,7232503,7618225
جک گازی خودرو ۲۰۷,12503652,10687227,8171818,6099091,9066038,849644,12094251,8187878,10183508,7521904
جی بی ال جیبی,6230137,2933107,13632786,6745354,5818929,13430967,5987991,7013034,897119,8068949
جی تی ای وی چراغ,5165393,8996201,15445255,12921491,870719,14793780,13311541,696912,1032531,12782977
جی تی ویای,1032531,15445255,5317448,2588590,6091941,9583859,696912,936338,1066894,14793780
جی سی سی کریستال سروینگ دیش,11947958,12782977,326117,7715198,6824436,693723,12086669,1851696,4337355,12078168
جی پلاس برای کوسفند,11506025,10240877,3798930,12392676,7642446,11193228,15093855,12711787,4588415,8831376
جی پی آس مگنتی,9370,3573411,5921549,2831303,7279987,1745410,14364592,6557779,9585969,14081992
جی پی اِی اِسلیپ وِر,2046735,9370,3573411,5921549,1257,4472184,2831303,7279987,9179803,7315359
جیمبالی,100000,100000,100000,100000,100000,100000,100000,100000,100000,100000
جیمیلای3605,100000,100000,100000,100000,100000,100000,100000,100000,100000,100000
جینیوس تولز ساکت رنچ کُد,2942011,175505,12388704,668997,2898643,1781642,734314,13533432,2027272,6396028
جیورجیو آرمانی آکوا,16048469,314159,2554498,4246562,7468372,9742330,12198178,10526032,5931403,3920796
حا چسبی بسته بندی,15246177,1378151,10355916,9397341,5438621,4642638,3632996,4605492,12290041,5703297
حاج اقا صادق هدایت,4236184,332914,5130838,4171242,6196186,277570,9563117,444227,5199389,11655097
حافظه اکسترنال اس اس دی سامسونگ,2770449,8176598,8737685,12414641,12371948,491846,5839476,4433578,670793,9607810
حدفون کیتی,1122015,2869840,7581955,9257304,7338944,7929065,8891280,3154318,15958386,4221217
حراج اخر سا,7260100,11676603,42046,41582,9396692,100000,100000,100000,100000,100000
حراجی پافر,13371381,12830152,17491812,17721490,9958430,9958566,12940209,11891856,12933971,16777791
حرز زنحیر,9739424,7219645,9864100,6593146,100000,100000,100000,100000,100000,100000
حرفای بزرگ برای,665130,8581051,7783378,1099886,714308,159054,5580167,7955133,7933799,708498
حشره کش پلاستیکی,1680521,8983241,8822985,513668,567826,9937885,1467064,6219607,2419836,4929948
حشره ‌کش صنعتی,1680521,8983241,8822985,513668,567826,9937885,1467064,6219607,2419836,4929948
حصیر کرکر یی,1127047,12445779,554649,9167161,5549870,100000,100000,100000,100000,100000
حلزون چرخ دار اسباب بازی,13683437,4718551,2474467,604191,8159763,8257538,13519086,1590579,8793354,10094197
حلقه you can,7710026,2081882,890360,10480997,13785423,7797971,68830,1006905,5378489,5188656
حلقه انعطاف,890360,10480997,13785423,7797971,68830,1006905,5378489,5188656,10406630,4737141
حلقه لاغری مدل هوشمند,12911007,11018197,10311965,15105445,5251242,890360,10480997,13785423,7797971,68830
حلقه چوبی یژرگ شال,5478499,13453254,7244370,11637189,6938605,11059103,804699,16752010,1400464,10201221
حلقه ژوپینگ,964160,8591168,7428555,890360,10480997,13785423,7797971,68830,1006905,5378489
حلقه ی تزیین در ورودی خانه,2182660,2098873,9489581,6425156,8236737,7960441,11910180,13906032,3393158,750182
حلیم بوقلمون,3246327,7124918,100000,100000,100000,100000,100000,100000,100000,100000
حمام جوجه اردک,824055,10511789,684205,15319527,11630643,7691559,455580,12236024,5483508,466066
حمل آب سفری,13918199,10860107,15372734,8507591,117414,436570,8481682,14112182,6435133,6753256
حوله استخری آبی کاربنی,571948,7515186,10498850,994573,12884600,5812779,8604117,5035141,5654096,10737352
حوله باشگاه,5812779,571948,10040064,5654096,4534159,10737352,6913712,5066622,4244981,15982093
حوله حمام مدل میکرو فایبر,12364599,5064040,5945640,479088,6463431,3531299,9182371,9179054,3500158,571948
حوله خانه گی,870862,9178314,9414390,5812779,571948,5654096,750182,10737352,6913712,5066622
حوله خشک کت استىل 60×50,4801149,7556142,13987718,9555791,5812779,571948,626412,5654096,1333664,3046384
حوله زمرد,603604,14264177,5366991,5812779,1946671,571948,5654096,10737352,6913712,5066622
حوله صورت ۳۰ در ۳۰,2119099,2428872,759037,4276083,1538761,9980728,10576976,1467510,4919301,10134957
حکمت ویتگشنتاین,15400948,15147803,80258,37471,703667,100000,100000,100000,100000,100000
حیوان,623352,1424203,2159526,1914498,2615017,5803998,7278624,1683331,2394240,9586937
حیوانات تزئینی,12559456,1139534,3050985,1800278,6196636,2394240,13400326,2615017,13798541,6706741
خاجا خواب گربه,979720,3658952,435451,10774889,11615432,5773507,6236121,11185198,11090329,3768855
خار طاقچه عقب 206,9027322,7926817,2668036,6854553,5718248,5041344,5466627,3073395,162579,6741383
خارهای نمد صندوق عقب سمند,6997676,1468500,4201913,9735534,4238936,14341236,143601,8860964,7096761,5241933
خاز 100uf,100000,100000,100000,100000,100000,100000,100000,100000,100000,100000
خازن 47 میکرو 16 ولت,2404828,13920508,5683874,7969300,3292005,7599720,10911730,12628300,13225463,3378428
خازن ام کاتی یک میکرو فارات,7969300,3292005,2404828,13920508,9749301,13225463,193342,8229659,178762,3073877
خازن براتیوتر,13225463,7969300,3073877,3292005,5683874,7599720,2404828,13920508,9493098,100000
خاطرات خون آشاام,5396340,12260841,109037,2543882,2830753,4402895,60927,60962,1119237,60955
خاطرات دیجیکالا,5396340,109037,2543882,1119237,7587086,9665402,12260841,100000,100000,100000
خالکوبی دائمی,5419091,4626056,100000,100000,100000,100000,100000,100000,100000,100000
خامه ماه شام,810085,924058,1017501,1926935,888598,4437935,7048378,5507015,6211018,9943934
خانه بازی کودک,6209833,2103525,12578888,5710882,12943184,3796868,14141928,708498,14697174,5479603
خانه مگنت,3155935,10554782,11323321,917220,3629964,5519452,14977026,750182,11262616,5702624
خانهبچیبازی,100000,100000,100000,100000,100000,100000,100000,100000,100000,100000
خانواده درمانی،نظریه ها,9011409,7195094,3877162,9283557,8694502,7906555,7013482,703667,4158682,8489421
خاک تیله,5947787,5956223,800400,7911649,1924807,13604669,10688144,8991413,14980996,7576867
خاک گلدان وزن,7911649,3859841,10688144,2748851,860740,10220255,4372912,13604669,10730025,6832892
خاک گیر سپر,6210758,7254757,6211263,6209874,6741383,1435097,8320487,8938344,4024078,8265386
خاکی,8129430,1704612,13121920,100000,100000,100000,100000,100000,100000,100000
خاک‌گیلدا,1992145,6433138,5956223,800400,7911649,1924807,13604669,10688144,8991413,14980996
ختکار ابی,5210649,2787336,5347419,273192,542963,527018,4968240,6141650,8900256,8315267
ختکارپاکنی,100000,100000,100000,100000,100000,100000,100000,100000,100000,100000
خدکش باب اسفنجی,5345214,995626,5928924,9563541,4574855,9588832,10280312,3997038,14540468,5950710
خرجکار ستتره,100000,100000,100000,100000,100000,100000,100000,100000,100000,100000
خرد نکن,1453439,138844,2094852,1444878,2731192,11174271,2509036,100000,100000,100000
خردکن دستی مدل5تیغه,748548,8208392,10555253,142420,2375395,31688,649522,14087426,8368548,495439
خردکن قود,8208392,10555253,142420,2375395,31688,649522,14087426,8368548,495439,51967
خردکن نایثر دایثز,8208392,10555253,142420,2375395,31688,649522,14087426,8368548,495439,51967
خردکن کوئین هوم,3103251,2351999,161506,8208392,10555253,626412,142420,2375395,31688,1560539
خرطوم و میله جاروبرقی,540796,4566914,7166735,2491087,4571366,10999888,163122,6231522,8526695,10490287
خرطومی بتنی,8578896,4854361,3087141,6109414,2695413,14179735,12656613,693887,10947891,100000
خرمیر دندان,6488097,12547362,3477042,9045018,1452935,9033884,5620616,5266126,9564694,11472661
خروجی آب برف پاکن,3600742,10082867,1489256,577147,14126372,15309498,726125,7906591,8339552,2130522
خرید اقساطی دستگاه اسپرسو ساز,7294075,14035359,31744,12204566,3690452,15285802,8397962,9164788,9036871,4729233
خرید اقساطی موتورسیکلت تریل ۲۵۰,13613061,3020153,8620945,3088353,4972087,961300,11677933,4972133,4933374,12221615
خرید بازی رزیدنت اویل ۶ برای ایکس باکس ۳۶۰,2763623,7192914,11596176,916294,8206556,4284678,7067157,759579,2032757,3571154
خرید باکس عروس,4933374,12221615,2127877,8889337,13343245,349671,349676,6821038,17025073,13343756
خرید دوربین مداربسته استیفورد,12981178,12114084,6583824,10289010,5065982,10284297,13904421,1481963,8908327,14476030
خرید لجر,2391805,4933374,12221615,2127877,13343245,6821038,17025073,13343756,13343888,13336124
خرید هدفون‌های دخترونه,13622726,4933374,12221615,2127877,13343245,6821038,17025073,13343756,13343888,13336124
خرید چراغ  عقب دنا معمولی,2022618,3252545,13644566,9164080,7970320,13530628,3890401,12094251,6276346,3434836
خرید کیف لپ تاپ فوروارد,6198127,6460419,8789224,11274192,7033256,7199802,2144579,70798,11112306,1801870
خریدبازی ps4,4545023,412826,143761,1980226,317619,607269,12804885,544767,531443,1505093
خز تاقچه مناسب برای رانا,7128898,9542906,9781333,1680698,11593521,2981561,6944449,5297304,6326047,7729464
خز داشبرد پراید پارچه ای,6703274,17185045,2091251,9750813,12656609,3176973,5879916,10684824,3015594,4883013
خزه زنده,5073393,9721993,1506841,11373694,9484811,7160734,12802226,11116973,1032531,12399795
خش گیر بژ 63018,10375343,733765,1510875,6476805,1922735,1117465,8531080,5750628,4097330,2543130
خش گیر سیلور,5264862,10375343,2931144,1764044,10472526,9858765,949210,1603621,8245291,3664818
خشاب دستگاه منگنه,2392335,5297748,4170451,2099718,9288727,2222566,10808425,4340346,15474441,2507543
خط زن وی جی ار 922,12103422,4951030,6286333,10204601,8913462,13810500,8584290,8190969,8134613,7084617
خط چشم yorn,8773872,7451748,90288,3551025,4568549,5840971,3454479,9563541,7268142,7359906
خط چشم مویی مای مدل,90288,8773872,7451748,3551025,4568549,90304,5840971,3454479,88205,1489341
خط چشم و ابرو کریولان مدل Aqua شماره 070,3551025,4568549,5840971,8773872,7451748,6444081,90288,6100632,6296693,2554498
خط کش  سه گوش,311168,9563541,7359906,14795532,635779,14608360,10088444,4238492,9689921,13334615
خط کش طرح  BTS,9563541,7359906,311168,13334615,14795532,5073943,7531652,160744,2958150,3452241
خطر عقب سمندse,984865,13644566,5347861,4096476,10999616,4481106,7173763,3724793,7566303,7888010
خماشین ط زن,14267107,6803405,762996,1612355,6178212,2605175,7181587,13972438,5886948,7687466
خمیر دندان whitening,3477042,520041,5620616,5266126,9564694,11472661,602307,1460055,1628644,401242
خمیر دندون جی سی,11472661,12782977,7715198,6824436,326117,11947958,693723,12086669,1851696,4337355
خمیر مینرال یگ,10287220,3477042,7432879,5620616,5189001,7874377,5266126,9564694,11472661,1811853
خمیر میهن,888598,8041694,9095355,10076719,6553938,3477042,5620616,7874377,5266126,9564694
خمیر وندون میسویک,3477042,13300475,7463961,13300445,14086563,5620616,7874377,5266126,9564694,11472661
خمیر پاپیه,13458034,3477042,5620616,7874377,5266126,9564694,11472661,1811853,602307,9390573
خمیردندان بچگانه,291081,1048427,8186728,11997584,1012345,7431446,9371896,3859880,8765520,10133022
خمیرهای مجسمهویازی,100000,100000,100000,100000,100000,100000,100000,100000,100000,100000
خنک کننئه پردازنده,410036,10823817,11647583,13192142,1021213,9662344,119518,6455521,7053936,3400456
خوب های بد بد های خوب پرتقال,4503583,211336,4925584,11857150,9112432,15313082,7296441,1718000,9745335,14171493
خود تراش ژیلت مدل Dorko,81373,3139324,16805847,8245291,2293034,4971284,6850841,4514009,730811,1790557
خودتراش بیک پوست های حساس,4056938,183282,714799,1538761,516036,2714488,16805847,3686782,893346,2293034
خودتراش هوشمند,1764044,6850841,730811,1521674,359882,649515,2873855,1797827,170684,5572422
خودرو ضربه گیر تارا,9829546,7793333,7793395,2533837,9086146,6210758,16130108,7792565,10305601,7254757
خودرو پف,12308910,464674,1663059,7836765,779617,699324,6263638,8163672,8503217,781413
خودنویس بوروپن,187585,150472,179951,1066046,100000,100000,100000,100000,100000,100000
خودکار تهش پاکن داره,14126372,577147,8930873,532964,189571,14494349,620316,3600742,490435,12910679
خودکار حکاکی ده,7513454,14037723,3401780,13003541,5880436,190151,532964,189571,14494349,620316
خودکار رنگی عددی,14369424,6436906,620316,16592579,568650,7908031,13280973,9705085,5947787,10719782
خودکار شیاعومب,532964,189571,14494349,620316,490435,12910679,16592579,6975559,167334,150440
خودکار طرح رژ‌لب,8828597,5948450,12747349,10618588,9632153,5657434,14197726,1447966,13832741,6935322
خودکار نگین زن,1884917,11594942,1998383,6803405,762996,532964,3222136,189571,1612355,8838317
خودکار و روانویس سی کلاس,10719782,7987018,8244255,9107972,10668944,14162487,532964,14163515,189571,14494349
خودکار وری وری,532964,189571,14494349,620316,490435,12910679,16592579,6975559,167334,150440
خودکار پنسان رنگ نقره ای,7876453,189571,3326131,2487461,167334,532964,179951,304730,189770,50675
خودکار پوینتر,8849068,5801406,6620346,165215,420475,532964,189571,14494349,620316,490435
خودکار یوروپن فردوسی,150440,189571,189770,1143440,150472,415439,532964,14494349,620316,490435
خودکار ۱۲ رنگ فانتزی,532964,13280973,3514157,10045185,5170003,189571,6975559,7876453,3876412,6436906
خودکار۲۴رنگ پاستلی,8180402,9729341,11625433,15115273,14369424,100000,100000,100000,100000,100000
خوراکی اب ترش,4927762,880906,3692410,9997705,11089001,10959853,8416337,13357606,7836415,6450361
خورجین برزنت,14957958,7951107,2538094,567638,9893926,3881239,9306368,3759644,9276214,11128040
خوردکن بیسنارک,100000,100000,100000,100000,100000,100000,100000,100000,100000,100000
خوردکن سونستار,100000,100000,100000,100000,100000,100000,100000,100000,100000,100000
خوری سلینا,513835,3528459,305236,10500732,10653182,5433612,2523554,9899588,2826482,7419193
خوش خواب ۲۱۰.۱۸۰,2410351,8710027,14388923,11088761,10244160,7061153,6893620,94206,7724796,10610120
خوشبو کننده بوکات,7018165,3331675,340779,2839161,2627010,7497832,9401053,900552,7372199,126882
خوشبو کننده تزئینی,7018165,3331675,340779,2839161,2627010,7497832,9401053,900552,7372199,126882
خوشبو کننده قلبی,7018165,3331675,340779,2839161,2627010,7497832,9401053,900552,7372199,126882
خوشبو کننده ماشین فابریک,7372199,126882,7018165,3331675,340779,2839161,2627010,7497832,9401053,900552
خوشبوکننده طرح قلب,7174426,7059012,761004,13068451,2153646,14821528,14771408,3519913,5003190,8736641
خوشبوکننده ماصین,7174426,5003190,7059012,13283717,7922600,7372199,11311087,14086563,494454,1008395
خیلی کارهای زشت زن,4503583,8895878,6803405,762996,10587154,4122325,1612355,4117537,2492104,16689421
د بوک آو فایو رینگز بای میاموتو موساشی,12460371,146605,8227563,8282123,5320165,8259371,8200558,6493748,10453614,10392705
دئودرانت مردانه,10635917,7108756,1290089,11459772,606382,890570,6439769,961925,4285398,13203132
دئودورانت کرمی زنانه امبرلا,12570796,4509716,9102515,5581620,4292371,4368206,6567845,6780397,96819,5657926
دائره المعارف حیوانات,15147803,2310321,2394240,2615017,2159526,2312421,5092438,1683331,9455040,1468592
دات دامپلیگ کوچولو. رباتیک,3000482,5346389,5497765,15113204,5572569,4446783,1570634,4128822,8730255,5007139
داخل باند ماشین,1498932,5442074,679366,1085299,9546468,1502682,689989,4153002,7232503,8236737
دار ویبره دار,5621825,15119159,11165628,6510095,8618394,6145047,1506841,17403628,9850282,574207
داروی F,4629014,14041181,2546524,16946635,1158687,3180145,10110914,5717374,924553,1415501
داروی دایمتیکون,100000,100000,100000,100000,100000,100000,100000,100000,100000,100000
داروی واریس,13227880,2760969,6417834,100000,100000,100000,100000,100000,100000,100000
داشبورد ۱۰۷,5739475,4886795,813540,2858237,2913666,2745294,143608,9805389,2914569,1116923
داشتبورد پارسپوسته داشتبورد,100000,100000,100000,100000,100000,100000,100000,100000,100000,100000
داشپورد,100000,100000,100000,100000,100000,100000,100000,100000,100000,100000
دافی ارایش,3033062,4294581,876180,12920328,6869543,8093737,6632614,11747272,9748258,3017645
دامداری,606578,100000,100000,100000,100000,100000,100000,100000,100000,100000
دامن دخترانه تی یو,10749077,10934087,10374825,12673941,7521904,6371134,8577168,13770965,6562545,13219202
دامن گیر دوچرخه,10749077,6371134,10374825,13219202,12673941,490549,2980913,5961873,10974039,6276346
دامنپیراهن ساحلی زنانه,7679708,2328955,9084146,5549883,5846463,3670271,4681991,9780923,12401047,3801395
داندان گیر حلقه ای,10480997,10406630,477164,1364878,464362,17443537,6906775,146605,5378489,942697
دانشجویی کوله,12508152,12775440,9050061,4382133,1085374,1429406,2763161,12656357,12673486,11307395
دانه دون,110874,3563723,651257,6932884,7934152,11711364,6599507,11046651,14259579,8732036
دانه کمپوست,3859841,3563723,800400,1924807,651257,6932884,7934152,11711364,6599507,11046651
دانه‌عروس‌هلندی‌مخصوص‌لوتینیو,8736175,11380006,14519554,4882650,9161971,9586937,6060757,5728224,12754374,2289284
دانگل HDMI وای فای B-NET,7270711,4934765,74514,209841,9940608,743370,173998,10073361,12721132,9674839
دانگل بلوتوث auxدارهمراه شارژکن,12721132,9674839,10066988,9072561,6999967,9868344,7706929,8577184,12899343,4934765
دانگل بلوتوث برای تلوزیون دوو,12721132,9674839,10066988,9072561,6999967,7085174,9868344,7706929,8577184,12899343
دانگل هاتستاپ,12721132,9674839,10066988,4934765,9072561,8975182,74514,209841,6999967,9940608
دانگل کامپیوتری,658436,12721132,9674839,10066988,4934765,9072561,8975182,74514,2085875,209841
داگ کر ساپلایز,14204895,4557690,1452935,496498,6588022,10359323,5023883,4880134,1859597,10929653
دایرة المعارف کودکان,15147803,2310321,13950061,2312421,5181784,2681676,3039913,10656375,5060451,5740120
دایسون اِیر پیوریفایر,9085536,12855709,100000,100000,100000,100000,100000,100000,100000,100000
داینوسار,100000,100000,100000,100000,100000,100000,100000,100000,100000,100000
دبه جا پنیری,6443123,6882679,5725565,7825011,37261,3385777,314384,4934866,8960641,13040232
دتتمد,100000,100000,100000,100000,100000,100000,100000,100000,100000,100000
دختران کوهستان,8771500,12362441,699743,14019592,259278,6547203,4558232,686871,11593415,7237606
در باک cng پژو روآ,10103649,4953306,1097368,9319210,6854553,12063614,7181487,12086669,7747201,4607814
در بغل موتور ۱۲۵,9220165,9218357,6706357,14243874,12217894,7790253,1851696,12666445,10388992,7780382
در ترموستادساینا,9489581,192498,2442889,5630888,4624691,1010081,4173722,12566613,977524,8842454
در زیر کنسول عقب,3079446,7505526,12744393,10172799,6761858,4238936,9178615,5256000,503450,11695682
در سر مسواک برقی,12407414,23162,7291575,2509019,1707673,5249696,101399,8051771,2812986,599786
در قابلمه و تابه کد 0016,3429963,4197917,11689074,5855224,12258829,5425937,14165526,2821694,2867889,9270795
در موبلا,9489581,192498,2442889,5630888,4624691,1010081,4173722,12566613,977524,8842454
در هم برهم پلاستیکی,2734184,2744459,6831038,2561858,9075982,7745780,970214,536385,10842381,7623593
در کم و زیاد کردن اسپیکر,2763820,4038333,923935,7935235,9882347,13926705,305063,10609736,8123064,9151882
در گوشی های عاشقانه,13364378,1489256,13829781,15761801,6140203,13726497,1638404,14643773,7264632,13727015
دراور عرض90,1709945,645600,3653594,1060345,5028427,478858,9178029,6334408,100000,100000
درب  فلاکس یونیک,12282414,11689074,11681405,9064677,15290047,3690452,8859039,13715232,9372677,9336161
درب بازکن داخل تیبا,13196606,2622153,6392775,2381178,10384433,11000525,7386838,14876850,9387147,1497379
درب بغل  هوا هوندا کیلیک,9220165,9218357,7971290,7429623,6230770,9387147,6575098,1144352,7276053,7407164
درب خانه  برقی,3485940,750182,4681991,495136,2103525,14697174,12578888,4301652,5710882,6209833
درب داشپورت پراید,1447978,11171380,9026799,8950594,9528759,15231794,12456849,12789773,5442029,13700012
درب رادیاتور اصل سمند,1139542,14876850,13362380,2963053,1867198,8381569,8386109,305573,6129113,8701936
درب روغن ریز خودروها,6944449,5717374,10103649,8490487,7833858,7493128,3693404,12592698,8156579,616505
درب لنت موتور,4972133,3005523,4972087,13629874,16537781,6944449,4085774,5397803,11763611,793912
درب پژو استیل دستگیره,15231794,6021098,6392775,14065867,8381569,13196606,9984274,11000525,6237630,10384433
درخت مصنوعی پرنده بهشتی,9194167,333441,9189888,1986053,4028728,3853256,1091098,7539519,486750,1420638
درخچه بزر,100000,100000,100000,100000,100000,100000,100000,100000,100000,100000
درد ریدمپشن 2,4770886,797396,3971051,15743868,4321877,8770709,475703,3063106,9304907,11989850
درس پک پنجم دبستان,4536365,9497229,4544134,54145,3773186,3382701,48961,881664,13706781,5124831
درما رولر نیدل,9105170,6333036,1626293,480704,4585575,100000,100000,100000,100000,100000
درمان بیماری روانی,249809,10341742,161524,1965222,12056902,3310976,3791190,3063106,100000,100000
درنگ اکریلیک,13816326,1714950,10111583,10451019,12327753,652741,1870101,15436428,4870324,7906388
درهم پرفیوم کولون,1970503,2361724,7338066,5337409,7554094,4547127,5159983,7475432,1553498,9708003
دروازه فوتبال مدل تنیس,2757502,8765520,973138,6116990,7553658,163530,7035589,717052,2398797,8068963
دروبین برای کواد کوپتر,12324828,622418,2272565,260265,3165287,7836765,699324,8163672,6263638,779617
دروپیچ نوزاد خرگوشی,11997584,3658952,6712337,6950565,9796369,7415649,7426186,6052946,8054135,6372758
درپوش باتری,637805,1648360,11255216,7432018,11840242,7876949,10655273,2861077,2313052,8986051
درپوش توپی,11840242,1648360,11255216,9695428,7432018,5283135,16769798,9548373,6985050,7899094
درپوش ظرف پلاستیکی یه بار مصرف,8986051,13656509,813540,4228636,4931636,6230486,4389124,777769,4389426,1535222
درپوش پژو,1721604,2313052,1648360,11255216,7432018,11840242,10655273,637805,2861077,8986051
دریافت وام  از دی جی کالا,4178571,2046735,14214555,2351153,13944827,321736,12775216,1045063,12775139,14608132
دریل 3 کاره بوش,7162164,441300,6159749,441365,5373840,143065,31739,8976805,31744,155792
دریل XR,10301809,11410049,10351610,877192,10835201,7384712,734180,11718782,17664078,9051711
دریل اینکو بکس,9964003,9917446,4178453,6035044,6830539,2277393,5097479,11410049,4729870,15414041
دریل بتن کن ادئون,10351610,877192,7384712,9051711,5794405,143065,2357014,3569463,3207353,11349568
دریل بتن کن سه کاره دی سی ای,5373840,10351610,877192,7384712,8979294,9051711,5794405,143065,2357014,3569463
دریل بتون کن۵کیلویی,11410049,10351610,877192,10835201,7384712,734180,11718782,17664078,9051711,6882341
دریل برقی 26 وات,7162164,734180,3689720,441300,5097874,13619045,6013513,358809,4353116,10358668
دریل خانگی شارژی باقیمت,17664078,139739,1538002,12075751,9579700,4353116,5449274,143065,8976805,2302523
دریل دی ای اس,8979294,9607810,2177862,12527987,491846,3573411,9585969,4178571,8207871,832528
دریل شارژی  ماکیتا ۴۸ عددی,8976805,155708,104851,7384712,6693613,9687309,4974352,9791281,11410049,17664078
دریل شارژی DCE,17664078,139739,1538002,12075751,9579700,4353116,5449274,143065,8976805,2302523
دریل شاژی,11410049,10351610,877192,10835201,7384712,734180,11718782,17664078,9051711,6882341
دریل و آچاردریل شارژی رونیکس,139739,1538002,2302523,13619045,3569463,13976605,817054,5449274,4353116,17664078
دریل پاریک ساید,9561936,5632277,11314580,11853616,130792,3823192,3361033,892744,11790946,4348794
دریل پیکور ۲۷۳۲,11410049,10351610,877192,10835201,7384712,734180,11718782,17664078,9051711,6882341
دریل ۲۰ وات استرانگ,11718782,6517064,9089232,8938625,8976805,2587235,190122,6568033,9877650,3686782
دریل ۳ کاره,5373840,143065,7162164,8976805,9791281,586880,77326,11410049,10351610,877192
دریچه گاز,8577074,15585921,10529944,7922580,6997735,2839217,9735156,12879600,12779149,6135391
دریچه‌کلرخودرو,8577074,2839217,9735156,12879600,15585921,3289306,9172770,978140,10529944,6148399
دزدو پلیس,12529474,17223962,8369135,11755118,12349726,3358668,9101986,3127877,10338921,8185780
دزدگیر تصویری چیتا,4566955,3931618,11981269,1154968,3294846,304696,1904571,637473,5668263,646879
دزرت کلوتینگ هت,100000,100000,100000,100000,100000,100000,100000,100000,100000,100000
دزگیر برای متور سیکلت,3731327,2841775,6595121,8766133,12217894,7276053,1851696,9411171,3125401,10388992
دزگیر لاستیک ال نود,7478847,576371,12012568,1639303,14644103,13971986,8275038,13415761,7626548,6467802
دسبند دخترانه طلااسم بهار,13645820,7728180,5261472,13344920,862511,11402645,477306,4937291,11373570,13024773
دسبند ست گردنلند قلب عاشقونه,11682344,6124695,761004,13068451,5903016,2153646,14821528,2415653,11116439,5002501
دسبند عاشقی,4499363,100000,100000,100000,100000,100000,100000,100000,100000,100000
دسبندپولیسیواروسکگیتی,100000,100000,100000,100000,100000,100000,100000,100000,100000,100000
دست بند ساعت گلکسی واچ 4,15260002,14334481,13484301,14638569,5741832,3432901,10416315,6799594,14007389,17093058
دست بند گردنبند و پا بند ماری,1016559,8330217,421392,4149043,316820,17479499,9398706,6274998,6417834,3907654
دست بندهشت  چاکرا مردانه,10449928,10620531,13152346,10045773,10248034,8605280,348255,6854659,13147836,5516803
دست کش خواصی,1680521,10438847,8983241,9937885,8527470,348255,8822985,8871440,513668,7435487
دست کش گ,1626470,1619296,1680521,10438847,8983241,9937885,8527470,171977,348255,8822985
دست گاه پرارژا,5478241,1761982,348255,6854659,5516803,3907654,6453152,9662450,657657,14740537
دست گش درباز بانی,8449627,973138,6116990,7553658,8526110,7035589,717052,8068963,12283138,3179283
دستبد مرواریدی,14256381,16720639,14679335,13384859,12947644,5260050,100000,100000,100000,100000
دستبمد دخترونه,13622726,100000,100000,100000,100000,100000,100000,100000,100000,100000
دستبند استیل زنانه پروانه,14240532,4616527,5459190,5407342,15708070,14862152,14243261,379679,2196258,8271644
دستبند بند و طلا طرح کارتیه,9220073,379679,7296441,12660227,11329035,14205631,1016349,13033468,7614409,10984525
دستبند بنگرد,11640343,475517,1024260,334489,12672505,4207004,1848584,6854659,3644217,8231314
دستبند دخترانه پارچه‌ای,1354883,5116470,7428555,8231314,7326602,13229539,9740618,13645820,3644217,13158414
دستبند دوستی 2 قسمتی,1024260,14540468,13379685,14363832,13325298,15036612,12549554,11769043,13245538,6791039
دستبند زنان شیک,475517,9567271,899210,326100,409618,714308,8326812,13644476,5235672,4482124
دستبند زنانه مدل گره ای,11562646,4931454,9349513,11696856,15109376,16437649,11640343,835347,475517,2432245
دستبند ساعت هوشمندمحافظ کابل,15109376,9815559,3025131,6243091,109584,5597635,5790627,11640343,475517,1024260
دستبند ست بابونه,9740618,7878975,12647727,698981,7774937,14740537,15109376,5025436,1490799,9004357
دستبند سیلیکونی ابی,9134351,11640343,5210649,475517,2787336,1024260,334489,5347419,273192,12672505
دستبند صناب,11640343,475517,1024260,334489,12672505,4207004,1848584,6854659,3644217,8231314
دستبند طلا 18 عیار دوست خوب مدل dk141-4,9112432,9745335,7296441,13000495,10984525,14205631,9628882,12582151,10952198,13033468
دستبند طلا 18 عیار زنانه مدل اسم مبینا,13265565,10952198,14146438,14181340,10984525,14205631,13033468,12582151,14005576,13645820
دستبند طلا زنانه مستجابی,11970613,8384280,9837973,8135591,10017891,11467012,8917094,9648721,5698912,6840762
دستبند طلا مدل اسم مهشاد,10984525,14146438,14205631,13033468,14181340,12582151,10952198,14005576,13265565,13645820
دستبند عقيق سرخ,13302122,9349513,9499411,7526503,5575468,11859478,167410,1759545,2987852,7107256
دستبند مردانه مدل چهار,6563897,9499411,10692740,9349513,10984525,2926552,3454385,13005200,14205631,12679156
دستبند نقره اسم کامیار,14977370,12672505,806227,8151481,10692740,1125790,10984525,10855478,14205631,16216627
دستبند هوشمند دلتنگب,11640343,475517,1024260,334489,12672505,4207004,1848584,6854659,3644217,8231314
دستبند چرم طلا بنز,11329035,14205631,13033468,12582151,10984525,14146438,705153,1016349,12679156,9950830
دستبند چرمی آروین,14005576,181535,7447605,6902160,8002404,4810218,7488407,5873413,11640343,475517
دستبند کرامی,11640343,475517,1024260,334489,12672505,4207004,1848584,6854659,3644217,8231314
دستبند. عنکبوت,13904979,11640343,475517,1024260,334489,12672505,4207004,1848584,6854659,3644217
دستبنغ,100000,100000,100000,100000,100000,100000,100000,100000,100000,100000
دستبنند کارته استیل,49197,8456500,842691,4616527,3911995,4924987,552599,8754590,4182129,9445070
دستمال توالت نانسی بسته دو عددی,98143,2724761,9680078,526893,10207211,2894858,9262820,6087736,1628531,9086639
دستمال تکست رنگی,7768098,9178314,12464920,8243159,1441171,10653284,13323415,11247860,14511107,368743
دستمال سر بچه گانه طرح خرگوش,4173214,10796045,839813,1020800,2520167,173977,705153,4883013,1496004,1441171
دستمال سر ستاده,1441171,4490729,1723585,12542244,9570967,11829136,6950565,718132,4297629,12447072
دستمال لزج وایت اند وایت,9033285,6611660,6412337,520041,4547127,4548686,8242042,1083193,4126650,6851000
دستمال مرطوب 3,3594672,3033062,1859597,721359,12387237,9178314,10638509,470602,6392126,6776860
دستمال مرطوب ایچیتوانه ای,3594672,3033062,1859597,721359,12387237,9178314,10248995,10638509,470602,6776860
دستمال پارچیه,1441171,9178314,10653284,13323415,4490729,5478499,2724761,528171,1896062,874254
دستمال کاغذی تنو ۲۵۰ برگ مدل خرسی,12262617,6328229,6087736,6392126,8739294,13323415,10653284,874254,1896062,613237
دستمال کاغذی ۵۰ برگ,8739294,6087736,6392126,12262617,6328229,13323415,10653284,1896062,874254,4574855
دستمال کاغذی ۵۰۰برگی,13323415,10653284,1896062,874254,4574855,613237,9866526,528171,6087736,6392126
دستمال گوشی,1441171,9178314,10653284,13323415,4490729,5478499,2724761,528171,1896062,874254
دستنبد منظومه شمسی,13518701,240675,3104781,420475,100000,100000,100000,100000,100000,100000
دستنبند طلا مردانه ماهان,12821875,10984525,14205631,13033468,12679156,14005576,11610808,11329035,10916034,7820952
دسته بازی  ماچر,11000988,14868843,416155,26486,749476,7355040,14057588,531443,8387744,9463275
دسته بازی apex,7799753,9477760,11000988,14868843,416155,26486,749476,7355040,14057588,531443
دسته بازی بیسیم برای گوشی,5141029,2830183,9491291,893789,531443,2943388,7967010,6299355,11648662,11000988
دسته بازی دیریپلی,11000988,14868843,416155,26486,749476,7355040,14057588,531443,8387744,9463275
دسته بازی مدل X-201,6943665,7248029,11461063,4878993,4857459,9626909,4162970,9227768,11000988,9330978
دسته بازی مدل بلوشارک,11000988,14868843,416155,26486,749476,7355040,14057588,8387744,9463275,531443
دسته بازی پلی استیشن 4 dualshock,2118808,26486,6419280,3181786,4251866,3140001,1843735,14868843,2873984,2825886
دسته بای کامپیوتر,6228161,766574,8227563,9568957,1071554,9561936,3634502,873644,5632277,11314580
دسته بندش منم,11000988,416155,531443,14868843,749476,7355040,7136299,14057588,387077,10413327
دسته تیغه برف پاک کن 206,1151239,6446757,3269571,5853721,4405075,2308497,6133401,3825051,150726,1472728
دسته در یخچال الجی,9151144,534592,11839435,11956376,6884317,6884403,7234165,13652157,6048427,130792
دسته دوربین گوشی,845833,3437,401,11948548,8739501,12323073,14399184,11410958,11594759,9269104
دسته رنکاری,11000988,416155,531443,14868843,749476,7355040,7136299,14057588,387077,10413327
دسته سرخ کن,11859478,167410,1759545,2987852,12016209,11241494,971006,27956,12542807,11724481
دسته سرد کننده,2263557,14554743,757391,4905582,14574143,9516833,3730774,8164723,9861910,14703809
دسته سونی۲,11000988,416155,531443,14868843,749476,7355040,7136299,14057588,387077,10413327
دسته سیم برق کامل پراید,6830083,9108448,1116923,9703319,1760680,2161098,12274592,12290031,12299347,10471900
دسته عقب کویک.,3294846,11000988,11434306,2906550,9242187,416155,1910538,531443,319553,162579
دسته لپ تاپ,11274192,7033256,6575181,1476154,7199802,8789224,6460419,2144579,70798,6005120
دسته موتور ef7 ایساکو,16537781,6529825,4374531,2841775,6821467,14322527,7365891,6904979,1640696,1640693
دسته هم زن گوسونیک,7275363,1572515,305811,8494072,13515504,11690142,495439,13320636,11161720,13782641
دسته چمدان دمکمه ای,6736549,14016650,6266760,3786675,9063227,4256612,13709607,6208094,3320562,7933799
دسته کلاچ و ترمز هوندا ۱۲۵,6904979,3553009,10521558,11270596,8476668,5262741,10649152,11911500,11911364,4972133
دسته ی پلیاستیشن,1503088,55072,3722838,441365,4178571,3202248,10082671,667278,6159749,11000988
دستواه لیزر بدن,262734,2846485,1590018,8849068,5801406,6620346,165215,420475,9401053,2654791
دستکش اتادکار,9632635,1011856,5742706,190423,11717455,6526327,6873034,932459,9169544,9615176
دستکش اشپزخانه ضخیم,1011856,10253112,5975872,5770213,8631215,9632635,8552999,5742706,190423,2032578
دستکش ایمنی تمام مواد,4974229,11717455,6526327,5742706,190423,6873034,878577,1119466,6906775,9632635
دستکش جراحی یکبارمصرف,9632635,5080787,1011856,5742706,190423,11717455,6526327,6873034,3013565,932459
دستکش سیلیکونی عمده فروشی,5135143,8720704,2186480,9632635,1011856,5742706,190423,11717455,6526327,6873034
دستکش شستشو,9632635,1011856,5742706,190423,11717455,6526327,6873034,932459,9169544,9615176
دستکش مرد عنکبوتی شارژ سد,13151305,1615286,6070664,1972289,1984456,9664817,7384350,6865455,12145368,7785302
دستکش نظافت بنفش,5135143,9682747,69822,1011856,2319679,9632635,2748203,5742706,190423,10611401
دستکش همه کاره,69822,653921,740245,11419558,10064894,14988,10017841,7184190,424094,313602
دستکش پسرانه,7553658,6773575,13151305,9706186,9632635,1011856,5742706,190423,11717455,6526327
دستکش کادر ارتفاع,16991856,9632635,1011856,5742706,190423,11717455,6526327,6873034,932459,9169544
دستکش کیسه بوکس بچگانه,4242832,6755271,2084566,6916217,14036003,6773575,173977,13151305,737050,6554716
دستکشه بتمن,6800916,14571528,4890217,9680181,14621297,4242832,7537309,10528127,6825028,11629178
دستگاه  بخار خوشبوکننده,494454,11637871,3285253,5261987,1725361,7174426,5003190,7059012,13283717,536935
دستگاه  تولید جوراب,1345136,7350088,1620325,4704767,16670787,12619125,8159256,916313,1048427,7857662
دستگاه DVR هشت کانال هایک ویژن,426131,9507554,571768,11005168,13904421,4669957,3306409,24052,74056,1434791
دستگاه اذان گو مدل,1638746,10638354,4990008,2507543,1479187,15474441,17037730,6803405,13950898,12508996
دستگاه اذن گو,1638746,10638354,4990008,15474441,2507543,1479187,17037730,13950898,6803405,12508996
دستگاه اسموتی ساز شارژی,13848507,4905582,14574143,7547715,8890150,4852451,12715238,7294075,953404,13620175
دستگاه امبره  ناخن,3179358,1848840,13655115,16749668,12233629,2453294,2583317,1998383,9588977,9584036
دستگاه اکس ویزن,5191394,5182865,7517222,14548365,5656137,15474441,2507543,1479187,17037730,13950898
دستگاه بخور بیورر صورت,37002,962411,2360390,14554743,4905582,14574143,13848507,16925386,494454,3771829
دستگاه بخور ریگون,10094710,14554743,4905582,14574143,13848507,16925386,494454,3771829,14703809,2081898
دستگاه بخور سرد زیگلاس,14554743,4905582,14574143,13848507,16925386,14703809,11429159,12554237,295097,866642
دستگاه بخور گرم ویکس مدل ونوس 4.5 لیتر,2081898,3771829,10094710,953404,16925386,962411,14554743,37002,4905582,13848507
دستگاه بدنسازی خانگی m,8523079,409199,9010850,691459,873054,1468972,8071173,2421914,14360660,8322332
دستگاه بر چسب زن دستی,1612355,6803405,2507543,7687466,11594942,288051,1085000,8743568,2392148,507457
دستگاه برای در آوردن ناخن داخل گوشت شست پا,11330221,10610707,8145995,12233629,8735928,106999,13217179,239854,4980704,11413824
دستگاه برش سنگو سرامیک,671584,8595427,9031400,9229099,7790114,214257,204608,11455959,11342444,9868369
دستگاه برق شارزی,17037730,13848507,12508996,12935923,4905582,14382816,15114356,13950898,3860138,15474441
دستگاه بستنی  صنعتی,14382816,4104881,8041694,10152927,4729006,669351,1827219,15126651,9897042,9095355
دستگاه تست اکوا چک,4362497,60955,60927,4402895,60962,6713474,2394321,3929091,4748512,7468372
دستگاه تست باتری خودرو,2394321,4362497,1827219,3929091,910280,12229635,9788096,4748512,60927,60955
دستگاه تسویه آب آکوآ جو,7468372,1657413,6260612,9778927,12101460,886651,8129752,7632776,440818,7902972
دستگاه تصفه آب اکواجوی,8848644,8289117,7902972,7967451,4944170,2414671,6116245,7033494,886651,12886626
دستگاه تصفیه اب گربه و سگ,7902972,7967451,14456404,8848644,7033494,4944170,2414671,6116245,4104881,886651
دستگاه تصویه آب خانگی آپارتمانی,8322332,1657413,7495121,7902972,7967451,8848644,12554237,4944170,2414671,6116245
دستگاه جلبگ,15474441,2507543,1479187,17037730,13950898,6803405,12508996,5301082,3328828,671584
دستگاه جوش  توسن,12219267,6803405,15474441,1479187,17037730,13950898,12508996,5301082,8595427,15114356
دستگاه جوش ۲۱۶۲ اروا,4939562,671584,15474441,1479187,17037730,13950898,12508996,5301082,8595427,7491913
دستگاه حشره کش تارو مار,8822985,9937885,1680521,8983241,513668,567826,1467064,2073422,6219607,1733231
دستگاه درما اف,6333036,1626293,4585575,9693823,4878943,111178,9545062,6420347,624363,1450658
دستگاه دوربین مدار بسته,5149251,12225353,495136,2171761,2615879,23752,11296079,1697467,13904421,426131
دستگاه فرز رکنیکس,8197472,8402429,115561,4515379,11580764,6905118,171977,7204175,11721766,285803
دستگاه فن سازی مژه برااکستنشن,3246635,11322248,528137,983602,828562,11149658,225366,759790,6152199,733463
دستگاه لایه بردار و مو کن,10461490,879610,13213147,9445298,464005,1024106,8756989,758079,4050187,11109155
دستگاه مارک بر,765128,239854,8506272,8520881,240675,210621,6520332,1752947,6991847,3283179
دستگاه ماساژ ایستاده,5762323,4452500,1827485,12083352,464143,8348280,808546,707892,4622688,6373656
دستگاه موبر  موهای زائد,37881,6052080,75932,2364781,8529234,9540137,1818291,75912,1848206,3976530
دستگاه و پایه سردوز چرخ خیاطی قدیمی,8330196,10669131,5537905,3111577,2949512,2969980,2587235,5569926,5579404,7147625
دستگاه پاک سازی دو وست,1773444,11322248,528137,10156991,3637389,73856,3269571,8735928,3915129,4405075
دستگاه پودرپاش موی سر,7118751,1065929,5891015,7881671,8062621,6868438,9947129,9547970,14350372,1731864
دستگاه پولیش خودرو,7523576,12518888,10258397,13531978,9763788,7670489,1541231,9021877,8286788,12197331
دستگاه پولیش سایز ۱۵,7523576,12518888,10258397,13531978,8009061,9763788,1025472,3867621,9360788,8123481
دستگاه چاپ  کره ای کوچک,7197181,2421914,9095355,6834237,10498126,950630,11214778,11352263,4515403,6567845
دستگاه کارتخان واقهای,15474441,2507543,1479187,17037730,13950898,6803405,12508996,5301082,3328828,671584
دستگاه کارچر,15474441,2507543,1479187,17037730,13950898,6803405,12508996,5301082,3328828,671584
دستگاه کر دی والت,10563755,4557690,1452935,8743568,496498,6588022,10359323,4880134,1859597,10929653
دستگاه کوتاه کردن ساعت,11920312,5357364,6448085,559882,12698831,4877971,525614,12126072,1333664,6033622
دستگاه.  سونی,605575,23752,3592999,1287,191846,958,91013,8683837,9248424,21010
دستگاههمبرسخکن,100000,100000,100000,100000,100000,100000,100000,100000,100000,100000
دستگله فشار خون,2830753,4402895,60927,60962,60955,3186254,8977576,9732812,4362497,12229635
دستگیره استیل ساینا اس,12945797,4450185,15231794,16936423,6265787,5165276,2668036,977524,6424828,5654096
دستگیره تنظیم صندلی خودرو,15376246,781227,9516833,11256459,4869443,1768509,582191,15231794,13068451,9984274
دستگیره حلقه میز,977524,6860798,4137461,2381229,10211121,5635159,5630888,6753202,6653298,7901088
دستگیره در دیجیتال,977524,5630888,6653298,5635159,3115913,3665496,7505617,9928424,9502242,697280
دستگیره فلزی پراید مدل بالا,9928424,1768509,15231794,697280,5165276,8963792,4818336,3896057,6653298,6429971
دستگیره قلبی آشپزخانه,7901088,8996747,4499873,7542699,3718358,12751996,10772174,5143214,9114819,5902270
دستگیره لمسی امنیتی,320285,381500,7297459,5381957,977524,13942382,8333179,10211121,5635159,2418637
دستگیره کمکی سرویس بهداشتی,10211121,6861239,5392974,9965789,7959398,10091060,10960911,9483691,2525763,3222136
دستگیره‌ یخچال,8553684,10933664,977524,10211121,5635159,5630888,6884317,6884403,6653298,7901088
دستگیریه داشبورد پراید,1447978,9026799,143580,1116923,6196449,2202068,12789773,5442029,7191038,8773816
دستی‌های سونیک,8651292,7291575,5057153,13854825,5117449,5144437,7337056,12746508,9009983,4842105
دست‌بند‌پلیسی‌,1016559,13634628,3907654,6761083,5972745,10943918,7580020,7579614,8599853,8836225
دسسته بازی لیزری,9342140,10040160,7208436,8322527,15201333,5299293,6870884,12802226,8234858,2925288
دسمال کاغذی طرح دار,613237,1896062,4574855,5568116,13323415,3930337,874254,10653284,15119159,6510095
دسنگاه بخور,14554743,962411,4905582,14574143,13848507,16925386,2360390,2861067,295097,12554237
دسگاه متربرق بنزینی,893475,6332330,762996,9497412,6575098,9699869,3184247,285945,4972712,273080
دسگلوله,100000,100000,100000,100000,100000,100000,100000,100000,100000,100000
دفتر   طرح مانی هیتس,9529144,7272855,11142656,10855108,9542679,482396,1981986,9525420,787065,9993005
دفتر  طراحی  طرح دفتر مرگ,11142656,12466197,9388540,7546522,9873944,4917457,431738,12234072,10414946,7323361
دفتر 300 برگ A4,13198124,7944046,3275908,9851966,8421335,4487521,14751687,10414946,6075796,9706126
دفتر 80 برگ نوین,3275908,8421335,9993005,6280450,10483411,15088981,5729749,9851966,14058689,4487521
دفتر NASA,14695653,11142656,3275908,12600106,482396,8421335,4917457,5349411,8338133,431738
دفتر انگلیسی,6557750,11142656,80316,3275908,12600106,8270275,12370593,482396,8421335,4917457
دفتر برنامه ریزی  ابرنگ,12234635,5550662,9542679,9525420,9529144,5349411,8338133,4315264,9427392,12120907
دفتر تنبک,14635509,1457546,5114683,7597200,4291477,1497390,11974298,11142656,3275908,12600106
دفتر حسابداری صندوق,12535219,1146652,1901333,2736387,462925,14522041,3885705,10484612,38243,11674185
دفتر خاطرات مدل فضایی,1119237,7587086,5232752,5396340,14126372,9567048,4849044,109037,2543882,7533618
دفتر خاطره ها,2249146,10699355,9514931,14046704,11142656,7514224,7348309,3275908,12600106,482396
دفتر دریاف و پرداخت,17647571,5253736,463273,5551207,11142656,13770069,12497141,6280450,3275908,12600106
دفتر شب پرستاره,7341970,12234072,11699162,14186382,11142656,14030174,7274041,14277291,3275908,12600106
دفتر طراحی بزرگ بزرگ سال شکل دار,6145047,665130,8581051,7783378,1099886,714308,159054,5580167,7955133,7933799
دفتر لغت حروف فارسی,6557750,1913391,567646,12305688,1609964,6523896,8423792,3710946,1655333,3579546
دفتر مادر و فرزند,4596129,8054800,15786472,8948840,158566,38873,3476584,3080330,7306054,38932
دفتر مدل کوچوچولو,11142656,12600106,8421335,4917457,5349411,8338133,431738,9851966,10414946,5550662
دفتر مشق دختر تهردار,14188292,3275908,10162478,14751687,10855108,6075796,9706126,16204164,12600106,13769981
دفتر مشق عید غدیر,5729749,3275908,10162478,14751687,10855108,6075796,9706126,16204164,12600106,13769981
دفتر مشق مدل پاپیتی,3275908,10162478,14751687,6075796,9706126,12600106,13769981,10855108,787065,7301351
دفتر نقاشی کیوت طراحی,272857,3308291,1845153,13770069,3014926,3442648,7697832,10520790,11711510,11142656
دفتر پنج دقیقه,11142656,11783061,3275908,12600106,9201179,1012766,13804761,482396,10025189,8421335
دفتر چرک نویس,12293267,6292647,2999253,5549870,8371959,5607537,7524780,7987018,2958150,14126372
دفتر چه ی بر نامه ریزی,5550662,9542679,12234635,9525420,5349411,8338133,9529144,4315264,9427392,12120907
دفتر ۱ کیلویی,317579,282816,5446799,12120907,278724,5729749,9243523,8457699,7240420,8526110
دفترجلد چوبی,14063205,6902160,10500732,10806077,9664474,9899588,2272565,657657,7396949,13848972
دفترجلد کارتونی,8421335,4883013,9007201,10344301,7091950,8794542,100000,100000,100000,100000
دفترهلو کیتی,1122015,2869840,7581955,9257304,7338944,7929065,8891280,3154318,15958386,4221217
دفترچه A6,3014926,1143440,565994,982477,8526110,13083849,8456741,4475952,267237,6735488
دفترچه خاطرات مردانه و خودکار  چرم,7587086,12260841,14058689,10566051,10401532,5396340,7240420,602981,6733245,15641477
دفترچه ساده  انیمه,12466197,8658665,3595884,6231066,3066530,9873944,6274414,9542679,7188846,9786851
دفترچه نفاشی,8526110,13083849,8456741,4475952,267237,6735488,14058689,10566051,12493710,12466197
دفترچه کلید. ار,1032531,3042739,5260415,12103422,4951030,6895860,6286333,832528,2509036,10204601
دفترچه یادداشت کوچک با خودکار.,14058689,10566051,7240420,10401532,6735488,8526110,13083849,8456741,4475952,267237
دفنر شطرنجی A2,9851966,12844753,10275604,10844318,6004161,4239604,4385925,10034370,4496519,11375836
دل E6530,3349,23741,4929992,16702994,12005190,1460055,4704767,9052518,3978367,1132710
دلار در دیجی کالا,2540855,2562643,2479307,6171234,6196636,7462044,3902127,13302122,512798,9978291
دلستر بلک,2025182,13415761,14217323,14064257,7811394,9647229,120258,15096900,16035296,11414941
دلستر شیشه ای کوچک,2025182,2080004,950630,10362830,2959261,6465396,9524821,59446,11476645,156181
دلستر هاو,2025182,100000,100000,100000,100000,100000,100000,100000,100000,100000
دلیجان استرالر کاور,13710651,3829727,1942031,149716,9306368,7781648,4851682,2555157,17252131,881532
دم باریک و انبردست,8073921,4374767,10251740,175077,5097479,6008131,8472321,9364733,5905725,812887
دمبايي رو فرشي زنانه,9126823,11443530,10456796,5254220,6520214,7823273,487724,12391577,12656609,8749280
دمبل 7.5 کیلو گرم,5272043,597957,7719254,3209497,7079570,799093,9649021,7079926,204452,7865355
دمبل ۳ کیلو گرم,3039430,3209497,7079570,9649021,7079926,52412,204452,13639983,7719254,52405
دمندهومکده دستگاه بلوور,15474441,2507543,1479187,17037730,13950898,6803405,12508996,5301082,3328828,671584
دمنوش لاغری گرم,15278817,8880977,8687712,12633409,14722392,5343249,10311965,7009867,12911007,751919
دمنوش گل گاوزبان,16950999,15278817,8880977,751919,8687712,612594,5820108,12633409,14722392,5343249
دمپایی ترو,9572811,10067768,7754712,7417288,11519492,8186728,7983359,7947685,11997584,750182
دمپایی توماس,10067768,7754712,7417288,11519492,8186728,2061569,7983359,7947685,11997584,750182
دمپایی رنگ بنفش,13871715,10611401,2748203,10599126,6839143,1955382,1098257,10638348,17892194,13363667
دمپایی زنانه کالباسی,13363667,7754712,11519492,3047587,5422687,5519812,6839143,14468998,13871715,10442878
دمپایی عکس دار,7165982,11547843,11106289,14427433,11640834,10426374,5338291,10254311,10067768,7754712
دمپایی فروشگاهی,5026019,11674185,6229770,5234940,7897714,1503086,10067768,8516352,12926611,7754712
دمپایی لا انگشتی نیمتا,11717943,587821,572324,11248112,10067768,7754712,7417288,6327884,11519492,8186728
دمپایی مدل کراکس,11997584,14861448,7754712,7417288,11519492,8186728,10067768,7983359,7947685,7947635
دمپایی مردانه برند زیتون,14427433,9937384,8761808,7983359,11547843,509414,4251573,1128977,7417288,3047587
دمپایی پسرانه حموم,7503155,3229196,10067768,7754712,7417288,11519492,8186728,7983359,7947685,11997584
دمپایی پسرانه مارک الماس,7503155,3229196,765128,6214663,10067768,7754712,7417288,5133301,12284171,11519492
دمپایی پشمی زنان,17664542,13841173,10079503,10067768,8326812,7754712,7417288,8725218,11519492,8186728
دمپایی کمربند,1785325,2074248,765976,10067768,7754712,7417288,13070262,11519492,8186728,602981
دمپاییاسلایم,100000,100000,100000,100000,100000,100000,100000,100000,100000,100000
دمی پد,4369668,12828494,15837828,7983566,416524,2505460,2960094,797396,7501115,7797377
دنا چهار تکه,6556712,12235824,14898338,10244160,83472,10548860,2411284,5235259,8863286,9126478
دنتال فتوگرافی لایت,11653354,16895824,161506,690731,1452542,5332441,5282679,14435236,3475356,7660864
دندانپزشکی بیوتی,5302074,8199009,2701457,494731,11734492,15475424,4559139,5957385,12084333,4554581
دنده استارت ۲۰ ساچمه ۲۰۰,4797570,8697886,8230805,4249702,194931,2821694,8771500,3179283,15470725,487772
دنده اسپورت موتور,10874215,10226121,10689673,10218962,8230805,2504677,7780382,10471936,10571093,10308844
دنده زنجیر ۳۸t,8230805,2504677,7780382,4341832,10571093,3520814,10591265,7488407,3294846,9540940
دنده سنند,7488407,3294846,9540940,5585111,8771311,7128898,10226121,172702,8940522,2254486
دنده فلایویل پیکان,4797570,9839290,11132726,4823722,1094947,11246905,4862377,2914569,6561991,3046475
دنده و ترمز دوچرخه,8771500,10615202,2854554,358809,699743,259278,3890894,6013513,7436272,14019592
دنده وینگل,4630196,7488407,3294846,9540940,5585111,8771311,7128898,10226121,172702,8940522
دنده ۲ گیربکس پراید,13326788,10255443,10226121,954655,1800133,2648343,194931,2586938,487772,12774881
دندونی  بچه,2921252,932430,736874,12467982,142327,6061225,6061308,2604096,839813,1020800
دنیا,15126953,2811495,2312421,7535192,100000,100000,100000,100000,100000,100000
ده ازمون اختصاصی فرهنگیان,14022215,14037723,13003541,5880436,190151,8287444,909042,2701359,9604701,6806447
دهانشویه بنفش میسویک,3477042,13300475,7463961,13300445,14086563,2748203,10611401,10599126,13871715,17892194
دو چرخه cofibos,1849130,3461612,9563117,444227,11655097,15031065,8897333,149716,518357,11462164
دو کنتاکت جلو پراید,12522406,2967739,8896427,670122,6212262,2355599,4598909,9857792,4288435,8897030
دوال کامپارتمنت آلیو اویل کانتینر,14487286,4048878,143761,2032757,2831303,15433,95807,11755988,100000,100000
دودی آینه ای شیشه جلو مناسب پژو پارس,3571443,7105749,1789638,8675578,2308497,5095256,172501,10621046,1467744,5078838
دور سنج دوکا,205704,5715433,423594,402097,3237213,164440,360732,565132,5236892,2487917
دور فرمون‌سمند,6482755,755465,11793710,7890775,14876850,565132,10159708,5236892,2487917,3332088
دور پلاک چراغ کوچیک,12830552,15114294,7093925,5968354,8825682,565132,5236892,4966806,2487917,2429494
دور چشم سلولار بوست نوتروژینا,4884175,215911,5236892,5825888,7986007,6970514,9858904,8121106,1924622,2885887
دور گلگیر جک s 5,9827379,1703895,744279,411197,13827543,1874610,1770372,780798,11380114,1910538
دوربین t80,12981178,8509775,2873515,947718,3927,4621360,92087,3294846,1828722,38435
دوربین xmeye plus مداربسته لامپی,13278352,14476030,12981178,12114084,6583824,10289010,5065982,10284297,13904421,1481963
دوربین بازی پلی استیشن ۴,191846,6419280,23752,1843735,3181786,12804885,4251866,3140001,6257808,2770901
دوربین برای یوتیوبر,2032185,2351153,917875,845833,11948548,8739501,5174702,12323073,14399184,11410958
دوربین بی سیم براتون دومگا,1743832,474279,10822319,8908327,950423,6830905,1959240,579617,942712,3327411
دوربین دام وارم لایت,6850187,474279,16895824,161506,690731,1452542,5332441,5282679,14435236,3475356
دوربین دنده عقب تارا,3294846,8940522,2254486,9759915,15222255,2648343,12459822,194931,133158,493281
دوربین دهوا ۱۲۰۹,15135572,2086621,8509775,2873515,947718,3927,4621360,92087,12981178,3294846
دوربین ساعتی رومیزی 4k,12168065,2859399,12500133,2132057,3693380,1539493,8143640,9032772,13735302,6107200
دوربین سامسونگ ST95,3927,38435,11948548,12323073,14399184,11410958,12659336,13148210,14466033,17210794
دوربین سامسونگwb110,8509775,2873515,947718,3927,4621360,92087,12981178,3294846,1828722,38435
دوربین سگ‌های نگهبا دوربین سگ‌های نگهبان,11398900,10290622,1915931,505309,2255843,4241459,4104800,372161,7188846,12981178
دوربین طرح ساعت مچی زنانه,1625808,5354832,5664355,3202321,15109376,8591007,7260961,3876318,10569502,1921948
دوربین عکاسی canon 6d,98416,14038806,1845308,1069184,3592470,3593269,2873515,3927,92087,1625808
دوربین عکاسی نیکون مدل D7200,92255,14038806,1845308,1069184,3592470,3593269,2873515,3927,92087,1625808
دوربین فیلم گیری پایدار,35299,7140760,3592470,3593269,1045063,12782977,13176968,12168065,552191,845833
دوربین مداربسته آنال,12981178,12114084,6583824,10289010,5065982,10284297,13904421,1481963,8908327,14476030
دوربین مداربسته تخت سیم کارت خور,10284297,942712,8908327,11708249,10822319,6830905,8864536,12981178,12114084,6583824
دوربین مداربسته پین,12981178,12114084,6583824,10289010,5065982,10284297,13904421,1481963,8908327,14476030
دوربین نقاشی,6829003,979954,6681201,1689549,1000484,3604908,9791693,272857,3308291,2898643
دوربین کروی,10431232,709463,568650,9695428,8509775,2873515,947718,3927,4621360,92087
دوربین گوشی انر ۸. سی,7239286,8586890,12853385,8869738,3765030,9796369,9200738,6532707,9135138,12782977
دوربین ۳۶۰درجه جک,6099091,12094251,8187878,7521904,744279,411197,1029673,12441836,7079570,13827543
دورحلقه,100000,100000,100000,100000,100000,100000,100000,100000,100000,100000
دوردر,100000,100000,100000,100000,100000,100000,100000,100000,100000,100000
دورزین ریز,7833858,3693404,616505,8735420,2667217,6944449,927134,11423934,17154107,2643710
دورس با طرح پشت,12807422,9615532,10322404,11562646,12739978,9594856,14586691,14386438,8994914,5152959
دورگردنی هوشمند مدل l,12836450,6377946,6535331,10297346,8073670,364889,5069534,12362441,12598258,1808578
دوست دارم,4549471,37471,16858588,7535192,9112432,7296441,9745335,248522,13000495,6577298
دوش حمام شیرالات اخوان,11630643,7691559,455580,466066,5901716,774908,7345465,3160022,531827,13302895
دوش پیانو,9061987,11630643,7691559,455580,3160022,11353022,466066,5901716,774908,800503
دوشاخ عقب هوندا,13754764,4972133,8799078,15837828,8293232,9389490,3299292,3731535,3810323,6575098
دوشاخ ولتاژ بالا,13754764,9389490,10238864,4587844,14804094,8561802,3500477,1071003,3689934,12849009
دوشاخه برق ارت,476084,4231919,4908919,435088,7642910,4878331,4418268,3689934,10912381,1991068
دوفا مارال هِر اسپری,7251353,645631,12866264,6002837,869810,7195564,994573,772864,769936,5062639
دوفیش یک طرف آیوکس,1922110,5356031,223878,4202210,9339202,134840,97486,4607253,8529398,7488509
دونات کیس فور پوکو ام تری فون,9962550,3758086,4787696,5500776,4682127,806525,3778682,6535145,8995528,2751858
دوو ماشین ظرفشویی۲۰۰s,8319122,5140827,14089147,17339315,11196311,8414644,762996,11313185,4975465,13535111
دوو پرادا رفریجریتور,8319122,762996,5140827,11313185,4975465,10689760,13535111,11675218,4977405,11301016
دوو ۷۳۰۰,8319122,762996,5140827,11313185,4975465,13535111,11675218,4977405,11301016,17339315
دوپل بارانی,6853226,3733807,6895860,6299689,686339,5078838,100000,100000,100000,100000
دوچرخه 26 آلمیوم,3689720,2446746,686871,7237606,1515420,11696106,6013513,11759010,6177988,12668704
دوچرخه INTENZ,5961873,10974039,6276346,3434836,10709261,12710813,13754764,9021296,11675039,3689720
دوچرخه canondala,5961873,10974039,6276346,3434836,10709261,12710813,13754764,9021296,11675039,3689720
دوچرخه اساک دنده‌ای,10615202,2854554,7436272,3890894,3592192,8771500,9819715,699743,5035948,358809
دوچرخه المپیا سایز طوقه20,1496004,14108332,1496876,7584679,7436272,12540137,10615202,1515420,12243728,12488839
دوچرخه بریلانس,5961873,10974039,6276346,3434836,10709261,12710813,13754764,9021296,11675039,3689720
دوچرخه تاشو لندرو,11759010,8890264,56912,5961873,343482,1709177,330734,550878,10974039,6276346
دوچرخه شارجی,5961873,10974039,6276346,3434836,10709261,12710813,13754764,9021296,11675039,3689720
دوچرخه فدم ۲,8616817,9545099,2106573,9032772,5004118,7135168,5925455,5901901,4459431,8029658
دوچرخه قدیمی,4917214,11323321,5665975,2373857,5961873,10974039,6276346,3434836,10709261,12710813
دوچرخه نیم کورسی هندی,9209819,833471,3016831,3434836,2501174,7674446,5064040,9244901,3181933,7921773
دوچرخه ویوا 26 turbo wolf,7237606,6177988,6547203,2854554,4866896,10707054,3689720,2446746,686871,1515420
دوچرخهگلگیر,100000,100000,100000,100000,100000,100000,100000,100000,100000,100000
دوک نخ,8864800,3984830,7456162,744941,6488097,1761476,702401,4462913,11501611,2571099
دِکوراتیو شَسی بورد ویت شیسویی دیزاین,10153869,75932,1818291,75912,6830791,9880812,1924368,6327884,3974550,10631178
دپوش فاظلاب,100000,100000,100000,100000,100000,100000,100000,100000,100000,100000
دکتر فرید,2141873,452604,10329833,7249192,8098840,10170605,11711364,5568535,10959853,7592065
دکمه الکترونیک,875736,13259598,2186330,3117053,4053442,944034,395269,11543809,3500477,8425139
دکمه ایکس باکس وان,8972235,159941,315405,12804462,2232119,1908813,6556217,2763623,910553,8206556
دکمه سفید پشمی,9618083,10275826,13841173,10079503,8725218,13121363,14006297,14763098,4810218,3277497
دکمه چشم عروسک,12456136,4845995,326492,9225485,8218017,4265468,7268142,3818328,7054953,5237429
دکمه کولر رانا,5079914,7128898,5210649,8545127,9542906,2787336,9781333,114628,5347419,8577079
دکمه ی دسته ی پی اس 4,8207871,274212,84463,2873984,5177810,5182103,490390,3722838,752773,7813156
دکور سقف.,12969853,977697,2377582,10632168,2430131,3318548,9483691,1097022,9668361,13462878
دکور نئون مهدی,12969853,977697,2377582,924553,9248539,890714,6602967,2294408,14024452,6602710
دکوراتیو آیتمز فور رزین ورک,15073378,6535145,2751858,3534947,7221868,4787696,5032834,6245032,314196,1897763
دکوراتیو کویی,6245032,314196,6526822,6148057,13003541,15073378,8716895,16455986,5619556,2537106
دکوری  سبز,722139,7954638,7441638,13379612,369371,3703067,1490799,8895878,2682769,12698358
دکوری  کشتی چوبی,10589713,4232698,1139534,107982,6755271,4671970,9686682,6493748,7954638,7441638
دکوری آکواریوم,5536763,2930956,440818,3330902,6213165,859111,1514664,1119610,2604338,4288693
دکوری جا لیوانی,4622688,626412,4917171,8053224,6761858,6577298,9178615,13963203,15094280,14985370
دکوری حجاب,1104172,477091,9739194,7954638,7441638,13379612,369371,2682769,12698358,8849022
دکوری رومیزی سنگی,9703599,13246266,3372647,6774181,15379121,10699784,432372,13240386,5143214,1097022
دکوری مدل فیل شیشه ای,2139595,191576,12607232,6940852,2080004,10362830,2959261,6465396,2474467,538237
دکوری مدل گوزن,5631903,3849615,7957441,3686859,7041017,10143492,7954638,7441638,13379612,369371
دکوری مدل گوی طرح روز معلم,15284231,4188595,10974940,6080689,15216692,1489256,10311550,10538870,11662113,2682769
دکوری نیگان,9850512,7954638,7441638,13379612,369371,2682769,12698358,8849022,6787332,4119072
دکوری چینی خاص,2708994,117803,7954638,7441638,13379612,369371,2682769,12698358,8849022,6787332
دکوری کره زمین سایز ۵,2682769,2175053,12530933,4438095,7197181,6834237,6080689,11214778,6567845,4232698
دیاق تنظیم موتور,8938344,10964548,12714913,10465790,4383345,8912519,6566014,5622922,9516833,706119
دیاق سپر پراید,8938344,10465790,12714913,816180,5170019,13828864,6741383,1435097,8320487,4024078
دیاق سپر ۲۰۶ تیپ ۲,8938344,8320487,10465790,3984726,16432146,6741383,5252970,1035399,1430706,4024078
دیجیتال توکِن مادِل,221364,12371948,202011,7477767,645096,4371,2873515,13735302,24052,1972541
دیجیتال سونی,1287,591097,191846,958,91013,8683837,9248424,21010,106912,482
دیجی‌کالا اِسپایدرمن کاستوم,2540855,2562643,2479307,512798,9978291,11736113,4178571,8197472,6159749,11427562
دیزاین درب صندوق,143601,9735534,143606,7386838,6830791,9880812,1924368,3974550,1633485,2221277
دیزاین پیکسی,4917457,6830791,9880812,1924368,3974550,1633485,2221277,539647,712400,6500727
دیزاین کلید پریز,9382384,16537303,435088,13886812,6895860,9567048,7724796,2809693,7174648,6214633
دیزی توپی روحی,9872192,432372,3470274,9573460,8817686,10136869,289293,9695428,5283135,16769798
دیس  پلو  بزر.گ,1626470,5401454,9307427,1619296,496797,1707365,5984777,557051,313551,659608
دیس آریا,7766544,368743,6828779,7662665,131330,6914027,6129113,7147437,368800,666324
دیس سرو مستطیل,12253819,557051,496797,5594411,5984777,313551,659608,10701828,372057,13081614
دیس گرد موج,2841404,1104553,14883440,496797,737527,5984777,12523693,1107585,557051,10632168
دیسک ترمز سی جی,2509282,1430706,6459788,13796580,8161677,3376676,1760908,12782977,4972133,2906550
دیسک صحفه کلاچ پژو ۴۰۵,5062205,6435265,4862129,17637807,7826220,5262741,7631405,7487162,1760985,2876890
دیسک صفحه شرکتی سایپا,6459788,4862377,5062205,6529825,5262741,6847209,4862129,7332407,6436119,5116217
دیسک نمدی,7983566,6833596,10333025,9221710,146856,146855,14314236,48401,859807,9084101
دیسک و صفحه کلاچ والئو کره جنوبی ۲۰۶,3363128,7487162,4894554,4862377,8158319,6847209,7826220,5262741,4862129,7631405
دیسک وصفحه گرافیتی,207314,48401,859807,12414641,48387,2395752,24775,9228677,187723,4542839
دیسک چرخ جلو 206 تیپ پنج,2509282,8161677,1430706,9938759,1035399,13676858,3363128,3376676,6557779,1760908
دیسک چرخ پژو ۲۰۶ تیم ۲,2509282,8161677,1430706,1035399,1760908,5505856,13526092,2230780,3363128,2906755
دیفرانسیل خودرو,5316473,6467799,7836765,779617,699324,6263638,8163672,8503217,781413,6631202
دیفیوزر سپر جلو پراید 132,8938344,1168656,172516,741055,8353565,8667588,6156582,9347560,1435097,4024078
دیلاور لباس,13947776,1942334,2233703,4354296,2873857,503450,3778601,8067606,10481951,2743922
دیلایت راننینگ,301003,15980268,10752446,10217337,8581260,100000,100000,100000,100000,100000
دیمر ریسه led,406833,11273164,10740003,7723998,16736391,419085,6602967,2294408,14024452,6602710
دینرور ست,7901470,5025436,9800468,1117966,7774937,698981,4417039,3956184,7798139,3198163
دینگلینگ شِیوِر کِیس,100000,100000,100000,100000,100000,100000,100000,100000,100000,100000
دینی اسفندیار یازدهم,4621275,4516759,7325334,771888,820870,2492104,16689421,9980588,820863,9445237
دیوار ار جی بی,1032531,12103422,4951030,6286333,10204601,8913462,13810500,8584290,8190969,8134613
دیوار کوب برقی حیاط,14467723,8735928,10120858,3587005,7111030,305811,106999,9463740,8519455,2109104
دیوار کوب خواهر,6310093,11618796,9115881,4887699,14467723,10120858,8735928,10652669,106999,3587005
دیود ال ای دی مدل اریانا,3725818,13944827,3475356,2698211,1968037,6736967,7844352,848850,2528095,12055540
دیود دینام ماشین.,6736967,6053278,3725818,12534060,11396255,1827219,9503513,265143,4532245,7590054
دیوو ال ای دی تی وی پرایس,1652460,3497052,870719,3475356,13944827,2698211,1968037,11070498,7844352,5165393
دیویار دوربین مداربسته,12981178,12114084,6583824,10289010,5065982,10284297,13904421,1481963,8908327,14476030
دیوید آف منز پرفیوم,6420347,12523693,109037,5559068,2074381,5170007,4878943,111178,211336,2361724
دیوید گاینز,12523693,109037,5559068,2074381,5170007,211336,3682195,4665298,3050864,100000
دیپ سنس شیر,11914677,4378150,14277900,14348727,4495382,9875943,374119,9662344,5126176,10187091
دیکس بازی رایانه,2761500,1126203,4502122,7162479,6206772,1634821,5280625,2365505,12254721,10262401
دیگ خمیر درست کن,5561897,3477042,5620616,7874377,5266126,9564694,11472661,1811853,602307,9390573
دی‌دابلیو کار مادل,10708778,1056100,1921465,2983747,944925,8527470,6613130,2714257,3841557,96819
ذسم,100000,100000,100000,100000,100000,100000,100000,100000,100000,100000
ذغال دسته پیس فور,6535145,4653434,2751858,7788990,7221868,7559080,7142116,11248112,4787696,4974352
ذغال سنگ فرز فنری,8402429,186067,11721766,285803,11580764,6905118,4515379,171977,7204175,9502262
ذغال سوپر ویژه,4653434,4974352,4570342,6230137,8048895,9265137,2103408,4279077,3038837,7317800
ر تقویت دست,2321608,348255,2882705,9878812,6854659,8895848,7270861,4885697,951506,9071288
رابط 3.5 ایچ به 6,893916,893483,1770372,6325240,3189403,744279,1874610,780798,10519102,7117020
رابط بین ابگرمکن استاده و شیر,7393954,1746956,3889673,3950734,7310681,7995078,1753907,7271234,4457650,5228840
رابط دریل به ارهدعمود بر,2522971,6830539,2277393,10358668,299612,11637009,6159749,8685101,8051771,104851
رابط زیر  دکمه,12434192,15111410,906799,9224976,14413764,14763098,4810218,11872294,503450,11695682
رابط سوتین کد ۰۰۲,906799,15111410,1924214,5413454,2223816,1844754,2365230,8448015,9527609,1802368
رابط ضبظ پایونیر,321736,8315327,901845,7706582,47962,35021,2278578,2229219,7579480,6804638
رابط فندکی خودرو 6 آمپر,13040232,12198072,14703809,183328,2255885,492022,13976650,13296825,7146743,5015281
رابط هنزفری سیمی,159941,1981986,12600106,3400415,1816339,13716432,4487521,16613440,3153356,15111410
رابظ کابل شارژ,537112,10374499,1742756,708443,9815559,109584,10951078,823923,840410,1915548
راديو بخش خودرو پاناتک,13490626,3159480,10827963,7355040,8486799,337494,1626470,8873557,6544907,73702
راديو کنترول,337494,1626470,8873557,6544907,12310483,11202858,567573,5130999,10630704,691459
رادیات آب لیفان,477015,305810,11971046,431367,7093648,7374449,7206351,10752446,2745294,438421
رادیاتور پژو. ۲۰۶,9191266,7021668,7128270,5622922,4397081,13968566,10598469,3984726,14065867,4836859
رادیو   کوچک,337494,1626470,8873557,11476645,6544907,156181,14010886,3185092,12310483,11202858
رادیوگرافی دندانپزشکی,9707076,5302074,8199009,2540239,100000,100000,100000,100000,100000,100000
راز نشست,58060,10627624,239854,5301530,100000,100000,100000,100000,100000,100000
راشا کانتری,11630643,455271,5750777,8163672,100000,100000,100000,100000,100000,100000
رافونه مبل و فرش,2970399,7790114,3500158,6033622,6448482,1577045,8594037,14311140,2754102,2680052
رام 16گیگ گوشی,17293037,6069316,14784256,14413968,625647,1547931,3622380,4952893,859,14349114
ران تک وی,9001111,11187587,1452935,305573,6588022,9993110,3896892,693325,753063,277950
راهنما گلگیر ال ای دی سمند,2230861,14245999,3636273,860497,5160544,3475356,13944827,2698211,1968037,11070498
راهنمای مبحث 13,4251149,5300288,3901307,230235,333441,855953,855999,49393,37395,10262137
راکت پینگ پنگ,7922395,12943759,3355266,15595660,2293574,410177,8765520,7301351,100000,100000
راین بلاد پرشر مانیتور,13524935,10194342,7967451,7519991,9234149,10337868,9970465,4114392,12654808,8923897
راین‌استون استیرینگ ویل کاور,13524935,1098476,14790881,523748,90099,12864981,285041,9306368,7781648,4851682
ربات همه کارکن,13260599,8833060,9377384,340510,379343,1528090,6928475,1518404,9741936,2153736
رتگ مو مرواریدی,16720639,14679335,5260050,14256381,13384859,12947644,2206927,2206978,7394608,845953
رتینول استادرم,8835397,8023443,975208,100000,100000,100000,100000,100000,100000,100000
رخت آویز  پلاستیکی دیواری,4051553,8754590,7294584,7755643,10544675,12293267,7668670,6292647,2999253,4844701
رخت آویز لباس کفش,8754590,1575818,7755643,3778601,10360705,12293267,7668670,6292647,4051553,2999253
رخت آویز پشت در,8754590,7755643,2999253,3339107,5549870,638338,3821682,12293267,7668670,6292647
رخت اویز اذین,8754590,7755643,10020785,2103525,12293267,7668670,6292647,4051553,2999253,3783648
رخت اویز دیواری مدل ۱۰۵,4051553,8754590,7294584,7755643,12293267,7668670,6292647,2999253,4844701,14495355
رخت اویز چوب لباسی ديواري,7755643,1662761,1817540,8132436,1610239,4051553,8754590,8726996,7294584,11171072
رخت اویز چوبی کودک,7755643,8754590,1122015,1149187,5248502,948416,7174648,15255549,13453254,12293267
رخساره,462925,100000,100000,100000,100000,100000,100000,100000,100000,100000
رد وومنز پرفیوم,6611660,6412337,9708003,100097,9799940,4770886,2361724,7497130,5143658,12532316
ردمی نوت 12پرو رم 12,11079023,11205904,14523169,11715642,14257955,12516025,12933971,14474135,12884694,11281765
ردمی نوت وای ۱۳,14466435,14735824,14616088,14948744,14128927,16483817,14753411,14958401,14782433,14477219
ردمی نوت ۱۳اس,2926894,3258412,8493464,17211507,9840669,12461517,384444,384314,14714609,14146381
ردمی ۴۰c,8960208,100000,100000,100000,100000,100000,100000,100000,100000,100000
ردنی نوت ۹,2926894,3258412,4488602,3596037,8141019,2963787,3103299,5127498,5125855,5258180
رسوب زدای قهوه سازدلونگی,4457650,16771567,4428121,5228840,1021268,31644,5595567,5714659,2313536,7464696
رغن لادن,5725385,7170873,7170872,2394989,3541573,100000,100000,100000,100000,100000
رفع سیهی زیر چشم,7817052,4634239,6348578,1528874,645366,7268142,7943088,4684040,909949,9359293
رله فن 206,5496928,4239047,4024078,2973284,8400781,4863462,9130677,2802153,6446207,4443411
رم بلوتوثی,3367934,10676179,14420358,7595852,6855429,287451,2010553,11498716,10173363,7858041
رم دو کاناله 2400,1018883,879091,12461983,10330824,323085,9474766,4899424,6891483,8718260,3209497
رم دوکاناله ddr4 gb128,6265476,1018883,323085,879091,4899424,6891483,9028907,11485742,12952974,17456185
رم ریدر همه کاره,653921,69822,740245,11419558,10064894,14988,10017841,7184190,424094,313602
رم میکرو 128 گیگ ویکو من,3067558,8498898,338475,11840893,5638233,1031600,10614847,7513569,12965773,6973495
رمان دختری با لباس سفید,4941927,420953,11056384,12449771,12233216,12648083,13947776,4354296,109835,7282833
رمینگتون هِر کرلر,18150,18229,18231,3198345,100000,100000,100000,100000,100000,100000
رنده فیلیپس,870862,1023734,14925699,3499111,2781637,14034612,3306083,4084760,3233914,33589
رنگ آميزى الماس,10045185,6214663,5133301,12284171,13233331,4997418,668821,1563457,6913983,8328373
رنگ اسپری شبرنگ,9632573,608534,14574494,7432686,6835557,71942,753092,304734,3326131,964677
رنگ اسپورت دوچرخه 20,8771500,1496876,159657,2651073,7460246,7355660,4981527,7584679,4866896,14108332
رنگ اكرليك هما,8604117,367650,2067376,1592884,1003488,169270,9380520,2993408,6436906,14768493
رنگ انگشتی,10772174,10347632,828323,572324,15316851,6327884,12553170,963026,8972866,3016694
رنگ انگشتی کودکانه,10772174,10347632,828323,572324,15316851,6554716,6327884,12553170,963026,8972866
رنگ اولریک,59802,6436906,14768493,10611401,3971487,2487676,3326131,3204480,216366,2993448
رنگ اکرولیک,6436906,14768493,10611401,3971487,2487676,3326131,3204480,216366,2993448,8604117
رنگ اکریلیک ریپین,10111583,12327753,652741,1033745,15436428,4870324,6777846,926171,2726224,2399582
رنگ اکلرولیک 700 میل,1654061,12309596,13951101,6225061,7219736,7922203,1128977,6519317,1154347,997828
رنگ برا چوب,12691832,5096627,753092,12998878,304734,964677,919220,7432686,367650,3722838
رنگ ترکی,430494,11783061,6436906,14768493,10611401,3971487,2487676,3326131,3204480,216366
رنگ تفنگ,11209558,9330978,5621825,11697889,6790296,7362047,8235932,618241,687603,148766
رنگ جوهری چرم,5302378,8071665,9278759,5109328,10638348,6821038,12914437,11851125,2487012,1482145
رنگ خودرو1160501,6436906,14768493,10611401,3971487,2487676,3326131,3204480,216366,2993448,8604117
رنگ دوموسی,6436906,14768493,10611401,3971487,2487676,3326131,3204480,216366,2993448,8604117
رنگ روغتی سفید براق,5171947,10111583,753092,964677,3465817,5413454,652741,14574494,6953189,5689694
رنگ روغن ویندوز ۲۰۰۰ میل سفید,12562224,8713364,12998878,3465817,5413454,5171947,4033284,14574494,6953189,5689694
رنگ سفید وستا اکریلیک,926171,1033745,2399582,926166,10111583,14574494,3988485,2067376,921439,12327753
رنگ شماره ۵ برای اقا خوبه,786933,10852147,8804022,1542287,8815105,2487676,9291384,4314126,2206927,3945686
رنگ شماره ۸/۳۷,1031600,1104254,8384974,5260050,772864,5252508,2206978,2993448,2610656,10611401
رنگ ضدزنگ پارس سیمین,9649021,15316851,10668182,1932953,4870324,6824044,7012003,4569840,2614137,3295640
رنگ عسلی  شماره ۴,1104254,1636760,9959461,1707365,994573,747190,2339614,8717395,1922546,8993876
رنگ لاینر شمع,216366,6586909,4846962,6239844,10273269,7986790,1480950,433458,4929072,1638404
رنگ مشگی روغنی اطلس,14768493,5171947,9649021,10055914,11338881,10977127,13854992,1492841,2364781,9414390
رنگ مناسب برای بتن,6181068,10351610,877192,7384712,5666089,5050942,9051711,4261189,5794405,7239559
رنگ مو 4.3,1707365,1922546,1955382,12096037,2339614,1590057,5243806,1057778,1031600,4161363
رنگ مو استیل یخی,10852147,17825988,2487676,10651467,10611401,1534778,1158687,4314126,9632573,1955382
رنگ مو البورا ان6,1922735,1922802,1922546,3723362,2487676,10611401,1534778,1158687,4314126,9632573
رنگ مو دوشس شماره 4,5260050,5236984,5243806,5252508,1707365,2339614,2487676,1922546,10611401,4161363
رنگ مو شرابی بورگاندی,2487676,10611401,1534778,1158687,4314126,9632573,1955382,3037894,1098257,770458
رنگ مو فیوژن مارال,772864,5062639,770458,769936,769897,786933,1959173,994573,1959209,6002837
رنگ مو پادینا N3,2339614,7435146,9928892,14055410,8244011,3718358,2487676,10611401,1534778,1158687
رنگ مو پرستیژ بدون امونیاک ان 2,1550972,10138096,1542287,14638250,6593522,2487676,3724125,915219,14246588,7142851
رنگ مو پرستیژ بلوند دودی تیره,10138096,1542287,1550972,8804022,2487676,770458,2508215,769897,12096037,8384974
رنگ مو پرستیژ۶,2487676,10611401,1534778,1158687,4314126,9632573,1955382,3037894,1098257,770458
رنگ مو0,6436906,14768493,10611401,3971487,2487676,3326131,3204480,216366,2993448,8604117
رنگ موPIccaR,6436906,14768493,10611401,3971487,2487676,3326131,3204480,216366,2993448,8604117
رنگ موی  فرام کالر,1098257,304734,751130,14574494,304730,304711,10138096,1542287,304946,1550972
رنگ موی poLo,5703443,865529,1104254,1489847,6219619,10920318,1531750,2014465,7118751,2776377
رنگ موی اسکاره,865529,1104254,1489847,1531750,2014465,7118751,2776377,9119757,8531074,8062621
رنگ موی بلونیا مشوی,865529,1104254,1489847,1531750,2014465,7118751,2776377,9119757,8531074,8062621
رنگ موی زنانه,865529,1531750,1104254,1489847,554054,2748203,5413454,1439902,6779705,13325895
رنگ موی سربی سرامیکی دوماسی,10611439,10611401,1019359,1019108,5117308,865529,1104254,1489847,1531750,9568274
رنگ موی شکلاتی,1019108,924058,865529,1104254,1492241,1015930,1489847,14259579,3433416,3892777
رنگ موی مارال ۶.۰۰,772864,769897,769936,1959173,5062639,994573,770458,370531,786933,1019359
رنگ موی موقت هیر کا,11246879,12708037,6081591,3935371,15129745,7769964,8988978,865529,12895905,1104254
رنگ نقاشی اکلیریک,12299112,4558232,367650,4941927,10020794,4903134,1760290,3204480,216366,12939298
رنگ پلاستیک سفید 20لیتری,6824044,3465817,5413454,5171947,3202321,14574494,6953189,5689694,761749,4176147
رنگ پژروشن,6436906,14768493,10611401,3971487,2487676,3326131,3204480,216366,2993448,8604117
رنگمو مارال ۹,769936,12866264,6002837,869810,7195564,994573,772864,7251353,645631,5062639
رنگوارنیش,100000,100000,100000,100000,100000,100000,100000,100000,100000,100000
رنگ‌طتختمان,6436906,14768493,10611401,3971487,2487676,3326131,3204480,216366,2993448,8604117
ره پیچگوشتی,8670929,870944,17664078,4158441,1562421,14016564,4353116,2872901,3050864,100000
رو بالشی ساتین,9126823,11443530,10456796,5254220,6520214,7823273,487724,8749280,2858093,2469861
رو تختی ۱۴۰ کشدار,9529336,487724,8749280,5235259,8084322,638338,571948,7255759,5793228,9126823
رو داشبورد تیبا دو پلاس,7086864,143608,8032512,10456796,146855,487724,12131416,12656609,2858093,7823273
رو دنده ای هودی,9540940,8771311,12656609,133172,194931,1826076,10615202,2227950,623637,12295866
رو عکس,10254311,3887956,866146,7165982,6129574,4615249,9126823,11443530,10456796,453777
رو فرشی ۱۵ متری,5826102,9126823,11443530,10456796,5254220,6520214,7823273,487724,12391577,12656609
رو متکایی جنس میکرو,487724,12391577,8749280,9979073,12656609,9126823,11443530,10456796,2469861,5254220
رو نختی,9126823,11443530,10456796,5254220,6520214,7823273,487724,12391577,12656609,8749280
رو کش تاچ پد,1980226,7823273,3334209,494731,9126823,11443530,17484673,10456796,5254220,6520214
رو کش زر دوچرخه,7823273,633387,633507,13229443,9126823,11443530,10456796,633420,5254220,6520214
روان سورنگ,5607537,7524780,7987018,14126372,5170003,2768140,6748468,8828597,1516133,12450379
روان نویس زبرا 20 رنگ,1078142,196153,6748468,2768140,1516133,189770,3971487,167334,5607537,7524780
روان نویس چراغدار,9016035,5607537,7524780,7987018,14126372,5170003,2768140,6748468,8828597,1516133
روان نویس ۱۰ تایی,5607537,7524780,7987018,14126372,5170003,2768140,6748468,3971487,8828597,1516133
روانشناسی تاریک انتشارات سبزان,6625780,3790050,353052,1738079,7650756,3399580,9154209,3505485,2013405,3972996
رواننویسمدل تفنگ کد ۹۹۹,979954,7362047,5273319,51588,1052198,1759704,1714761,5752476,637232,9647966
روانی پور,249809,229670,241473,7195094,15841698,10893935,7392121,5389299,9980588,4285361
روبین‌2اینچ,10889184,100000,100000,100000,100000,100000,100000,100000,100000,100000
روبیک ختی,7198829,4476642,3715881,7420512,12010756,11989850,2273521,3383612,9870562,3556125
روبیک ۳ در۳,7198829,2417088,4476642,3715881,7420512,12010756,11989850,2273521,3383612,9870562
روبیک. کای وای,2417146,613239,11989850,2417088,7198829,7368232,4476642,3715881,7420512,12010756
روتختی,12638151,3635153,486090,10108553,12051189,12086278,12990412,11419082,7085580,12637022
روتختی 2 نفره,12638151,486090,11088761,8529398,10108553,12086278,7085580,4306831,83472,12637022
روتختی دونفرهمخمل,12638151,3635153,486090,10108553,12051189,12086278,12990412,11419082,7085580,12637022
روتختی مدل دختر تک نفره,12638151,12637022,486090,10108553,12086278,7085580,8529398,4306831,83472,11088761
روتختی کودکانه,6554716,12638151,3635153,486090,6185331,10108553,12051189,12086278,12990412,11419082
روتختی یک نفره سفید,10108553,486090,12086278,8529398,12638151,7085580,11419082,8749280,4306831,83472
روتر میکروتیک مدل RB941-2nd-tc HAP Lite,916395,4596784,1843390,5130999,567573,677319,2421535,9031400,15072793,5579394
روتیتچن پوستی,9972303,13343245,263299,7993648,9246246,100000,100000,100000,100000,100000
رود استودیو مایکروفون,73428,1135071,3578808,1440386,7950942,765991,6196186,1668696,100000,100000
رودری پژو‌,1452948,9307538,3211482,3246302,5707004,2094664,2834962,6994218,4959376,10598469
روز مرگ,4188595,13816326,11142656,11846022,15284231,12466197,146787,10462829,2986271,411220
روز و شب بالسا,10140363,7623307,13369402,8608039,4188595,15284231,3057033,215632,9567048,14030174
روسری دخترانه طوسی,5792164,11358267,6950565,2662206,9706186,5293383,9562561,10751064,2079564,7955133
روسری زنانه نخی قواره بزرگ رسمی,11378463,7955133,11059103,804699,11358108,11433406,11054007,6371134,11072804,5293383
روسری طوسی,5792164,5293383,9562561,10751064,2079564,7955133,6779705,11378463,10226719,2118362
روش تخت تک نفره,11185198,8293985,11090329,2793838,13202510,9279485,13117072,4949404,2480888,1991176
روشویی مدل,11670350,3072164,868754,15400948,5400662,995846,12989715,5255608,8150433,2976385
روغن ابزار,3243004,1953615,436821,2064685,7288466,16187751,2419368,2394989,5261472,4251573
روغن بینی,7278168,1565823,1718585,2536270,14608360,10088444,2536428,10651731,11409541,11408972
روغن دان فلزی,11229602,1538119,1538121,9738147,10909098,10542440,8073921,6107200,9577321,349671
روغن زذ,2419368,2394989,5261472,4251573,468936,15114946,861621,2872550,8806208,9276327
روغن موتور اسپیدیفیلتر مام,861621,8806208,147516,9567498,4060266,202993,12586562,3165952,7393908,7545454
روغن موتور ال ۹۰ رینالت,861621,8806208,147516,9567498,4060266,202993,12586562,7393908,7545454,147439
روغن موتور ام وی ام نفت پارس,9107643,8973032,10820128,9196930,305573,3896892,5102788,9567321,11490088,826701
روغن موتور ایرانول ۸۰۰۰,7545454,861621,8806208,147516,9567498,4060266,202993,12586562,7393908,147439
روغن موتور توتال ۲۰_۵۰,147439,12586562,9198398,8973032,861621,8806208,147516,9567498,4060266,202993
روغن موتور فورماکس,861621,8806208,147516,9567498,4060266,202993,12586562,7393908,7545454,147439
روغن موتور ۱۰×۴۰ sm,12586363,11637519,12586562,861621,8806208,147516,9567498,4060266,202993,7393908
روغن نارگیل طبیعی,8690160,8231678,4070674,5127858,17027877,6350773,6061308,959286,7956334,4307586
روغن هندا موتور,1476125,11755988,996559,12217894,10388992,10649152,12537996,1584808,1585520,7651694
روغن ور سوز,424094,6003477,356717,1558818,1154351,10668182,10648133,2419368,2394989,5261472
روغن کلیک گیربکس,10350155,10649762,1063683,8705515,343272,2319055,13943115,7392683,13261519,9411171
روغن کنجد سرخ کردنی,5261472,17027877,12016209,11241494,12542807,11724481,11690142,17601869,7640848,13320636
روغن گل بنفشه,4430760,4496965,3198163,4971666,16755280,15063745,3319308,8943078,9747174,14060525
روغن گیربکس  موتورسیکلت,8705515,10350155,10649762,1063683,343272,2319055,5717374,12588040,1722604,3810323
روغن گیربکس آترود,343272,10350155,10649762,1063683,8705515,2319055,12774881,2731902,13948193,10255443
روغن گیربکس اتومات خارجی,10350155,10649762,1063683,8705515,343272,2319055,712400,8096967,8480486,411197
روغن گیربکس اتوماتیکal4,10350155,10649762,1063683,8705515,343272,2319055,12774881,2731902,13948193,10255443
روغنbio,100000,100000,100000,100000,100000,100000,100000,100000,100000,100000
روغنژنو,100000,100000,100000,100000,100000,100000,100000,100000,100000,100000
روف باکس فور ساینا کار,9358503,8439558,6535145,2751858,7221868,4787696,5032834,2668036,6424828,5654096
روفرشی پتو,5407471,5148050,8084322,6838163,7255759,1617704,2253986,7947685,750182,7947635
روفن زیتون رویال,4251573,1128977,14427433,6240267,395674,572070,1712065,9622549,456348,7009783
رول ارایشگری,7505548,8110212,10653284,12088191,4966806,8244011,8935796,3756468,510582,9286195
رول بیگودی,1505003,10653284,12088191,6622240,4966806,8244011,8935796,11204031,3756468,510582
رول ضد تعریق زنانه مای مدل لوتوس حجم 50 میلی لیتر,1746928,2801558,2323984,203183,10123941,126151,3868368,8244011,76982,1003390
رول ضد تعریقمرداتع کامان,3868368,8244011,8935796,510582,608796,126151,1746928,1003390,5355661,2323984
رول پزنتر حرارتی,12088191,6823327,1484096,3718159,6148096,11891409,11517957,10653284,1645296,204608
رولپلاک پروانه‌ای,12522411,14243261,11342834,8280670,12258492,14311051,2839752,930487,4602001,3044127
روم دکوراتیو آیتمز,5096627,10969936,5669988,7958880,3189403,6245032,314196,6526822,6148057,13003541
رومنتیک تری این وان الکتریک میت تندرایزر,10258397,10554732,321828,9962550,5595547,2081512,1157860,9838220,1154968,16537303
رومی  k40,6118411,7728675,10767789,12560714,8019037,5357338,6819000,8658323,100000,100000
رومیزی بوته جغه,9508030,1662445,13735302,6107200,9244901,3343597,6190722,4992091,10146144,202375
رومیزی طرح کاشی گلستان,10068452,4795557,9414390,7859766,4046257,3401749,3853256,1714950,651025,4045700
رومیزی قلم کار زابلیان,8735420,13706781,5357364,3401780,10708778,1056100,8531074,11716692,5551003,1921465
رومیزی چهار. تکه گرد,8304236,6037080,4854361,12164451,6556712,12235824,8716895,14898338,10244160,10653703
رومیزی گرد زر,8304236,633387,633507,13229443,633420,13735302,6107200,9244901,3343597,6190722
رونیکس4203,100000,100000,100000,100000,100000,100000,100000,100000,100000,100000
روِن ۱۶ کیلویی طبیعت,317579,282816,5446799,1652570,278724,11644793,2149655,6156841,6599507,12021769
روپوش لی زنانه,5304337,4206368,10912135,14869064,6116965,10554732,8501934,3348511,2716030,1056100
روکش آنالوگ دسته پلی استیشن 4 کد 2020,3067334,2825886,2825893,12866569,2661622,9101770,9837640,4684053,10650200,4669618
روکش آنالگول,7605704,14309744,582191,9749301,8107655,1628531,2745294,12285836,1125449,11198942
روکش انالوگ خودپلی استیشن 5,4684053,4669618,2825886,2825893,10650200,9110944,12866569,2661622,9101770,3067334
روکش ترمزدستی پژو,9805389,9652451,180912,9180929,4855889,14415901,8185626,9131125,12285836,10363860
روکش جلو داشبورد 207,7746969,12709456,2745294,143608,9805389,2914569,7747034,8297769,8032512,9805615
روکش داشبرت سمند,7151427,9805615,6482755,13272627,8955389,7890775,14876850,10159708,3332088,8283197
روکش داشبوردی سورن پلاس,13530060,11125380,7151427,13781222,8107655,13516330,8583598,12285836,9384920,13272627
روکش دسته  پلی استیشن 5,4684053,4669618,2825886,2825893,14868843,10650200,12866569,9110944,13359318,11362304
روکش دسته طرح منچستر سیتی,1140535,7220776,7200280,2197659,1623149,11457161,4678282,2825886,2825893,640156
روکش دسته پی اس فور طرح لیونل مسی,5836054,9235558,10960016,7836291,9862935,1504928,274212,5032834,2702152,9585969
روکش دسته‌ی پی‌اس‌فایو,8207871,274212,2702152,9585969,14081992,7396534,482,9370,3368623,7813156
روکش دنده پارس,9540940,8771311,9805389,9652451,4855889,4744349,15470725,10363860,12285836,8955389
روکش دور فرمان اپیتان,565132,963026,594000,8107655,11431834,7151427,8448211,8185626,8583598,12285836
روکش ساطور اره,13007005,10630003,6779969,10548632,10358668,8971127,56912,9699869,5739874,893475
روکش سیم وایرنیش,11135079,12560872,7605704,14309744,582191,9749301,8107655,1628531,2745294,12285836
روکش شوکر با چوب,6170447,6331877,1641788,2212054,8536946,3722838,9516833,12095645,833899,787425
روکش شک دسته پلی استیشن 5,4684053,4669618,2825886,2825893,14868843,10650200,12866569,9110944,13359318,11362304
روکش صفحه کیبرد لبتاب ASUSi5,1641788,8536946,6170447,6331877,787425,3253811,2212054,10742490,4792739,8478946
روکش صندلی بیل,14309744,582191,7605704,3015594,2351888,11473694,3330793,9652451,3296229,13178714
روکش صندلی خودرو پژو 405 مدل 95,14415901,9652451,9180929,180912,10363860,9131125,582191,11210315,14309744,7605704
روکش صندلی خودروپراید141,14309744,582191,7605704,3015594,2351888,11473694,3330793,9652451,3296229,13178714
روکش صندلی دنا دورنگ,12570661,8107655,14309744,582191,7605704,3015594,2351888,11473694,3330793,9652451
روکش صندلی ماشین فوتون دیزل وانت,14309744,12534060,4823722,2914569,582191,7605704,3015594,2351888,11473694,3330793
روکش صندلی موتورایروکس,14309744,582191,7605704,3015594,2351888,11473694,3330793,9652451,3296229,13178714
روکش صندلی پراید صبا مارون,3015594,5720202,13178714,10265430,12553487,11473694,12920165,6936033,152741,15028893
روکش صندلی چرم آپادانا,60012,9180929,9516833,7605704,2351888,11256459,5719130,15028893,14309744,582191
روکش صندلی ۲۰۶ sd,582191,9180929,14309744,7605704,3015594,2351888,11473694,3330793,9652451,3296229
روکش طاقچه عقب خودرو دنا,5466627,6854553,5718248,5041344,2668036,7926817,9027322,3073395,12570661,9164080
روکش فرمان ال۹۰,8107655,11431834,7151427,565132,8448211,8185626,8583598,12285836,963026,7129755
روکش فرمان وراید,8107655,11431834,7151427,565132,8448211,8185626,8583598,12285836,963026,7129755
روکش فرمان ۲۰۶,8185626,8107655,11431834,7151427,565132,8448211,8583598,12285836,963026,7129755
روکش فرمون خاور وده تن,8296767,6099091,12571887,13719471,12536601,5551196,10828044,633069,75134,62841
روکش مشمی ظرف غذا,9442728,1923549,3461150,10404044,11694144,7379172,4950327,12109894,794565,10894388
روکش پدال مدل اتوماتيک,13278471,4548686,9131125,9540940,6821120,13259598,6161608,4042360,4623400,304696
روکش پلی استیشن 4اسکین,2825886,2825893,12866569,2661622,9101770,4684053,4669618,3067334,10650200,9110944
روکش کارت بانکی شیطانکش,11329050,12004587,12663531,12663728,10186767,6229770,7605704,14309744,582191,9749301
روکشش داشبورد,2745294,143608,9805389,2914569,1116923,7747034,8297769,1447978,8032512,9805615
روگش صندلی پارس جدید,9652451,5318554,10363860,3057033,9180929,15325496,506035,14265961,13197805,868935
رویال هاب,1712065,743370,8198325,16531727,6884446,4615121,13955725,68716,445937,4337355
رِد فود کانتِینِر,2522912,7964468,6060757,13342125,100000,100000,100000,100000,100000,100000
رِدمی نوت ۱۳ پرو کَمِرا لِنز پروتِکتور,14466435,14735824,14958401,14753411,14782433,13446704,14782947,14644123,14883397,14820938
رِکتَنگیولار هود کانِکتور,4777970,679986,8456500,2586479,11710716,3051720,8185216,9445070,3475912,343631
رپ داشیوردی پراید,7334223,6593322,6105665,7294795,12890633,6459788,9780426,12456849,6524315,6461093
رپو NK2000,13882158,2843881,8182052,2696680,100000,100000,100000,100000,100000,100000
رژ  براق,772045,765929,5948450,12747349,10618588,9632153,5657434,14197726,1447966,13832741
رژ لب  براق,772045,765929,5948450,12747349,10618588,9632153,5657434,14197726,1447966,13832741
رژ لب لیدو ۱۲۹,1642677,5948450,12747349,10618588,9632153,5657434,14197726,1447966,13832741,6935322
رژ لب مدادی میلوس,2149553,5948450,1642677,11330901,10480335,610616,12747349,10618588,9632153,5657434
رژ لب مینی بیولیس,12747349,5948450,10618588,9632153,5657434,14197726,1447966,13832741,6935322,384444
رژ لب گلدن رز ولوت شماره 14,513849,10618588,1486297,522199,2415653,1519836,1470935,998156,5948450,9483648
رژلب tower,419298,1543627,10772858,100000,100000,100000,100000,100000,100000,100000
رژلب کالیستا ۲۲,581843,1543627,6618038,5680820,10772858,576100,580425,5156672,11115659,581672
رکاب پارس لاکی,11189983,10214277,1034210,1033928,7174637,1602832,7061153,7135168,7111920,14042768
رکابی ورزشی تکنیک فری سایز,12455954,2339955,634636,12615690,13384011,1448797,9229288,13906032,2294497,2310389
رگال لباس مدل 2 طبقه,10598374,9898703,5413236,9715350,10360705,13933524,8972749,3308038,1075108,3307928
رگلاتور 3.3,14038225,6563735,1868597,11942932,1029723,6840624,8320487,8450192,681938,3271100
رگلاژ میز,3912815,5252970,6860798,4137461,2381229,6753202,11525184,7124204,1932704,648468
ری بن ایتالیا,7082269,8478693,8717298,7722811,3638241,7722876,687796,3565413,15400948,7858686
ریاضی هشتم کتاب گاج جامع تیزهوشان,13623848,1970039,6196537,96819,9474308,1963552,3686492,7080495,3741049,4113547
ریدینگ رایتینگ,100000,100000,100000,100000,100000,100000,100000,100000,100000,100000
ریسه  مدل رنگ,11412910,419085,6602967,2294408,14024452,6602710,6653378,7924960,7844352,5069534
ریسه ال ئی دی,11070498,7844352,5069534,13462878,803587,2528095,9981331,2864628,8112567,2034671
ریسه ال ای دی لامپ آیینه,5968354,11070498,7844352,5069534,13462878,803587,11412910,9981331,2528095,2864628
ریسه ال ای دی مدل ۵۷۶۰,7844352,11070498,5069534,13462878,803587,9981331,2528095,2864628,8112567,6353974
ریسه ال ای دی مفتولی ضد آب,9981331,608078,11070498,7844352,5069534,13462878,803587,2528095,2864628,8112567
ریسه بلطری خور,4950327,10894388,5245403,12618675,11543090,419085,6602967,2294408,14024452,6602710
ریسه توذی,419085,6602967,2294408,14024452,6602710,6653378,11070498,7924960,7844352,5069534
ریسه دراز نقره ای,11070498,7844352,5069534,13462878,803587,9981331,2864628,8112567,2034671,6353974
ریسه سنتی آویز,7330976,8699409,419085,9664474,6602967,2294408,14024452,6602710,6653378,4423957
ریسه سنگ چشم گربه اصل,2468473,4190115,1560539,6471762,7129303,448718,14263482,419085,6602967,2294408
ریسه سوزنی ۹متری,10828044,8868046,14696,10079591,540818,419085,7151427,6602967,2294408,14024452
ریسه نوری مادگی دار,16859043,6353974,10562881,10768868,3789041,4240284,33751,780798,6205920,2202624
ریسه گیمینگ,17176269,419085,6602967,2294408,14024452,6602710,6653378,11070498,7924960,7844352
ریسه ۱۲ ولت ۱،متری,7924960,9706010,419085,8469468,803587,12866328,10693590,12297675,406833,7377947
ریش تراش دینگ لینگ,2220572,1062692,169973,785436,900405,7626548,826270,2842597,1573576,8328373
ریش تراش سفری براون,785436,900405,8208392,285259,5764692,826270,14467723,73225,6138767,2842597
ریش تراش صفر زن وی جی ار ۹۷۵,12103422,4951030,6286333,10204601,8913462,13810500,8584290,8190969,8134613,7084617
ریش تراش مارک vgr,785436,900405,826270,2842597,1573576,765128,8328373,4622727,14074201,11266930
ریش تراشوصفر زن,826270,2842597,14074201,785436,900405,578765,6803405,762996,4949229,208976
ریل کشو سایز ۳۵,16811609,15952446,7940220,6080148,2864628,6080016,417801,3880381,71757,645600
ریلمی اسمارت واچ,15260002,14334481,14638569,13484301,5572422,12915237,10614847,1400464,11187587,4789702
ریلمی جی فور فون کیس,12761318,14002894,5572422,6535145,8995528,2751858,12915237,1062567,1944985,7221868
ریلمی مدل c51,15029488,14209828,5572422,12915237,10614847,14498008,9373848,13675000,5093286,10353248
ریمل Oriflame,5881960,78001,295751,3026760,3234260,10217876,866704,1460811,880639,9840669
ریمل الیزاماتیک,5881960,78001,295751,3026760,3234260,10217876,866704,1460811,880639,9840669
ریمل نوت,9840669,5881960,78001,295751,3026760,3234260,10217876,866704,1460811,880639
ریموت r315,2773505,13274672,7561144,9147790,5865442,10758233,13538016,10930227,5129533,4669957
ریموت اگزوز برقی,12879600,2351861,9850282,11007995,5195847,7361950,14322527,13302528,3882123,3575386
ریموت قفل پراید,1888181,2391271,12693022,12687370,15307696,9130677,11981269,2773505,13274672,7561144
ریموت کانترول کار ویت رِد لایتس,75932,1818291,75912,10631178,288078,3079364,3954961,932152,14713512,10708778
ریموت کلید دار از راه دور,5254220,514988,3255182,1459872,8256175,10740003,875736,4518122,15636106,11368177
ریموت کنترل ماشین,5599387,2773505,13274672,7561144,9147790,10758233,13538016,10930227,5865442,5129533
ریموت کنترل مجیکار902,2773505,13274672,7561144,9147790,10758233,13538016,10930227,5865442,5129533,4669957
ریموت کنرل باطری خور,12618675,4950327,10894388,5245403,4532245,2819210,11543090,7920573,1411300,11675039
ریمیل deceel,100000,100000,100000,100000,100000,100000,100000,100000,100000,100000
رینگ leve,5282679,4911290,5487496,6363240,3867621,4003038,2230780,4653509,11852558,11265330
رینگ آلومینیومی سمند سورن نقره ای اروند,1160075,13516330,364527,429105,3332088,13781222,7890775,14876850,3551828,7151427
رینگ اسپرت اوپتیما,5282679,4911290,5487496,6363240,3867621,4003038,2230780,4653509,11852558,11265330
رینگ شاخ,15014636,10599126,6431666,6998606,5282679,12663066,11456874,1690726,4911290,5487496
رینگ لوازم قنادی,9549667,7364490,14759505,2993702,1160075,2906755,5665928,5282679,4911290,5487496
رینگ ولاستیک اچ ۳۰ کراس,3073395,10570280,11265330,277637,13942221,2706820,4089442,3730552,12866264,10774527
رینگ ۴۰۵,7961102,8533328,5282679,4911290,5487496,6363240,3867621,4003038,2230780,4653509
ریوب گیر ماشین لباسشوی کالگون,14208883,5109569,8520105,8681804,5612391,112897,1117465,8531080,5750628,4097330
ریکابی‌زنانه,12401047,3801395,10152239,10069504,7906591,11615656,11640343,9293680,14256381,916313
زائده فرمان,565132,963026,1151425,3182932,2171811,1151448,8107655,594000,11431834,8458866
زادو اکسترا,11347963,6907465,8156579,747777,100000,100000,100000,100000,100000,100000
زانوی 1 اینچ,12911938,13525678,979954,1608330,5332441,1085299,14782819,3571386,7432265,2171761
زایومی نوت ناین پرو فون,10226806,2926894,3258412,14272634,12940209,11159404,10694984,8995528,14474135,9863317
زبانه درب منزل,4085774,8120207,7867932,6905273,5241933,4235617,9037666,143601,349671,349676
زبانه قفل صندق 405,8120207,4085774,6905273,5241933,1135534,12826260,5064718,7867932,13041793,2475217
زبونه کاپوت جلو پژو,11074308,1135534,12503652,1152961,10598469,5095256,4204115,172501,334514,7105749
زخقث ه3,100000,100000,100000,100000,100000,100000,100000,100000,100000,100000
زد خش هواوی پی 40,8553660,13322258,14203413,12094112,9839599,4293858,6480772,13556455,549702,1037044
زده سرقت پراید,12687370,12456849,7687747,13673309,1135534,2453632,7334223,6593322,6105665,7294795
زدوکسا,100000,100000,100000,100000,100000,100000,100000,100000,100000,100000
زر ورف,633387,633507,13229443,633420,100000,100000,100000,100000,100000,100000
زردچوبه سحر خیز,4650638,2570590,5171947,3237727,9953477,13726497,8234291,1738079,2541689,753330
زرین هنر و زرسام,3668371,3246549,1519801,5148050,15055116,15967747,4428698,856277,117803,6177278
زرین پلاتینیوم چایناور,11637519,3246549,1519801,4428698,856277,117803,6177278,1869408,6676903,12088288
زعفران اصل,2901148,14132756,4179102,8838317,6264383,753357,448718,730392,6196186,14850139
زعفران اصلاح شده,2901148,14132756,4179102,8838317,6264383,753357,730392,6196186,14850139,3418493
زعفران سرگل سحرخیز نیم گرم,753357,2901148,753330,752091,3367562,14132756,4179102,8838317,6264383,730392
زعفران نیمگرمی بهرامن,4179102,5890443,2901148,14132756,8838317,6264383,753357,730392,6196186,14850139
زمینه عکاسی آجری,7615371,11025870,5586007,11332174,1145291,8605280,10916034,6780397,10739444,220980
زنانه دل آویز,16702994,12005190,3349,23741,4929992,5447615,14477251,8591168,11277102,2009191
زنانه موزیک,2361724,287451,2010553,6353974,544744,1955904,13969235,4741460,12092316,12401047
زنانه موژ,9375148,8970711,12401047,3801395,10152239,10069504,7906591,11615656,11640343,9293680
زنجیر بال فرشته ای,1095832,1621699,8371040,4940985,7867932,7349530,3138852,7419193,9833806,4986492
زنجیر طلایی درشت لوستر دو متری,10757160,7356395,4404714,1072595,129694,1122123,606960,622748,552599,3604636
زنجیر مرددانه,7349530,9648721,14081992,9593967,1585520,9398706,12350031,8230805,2050058,17336734
زنجیر و پلاک اویز,1122123,552599,5115533,1072595,3198163,5719815,760425,13391818,2505836,14465593
زنجیر گردبند مرد,1615286,6070664,7172417,1972289,1984456,9664817,5747151,9067793,7384350,13717126
زنده خونگی,1506841,11373694,9484811,7160734,12802226,11116973,1032531,12399795,8489552,152422
زندگینامه bts,5073943,9151882,5181784,2681676,3039913,10656375,5060451,5740120,3098779,4236184
زنچیر قاب متور,6129574,2429494,453777,1568281,589137,3887956,866146,3998803,723178,4615249
زه بغل ماشین کوییک,12219863,13763869,7971290,9827379,6230770,9387147,7889284,5297304,13261389,6759371
زه تیبا 2,9387147,8265386,11778310,6578025,8461270,5083435,7386838,3612596,1022396,12830552
زه درب خودرو مناسب برای سمند,7971290,14876850,3398369,919112,8386109,8381569,755465,13149286,6230770,10626069
زه دریچه کولر  405,2839217,9735156,5079914,7179227,9172770,978140,6148399,2441715,7922580,2015247
زود پز و پلو پز برقی مادیا,5401454,906459,52031,6889826,3644156,3144782,14092946,222523,27958,9789372
زودپز ترکیه ای,846685,8814788,7365977,2448207,1157323,408658,5186870,13798541,52031,5329771
زودپز دوقلویونیک,846685,8814788,7365977,2448207,1157323,408658,5186870,52031,5329771,729390
زودپز۱۰ لیتری,7995078,436570,4516407,14434344,2134420,4729233,836232,147439,715945,10279378
زوغن موتور مگلوب,2706820,13261519,10260791,996559,12774881,12217516,3797526,3797495,8884238,614287
زوم رکوردر,2732077,161693,3951436,9372061,1828722,3415050,1045063,552191,908,100000
زير انداز يكبار مصرف,14972695,16608336,11695682,12603987,15372734,4228636,913831,7140760,5317448,6230486
زی ماشین,13154792,7260100,9578637,9110721,2315399,12325010,8844118,8587723,9780923,9795665
زی ماشین 132,13154792,7260100,1168656,12789773,172516,152741,162410,7298466,143580,7585894
زیباسازان جا ماکارانی,64316,65576,64335,64318,7825011,65571,37261,3385777,314384,4934866
زیر انداز یوگا مدل فومی ضخامت ۸ میلی متر,5317448,9299039,11695682,138291,12603987,15372734,480704,14972695,3899906,16608336
زیر درب حیاط,904082,13946399,11323321,15231794,4235617,503450,11695682,624926,9037666,12603987
زیر دستگیر پراید,15005621,6069316,2449086,1768509,15231794,5165276,10210459,11170976,503450,11695682
زیر سیگاری مدل دندان,624926,3021960,1586166,4916401,1905089,12662070,12506843,12506890,17431061,3958227
زیر لیوانی سیلیکونی طرح گل,4917171,6761858,9178615,15094280,14985370,8053224,6577298,16302939,9234629,13963203
زیر لیوانی طرح دوست,6577298,4917171,6761858,9178615,15094280,14985370,8053224,16302939,9234629,13963203
زیر نکر سبز,3703067,1490799,8895878,752091,1934531,5902270,10587154,4122325,5301082,4117537
زیر پوش تور,426944,427025,8655927,10968638,14193478,1400583,5551196,9906836,8282083,1826170
زیر پوش مردانه ، تیر انداز,426944,427025,11695682,12603987,10968638,15372734,5317448,14972695,1400583,606382
زیر کمک موتورسیکلت,1913608,8293249,13412879,4415511,10783503,6706762,3426338,12588040,1722604,3810323
زیرانداز جاجیم 2 نفر,760112,1148502,7847710,6798757,9286195,689989,7592410,4607253,3037283,9733659
زیرانداز سگ,6798757,9286195,689989,7592410,4607253,3037283,9733659,138291,760112,1148502
زیرسارافن نوزادی توری,10946286,858645,1010081,9016025,12687760,10492200,4507854,173998,1513702,8675008
زیرلیوانی زوتوپیا,8053224,7279314,9234629,2727248,2737324,5855728,5541086,100000,100000,100000
زیرپای فابریک دنا,8648012,10548860,8863286,12347435,9126478,8171818,14344908,7745798,13968566,1460381
زیرپایی خودرو۲۰۶,267438,100000,100000,100000,100000,100000,100000,100000,100000,100000
زیمنس اسپارک پلاگ وایر,690926,12619377,5823722,9384931,528434,5177810,3857013,7318141,12923481,1094947
زین دچرخهطلنبه,8949433,3036636,14135323,12821919,14135022,2941363,3426338,1722604,3810323,6144723
زین موتور رهرو طرح باکسر,8098125,13443798,11511469,14135323,14135022,8949433,7172055,3520814,851507,14078112
زینک و b کمپلکس یوروویتال,12565176,16150354,9952960,8936377,5396046,9395415,6248479,632064,6288066,3536593
زینک پلاسدارو,632064,3536593,10340665,5556475,3536585,9952960,8936377,16150354,5396046,7770517
زینک پلاسقرص اهن,632064,3536593,568650,10340665,7975822,734314,732825,5556475,6827885,13786741
زیور آلات تیتانیوم,4605492,6913983,5765902,6457930,11729919,4889668,13086217,1111145,7193568,7038590
زیورالات نیم ست  مجلسی,5115533,1477544,13640085,9800468,5025436,1495626,11216022,7558274,7878975,754069
زیپ قواصی,4460787,9411876,2860406,8133086,14586691,885682,1400583,7875079,3869931,634765
زیپ ۷۰ سانتی,9063227,13709607,7875079,1864902,2801129,1838111,8919809,2480888,3428080,8035350
ساب زیرو ریفریجریتور,11644793,12838592,8315311,8259803,7862940,2696573,13478258,11105977,5432465,3374268
ساب ووفر آر بیس,8315311,8259803,7862940,11105977,2696573,8315327,901845,584731,6265787,3374268
ساب ووفر خودرو ساند,11105977,13840348,7862940,8315311,8259803,8315327,2696573,901845,584731,8949562
سابان برزنتی,1459602,7627858,100000,100000,100000,100000,100000,100000,100000,100000
ساحلی کوتاه,7679708,4681991,9780923,2328955,9084146,5549883,5846463,3670271,6448085,559882
ساخت ایز,11568979,13906032,3537587,130176,3536913,793203,2421914,12445779,2754683,5342154
ساختمی ماینکرفت خانه,17217836,7797377,9703644,15843973,750182,4681991,495136,2103525,14697174,12578888
ساختنی برانت مدل سوپر من,13778709,14763533,13778802,13015000,12349565,12350031,13091349,4570342,10554606,802080
ساختنی طرح tokiyo,13778709,14763533,11690261,4530471,6996431,13778802,16374936,5557488,1729573,3361115
ساختنی مدل ماشین چوبی,12381518,350503,5557488,4890217,10742673,3361115,3027828,1775829,17480967,5433612
ساختنی مدل مینیفیگور مارول,4311122,3875716,10554606,7230201,11690261,13778709,8841456,11610413,4530471,8719520
سارافنزنانه,100000,100000,100000,100000,100000,100000,100000,100000,100000,100000
سارژر گوشی بدون تایپ سی,4726071,9673712,859,31659,607449,537112,685587,5072153,8532954,8677650
ساریو شکلات,6801165,7680985,3528459,10434325,1491939,305236,7419193,1972358,2842162,4356679
ساز تابل,13235104,5477608,11840984,7080417,10659153,8670914,2105864,355992,663229,31644
سازه توپ اسباب بازی,7623616,4528161,17322627,16144179,5437047,4567852,556850,17423036,12020425,7248561
ساطور آشپزی  صربستانی,13007005,10630003,10058557,10238654,797880,10822302,15290047,2716030,138837,333942
ساطور طبیعتگردی,13007005,10630003,100000,100000,100000,100000,100000,100000,100000,100000
ساعت 2243,16731468,14007389,10901262,13098387,8087355,12711966,12609686,13877869,13735302,3950345
ساعت 4Pro  شیائومی,14346325,13098387,17278326,14990284,8220841,8271775,14337860,13349301,7602522,9815559
ساعت OMRON,14007389,10901262,13098387,8087355,12711966,12609686,13877869,13735302,3950345,16858178
ساعت T900 ultra2,12965876,11001700,12520106,11790749,12950092,14105831,14050066,14007389,10901262,13098387
ساعت emperio armani,14007389,10901262,13098387,8087355,12711966,12609686,13877869,13735302,3950345,16858178
ساعت kw19max,14007389,10901262,13098387,8087355,12711966,12609686,13877869,13735302,3950345,16858178
ساعت smQrtwQtch دخترانه,9851720,10246718,5957693,585871,9405649,10600598,5870116,12609686,5592158,13182831
ساعت sاکتیو,14007389,10901262,13098387,8087355,12711966,12609686,13877869,13735302,3950345,16858178
ساعت weil,14007389,10901262,13098387,8087355,12711966,12609686,13877869,13735302,3950345,16858178
ساعت آموزشب,14007389,10901262,13098387,8087355,12711966,12609686,13877869,13735302,3950345,16858178
ساعت اسمال واچ پاسارگاد,4889975,15260002,14334481,7456369,4393555,2776580,1518566,13296825,14638569,74937
ساعت اسکمی زنانه,7477767,1663994,644726,4684838,639574,881530,16731468,10386577,3899057,7665438
ساعت اسکمی ساعت اسکمی,7477767,16731468,10386577,3899057,644726,7665438,1663994,4684838,2425682,10288925
ساعت اولترا بلک تایم,11414941,11001700,7200364,7811394,5132167,7477029,13300475,1490799,13415761,3246519
ساعت اکسید,8143640,2859399,772477,14007389,10901262,13098387,8087355,12711966,12609686,13877869
ساعت بته,1621082,17025073,2106786,14007389,10901262,13098387,8087355,12711966,12609686,13877869
ساعت بچه گانه طرح ماشین,695191,10796045,702522,4173214,839813,1020800,2520167,173977,705153,4883013
ساعت دیجیتال اسکمی 1426,4684838,7477767,7665438,2425682,16858178,8087355,16731468,10386577,3899057,644726
ساعت دیواری بلک پینگ,7811394,7301351,11414941,7922395,12943759,10691707,302711,3355266,12231508,5357338
ساعت دیواری راویتا,12398907,7036283,10691707,302711,12231508,5357338,6819000,6163212,9445099,9659366
ساعت دیواری فلزی چراغ دار مدرن,10691707,6105808,6107200,9296213,4231446,8491338,9928892,7208575,5095256,8896427
ساعت دیواری فلوروسنت,10691707,302711,12231508,5357338,6819000,6163212,9445099,9659366,623637,472358
ساعت دیواری مدل 1185,8680062,10691707,302711,12231508,5357338,6819000,6163212,9659366,9445099,623637
ساعت رادو سویس,13153055,14007389,10901262,13098387,8087355,12711966,12609686,13877869,13735302,3950345
ساعت رومیزی کوارتز,43497,13735302,2240345,6107200,8091050,328464,104284,1107630,8100233,8070182
ساعت سولار,6233264,3606476,16534430,8701936,14007389,10901262,13098387,8087355,12711966,12609686
ساعت سی تی زن ست,607449,5886948,7104832,8743568,6178212,2605175,31659,10894310,1652460,7289290
ساعت سی تیزن مردانه,12686619,15030810,1364878,7466432,12081253,802011,802080,12097231,2945442,11316467
ساعت سیم کارت خر و بچه گانه,702522,695191,10796045,4173214,1020800,839813,2520167,555591,173977,705153
ساعت شني روغني,13772137,2081882,1610096,8513465,11840984,13225463,7521904,14267990,14768493,5171947
ساعت طرح اپل واچ حصیری,7802326,74937,1034194,195987,14911876,10201008,6833552,8964300,17093058,2046840
ساعت طیبه,5928218,7195094,14007389,10901262,13098387,8087355,12711966,12609686,13877869,13735302
ساعت عقربه ای زنانه سیتی زن,2605175,5886948,6178212,14096783,5354832,5664355,15109376,8591007,1625808,7260961
ساعت فسیل,9222456,12461281,12189253,12344935,14007389,10901262,13098387,8087355,12711966,12609686
ساعت فول نگنی,12697040,13156440,7417451,13353223,11593415,1794383,14179687,14435236,13359951,8824918
ساعت لوکس مچی آلمان,11610493,2278496,8792479,8792625,16858178,10442694,10133630,5662396,8658323,8285100
ساعت مردانه اوتوماتیک,2945442,11316467,2395682,4676660,8096967,4361481,6904123,3691354,7558083,8480486
ساعت مردانه هفت جمعه طرح سه خط,12044854,311168,14406703,13471783,7978816,13156585,814508,12202771,4643325,10546102
ساعت موچی مردانه,2945442,11316467,2395682,4676660,8096967,4361481,6904123,3691354,7558083,8480486
ساعت مچى عقربه اى زنانه مدل دستبندی,12767876,639574,2238243,5354832,5664355,15109376,8591007,1625808,7260961,10569502
ساعت مچی vobel,5354832,2945442,11316467,2395682,4676660,5664355,8096967,4361481,6904123,3691354
ساعت مچی ای وی ای,4016744,5354832,2945442,11316467,2395682,4676660,5664355,8096967,4361481,6904123
ساعت مچی برای روز پدر,12633857,10462829,4911193,9468485,772755,5354832,2945442,11316467,2395682,4676660
ساعت مچی بند چرم مشکی زنانه الگانس,8671788,13210372,14406703,8408333,35523,3452323,1482145,3454494,12722910,4977840
ساعت مچی دخترانه نقره,10246718,9851720,5957693,585871,12714962,639574,3025131,9405649,10600598,5870116
ساعت مچی دیجیتالدخترانه,5354832,2945442,11316467,2395682,4676660,5664355,8096967,4361481,6904123,3691354
ساعت مچی زنانن رولکس,10569502,5354832,2945442,11316467,2395682,4676660,5664355,8096967,4361481,6904123
ساعت مچی زنانه  سه موتوره سیتی زن,2605175,5886948,6178212,14096783,814508,13210372,11752085,14406703,5354832,5664355
ساعت مچی زنانه بند  مشکی ژله ای,8408333,166234,35523,3452323,16793428,10288925,3454494,1482145,14890627,12722910
ساعت مچی طرح ناخن,1625808,10796045,3876318,3202321,5354832,2945442,11316467,2395682,4676660,5664355
ساعت مچی طلا,11277102,223276,13699053,5354832,2945442,11316467,2395682,4676660,5664355,8096967
ساعت مچی عقربه مردانه فسیل,9222456,12461281,12189253,2945442,11316467,2395682,4676660,8096967,4361481,6904123
ساعت مچی عقربه‌ای مردانه هابلوت,4361481,2945442,11316467,2395682,4676660,8096967,6904123,3691354,7558083,8480486
ساعت مچی مارک ضد آب نبضی مردانه,7558083,8480486,2425682,9405649,2945442,11316467,2395682,4676660,8096967,4361481
ساعت مچی مدل Bolt,5354832,2945442,11316467,2395682,4676660,5664355,8096967,4361481,6904123,3691354
ساعت مچی مردانه کاسیو مدل WR50M,43497,1972541,6832437,8694963,2240345,3790841,8091050,104284,296151,35523
ساعت مچی هوشمند   سیمکارت خور,11343579,2873855,5354832,2945442,11316467,2395682,4676660,5664355,8096967,4361481
ساعت مچی هوشمندT800Ultra,5354832,2945442,11316467,2395682,4676660,5664355,8096967,4361481,6904123,3691354
ساعت مچی چرمی آبی,8671788,12722910,946563,8708852,13210372,2873855,7463956,5354832,2945442,11316467
ساعت مچی کودک,5354832,2945442,11316467,2395682,4676660,5664355,8096967,4361481,6904123,3691354
ساعت مچی گرینویچ,5354832,2945442,11316467,2395682,4676660,5664355,8096967,4361481,6904123,3691354
ساعت هواوی بن  7,3250980,7652374,15554497,11637376,2843125,7750051,378563,11259203,8887483,7241533
ساعت هوشمند  آهن  ربا دار. بچه گانه,702522,695191,7975822,732825,6827885,10796045,13786741,568650,3677531,839813
ساعت هوشمند HW8 Ultra,11159148,9921696,9812670,12711966,11414941,12520106,10401188,10466862,10404345,12950092
ساعت هوشمند S9 ultra,12711966,9812670,11414941,12520106,10401188,10466862,10404345,12950092,11936798,11525395
ساعت هوشمند x5pro,2873855,5572422,558489,6750649,4731083,12791797,14036383,11324697,9682209,13877869
ساعت هوشمند بزرگانهultir,2873855,5572422,558489,6750649,4731083,12791797,14036383,11324697,9682209,13877869
ساعت هوشمند بند چرمی,2873855,7463956,3159240,16740022,3950345,8671788,13098387,12950074,14990284,12722910
ساعت هوشمند زیر,170684,2873855,5572422,558489,6750649,4731083,12791797,14036383,11324697,9682209
ساعت هوشمند سری k,10761043,195987,2046840,3432901,214841,2873855,7052007,5572422,558489,6750649
ساعت هوشمند سیم کارت خور صفحه گرد,468422,2397717,809776,1154351,3532676,2349276,7229796,9260208,15152033,7540371
ساعت هوشمند فیت بیت سنس 2,4491368,3278517,14036383,11324697,4731083,3532676,2349276,9740519,12837600,7602522
ساعت هوشمند مدل a1,558489,1745551,9260208,8627851,877254,2873855,5572422,6750649,4731083,12791797
ساعت هوشمند مدل بند سیلیکونی,7221008,6095651,16026610,11971306,15045013,6095671,7221141,4495195,9623810,3950345
ساعت هوشمند هایلو s24,11971306,11392513,8669736,15045013,13599913,4584276,6436136,9861128,9623810,2873855
ساعت هوشمند چهار گوش صاف,2873855,5572422,558489,6750649,4731083,12791797,14036383,11324697,9682209,13877869
ساعت هوشمند گلف,5074412,1583575,2873855,5572422,558489,6750649,4731083,12791797,14036383,11324697
ساعت هوشمندtz66,14007389,10901262,13098387,8087355,12711966,12609686,13877869,13735302,3950345,16858178
ساعت هوشمنداستار واچ,15260002,14334481,1518566,14638569,74937,10416315,14911876,195987,13484301,2046840
ساعت هوشمند‌بچه‌گانه,702522,695191,10796045,839813,1020800,2520167,173977,705153,4883013,1496004
ساعت هوشنمند,14007389,10901262,13098387,8087355,12711966,12609686,13877869,13735302,3950345,16858178
ساعت و دستبند مردانه,3025131,15109376,5790627,9499411,14205631,2926552,10692740,13033468,12672505,9349513
ساعت واچ مدل ultra 2,14334481,13484301,10201008,12950092,9636699,11294304,14911876,195987,14105831,12837600
ساعت واچ ۶,15260002,14334481,1518566,3432901,14638569,74937,10416315,14911876,10201008,195987
ساعت کورنومتری,14007389,10901262,13098387,8087355,12711966,12609686,13877869,13735302,3950345,16858178
ساعت کیسکلتks mini,14510040,9091151,14093711,2396283,10661112,13550999,5210649,12020425,150119,144966
ساعت گودزیلا اصل,8887483,8220841,15260002,12418799,5478726,9350358,12806866,448718,5813081,4304206
ساعت.دیواری.کسیو,10691707,302711,12231508,5357338,6819000,6163212,9445099,9659366,623637,472358
ساعت.لمسی.بدون.خروسک,3532121,9405649,320285,381500,7297459,5381957,13942382,8333179,772363,9833098
ساعتRS7,100000,100000,100000,100000,100000,100000,100000,100000,100000,100000
ساعتاسکلتون,100000,100000,100000,100000,100000,100000,100000,100000,100000,100000
ساعتدوخدحرران,100000,100000,100000,100000,100000,100000,100000,100000,100000,100000
ساعتهوشمنk59pro,100000,100000,100000,100000,100000,100000,100000,100000,100000,100000
سافت سری ۹ الترا,9636699,1034808,2406262,11294304,11525395,3319308,9788708,5143645,2603710,50675
ساق بند آدیداس,2933915,7512551,482048,1595405,8874653,482060,3762603,2738494,1085374,1494216
ساق بند باشگاه,2933915,482048,1595405,8874653,482060,3762603,10040064,4534159,11717943,13218038
ساق کش (فیکسر),10493947,794921,11717943,574207,10347632,2933915,7920702,10397098,6417834,1680521
ساقاستقلال,100000,100000,100000,100000,100000,100000,100000,100000,100000,100000
ساقبند کوهنبردی,100000,100000,100000,100000,100000,100000,100000,100000,100000,100000
سالید مجیک بدنهخودرو,7556757,5401454,11455279,1801937,14218512,1505003,10583707,961448,10828899,6473213
سام سونگ a 05,354722,3897845,7225810,3902127,14265961,3117053,4053442,11543809,8310880,4279624
سامسونگ Buds 2 Pro ایرپاد,7184982,8147606,2755994,7465665,16671885,14472064,2028108,14264184,8159602,12363287
سامسونگ a21s مدل دخترانه,11633539,11324355,6223712,4455409,12387752,5517534,3250216,8603573,8118530,10852536
سامسونگ a۱۴,16235048,11144908,14210521,13816908,12659336,11490357,13622726,10461064,10316853,13260181
سامسونگ اس تری مینی بتری,9423141,2770449,3927,5839476,670793,4433578,9962550,9370,9838220,31969
سامسونگ اِس تونتی وان اولترا والت کِیس,3335526,5132167,7477029,8191595,12804462,11001700,13300475,9520545,9520539,7200364
سامسونگ ای تِرتی تو پرایس,4471525,4550206,61733,11008436,12856922,4438095,640036,327148,12356824,73006
سامسونگ ای فیفتی فور فون کیس ویت پیانو دیزاین,9061987,3778682,75932,1818291,75912,2028108,6830791,9880812,6535145,1924368
سامسونگ تی وی تی یو ۸۵۰۰,7521904,10749077,10934087,742773,870719,1921996,882196,3927,4565345,589998
سامسونگ جی فایو فون,12761318,146605,8995528,8282123,1062567,1944985,9370,2010522,3164744,5089067
سامسونگ زِد فلیپ فایو گلَس اِسکرین پروتِکتِر,146605,8282123,1524065,859,3927,38435,8333179,6252585,31830,9490803
سامسونگ مدل Galaxy A05s,14333378,15294551,17961048,14262609,12976144,13804607,14050144,14277336,14181343,13804646
سامسونگ نوت فایو موبایل فون,63831,2880546,4488602,10902708,2582223,4061863,15127930,8337213,13712573,7626899
سامسونگ گلکسی tab a,6270270,1829340,1628998,7182933,17111036,6445102,63831,3175390,31969,314213
سامسونگa22,100000,100000,100000,100000,100000,100000,100000,100000,100000,100000
سان آکوا مویسچرایزینگ کریم,101478,2522912,4889975,7456369,4393555,2776580,451449,10170605,79769,82004
ساند بار 625,13840348,164918,3593247,6535357,7797203,11105977,12308910,12744393,9434505,14156519
ساندبار شیائومی ردمی,3815620,11968525,9878083,13224953,7577059,11274760,1734817,2212624,10337868,3235851
ساندوچ ساز دومنا,10659153,3734565,5261987,13235104,5477608,11840984,7080417,8670914,2105864,355992
ساندویچ ساز گریل کنوود,3184295,7080417,10659153,8670914,3306409,2105864,841622,1139116,13235104,5477608
ساندویچ کاخلر دو سینی,3306409,11767162,3184295,7080417,10659153,8670914,2105864,1633485,841622,8352176
ساپورت کشی ارزان,13016381,2131257,1498932,9864095,5483508,932459,2909460,6920192,17401644,12719812
ساک خرید توت بگ ساده,4933374,12221615,2127877,13343245,6821038,17025073,13343756,13343888,13336124,11732737
ساک سیلیکونی,1945353,6622267,4963821,13703228,10853306,8651292,3027097,5195685,10996857,4933374
ساک ش,5202966,1945353,6622267,4963821,13703228,10853306,8651292,3027097,5195685,10996857
ساک شیطان کش,11732737,10334174,9722881,10968035,8849786,7774098,7886027,9774941,9038568,7654268
ساک غواصی برزنتی,9525697,1459602,7627858,1945353,6622267,4963821,13703228,10853306,8651292,3027097
ساک فابریکی ps4,4607814,4545023,412826,1945353,6622267,143761,4963821,13703228,1980226,10853306
ساک مجید,13336124,677563,1945353,6622267,4963821,13703228,10853306,3623050,8651292,3027097
ساک مواد غذایی منجمد,757391,164820,1945353,6622267,4963821,13703228,14092946,10853306,378044,5656107
ساک هديه فانتزی,10853306,4933374,2127877,13343245,11974409,17589456,6821038,17025073,13343888,6838826
ساک ورزشی s1293,11197876,4963821,13703228,5195685,737050,1945353,6622267,10853306,8651292,3027097
ساک ورزشی سه کاره,4963821,13703228,5195685,11197876,284634,866046,8355764,5373840,737050,7014393
ساک گرم و سرد نگه دارنده,274302,2122533,4531507,526298,2765082,757391,9861910,5182865,11128040,1459602
سایبان منخرک,12652614,1871957,149716,518357,100000,100000,100000,100000,100000,100000
سایز تولو واشر,1131373,7493128,6984499,4652370,3008807,14768127,15029694,1795756,1765544,5077234
سایز صفر,12369745,794651,1922447,498576,329106,2408736,7142852,13947085,195342,180512
سایه بان خودرو تاشو,5666990,3943900,6162332,639743,7951107,183120,624673,2046421,7268142,7943088
سایه بان ستاره ای کمپ,639743,183120,5666990,7951107,3943900,6162332,624673,2267012,10912381,9594856
سایه چشم nude,4684040,7268142,7943088,9359293,7096623,11640402,4266141,9033542,3400272,228408
سایه چشم کالیستا Es60,581843,7268142,7943088,4684040,9359293,7096623,11640402,4266141,9033542,3400272
سایپر اینسکتیساید پویزِن,100000,100000,100000,100000,100000,100000,100000,100000,100000,100000
سبد حمام آلومینیوم,977524,11630643,7691559,4782055,4302571,455580,14502462,466066,9872271,1809269
سبد فرنگی,4149665,5656137,2149655,5034707,537291,1628531,4782055,4302571,15937518,14502462
سبد قاشق چنگال ماشین ظرفشویی غ,14089147,3941575,2268047,2531210,11088610,8465932,6154135,9631589,10116615,6458182
سبد قهوه دوبل پرتا فیلتر,5419091,2313536,33589,1785514,9934407,14333961,8866354,4782055,4302571,8400781
سبد میز کار,1921465,4782055,4302571,14502462,9872271,1809269,6888717,5073943,12293267,6247153
سبد پیک نیک چادری,14502462,1809269,6247153,3046384,3785854,1486197,5139270,9207865,7760365,816624
سبد چوبی دسته بامبو,12445779,12445728,5139270,10479698,3166341,5433612,5121637,15290047,284884,12647595
سبد کالب,4782055,4302571,14502462,9872271,1809269,6888717,5073943,12293267,6247153,714308
سبدرخت چرک حصیری,8371959,12293267,6292647,2999253,5549870,14322527,2080004,5404262,9167161,686432
سبوس دار ماکارون,477164,477320,482795,477326,5102938,633387,633507,7614436,633420,7427113
سبک تر,17145362,17677055,10740002,4437935,4452658,12628511,4850572,3107660,14105350,12311019
سبیل مسنوعی,100000,100000,100000,100000,100000,100000,100000,100000,100000,100000
ست آریش,7901470,5025436,9800468,1117966,7774937,698981,4417039,3956184,7798139,3198163
ست ادویه طرح چوب,9053642,5551688,1758614,8960641,13080560,13828274,17480967,308442,2230751,6170447
ست انگشتر اکسسوری,11772475,698981,7774937,4637303,9755680,14740537,11682344,9828121,5025436,760425
ست بانکه عروس,2230751,952489,2208258,2838762,8841640,6686726,11940913,6475537,15707925,10248923
ست بلوز شورت بچگانه  میکی موس,1828319,10965551,4793273,10479780,11199716,15027444,13086217,6821038,7290919,6616972
ست بلوز و شلوار طرح آدمک,12534042,4176147,5647877,8730255,15027444,10334804,9798133,3740920,1439864,4185887
ست بلیز شلوار کرومی,701847,513103,5647877,9798133,5097597,1020800,14795532,3740920,4213567,4185887
ست تابستانه شلوارک,11079545,12455954,987316,9681293,7914313,6484768,11841668,12616203,2763193,3137037
ست تاپ شلوار گلریز,2763193,7834490,701847,513103,5647877,9798133,5097597,1020800,8739294,987316
ست تاپ شلوارک دریایی,987316,6484768,11841668,6007873,9533598,8380157,555591,8955487,7694752,13953434
ست تفنگ نرف,3265129,3265330,6299355,11209558,9330978,5621825,11697889,6790296,7362047,8235932
ست تفنگ کلانتر,5273319,6299355,11209558,9330978,5621825,11697889,6790296,7362047,8235932,618241
ست تمرین ورزشی,7706802,516023,12455954,3740920,4185887,9681293,3400868,1439864,13301972,13153601
ست تیشرت سرهمی نوزادی,7572898,7595453,8523926,7914313,5097597,2763193,8049116,3137037,2233703,3400868
ست تیشرت شلوار دخترانه,5097597,2763193,3137037,4213567,8577168,6562545,8730255,9827237,1020800,12647727
ست جا مایع دستشویی سرویس بهداشتی,10091060,9965789,3222136,1479166,5485597,1930011,5064582,3192810,5756007,7798748
ست روسری دخترانه,11358267,5792164,9800468,5025436,6484768,6950565,2763193,3137037,7218919,2662206
ست سه تایی انگشتذ,4207004,5483508,616505,470122,7825011,12202771,12032047,13231368,938922,14406703
ست سه تيکه  راحتی  دخترانه,977706,2743922,2763193,3137037,8577168,1828319,5209137,6562545,7229598,13953434
ست سه تیکه مدل کارگو,977706,6770839,12222812,7825011,12202771,12032047,13230163,13231368,14406703,8276226
ست سوهان برقی و لاک خشک کن,3882579,7241123,657178,814378,1467660,9391199,13429185,468478,6808436,14312651
ست سینی چوب بامبو,6825037,4157305,5121637,10479698,6170447,12647595,8352176,10766629,3750835,1930011
ست شومیز و شلوار برای خواب,10488826,11872294,12928230,701847,513103,5647877,9798133,1020800,5097597,1426823
ست شیرآلات طوفان,10056672,8166873,4417039,3956184,6247336,7493709,10389840,4147872,10548860,12420468
ست قابلمه غذای کودک,1606824,1487225,1637989,14320127,3822083,12294345,3250261,8276226,849815,603542
ست قملو,7901470,5025436,9800468,1117966,7774937,698981,4417039,3956184,7798139,3198163
ست كرومي,14795532,13382398,13380111,9371896,15571908,14324362,15309498,12737686,14757059,12170505
ست لباس خردسالان,2233703,2743922,139696,603542,7218919,7595453,5182912,8049116,3393386,7229598
ست لباس راحتی شلوار بلوز,12534042,8730255,10334804,15027444,5182912,5647877,1392336,4321474,1368162,5097597
ست لباس راحتی نوزادی,2233703,2743922,5182912,7595453,3393386,7229598,2878286,2032569,12534042,8049116
ست لباس پسرانه بچه,555591,139696,8049116,774176,3393386,12616203,14386438,603542,13073651,13231368
ست لباس پسرونه رنگ نسکافه ای,2682750,12928230,786933,1031600,9739545,3137037,14391334,9533598,7307322,2487461
ست لحاف و بالش دو نفره,129694,11198942,9749301,4306831,83472,1423971,8529398,787425,12235824,9717198
ست لوازم اداری رومیزی حال مدل J 936 مجموعه 6 عددی,3687236,4173722,4992091,13246266,10634862,5843481,13298516,8607412,8166873,3343597
ست لوازم تحریر خرس های کله فندقی,8131326,11970915,14209762,12560714,12928230,12318197,563526,11781292,1011401,817362
ست لوازم تحریر پسرانه بزرگ,7505548,563526,139696,12616203,8279206,1011401,708498,8049116,817362,6757157
ست لوازم تحریر کامل فضا نورد,563526,8279206,12701407,1011401,817362,1158687,4816326,6543888,13382398,7181487
ست لوازم خانگی بچه گانه,1020800,555591,839813,2520167,173977,705153,4883013,1496004,4173214,702522
ست لينن,1356028,2980913,10961693,7901470,5025436,9800468,1117966,7774937,698981,4417039
ست ماه و خورشید هوشمند,9828121,14240532,12004375,12939931,14363832,9448689,9943934,13455141,1122123,7963204
ست مسافرتی بی وین کد 1712 مجموعه 6 عددی آبی,7992721,14095647,2208258,3397736,8166873,6456374,8607412,732825,9782160,10056672
ست مسافرتی جای کرم و اسپری,5126086,5551688,9053642,5568116,8088041,4173722,7992721,6456374,10248923,12207442
ست مصرفی دستگاه بست کمربندی طولی,4978220,595566,412870,8029592,9075982,8047249,12836090,11124883,7294075,11246431
ست ملحفه تختی,638338,9529336,487724,9554045,8571945,10061052,4920984,3756468,6074801,556119
ست موچین و قیچی,3037786,14214103,387077,8927059,10742633,56200,13033548,9464418,306998,2536270
ست نمد فرز مینیاتوری,6905118,1138667,5406516,5883355,4886795,9791693,15121526,2676218,8402429,115561
ست نوزاد پنج ماه,10025189,13118786,2554355,12648743,457018,1122123,9943934,2233703,1772699,3165952
ست نیپر,11298740,7901470,5025436,9800468,1117966,7774937,698981,4417039,3956184,7798139
ست هدیه بهداشتی وی کر مجموعه ۶ عددی,10929653,2208258,10389840,4290740,1859597,1452935,6588022,9965789,7472092,8166873
ست هیلتی,9579700,6159606,7901470,5025436,9800468,1117966,7774937,698981,4417039,3956184
ست پسرانه اینترمیامی مسی,12076186,12363313,5752884,10365901,10366045,1508629,10402877,139696,8088041,12616203
ست پیاله و بشقاب,14283316,15072221,1482543,852735,191291,5934742,7190400,11646607,17351803,13615782
ست چاقو یک دست,5516803,4997418,348255,14740537,10347632,8081582,4385504,12043981,926580,187068
ست چاقوعروس,7901470,5025436,9800468,1117966,7774937,698981,4417039,3956184,7798139,3198163
ست چراغ خواب و تابلو,12949932,8630516,5995863,12536422,3904662,8891280,6431666,519363,11917069,10538870
ست چوب های درام برقی,8781283,7440533,4880002,6976199,6966279,6170447,14092946,17642899,10596165,7695557
ست کالسکه و کریر و کیف لوازم جیکل,5786852,7165658,1942031,948416,13710651,9564665,2292344,6904486,1699269,378114
ست کرم ضد آفتاب پوست خشک,14029625,14738433,12642841,2077226,8488225,12431846,15610484,77859,183282,13983929
ست کروات و گیره کروات,7288906,13081627,1144352,5011442,11287730,1517385,2689836,2406103,6912175,3564259
ست کلاه شال کرومی و ملودی,9623006,10085302,13382398,13340581,6479947,9706186,14952548,13661348,13929076,10499663
ست کیف و کفش  کالج,8128699,12047718,11461192,9024702,4284375,7901470,2487012,2487461,9800468,7709371
ست کیف پول چرمین,8325058,5873413,2279846,2577240,1117966,6737217,6792674,12437914,4105740,4210424
ست گردنبند  دخترانه,9800468,5025436,5928924,12854812,10844318,11342834,10045773,11332669,11856664,10034370
ستاره شبرنگ.,608534,14351575,1117985,1115222,7364490,5323286,10288193,2267012,14848864,5148050
ستفنگ کیفی آب پاشی,4887787,8159763,4954108,309315,11209558,3658747,11697889,10823610,9132888,886651
سته دفتر کتاب جامدادی مداد پاکن... طرح کهکشان,8826576,14126372,14826829,2240142,10119441,1778968,5589097,7237753,12640343,3937555
ستون اشکال چوبی سپتا,2933362,6448047,12818944,8461270,324299,3781711,3896057,9570970,3767532,14063205
ستگاه تست قند خون ایکیو چک,60955,4402895,4362497,60927,60962,2830753,12229635,3186254,8977576,4904769
سر آیینه ۲۰۶,2132669,172702,6429942,6245032,14664998,416375,2783887,5109551,3499111,1441171
سر اگزوز مناسب برای پژو پارس,4652370,3882123,7407820,5195847,7361950,13302528,3855137,12889866,9805389,5095256
سر باتری خودرو برنجی,1898312,12090299,3090192,3981124,5015281,7513454,7315724,7361950,14336571,10017523
سر باد چراغی,12546075,12586823,3876063,3237213,205704,12065834,1438846,379621,6992761,4061084
سر بالغ دوچرخه,10297346,1026521,12090299,14154472,5961873,10974039,6276346,3434836,10709261,12710813
سر بخار شور کنوود,536935,9980728,2936817,811532,3135503,13126767,2276162,12900943,1084065,7363962
سر دنده مدل rc,2665573,172702,7488407,9540940,8771311,2132669,5585111,7128898,4842567,2783887
سر سلند پازل 150,1931567,10502511,4119606,1065929,1581754,81193,8000168,3108863,10641993,340424
سر سیم باند بیضی,13302528,1498932,1502682,5442074,200466,1085299,14947512,9546468,689989,10684824
سر شمع چراغ دار,1584616,7612076,10297346,12090299,15119159,9296213,8351078,476079,16859043,172501
سر مدادی  مدل سیب زمینی,7092375,11034432,6091941,64335,2316014,806023,3604384,9333593,1934531,5948450
سر پای پسرانه یک سال,5356031,223878,134840,8792040,7881671,1441171,2007653,598677,932901,2234013
سر پیچ آویز لامپ,476079,8792040,8079449,12688760,17642899,12449332,10563755,512798,6787990,8612133
سر پیک شعله افکن flame gun,1049100,4081602,11189959,2714488,1861243,9330978,498222,5689902,14502462,1809269
سر کیلیدی با تهر انیمه,3595884,13528435,6231066,14250473,3066530,9873944,11682207,84636,6274414,7876949
سرامیک بر بولبرنگی,4494850,9706590,8506272,8520881,210621,6991847,668821,108540,9464418,3852727
سرامیک ماگ ویت کِلِی دال دیزاین,11699280,4829705,13202104,7434292,7779143,6596564,75932,1818291,75912,6830791
سرامیکی رنگین کمانی,6617363,12277034,7999154,14150938,7892239,9568274,14793930,12344937,288913,8243159
سراه لوله ۶۳,9705193,3929912,7593002,5443628,6109414,5301082,9330621,8589994,9956072,14322527
سراهی پریز برق,16537303,435088,13886812,3743640,895757,9457871,7724796,8970641,5190712,6535156
سرخ کن GOSORI,11859478,167410,1759545,2987852,12016209,11241494,971006,27956,12542807,11724481
سرخ کن azure,11859478,167410,1759545,2987852,12016209,11241494,971006,27956,12542807,11724481
سرخ کن zno,11859478,167410,1759545,2987852,12016209,11241494,971006,27956,12542807,11724481
سرخ کن بدون  روغن دلمونتی,12016209,11241494,12542807,11724481,11690142,17601869,7640848,13320636,11161720,13964709
سرخ کن بدون روغن حی پاس,13964709,11935765,12016209,11241494,12542807,11724481,11690142,17601869,7640848,13320636
سرخ کن بدون روغن واس کره,12016209,11241494,12542807,11724481,11690142,17601869,7640848,13320636,11161720,13964709
سرخ کن فشار,11859478,167410,1759545,2987852,12016209,11241494,971006,27956,12542807,11724481
سرخ کن میگل,12542807,15444764,2731192,11859478,167410,1759545,2987852,12016209,11241494,971006
سرخ‌کن مباشی ۹۸۳,11411687,14358614,11859478,167410,1759545,2987852,12016209,11241494,971006,27956
سردتده اسپورت,10308844,10874215,172501,10218962,172516,10324772,6720261,11729962,100000,100000
سردسته دوچرخه کورسی,9209819,833471,3016831,2501174,5961873,10974039,6276346,3434836,10709261,12710813
سردنده اسکلتی برای تیبا,8838042,8659443,2783887,712400,1022396,3612596,8577074,7086864,12131416,6994218
سردنده سامورای,8659443,2783887,712400,8838042,2792169,2665573,9436387,2414396,15470725,12285836
سردنده لاکچری,14197726,8895848,8659443,10156832,2783887,11101125,8513848,712400,8838042,2792169
سردوش پروانه ای,5901716,12522411,14243261,1024629,11342834,8280670,12258492,14311051,1418748,2839752
سردوشی تی آبیاری,11796792,3212987,7535129,2257125,12075125,2829818,2667217,15367405,3404079,2709449
سردچش,100000,100000,100000,100000,100000,100000,100000,100000,100000,100000
سردکن درمان دیزل,2022697,8227563,12534060,10341742,161524,1965222,12056902,12365445,3310976,3791190
سرس فیلیپس hq8,3412434,14925699,2781637,14034612,3306083,4084760,3233914,33589,8511196,33428
سرسلند موتور سیکلت هندا 200,1476125,996559,11755988,7790253,12217894,7265386,10388992,12666445,10649152,12537996
سرسوئیچی یونیکورن,9776133,14256337,4460787,7884372,8395302,10462671,1981986,9386794,12640343,8899916
سرسیلندر الدورا,5227146,6448163,3612596,6984499,5414500,6563344,1115423,6593322,4652370,100000
سرسیلندر پرای,3612596,6984499,5414500,5227146,1115423,4652370,100000,100000,100000,100000
سرشیر ظرفشویی چها حالته,1429832,10823610,11465019,15390774,420071,17830471,13242277,10212975,7729879,14089147
سرشیشه اونت 4قطره,2556635,100000,100000,100000,100000,100000,100000,100000,100000,100000
سرفنرلوله باطکن,100000,100000,100000,100000,100000,100000,100000,100000,100000,100000
سرفیس ایر فرشنر اسپری,11117061,796229,5708150,2835534,12417844,12235594,12299894,961905,11942039,173605
سرفیس مانتد سیلینگ لایت,11117061,16895824,161506,690731,1452542,5332441,5282679,14435236,3475356,7660864
سرم اردنری,8367987,9062550,5976412,8192044,3472455,6706348,2058818,15278817,6903036,476926
سرم اریکه ویتامین سی,8775762,6713936,8192044,9246246,5931403,14213476,6865216,5521775,9265988,12895818
سرم تغذیه کننده مو,7624529,7816631,862983,476926,12172280,4371738,1475568,4571148,1002646,6865216
سرم تقویت موی هیر فرند,7624529,7836235,7624567,476926,1475568,11246879,6865216,6436457,12708037,10034370
سرم تقویت مژه بیوکوآ,7624567,7836235,4885697,11512116,7442287,14673714,15379219,7624529,476926,6865216
سرم دو فاز نیترو,3463731,645631,4716746,3723362,7251353,9272294,4435713,4444018,2586263,90304
سرم دور چشم بالنس,8367987,5825888,4225792,7817052,10152408,5236892,7986007,6970514,4884175,9858904
سرم صورت لانبیا,973772,5333465,541167,8367987,9062550,5976412,8192044,3472455,6706348,2058818
سرم مغزی لاکچری کوین آلین وان,10156832,14197726,8895848,8513848,3036642,13379612,3882961,2843125,11101125,12679268
سرم مو ارگان فی جی یو,7970050,3876588,4716746,7591304,101399,3229989,98417,1626901,1031021,372161
سرم موArqonoil,8367987,9062550,5976412,8192044,3472455,6706348,2058818,15278817,6903036,476926
سرم هیالورونیک  کپسول,97486,586696,1079268,8367987,9062550,7847861,11097126,5976412,8192044,6735701
سرم پوست vitalayer مدل هیالورونیک اسید,9126030,8192044,5339885,14213476,3472455,6706348,11042962,13715986,5931403,5521775
سرم پوستsmart Deep,11839435,215911,9301361,6032313,1527464,8367987,2399582,9062550,926166,5976412
سرما گرم لب,11128040,14751100,9987921,4419202,17536916,5948450,6991372,10583707,12747349,10618588
سرنج صنعتی,6493318,9254926,13237524,10699784,5742706,190423,8191076,5021172,721987,9636471
سره ی سشوار,18150,8179314,2388994,10087985,8541903,2792992,8967522,2137875,11177052,8779966
سرهمهی,100000,100000,100000,100000,100000,100000,100000,100000,100000,100000
سرهمی نوزادی مدل یاس,7572898,8523926,7595453,5550662,9508030,9061987,4270498,6901095,13369159,6406422
سروبس خواب یک نفره,11185198,8293985,1148490,850392,11090329,8753543,9279485,2480888,1922110,486090
سروم اسباب بازی,17423036,7623616,12020425,7248561,2949988,17381762,17845107,17632730,10122383,363896
سروم صورت طلا,14146438,10984525,738044,1115788,15069967,14205631,7955083,738024,13344920,14016907
سرویس  اورانوس لیمون,11947958,12623996,3978078,725619,14108332,1809269,314384,723132,15036612,1060152
سرویس  ایستاده دستشویی,1930011,5064582,7798748,9204535,5657926,7388596,226037,7492830,16453115,212314
سرویس 29 چینی زرین,1869408,3419724,117803,856277,6177278,6676903,105142,10856427,15967747,519162
سرویس ادویه اورانوس ۷پارچه,11681405,11947958,14108332,10566160,13431040,8008427,4244349,5551688,1758614,9053642
سرویس بهداش,7190400,5392974,7427239,6884608,519162,9965789,7959398,486090,9426987,1154347
سرویس بولورواستکان,7190400,5392974,7427239,6884608,519162,9965789,7959398,486090,9426987,1154347
سرویس بیست پارچه متین مس,206083,9334589,9573460,7427239,6884608,649509,4876888,7190400,5294838,1861018
سرویس تابه پارچه مدل روحی,9573460,10136869,9334589,7645771,1492020,206083,7427239,649509,4876888,5294838
سرویس جا آبلیمویی,7825011,37261,3385777,314384,4934866,8960641,13040232,567638,3179287,17470082
سرویس خواب تخت یکنفره پسرانه,8884664,13545295,2469861,13202510,13117072,2833159,6867028,6562476,8753543,3756468
سرویس رو تخت تک نفره,12638151,12235824,2858093,13202510,487724,12086278,13117072,12637022,8529398,2469861
سرویس روتختی یک نفره کرم زرشکی,486090,10108553,8529398,12086278,12638151,7085580,11419082,12637022,4306831,8749280
سرویس سفال مشکی,204321,4829705,11618796,6839209,2523184,7278098,11322248,8057538,7190400,10690988
سرویس طرح گل,12362138,10457712,9508030,1547423,1154347,1084233,3127072,5753820,6240057,1718710
سرویس طلای زنانه,9838089,11970613,9837973,8384280,8135591,10017891,11467012,5698912,8917094,6840762
سرویس ظرف بوگاتی,1879618,5772738,13808680,1711642,7190400,14331365,191291,11646607,126688,3423831
سرویس غذا خوری چینی 12,10856427,856277,3423831,519162,15967747,3929078,126688,2771659,1580572,483943
سرویس قابلمه 7 پارچه,5294838,595714,11530024,9573460,649509,4876888,7293379,10136869,1027368,6748254
سرویس قابلمه چدن تفال,206083,9621656,1804262,7293379,9573460,649509,4876888,595714,2325246,5294838
سرویس قاشق چنگال ۴۸,6922607,9631589,6458182,198120,777144,10116615,2268047,9841733,10352901,11108015
سرویس مس و نقره,757701,10855478,17336734,15445255,10848612,12350031,16687691,806227,12672505,7729570
سرویس ملحفه ادنو دونفره ۱۴۰,8571945,556119,10527618,9529336,10061052,9631589,6069235,6562476,12990412,12868672
سرویس ملحفه دوتکه یک نفره,9761959,9339202,857734,9898672,6069235,12638151,1718710,2858093,12235824,486090
سرویس ملحفه دونفره  نساجی بروجرد,6069235,556119,10527618,8571945,10061052,6562476,12990412,12868672,1718710,857734
سرویس ملحفه نازخواب,1154347,6069235,556119,1718710,857734,3756468,9761959,10527618,9898672,9339202
سرویس پخت و پز 20 پارچه ام جی اس,6948558,2637958,4071241,7591304,206083,9789372,4876888,1861018,6748254,9932602
سرویس پخت و پز beat,9789372,4071241,206083,4876888,732692,1741020,1861018,6748254,6643424,9932602
سرویس پذیرایی لیزا پلاتین دیجی کالا,496841,10457712,785023,2540855,2562643,2479307,11947958,356507,4395742,5756007
سرویس چای خوری پاشاباغچه مدل,4282934,519162,171045,7562649,6070414,6129946,856277,7818581,3929078,10856427
سرویس چینی غذاخوری ترک,117803,1869408,6676903,3419724,14331365,191291,126688,3423831,852735,6177278
سرویس کارتیر,757701,6420791,7190400,5392974,7427239,6884608,519162,9965789,7959398,486090
سرویس کافی شاپ,856277,12784245,11475040,4087034,6852256,6062260,3871768,12744393,11241363,681270
سرویس ۱۲۶ پارچه اوپال,11646607,5934742,7190400,206083,9334589,9573460,7427239,6884608,649509,4876888
سرویس ۱۷  پارچه مقصود مدل دانمارکی روشنا,6070414,6129946,2637958,13322258,7490475,206083,7427239,9334589,9573460,649509
سرویس ۲۶ تکه گلد اوپال,5934742,11646607,7190400,6884608,7906416,7298609,5753820,10315842,3686404,4461026
سرپ سریتا,476926,3834973,476822,14673714,9359870,845953,11512116,711874,15379219,6506826
سرپلوس معمولی پژو,1621606,10710833,2233747,14664998,11590250,368458,13128770,933185,4954767,75912
سرپوش ن.زاد,12863242,13623848,3943782,2639830,4297629,9987921,9542290,3379229,13254387,12349726
سرپیچ سقفی سه شعله,912476,7755176,8612151,15390774,1751242,3293879,9530530,866269,1049100,3987504
سرپیک,4081602,7357501,1049100,11189959,100000,100000,100000,100000,100000,100000
سرچهارسوی دریل,11410049,10351610,877192,10835201,7384712,734180,11718782,17664078,9051711,6882341
سرکن,100000,100000,100000,100000,100000,100000,100000,100000,100000,100000
سرکیس قابلمه کاسیو,7293379,2077105,833988,302711,43497,1972541,9977919,6832437,8694963,2240345
سری آبپاش سما تولز,12388704,11796792,2931144,15367405,7885469,4984375,2942011,175505,668997,97115
سری ایفون فست,8052912,3068716,9314740,4106766,9772137,7634670,10311817,251724,13251635,6882567
سری بکس 11بلند,7368232,8945874,12337287,4742955,1923816,13525678,11870986,357869,4048051,6830539
سری تفنگیباد,12664128,49762,14249606,1707673,4289432,120258,13504983,14385221,8789902,2826482
سری دریل دستی,120258,2580767,11637009,2522971,6830539,2277393,11410049,9361576,10351610,17060887
سری سشوار دیسپاینر,18150,8179314,2388994,10087985,8541903,2792992,8967522,2137875,11177052,8779966
سری پبچ گوشتی یه سر آهنربا,8792040,12664128,13504983,4532033,15966458,7145828,10206229,9120939,1167986,210706
سری پیچ گوشتی دوسو مدل,1167986,10206229,2833669,12664128,13504983,15966458,4532033,9120939,7145828,210706
سری یدک سشوار چرخشی رمینگتون,18150,3198345,11464521,18229,18231,17060887,6427221,13217179,14312651,8179314
سری یدک فرمژه,2645301,17060887,859931,6427221,13217179,14312651,359882,3314049,2509019,81760
سریتا رول ابرو,9359870,476926,3834973,476822,14673714,845953,11512116,711874,15379219,6506826
سریس  لیمون,12718515,1809269,314384,723132,2603710,12623996,3978078,15036612,1060152,11557922
سس  سید داوود,881466,1062572,3405536,8812442,4149665,5433612,7257964,1791872,2915537,629377
سس سر قلم نازک,662613,8812442,4149665,5433612,7257964,1791872,881466,629377,1062572,11433978
سس فلفل کره‌ ایی,881466,1062572,7257964,9095355,8812442,4149665,554649,5433612,5146566,3171012
سسشوار صنعتی,6493318,9254926,13237524,10699784,5742706,190423,8191076,5021172,721987,9636471
سشوار bs-2005,8967522,6493318,18150,8179314,2388994,10087985,8541903,2792992,2137875,11177052
سشوار جفرئسی,18150,8179314,2388994,10087985,8541903,2792992,8967522,2137875,11177052,8779966
سشوار روناسی مسافرتی,8541903,18150,8179314,2388994,10087985,2792992,8967522,2137875,11177052,8779966
سشوار وی جی آر مدل۴۱۳,12921491,12103422,4951030,6286333,10204601,8913462,13810500,8584290,8190969,8134613
سطل اشغال بزرگ,7185360,4885946,6377946,14315407,5272575,715945,14201331,5126086,6862625,4838328
سطل اشغال پدالی بزرگ,4885946,6377946,5272575,715945,14201331,6174150,647792,1075479,7185360,14315407
سطل باب اسفنجی,5345214,995626,5928924,9563541,4574855,9588832,10280312,3997038,14540468,5950710
سطل دکوری فلزی,12446754,4818336,5062268,10426374,7185360,4885946,6377946,14315407,5272575,715945
سطل زباله 150 لیتری,715945,647792,7185360,4885946,6377946,14201331,6862625,14315407,6174150,1851143
سطل زباله مدل s3,7185360,4885946,6377946,14201331,6862625,14315407,6174150,5272575,1851143,715945
سطل زباله مدل اداری,1851143,14201331,6862625,6174150,7185360,4885946,1075479,6377946,14315407,5272575
سطل زباله و جا دستمال و ای بگ,4838328,348705,7185360,4885946,14315407,7380375,5126086,6377946,14201331,6862625
سطل زباله پدالی ۵۰,4885946,6377946,14201331,5272575,6174150,715945,647792,1075479,7185360,6862625
سطل کابینت اسمارت,7990598,7127833,6072525,7185360,679366,4885946,1400464,11187587,6377946,6072391
سفال بمان,956434,4829705,11618796,6839209,2523184,7278098,11322248,8057538,10690988,10536713
سفال خام,7278098,8057538,5791972,10536713,6556712,6596564,6248049,6543297,467065,836586
سفالی,9662450,4829705,11097713,11618796,9872192,12780647,14004847,6839209,2523184,7278098
سفتکن تسمه تایم پراید,263790,10405688,3305777,4114266,3998323,4117177,8841716,6914027,12889866,9863906
سفره هفت سین کریستالی,4643325,10763968,12960623,7327547,10653703,4631112,10402877,10690988,10546102,10536713
سفره یکبار مصرف کریستال,966594,7140760,2699127,1516895,3795522,813540,4228636,5629235,913831,6230486
سفرهای مجلسی یکبار مصرف,2699127,4228636,913831,7140760,6230486,3338055,1454059,7285915,4279395,4389124
سفید کننده کلوس آپ,1628655,1628652,1664421,12387237,5812546,9717141,3944618,9680078,5520986,464005
سلاد خردکن,8208392,10555253,142420,2375395,31688,649522,14087426,8368548,495439,51967
سلای طلا,14146438,10984525,738044,1115788,15069967,14205631,7955083,738024,13344920,14016907
سلعت عقربه ای الگانس سه موتر,8671788,14406703,4977840,13210372,13156585,814508,13471783,5354832,2945442,11316467
سلعت های بچه گانه,839813,1020800,2520167,3225586,173977,705153,4883013,1496004,738024,4173214
سلفون آلمنیومی,12673270,6148379,13937303,7587086,10035110,1003999,80237,14568223,8338133,213423
سلفون بسته بندی مدل استرچ صنعتی عرض 10 سانتی متر طول 1000 متر,10035110,6823327,5083003,4982314,9684535,4140467,3210427,299944,10329529,13946399
سم پاشی حشره ساس,2260257,11245945,11162265,4239604,273091,166886,2476616,1680521,8983241,14068241
سماور شیش لیتری تبریز,2838753,3981124,1035399,8577856,14788207,9655956,12558561,10305497,323714,3509800
سمباد گرد,14226632,6211018,9615532,8611971,2206927,2206978,1122950,6833596,12198705,4615249
سمپاس شارژی ۲۰ لیتری,3334118,5458395,7337056,8976805,7995078,4983869,436570,4516407,17642899,12449332
سمی‌اینداستریال الکتریک آوِن,11104460,2081512,16537303,1070635,9951863,13886812,6214633,468162,4151132,10472470
سن قران,1949737,893916,893483,48401,2775237,859807,12414641,48387,2395752,13804785
سنباده پشت کرکی مدل بسته,5936777,6803405,6396028,8743568,12356824,13100447,9739545,17311192,7014393,5282709
سنجاق سینه جنین,13145967,11627551,13140022,1547423,1734275,1621630,6750721,2030253,8448494,845735
سندروم‌دختر,3178498,14977026,4982964,2716151,663229,4558232,964286,12536422,601784,9778191
سندل بند دار,8618394,95563,11610493,10520916,9123920,16576316,13210372,12849731,8708852,11254905
سنسور آب پکیج حرارتی,4510782,6556076,5228840,1021268,4457650,16740022,5714659,7266005,9684933,12665229
سنسور اس هاشتی 20,2670722,14988,3536591,4570167,6948558,6760814,7855730,14124554,2535703,9032772
سنسور اکسیژن  ساینا,2535703,13569337,11161864,2670722,1013310,16740022,9904889,9909994,6760814,2668036
سنسور باد لاستک,1475515,12546075,12586823,3876063,3237213,6760814,205704,12065834,1438846,379621
سنسور تنظیم دمای کولروبخاری پژو,2288660,5005407,5622922,4570167,2670722,7922580,6828779,8675578,13676858,15376246
سنگ بر boss,8191076,4494850,6547871,611097,8506272,8520881,210621,6991847,668821,2315672
سنگ جادو گردنبند,11424616,3230246,9836112,13147836,14128574,2725449,14144893,5366234,6791039,13152830
سنگ درنگی,186067,7526503,9836112,11721766,10891628,4190115,285803,12830142,202375,6289222
سنگ رومیزی توسان,202375,1479013,11721766,9244901,8402429,949210,11580764,6905118,9502262,4515379
سنگ فرز مارک Arva,8402429,186067,11721766,285803,11580764,6905118,4515379,171977,7204175,9502262
سنگ فرزجاب,186067,7526503,9836112,11721766,10891628,4190115,285803,12830142,202375,6289222
سنگ یا علی,7526503,5984204,1119662,12100809,4087034,3007039,4776132,3303406,12652614,8312806
سه تار فانتزی,4420525,3988597,248276,2068058,9603361,976059,836586,2044653,1984456,43733
سه سطحی پایه  زیست,6377786,1944269,1944985,917875,196762,4301652,217019,187605,637957,2546529
سه شاخه اگزوز,4089307,444614,7132885,2351861,9850282,11007995,8420408,5195847,7361950,14322527
سه نظام فلزی,11637009,11504355,5027027,5182103,868935,2152076,10909098,2141873,10542440,8073921
سه پایه  رینگ,1944269,1944985,917875,196762,217019,187605,637957,2546529,1491994,2010522
سه پایه نگهدارنده میکروفون وگوشی,217019,1944269,1944985,17304884,7535129,917875,1491994,464080,4727081,2010522
سه چرخ مدل هارلی,11966450,12217516,129063,4885876,7162181,8310880,12283380,9563117,11655097,4256612
سه.تار,4420525,3988597,248276,2068058,9603361,836586,2044653,1984456,43733,13904979
سوئیچ شبکه دلینک ۱۶ پورت,743370,9943533,5806302,9530095,5130999,1502682,200466,5258,4596784,1901258
سوار انگشتر,8891280,6448621,7542501,13592878,10635917,12401047,3801395,57321,11772475,1555394
سوارسکی,9955005,9755208,100000,100000,100000,100000,100000,100000,100000,100000
سوتین توری سبز,1844754,10946286,858645,1924214,9984477,1010081,9016025,5413454,2223816,12687760
سوتین جک دار,14193478,9906836,8618394,8655927,2365230,4869901,1924214,2466261,9984477,5469203
سوتین زنانه مشکی سایز 70,2365230,14391334,5413454,2223816,1844754,1461793,448819,7977265,8448015,15111410
سوتین سفید سایز ۷۰,5413454,2365230,6460839,1924214,9984477,4176147,2223816,1844754,7977265,15111410
سورفیس ۶۴,10944728,90520,1481699,22657,4049465,354069,725619,74056,4063504,2351999
سوزن ریون دوز,7147625,7456162,3861346,2428107,2830753,3393369,12153023,4402895,7432210,6526327
سوزن قلم اوان,3186254,981681,2428107,6586232,2830753,12153023,4402895,7432210,10111916,667372
سوزن محلی,2428107,2830753,12153023,4402895,7432210,10111916,7218919,667372,12719812,3179083
سوزنی,10828044,8868046,14696,10079591,540818,7151427,4995311,2767191,7129755,4796178
سوزوکی ویتارا تسمه,2154175,9599582,7590054,5056646,1922967,3998323,263790,4117177,7275002,4114266
سوسک بازی فکری,8636262,17286872,10934228,10903361,9351509,6349644,8174051,10262401,10708778,7711651
سوفله سالاد خوری,506408,633484,277950,10116615,5934742,777144,11646607,3423831,14331365,191291
سولدر وایر تو,690926,4550206,61733,5177810,3857013,7318141,11008436,5823722,12619377,12923481
سونتی فایو اینچ,3234768,146605,8282123,1085299,816135,3867621,4003038,7798997,7519991,2230780
سونی xv500,1287,191846,958,91013,8683837,9248424,21010,106912,482,9563950
سوهان سبک ناخن,9588977,12233629,13217179,4097330,17060887,3179358,2875440,9382807,3165952,14312651
سوهان ناخن خانگی,9588977,12233629,13217179,4097330,17060887,3179358,2875440,9382807,3165952,14312651
سوپ خوری پیرکس,99696,927004,4112193,3423831,4385504,3528459,305236,10500732,10653182,5433612
سوپر تیوتر av,6230137,12123595,405946,828267,4016744,744279,4570342,6512336,8048895,9265137
سوپر شبانه روزی,3057033,4570342,6230137,8048895,9265137,2103408,4279077,3038837,7317800,10110412
سوپر محافظ,8986359,8824918,4570342,6230137,8048895,9265137,2103408,4279077,3038837,7317800
سوپری آشپز خانه,51517,7784411,5080783,750182,4681991,495136,2103525,14697174,12578888,4301652
سوکت تبدیل تایپ سی به یو اس بی,5128268,7715987,6105665,451234,7855730,9439931,178762,7396534,372161,3333664
سوکت تلفن  دد کاده,472570,4268372,4770886,13121378,7989717,3177340,9033884,13144366,7542983,557201
سوکت درایور,3983227,14272240,14782819,10605416,2528095,8206556,2040819,4791585,10904951,10679178
سوکت شارژ ایفون 8,6355888,10679178,7161954,11163786,13251635,8161925,192637,6576917,10451858,7973084
سوکت ظبط.,10605416,2528095,8206556,2040819,4791585,10904951,10679178,472570,6105665,8898273
سوکت هنس فری,734314,4492680,12099104,7386074,7808672,10605416,2528095,8206556,2040819,3245722
سوکت پمپ‌ بنزین سمند,11493562,1094947,14333262,7924512,1921996,4415290,9703319,3008807,14364592,14876850
سویچ استارت ال نود,2475217,3179283,4882206,4797570,7717796,3111451,5059385,4249702,2109417,10392705
سوییت شرت مردانه,134261,729293,9108471,8090073,845735,1659864,9681293,955482,7847380,6990482
سوییت کریم,101478,6990482,2522912,10546457,79769,96819,4288935,7666578,1949737,6496163
سوییشرت  بسبالی,100000,100000,100000,100000,100000,100000,100000,100000,100000,100000
سوییچ ماشین هوشمند,2870931,5556727,551022,5258,3382080,3886176,7967451,397447,1624566,5932038
سَمَند ریدیو کِیبِل,100000,100000,100000,100000,100000,100000,100000,100000,100000,100000
سَمَند سورن ترن سیگنال لایت ساکِت,1628644,80150,16895824,161506,690731,1452542,5332441,5282679,14435236,3475356
سِتونا ژِل,100000,100000,100000,100000,100000,100000,100000,100000,100000,100000
سِوِن دراوِر,100000,100000,100000,100000,100000,100000,100000,100000,100000,100000
سِوِنتی وات لَمپ,9877650,8938625,5994231,3612361,11194782,11932261,11273164,13353223,7542677,2698211
سپاسلایم,100000,100000,100000,100000,100000,100000,100000,100000,100000,100000
سپر تویوتا هایلوکس,4170530,6948286,184274,8094333,12388741,6741383,9785473,1435097,8320487,8938344
سپر عقب و جلو تیبا2,6741383,319553,8320487,4015327,1435097,8938344,8856459,4024078,3896892,919112
سپر لکسوز 405,319553,10465790,6741383,1435097,8320487,8938344,4024078,8265386,4015327,816180
سپر پژو ۴۰۵ خام,319553,10465790,6741383,4015327,4024078,16432146,9614779,1467744,6984499,7814413
سپر کاپرا۲,6741383,1435097,8320487,8938344,4024078,8265386,319553,4015327,816180,8856459
سپسکر ldnio,100000,100000,100000,100000,100000,100000,100000,100000,100000,100000
سکه دما سنج و مرطوب سنج,402097,3237213,205704,5715433,423594,360732,164440,4630447,12911938,12004587
سکه طلا چند میلونی,13344920,12004587,14265961,12663531,11329050,12663728,15069967,1115690,11623178,9549470
سکوی قهرمانی  کادت کمدی,9586161,855992,7259511,9879245,13134598,8654862,100000,100000,100000,100000
سگ کاغذ قیچی,5803998,3324198,14214103,387077,8927059,13033548,306998,2536270,56200,6838467
سگ یخچالی,4270359,13880861,9357417,4991935,378044,806089,7947395,3513813,822322,4577534
سگ‌ها نگهبان ‌,10290622,11398900,1915931,505309,2255843,4241459,4104800,7771001,4131783,5951127
سی ایکس ۱۰۰,958,13613061,3810323,15981304,3009257,1626901,12782977,11997868,14437943,4951182
سی پی یو  جی ام سی,101399,98417,367703,12782977,5635159,326117,11947958,3020153,3810323,7715198
سیب زمینی رشته کن,7092375,11034432,64335,6091941,2316014,806023,3604384,9333593,1934531,1638746
سیبزمینی,100000,100000,100000,100000,100000,100000,100000,100000,100000,100000
سیتی کباب طبقات,7232637,6178212,2605175,1140535,5886948,906459,8494072,387439,1481699,12453934
سیخ  کباب,12453934,816383,1958831,5716984,3181280,3166341,906459,8494072,387439,2637879
سیخ مو رزینی,5765902,816383,1958831,5716984,3181280,10766629,5819230,3166341,12453934,7327547
سیخ کباب کوچولو,12453934,816383,1958831,5716984,3181280,3166341,906459,8494072,387439,2637879
سیخ گردان,816383,8155129,1958831,5716984,3181280,3166341,12453934,2637879,2086763,135765
سیدلس دیتز,100000,100000,100000,100000,100000,100000,100000,100000,100000,100000
سیدی بازی رزیدنت ایول,2032757,10262401,10903361,7454369,1770280,9243998,8636262,17286872,10934228,546625
سیروپ کارامل,15314286,13951101,2895961,6210801,9799940,100000,100000,100000,100000,100000
سیسیتم کامپیوتر,3634502,10015130,222871,114628,7959507,3830917,7518006,8290347,3778682,6860798
سیف آب,207068,82004,1823036,2075092,2075077,82032,4180871,82048,1897704,5350250
سیلندرترمز چرخ جلوی ای اف سون,2595835,111178,624363,1450658,152692,291994,291864,624673,13158377,5812546
سیلور کرست sl 2024,12029059,10472526,9858765,13085782,14129210,2931144,1764044,949210,1603621,8245291
سیلکر مویسچرایزینگ ژل,2605734,8502630,2754683,13516129,1534108,12101402,2583317,11563408,82118,2537376
سیلکونب,100000,100000,100000,100000,100000,100000,100000,100000,100000,100000
سیلیکون آنالوگ ریست‌واچ,15260002,14334481,3426902,6833552,17093058,451963,1034194,493952,7802326,3432901
سیلیکون تَمپون,90539,3767575,6425156,5102330,90581,90520,20559,859481,10612566,1844063
سیم A11,4340346,2976227,2689836,8429124,7820922,8359706,8530198,3093664,4823914,11072644
سیم hami,292803,12290031,14387651,2008043,12299347,637473,10212975,16592229,3564259,2413323
سیم با تزی به باتری ماشین,12817900,5599387,2969602,741130,6167628,10094197,4057964,2510748,7876949,11493367
سیم برای دندون,1760680,12719812,4875708,12702443,14676761,6830083,3904229,8028665,2413323,12457774
سیم تلفتن,12290031,14387651,2008043,12299347,637473,10212975,16592229,3564259,2413323,2161098
سیم جرم‌گیر کتری,11118812,9164788,5109569,2196350,14035359,14208883,15285802,112897,1619296,482116
سیم جوش 3میکا,8595427,15474441,9229099,1479187,17037730,13950898,12508996,5301082,15114356,527595
سیم شارژ,950423,2413323,7958880,537112,5885141,10374499,2432359,5752183,8365210,13969235
سیم شارژ یسیدو,4544872,12558946,7484546,10668656,950423,2413323,7958880,537112,5885141,10374499
سیم شارژر تبلت  سامسونگ گلکسی تب 10.1,31969,5647649,23859,5831949,154011,7182933,63831,4127095,4000803,9663993
سیم لحیم الکترونیکی,9105733,4462915,3562132,8552386,5925476,7161046,5871954,13281235,5403851,2025241
سیم لحیم کد۵۰,9105733,4462915,3562132,8552386,5925476,7161046,5871954,12290031,14387651,2008043
سیم موتور شیشه بالابر پراید,162410,5382934,8028665,666882,9567166,11743122,6408059,5078838,6069316,6593322
سیم نقره,212535,16687691,806227,16216627,1033928,9688202,12672505,1095832,14629544,14264177
سیم وره,12290031,14387651,2008043,12299347,637473,10212975,16592229,3564259,2413323,2161098
سیم چین دینگشی مدل 22206,9553203,14387651,12560872,10392279,2275787,255406,15129745,9092609,17293037,11079023
سیم کابل اینترنت مسی,7295871,12290031,12299347,7758153,12152352,4878331,4338814,8734807,3549375,8537836
سیم کارد دانگل,8975182,13804774,12721132,7706929,9674839,406291,2767668,10066988,5932038,749476
سیم کشی موتور طرح استارتی,12274592,12719812,955878,9480418,13260609,12656613,7142357,2457890,4239604,10260791
سیم کلر گازی,12350676,7020779,1657413,8545127,7425234,9980728,5191394,6187225,5182865,6826975
سیم کنف,262253,1601878,12290031,1946671,14387651,2008043,12299347,637473,10212975,16592229
سیم ۰.۶,14387651,12560872,9105733,3562132,9553203,856302,14654,669307,10444345,198407
"سیم,شارژر رنگی موبایل A54",11511768,13177131,9663993,154011,12673202,14724466,10415470,13140093,12953354,10969936
سین,421392,10127608,4643325,688123,10763968,9979939,12960623,1064939,7327547,10653703
سینوحع,100000,100000,100000,100000,100000,100000,100000,100000,100000,100000
سینک روکار سایز ۹۰,435781,3911995,6152102,4182129,6325979,8256500,1514106,14295812,14009141,3083082
سینک ظرفشویی,8256500,3911995,6152102,7226814,14009141,11146563,4182129,6556190,14295812,435781
سینگ ۱۰۰,7009867,4354946,926580,6392126,12367583,554054,4642638,6372064,994573,9048820
سینگل ورس کنوس پرینت,798880,5449019,10132814,2925288,4233240,100000,100000,100000,100000,100000
سینی  نگار مدل رز,3750911,3750835,7630518,348255,9733659,9866526,8352176,4157305,10766629,669351
سینی un,4638273,7445383,13140565,8352176,4157305,10766629,3750835,968220,7630518,5480177
سینی به گز,13342125,7960441,17695871,8707030,12235594,12299894,11254524,10612566,4423608,5338291
سینی رط,8352176,4157305,10766629,3750835,968220,7630518,4638273,5480177,73969,7733704
سینی روحی کنگره دار,7733704,10766629,9574519,9573460,8817686,10136869,8352176,4157305,3750835,968220
سینی زیر سماوری طلایی,2449086,4482124,8236737,10612029,8352176,4157305,10766629,3750835,968220,7630518
سینی زیر موتور ۱۳۲,2449086,10612029,4482124,8236737,5091908,7990655,6069316,8352176,4157305,10766629
سینی فر استیل توستر,968220,9665263,3750835,1823585,10958076,1414797,227680,460463,31739,6202877
سینی فن ایساکو,5496928,4239047,1867198,9829546,8352176,7747201,8400781,9421894,4157305,10766629
سینی پشت سینک,8256500,3911995,6152102,14295812,14009141,8352176,435781,4157305,10766629,3750835
سینی پلاستیکی توری آبکش,536385,2700334,6261040,712594,10946286,858645,5157447,1010081,8352176,4157305
سینی پلاستیکی فلافل,536385,5811303,8352176,4157305,10766629,3750835,968220,7630518,4638273,5480177
سینی چوبی دایره ایی,554649,73969,10766629,3750835,3752251,968220,13342125,8732036,8339334,8352176
سیوشرت توسی,3505056,100000,100000,100000,100000,100000,100000,100000,100000,100000
سیپیو ‌کامپیوتر,3634502,10015130,222871,114628,7959507,3830917,7518006,8290347,3778682,6860798
سیکس ولت فایو امپ بتری,13612974,146605,8282123,9180929,13140565,10911730,12866328,5190712,9877466,913351
سیکستی پیس داینینگ سِت,7788990,7559080,7142116,11248112,6625780,100000,100000,100000,100000,100000
سیکو مردانه,4676660,10635917,7108756,1290089,11459772,606382,890570,6439769,961925,4285398
شابلن سلیکونی خط چشم,8773872,7451748,90288,3551025,4568549,5840971,3454479,7380557,9563541,7268142
شابلن چلیپا,606960,94206,15436428,7587493,100000,100000,100000,100000,100000,100000
شابلون هویه,6904485,3328828,11455959,13692498,3612361,13334615,160744,3452241,6842082,3061774
شارژ دسته xbox s,7248029,6943665,4857459,6262642,274302,6565366,9663529,4162970,4878993,708443
شارژ دسته xbox360,708443,10951078,4851053,1505093,537112,11000988,5885141,10374499,416155,531443
شارژ دسته ایکس باکس وان,159941,315405,8972235,2232119,12804462,9347369,12775038,7248029,4878993,3571154
شارژ دیواری a34,15279663,12642977,12961639,12046774,14092151,12323073,11410958,4852639,8133642,4850572
شارژ قلم قرانی,2388884,940240,2601381,2330937,10881540,13409647,8531074,11716692,5551003,7297459
شارژ کن باتری متور سیکلت,6278780,5752183,2982373,2775723,2813183,3073354,4496008,3633322,7200364,2431669
شارژؤ 20 وات,8938625,2587235,190122,6568033,9877650,5779434,8842596,7542677,8516132,10463293
شارژر 180وات  لپتاپ,4536071,5449274,457298,2053912,629090,4677719,5840935,13920852,14696,7513447
شارژر 8 وات,8842596,12423524,8484345,14398220,14277324,14277336,4852639,11137407,8133642,5936108
شارژر mp3 player,712276,4989781,5449274,457298,2053912,629090,4677719,5840935,13920852,14696
شارژر ایفون ۱۱,2126582,3203897,12202419,7843326,8283341,9889442,14398220,12443301,13274339,11721686
شارژر باتری شیائومی Xiaomi,10009936,9136061,12429212,8271775,14193812,8703939,7108523,2053912,9755541,629090
شارژر بدون بیسیم,7967010,14398220,11648662,2099553,521444,5141029,4852639,13278490,8758331,11137407
شارژر برای گوشی A05s,14333378,14277336,17961048,15294551,14262609,12976144,14050144,14181343,13804607,9663993
شارژر بی سیم مک دودو,13140093,7146743,13920852,10066988,4741460,3184581,6547076,6917263,8395887,4615121
شارژر تبلت سامسونگ t295,6270270,1829340,6445102,12963485,3175390,4127095,4852639,8133642,457298,5936108
شارژر دریل شارژی مدل 18,5449274,4769878,13379873,4353116,13003487,11249252,11457302,12646507,17664078,6787990
شارژر سامسونگ واچ6,4127095,4852639,8133642,11490357,12321554,11511768,13177259,13177131,12156236,9681959
شارژر سه کاره,284634,866046,8355764,5373840,7014393,65571,428769,653921,447326,9629625
شارژر سوزنی ریز,14696,7833858,10828044,8868046,3693404,10079591,616505,540818,8735420,7151427
شارژر فندکی raw power,11187587,276319,7146743,183328,13920852,13976650,13040232,12198072,14703809,379621
شارژر لب تاب ایسوز,4221217,11330882,2007405,4419202,14030174,9205641,17536916,5948450,14277291,6991372
شارژر لیتو,8595174,8591630,5270440,9268477,9540902,8934922,17185127,8348402,5253135,5449274
شارژر ناتینگف فوت,6547871,9434505,3935194,12684920,8527893,6884317,6884403,9080302,5632277,11314580
شارژر ۱۲0,14398220,11137407,12423524,12429212,3572733,10035800,5449274,8719520,7310681,3554505
شاستی تقیر اپل xr,10301809,893929,13414415,8964300,175115,7180057,11476645,354069,174172,252852
شاسی sopranos,7024411,5772451,5106711,5294475,9462785,2220861,7289974,797508,6103339,3366928
شاسی ایفون سون پلاس,9276066,5812546,7944206,2595835,14048694,12009083,9988815,15502469,9457871,11156711
شاسی موتور سیک,5294475,9462785,2220861,7289974,797508,6103339,3366928,2032757,4366176,4428968
شال  بابونه توری,9004357,8392989,10946286,1490799,858645,1010081,11637189,9016025,7878975,12687760
شال  حریر کربنی,1461793,4331855,3259947,10047735,1938623,7412773,11637189,10985290,6938605,11059103
شال افغانی,3550505,7441563,11637189,6938605,11059103,804699,16752010,1400464,10201221,9004357
شال بافتنى دخترانه,2662206,5792164,6950565,9706186,11637189,6938605,11059103,804699,16752010,1400464
شال زنانه گل گلی ریز,11059103,10749548,8735420,11637189,6938605,804699,1400464,9004357,12669232,3179537
شال مخمل گکچی,17145362,11637189,6938605,11059103,804699,12656609,8011488,16752010,1400464,10201221
شال نخی قرمز مریمی,11059103,11358108,804699,11433406,11054007,11072804,3179537,7877545,3236541,11378463
شال پرده طلایی,6901095,10985290,2094624,10961693,12644844,11637189,8011488,5426017,11476129,12506465
شال پریسه گل دار چند,11059103,6938605,1400464,11433406,11054007,12669232,16859043,17145362,10201221,11072804
شال کونگ فو,3841557,8561575,10164226,1029325,1967359,11637189,6938605,11059103,804699,16752010
شام پو سگ,810085,6836305,2253986,5866703,4270359,13880861,9357417,4991935,378044,7947395
شامو الوینا,4269675,100000,100000,100000,100000,100000,100000,100000,100000,100000
شامپو  بازاریاب  مدل  موهای  فر شده,9077569,4877688,5123200,82093,3420517,14032131,7529183,2227589,7812216,2094946
شامپو  برای موهای رنگ شده,4877688,4276790,3420517,7529183,9077569,2094946,8267157,7142851,763107,2014465
شامپو hand sholder,1994087,79613,7394608,6443194,3220771,525003,6360501,951998,845953,8941432
شامپو آرگان میداس,3319308,2074880,8267157,2553486,4598074,1543627,9276327,6909316,476011,1031021
شامپو ارفین فارما,2348437,12718515,1554506,475703,1994087,79613,7394608,6443194,3220771,525003
شامپو اوادرم,1994087,79613,7394608,6443194,3220771,525003,6360501,951998,845953,8941432
شامپو اوه ضد ریزش,12625697,3220771,525003,513177,471143,1005052,458555,442631,9077651,2229552
شامپو بدن شیر توت قرنگی,79613,1005052,75129,4495382,522985,9446060,5058143,3319308,14018731,1994087
شامپو بدن پوست چرب و جوش دار,82094,5058143,14018731,8457021,3383776,12230709,14199453,79613,525003,9863628
شامپو بدن گلرنگ ابی,522985,6443194,79613,1005052,75129,4495382,9446060,5058143,3319308,14018731
شامپو بدون ط,14267107,640036,75270,2170719,3381528,513177,9726998,7142851,8093511,5884397
شامپو برای موی اسیب دیده,113752,3514216,82063,2074880,9611258,458555,11593938,2094946,8093511,7529183
شامپو بی اند,8454153,8410075,77069,8492349,6065680,8774462,5742383,407488,9937384,12081253
شامپو تقویت مو زینک,845953,75270,6360501,458555,6406638,12993446,6506826,8817271,8093511,7385077
شامپو تقویت کننده دلانو,845953,75270,6360501,12993446,4415345,471143,458555,2014465,8817271,7385077
شامپو تقویت کننده وچه مناسب موی چرب,16663161,471143,2014465,951998,8093511,845953,75270,4645582,7385077,458555
شامپو حجم دهنده اویدرم,946997,946926,4571148,4341046,82071,144154,4664751,1927795,3420517,513177
شامپو درخشان کننده مو بچه گانه,8817271,6443194,839813,1020800,2520167,173977,845953,705153,4883013,1496004
شامپو رویش,1139542,1994087,79613,7394608,6443194,3220771,525003,6360501,951998,845953
شامپو زنگ ساژ نقره ای,3834973,5438008,757701,909536,7417615,706481,1099779,158397,15445255,1126407
شامپو سر رزماری پنتن,11035508,8447368,12993446,8690160,1994087,3260743,84636,2907018,428979,14199453
شامپو سریتا کاف,845953,3834973,711874,471143,6506826,476822,3383776,2990106,476926,14673714
شامپو سیب نیوتیس,3674058,1638746,15314286,7092375,11034432,550344,64335,6091941,2316014,806023
شامپو صد ریزس,12369745,2426859,11736992,7142852,1994087,79613,7535192,7394608,6443194,3220771
شامپو ضد تعریق,683851,13024773,8244011,8935796,510582,1790557,608796,76982,80708,4509716
شامپو ضد شوره daiyli,982993,683851,3381528,10697178,4880134,3383776,8410075,77069,6360501,9726998
شامپو ضد شوره مو اسکالیپا,982993,3381528,683851,4880134,10697178,3383776,8410075,6360501,77069,9726998
شامپو ضد شوره موهای حساس فولیکا,9726998,982993,3383776,10697178,3381528,539320,82071,82063,640036,82093
شامپو ط,14267107,1994087,79613,7394608,6443194,3220771,525003,6360501,951998,845953
شامپو فری سولفات چرب,640036,513177,12099104,7386074,525003,951998,16663161,471143,5884397,2229552
شامپو فری سولفات کراتین,12099104,7386074,7541011,640036,6976256,7577455,6890835,9726998,5500776,513177
شامپو مو فولیکا مدل 01,82063,82071,9726998,82094,82118,3381528,82093,7394608,82086,845953
شامپو مو مجیک,7394608,845953,3220771,6360501,3297315,951998,8941432,2158621,8533439,14230516
شامپو مو یاس,3319308,7394608,845953,3220771,6360501,3297315,951998,8941432,2158621,8533439
شامپو مورینا,1994087,79613,7394608,6443194,3220771,525003,6360501,951998,845953,8941432
شامپو موهای فر خشک,5123200,501621,82063,3420517,82093,9077569,8694502,11593938,14032131,2227589
شامپو موی سر اوه,3220771,525003,1005052,2229552,935564,6406638,7118751,1065929,5891015,7881671
شامپو نانوتمیزکننده تیزرو بدنه لاستکو..,6944776,12503760,12197331,1994087,79613,10597675,7394608,6443194,3220771,525003
شامپو نرم کننده مارال,869810,11091734,882557,862717,6163514,11593938,916897,7385077,769897,763107
شامپو هد اند شولدرز برای موهای خشک,8410075,8774462,77069,8694502,3420517,501621,82063,11593938,10930347,9726998
شامپو ویتامینه وضد ریزش لیتری,12625697,513177,471143,442631,458555,9077651,6506826,8093511,2014465,7416232
شامپو ویژه حج,1994087,79613,7394608,6443194,3220771,525003,6360501,951998,845953,8941432
شامپو کارتنی مای,206508,88205,2136850,90288,1489341,81202,82169,6927431,81193,81267
شامپوdemo,100000,100000,100000,100000,100000,100000,100000,100000,100000,100000
شامپوایزدین,100000,100000,100000,100000,100000,100000,100000,100000,100000,100000
شامپوی سگ,4270359,13880861,9357417,4991935,378044,7947395,3513813,822322,4577534,14763533
شامپوی ضد وز و نرم کننده,862983,82086,646719,770774,8823095,11091734,9863628,3953926,7882390,6163514
شامپوی فوم سریتا,711874,476926,3834973,476822,14673714,9359870,845953,11512116,15379219,6506826
شامپوی کودکان,1093270,7003063,4679632,3469722,11330882,13950061,3399580,7433083,6287243,241558
شاندور,4403390,100000,100000,100000,100000,100000,100000,100000,100000,100000
شانسی جادوگر,14457652,3369509,2949988,17845107,3692410,17632730,9997705,17177349,14612250,11089001
شانسی جعبه ای,14457652,773877,9430343,3369509,2949988,17845107,3692410,17632730,9997705,17177349
شانه ابرو فانتزی,2951264,4268583,552307,8073921,2701457,10757160,551270,749119,5156672,5403418
شانه اصلاح مو,749119,459395,8073921,7220792,8607412,2701457,10757160,2176301,5488117,4410932
شانه دندونه ای,4621360,464080,552307,8073921,2701457,10757160,551270,749119,2176301,5488117
شانه رنگ,552307,8073921,2701457,10757160,551270,749119,2176301,5488117,4410932,4621360
شانه مو مدل n,8073921,2701457,10757160,2176301,5488117,1654753,4410932,7107507,6599012,551270
شانه موزر درشت 32,10757160,459395,3432086,761002,7356395,4404714,552307,8073921,2701457,551270
شانه وبرس چوبی کودکان,10361389,552307,8073921,2701457,10757160,551270,749119,2176301,5488117,4410932
شانهی,100000,100000,100000,100000,100000,100000,100000,100000,100000,100000
شاهین ۳,3393386,5157251,8297769,14500350,13279036,12325992,3461612,9575969,6942184,5209486
شاومی 11T,7548524,10057318,10162058,11616787,7213087,13706806,8395893,7459251,7203816,7116243
شاير,5032495,100000,100000,100000,100000,100000,100000,100000,100000,100000
شاپور ام کیو,8671752,5268387,1024106,3020153,4237981,9178107,12686619,14476030,3454494,15030810
شاین لب سکرت,10258397,7510865,9080362,10428335,3762603,4419202,17536916,8688393,5948450,6991372
شبشه درب پراید,1447978,11171380,9026799,8950594,9528759,15231794,12456849,12789773,5442029,13700012
شربت الکارنیتن,8331727,12310300,6335627,12309780,3548085,1037470,10423280,8478740,3536585,6287243
شربت مولتی,3536585,6287243,8331727,12310300,6335627,12309780,3548085,1037470,10423280,286137
شربت مولتی ویتامین افزایش قد,6287243,10423280,3536585,6335627,3548085,7432879,9478226,9251713,3465186,5189001
شرت گوچی,890570,11394257,134261,6197922,729293,8522110,559882,9108471,14883440,8090073
شروال,100000,100000,100000,100000,100000,100000,100000,100000,100000,100000
شروال مشکی بچگانه,4449066,5799080,1048427,8186728,11997584,1012345,7431446,9371896,3859880,8765520
شست شو صورت پوست چرب,2075425,516555,4241462,10194563,8267433,4516244,981922,3575224,3408934,4319256
شستشوی صورت فوم پوست های چرب,11474073,6566208,516555,14498545,5595959,4516244,4241462,13635201,12549397,3245302
شطرنج ماینکرفت,3782063,17217836,7797377,6371952,10652655,6645040,688123,6816575,9703644,3221015
شعبده جاذبه,706965,12266231,631757,1533392,480743,631598,3561465,3534519,10898538,856221
شعل,100000,100000,100000,100000,100000,100000,100000,100000,100000,100000
شعله گاز روکار ولوم,5305798,8318946,3609455,13673427,13804761,6725206,13900904,14119400,11888964,11108937
شعوار مام استایل,14409552,12587156,5849669,7471158,3165952,17825988,2230751,8285100,1592461,8792479
شف ایستاده,5401454,10393914,2716030,1056100,4622688,6373656,5762323,5700424,7995078,8544546
شلف دیواری مدل V200,14584350,12043381,17406399,9253428,17085140,11208491,17447318,5045431,2811367,9891650
شلف سرویس بهداشنی,4936670,10240052,8548321,12043381,17406399,9253428,17085140,14156519,11208491,598780
شلف لوازم آرایش,876180,12920328,8093737,6632614,10240052,11747272,9748258,3017645,6580689,2501449
شلف چوبی فیوز,17085140,9891650,11208491,10240052,12043381,17406399,1514106,9253428,14156519,9603981
شلف چوبی کلبه,3720054,11208491,10240052,977697,1573576,12043381,17406399,9253428,17085140,9455040
شلفررومیزی,100000,100000,100000,100000,100000,100000,100000,100000,100000,100000
شلنگ رادیاتور کلاسیک,8347046,1161679,2316141,6129113,8701936,2066449,737108,5205149,1037109,9719394
شلنگ پرای,2066449,737108,5205149,1037109,8044249,3953490,8347046,7535129,3876063,9557316
شلنگ پرموز,2066449,737108,5205149,1037109,8044249,3953490,8347046,7535129,3876063,9557316
شلنگي اس ام دی,6563735,1513183,8658143,12688670,9017025,7579614,14988,636662,8659282,3778682
شلوار ایسلش مردانه,6439769,3264348,3713495,2258784,14409552,11883294,7161886,5418052,11060357,701847
شلوار بگ استایل,11883294,8237708,11404306,5018045,6238884,5436725,8922297,14409552,15963251,11308874
شلوار بگه بغل نوار سبز,7407164,7795622,17675088,1144352,3703067,1490799,8895878,7124829,6841791,752091
شلوار جامه,8017839,12774902,12587156,1400583,6439769,2748203,7407164,10479854,3264348,12106284
شلوار جی,9456046,1464377,6439769,2748203,7407164,10479854,3264348,12106284,4884947,1001967
شلوار جین زنانه بنفش,2748203,8922297,5849669,5018045,6238884,8237708,6770839,3624625,15963251,4656769
شلوار جین نیم بگ کمرکش,8922297,15963251,8237708,5018045,6238884,5436725,610745,14409552,11883294,7533584
شلوار زنانه آوغونی,2748203,7407164,12106284,4884947,1001967,4349115,6990482,1610879,8922297,1556473
شلوار زنانه اسپیور,4349115,2748203,7407164,12106284,4884947,1001967,6990482,1610879,8922297,1556473
شلوار زنانه بگ,8922297,8237708,11404306,5018045,15963251,6238884,11308874,5436725,11883294,2748203
شلوار سورمه ای مردانه دمپا گشاد,5647877,610745,13028920,12492669,11942840,12081253,7161886,12774902,10156991,8725218
شلوار لی دختر ۱۱ ساله,14869064,8577168,4206368,1020800,10554732,8501934,38902,38820,1622380,10912135
شلوار مردانه رنگ پلنگی ورزشی,2090334,3713495,11060357,10479854,2486679,4185887,14409552,5418052,1439864,13301972
شلوار مردانه عروسی,6439769,3264348,3713495,2258784,14409552,11883294,7161886,5418052,11060357,701847
شلوار مردانه مدل شایان,16162424,7536027,7291130,6439769,3713495,14409552,11883294,7161886,3264348,5418052
شلوار کردی رنگ,5418052,2748203,14409552,6990482,11360638,1556473,8725218,965056,4449066,12222812
شلوار کمر اینگیلیسی مردانه,6439769,3264348,3713495,2258784,14409552,11883294,7161886,5418052,11060357,701847
شلوار کوهنوردی برای بچه های ۱۳ سال,9940906,1622380,1020800,1740320,7655830,1610879,2098873,13785896,7541003,855511
شلوارلی زنانه زارا,12106284,2343975,486090,12401047,3801395,10152239,10069504,7906591,11615656,11640343
شلوارم پانیل,11060357,12327951,1592998,100000,100000,100000,100000,100000,100000,100000
شلوارورزشی سرمه ای,448364,8725218,499812,2090334,9703644,6217648,17164222,16310340,994573,8655999
شلوارپارچه ای پاچه گشادمشکی,4016744,9302065,7706929,3475356,3229989,10324772,7619749,7660864,2417088,7477029
شلوارچهارخانه قرمز پسرانه,6519620,5146566,5252508,10959853,13283717,2514163,637410,559501,5109328,7492207
شلوارک کتان مردانه,12455954,9541129,6900143,9681293,7914313,2863520,2858237,11841668,9533598,8955487
شلوارک‌ لیورپول,9541129,269151,8359836,1418333,6034041,17348642,8507186,11859577,12455954,9572811
شلواری شیشه,8411009,8552999,17311192,6164269,6755459,3179287,2080004,10362830,2959261,10459614
شلور کتان زنانه,14151937,12222812,448819,12222680,9748258,438351,8452901,7467783,14006784,10985290
شماره گیر یدکی تلفن سلطنتی,9835952,10100238,774908,9051696,7197181,1084233,4268372,5264862,7989717,3177340
شماپو داو موهای معمولی,9611258,8533439,81323,80708,935564,7812216,4435713,14032131,4664751,4444018
شمش 18عیار,1115788,14016907,705153,9565621,7161046,15555045,2263097,704994,15129291,9979939
شمش طرح ملکه طلایی,15129291,14016907,9565621,7161046,7087415,15555045,9361278,2263097,9979939,882855
شمش طلا 18 کد sg11586,2263097,15129291,7955083,15555045,11623178,9979939,11019537,15069967,10237644,14016907
شمش طلا 24,14016907,9565621,15555045,2263097,15129291,9979939,11019537,15069967,7955083,11623178
شمشیر اسباب بازی نورانی جمع شو,13844762,13025803,4737141,17423036,7623616,12020425,7248561,93061,6554847,2949988
شمشیر واقعی زنیتسو,13982631,6554847,4477129,8666126,9398706,13844762,14629544,100000,100000,100000
شمع تولد رنگ طلایی,2992341,6931925,1584616,1122123,216366,304734,4846962,12096037,1922546,1542287
شمع تیبایی,6239844,10273269,1480950,433458,4929072,1638404,2241690,4499873,9662450,7172417
شمع درب دار معطر قهوی,7612076,1584616,10944728,616284,5139270,6239844,10173246,10273269,1480950,433458
شمع دست ساز,9662450,10405197,10701126,9764361,6854659,657657,14740537,10449928,5378982,10426374
شمع دنتو تی تی,3724125,13529517,10749077,1032531,7517222,14616088,111178,3042739,567556,134261
شمع شرکتی پژو ۴۰۵,3857013,14217959,9614779,1467744,6984499,7814413,7504341,17637807,1967953,5066318
شمع مدل زن,7172417,14391683,4995311,1558818,10273269,433458,6239844,6803405,4929072,9662450
شمع مدل ژله ای دریا,3756848,4499537,433458,17536916,4929072,1070089,1638404,5556727,713893,8356435
شمع ژله ایی,8732036,8339334,4499537,554649,6239844,10273269,1480950,433458,4929072,1638404
شمع کاپ کیکی,6328220,7734681,6535331,12828494,2309977,7922395,6239844,13806512,10273269,1480950
شمع کوچک شفاف,11942932,6239844,10273269,1480950,433458,4929072,1638404,2241690,4499873,9662450
شمع گلد,4214565,7922395,7906416,7205752,4626315,5500776,6239844,10273269,1480950,433458
شن آکواریم,6558638,2561991,6902109,435948,15055116,100000,100000,100000,100000,100000
شن ساحل,6558638,2561991,6902109,435948,15055116,9846474,11348511,7550613,6508907,10689760
شناور برای ماهی گیری,4276171,2906190,4458966,6166323,14109551,5178689,12391577,2140891,11064523,9466666
شنکش ابزار,8481670,9893926,4196654,405912,5747445,3900675,7065338,1080166,890714,6575740
شهر نوش پارسی پور,229670,231773,804739,594185,1503088,249809,8589271,8515925,1104172,326100
شهریار در وال استریت,3283997,6816575,3899381,337137,7220792,9180751,15937518,2763161,15205385,8430508
شو نیز پانصد گرمی شکلات,6801165,7680985,3528459,10434325,1491939,305236,7419193,1972358,2842162,4356679
شورا گنی,880153,4810357,100000,100000,100000,100000,100000,100000,100000,100000
شورت دخترانه ۱ تا۲ سال,9016025,12463859,12110173,1828319,8680492,15293001,10626358,3254442,7485631,489695
شورت زنانهکبریتی,489695,890570,9016025,5569495,4394824,14943019,5197288,1998521,3465817,797281
شورت قرمز لامبادا مردانه,4318153,890570,4394824,3465817,14943019,12377405,9358671,8680492,7536027,744941
شورت لامبادا جلو باز توری,4318153,9016025,9906836,4024078,10946286,858645,1010081,12687760,10492200,489695
شورت مردانه آشنا,4394824,890570,3465817,14943019,12377405,9358671,8680492,7536027,744941,742799
شورت مردانه استریج,890570,4394824,3465817,14943019,12377405,9358671,8680492,7536027,744941,742799
شورت مردانه لوپیلو,12463859,890570,4394824,3465817,14943019,12377405,9358671,8680492,7536027,744941
شورت مردانه مدل classic,890570,4394824,14943019,12377405,3465817,9358671,8680492,7536027,1309479,742799
شورت نارنجی,6523896,10466890,4496519,489695,890570,9016025,5569495,4394824,14943019,406650
شورلت کولسی,9721583,12377405,14943019,8163672,100000,100000,100000,100000,100000,100000
شورنده دهان,14086563,7463961,8440504,14359691,2196350,1460055,291081,100000,100000,100000
شولدر هولستر,100000,100000,100000,100000,100000,100000,100000,100000,100000,100000
شومیز مانتویی زیپ دار,4460787,709944,885682,1400583,14586691,3869931,6073201,7795622,4963419,885713
شومیز نخی جلو باز,6560833,7734681,5335486,9906836,2561858,4494747,7174761,3181103,1290089,11699458
شوهر آهو خانوم,7441563,3640444,7348309,100000,100000,100000,100000,100000,100000,100000
شوکو تی دو,6814990,17436439,7762560,6834237,6091941,4314693,396213,224382,3724125,13529517
شوینده استونش,7167500,11058313,4993916,11999163,127102,5785486,13947776,7843027,482116,5109437
شوینده بیت روی,13379612,3882961,12679268,5262595,7167500,11058313,4993916,11999163,9806773,127102
شوینده زردچوبه نونروژینا,8234291,1738079,2541689,7167500,11058313,4993916,11999163,127102,5785486,13947776
شوینده سنگ,7167500,11058313,4993916,11999163,127102,5785486,13947776,7843027,482116,5109437
شوینده صورت الوآرای پوست خشک,1523112,8493081,4056938,8480468,3245302,516036,4319256,5948638,16755280,348422
شيمى لاك,3115913,13655115,2583317,3545204,10729478,8492349,14256337,2916538,13527881,3387748
شپش سریتا,476926,3834973,476822,14673714,9359870,845953,11512116,711874,15379219,6506826
شکالات قافلانکوه,4110309,100000,100000,100000,100000,100000,100000,100000,100000,100000
شکر قهوه ای ترک,5595567,3433416,11840984,4369668,3277497,12828494,220980,781018,1035800,5096627
شکلا هدیه ای,6838826,4285398,10853306,11081720,8325058,2153646,2279846,7472092,315488,2450919
شکلات تلخ  sairco,4110309,2189410,8143983,9874651,6801165,7680985,3528459,10434325,1491939,305236
شکلات جیوتو,12654232,6801165,7680985,3528459,10434325,1491939,305236,7419193,1972358,2842162
شکلات خوری مدل شیشه شکسته,305236,3528459,7419193,7041017,513835,73619,6076259,6035037,5433612,7818581
شکلات مارتینی,173998,1518100,6801165,7680985,3528459,10434325,1491939,305236,7419193,1972358
شکلات های کادویی باراکا,1491939,8143983,1492241,1453707,10100862,1126407,6801165,7680985,9095355,3528459
شکم بند طبی طب وصنعت,4012539,2613240,2513243,8721656,3170650,4137364,7885469,13095034,9239506,123067
شکو رول نادری,2358947,7381924,10653284,12088191,4966806,8244011,8935796,3756468,510582,9286195
شکوفه گل فومی,5587944,1813686,16310340,13785423,14857729,6230486,9939827,14945856,6456174,354554
شی باتر نرم کننده مو,7221868,5699051,303880,1031021,869810,862983,2947438,7143480,11091734,3341501
شیائومی جِی ناینتی فایو هدفونز,146605,8282123,3230246,7152359,11274760,1734817,2212624,10337868,3235851,5497765
شیائومی ردمی 6,9092609,3397286,8477470,8378023,11226793,4244447,3232170,5530797,6969662,8759938
شیائومی ردمی نوت 10,10694984,17211507,11159404,12940209,9863317,9231800,7763751,6035112,5298345,12686691
شیائومی ردمی نوت تولو پرو کاور,2926894,12940209,10694984,11159404,14474135,8141019,3772284,9863317,9231800,7763751
شیائومی ردمی نوت تولوس فون کیس,11853696,3258412,5327024,14146381,9515946,8995528,10903141,10722131,1062567,14494540
شیائومی می نوت تِن فون کیس,11853696,5327024,3258412,9515946,14146381,8995528,10903141,10722131,1062567,14494540
شیائومی نوت 12 توربو,12516025,12933971,12884694,14523169,12559255,12427672,14354432,11079023,14474135,11928674
شیائومی نوت تن بویز فون کیس,11853696,3258412,5327024,14146381,9515946,8995528,10903141,10722131,1062567,14494540
شیائومی نوت سِوِن کِیس,14146381,10903141,10722131,14494540,13402069,3258412,8823098,10694984,12557249,2926894
شیائومی هیلیو هدفونز,11274760,1734817,2212624,10337868,3235851,5497765,8573346,3397286,6520437,15113204
شیائومی پاور بنک,570764,3384926,10878356,273080,90539,4514161,3767575,4659289,997006,6425156
شیائومی کولینگ فن,13148210,11284083,6455521,7053936,4024078,10366444,3400456,1021213,3634502,13466118
شیافت کلیندامایسین,100000,100000,100000,100000,100000,100000,100000,100000,100000,100000
شیاومیnote12  4g,16483817,14474135,1496655,7461288,7926691,4725165,14782947,14644123,14883397,14064817
شیایو می نوت ۱۰ پرو,5327024,3258412,12940209,10694984,11159404,9863317,9231800,7763751,6035112,12686691
شیایومی QCY GTساعت هوشمند,12838592,11648685,10654402,14990284,5173333,3426902,12702443,8882003,1505408,13532245
شیایومی پوکو ستری,10654402,14990284,5173333,3426902,1505408,643764,100000,100000,100000,100000
شیر آب روشوی ایرسا مدل۹۹۰۵,5400662,369371,692119,8988196,726125,3818283,1429832,309315,3381620,15147960
شیر آبشیلنگخور,724480,6350773,3072164,1797555,6404806,2525763,868754,15400948,4650638,186930
شیر اطمینان پکیج مدل ترکیه,12577729,2872550,7266005,9684933,12665229,3883028,13798541,5228840,1021268,9723848
شیر امپریال,868754,10758233,12989715,3537587,3536913,724480,6350773,3072164,1797555,6404806
شیر بنزین یاماها ۱۲۵,11107862,6350773,368665,368602,179158,11270596,1645794,7924512,1921996,8766133
شیر توس,3020390,9400972,9994878,3071170,14884689,11472661,5559951,724480,6350773,3072164
شیر خشک قنادی کیلوی,1585717,724480,6350773,3072164,1797555,13869378,6404806,2525763,868754,15400948
شیر شومینه,9477555,9826471,9463740,8519455,1459872,724480,6350773,3072164,1797555,6404806
شیر هلن طلایی,7290113,646461,724480,6350773,3072164,1797555,6404806,2525763,868754,5920856
شیر پر چرب دامداران سنتی,924347,11283990,2726419,10768123,923935,1029949,797290,7935235,924018,924058
شیر کارواش دستی,9089232,6936264,7518451,10217111,161506,11001762,7283331,13237524,5547351,15076938
شیرآلات قاجاری دیواری,6247336,10025189,7376856,8166873,10389840,4417039,3956184,7386687,7493709,4147872
شیرآللات طلایی,5920856,4647335,10288193,12869737,2207468,5874073,12895463,7493709,462925,6139145
شیراز لاستیک ماشین 405,7437726,217153,11070523,3384983,7865793,6365957,5941649,2258357,1770347,11764073
شیرخودکار فنری,408640,5556954,219969,14757059,6520197,2408697,7805647,14756992,8827825,7265386
شیرشر بدون لاکتوز,7935235,591097,467306,12016209,11241494,651257,12542807,11724481,11690142,17601869
شیرپیکنیک مسافرتی,5990540,3170935,800821,9276214,1776517,7062486,1617704,624363,1662761,9860401
شیرگاز برقی,12140978,6824436,11572853,10691718,12522411,1098476,12083352,10226806,14467723,4262763
شیرینگ کوچک,6823327,3718159,11476645,156181,14010886,3185092,591929,17085140,131646,9182371
شیرینی خوری باهومیا,10500732,10653182,2523554,9899588,2826482,8552792,9130259,10339069,3849615,8476689
شیرینی خوری لمونژ گلدار,10339069,7419193,10500732,10653182,5026076,2523554,9899588,2826482,3929078,8552792
شیشه با پنبه چوب,8173071,4359657,308442,5264549,3563723,1156863,3581552,655912,12351230,9872209
شیشه بلریانس,6755459,3179287,2080004,10362830,2959261,10459614,1156863,666882,96423,11362737
شیشه جلو امپر برلیانس۳۳۰,3033133,14577768,7105749,4260861,4288435,7925504,15258075,8436769,1149211,666882
شیشه جلو موتو,3033133,14577768,7105749,4288435,15258075,8436769,1149211,666882,7500979,7824652
شیشه دودی عقب پژو ۴۰۵,1467744,14453589,7504341,1789638,319553,12454100,6582726,5066318,11434306,1441868
شیشه شمعدان,3179287,14581595,4102814,1837320,2543093,3705686,7957441,1104553,16627856,495136
شیشه شوررپیدو,6755459,3179287,2080004,10362830,2959261,10459614,1156863,666882,96423,11362737
شیشه هود درسا,343631,1459872,4777970,679986,349945,8456500,1722737,2586479,11710716,3051720
شیشه و بلور اصفهان,4239477,2168193,4223170,1156863,9229099,8595427,6505775,5021172,385198,372057
شیشه و لامپ حمام,691099,5901716,11630643,7691559,455580,2103355,466066,2976227,774908,1605401
شیشه پشت شیائومی نوت ۱۰ پرو,4838121,10694984,11159404,12940209,9863317,9231800,7763751,6035112,12686691,5327024
شیشه چراغ جلو ۱۱۱,8667588,7824652,8353565,13530628,1660828,5656785,3890401,3033133,8283197,1152961
شیشه چراغ عقب ماشین پراید برفی,13530628,2068072,3398398,5347861,2764863,5656785,8667588,1168656,8671608,9147171
شیلنگ آب  ۳۰میلی متري,3537831,252103,622748,12654011,8710975,801751,7899721,380267,5529084,419085
شیلنگ استریل,3537831,1585717,2753599,8710975,801751,7899721,3219595,8991413,100000,100000
شیلنگ بخاری پژو.,8710975,3953490,5505856,10472005,3537831,7179227,10479667,6826975,877668,2109104
شیلنگ سرنگ,722464,3537831,8828407,9673712,8710975,801751,7899721,100000,100000,100000
شیمانو چین‌رینگ کاور,3155036,3034924,5925455,3575155,833471,2275787,255406,14387651,12633409,12560872
شیمی 14 پرو,9679149,2609471,9699777,13132596,1054461,4210424,14389675,13160534,10694984,12438500
شیور کریستالی موکن,6766561,7311695,10676895,12830142,8573116,10229349,9540137,14243261,11942932,9356340
شیکر براش,2842627,738077,4408047,10699533,7980019,1120125,10609076,1140070,455957,9993110
صابون بدن بچه,6061225,6061308,2993466,81323,2721355,177299,2042181,5268387,6872531,3790582
صابون روشن کننده پرودما,2541689,11944672,5268387,2721355,3790582,12083895,5520986,6919034,7898863,13327900
صابون شستشوی لباس نوزاد,407841,503450,9446010,13981378,2233703,1772699,457018,2743922,7595453,14333650
صابون شیر فیروز,6061225,6061308,13981378,340514,142327,157448,99127,8667904,5156672,4573008
صابون ضد جوض,4236441,12490009,11944672,6980916,5156672,4573008,11000524,7656850,81323,2721355
صابون گلیسیرینه کالوورا,14756968,5156672,4573008,11000524,81323,2721355,177299,1925523,2993466,5233434
صابون گوگرد عطار,1925523,2759870,5156672,4573008,11000524,81323,2721355,177299,2993466,5233434
صافی آزمایشگاهی,10895663,842691,1143076,5229257,12206234,7459147,12153023,5158435,5244080,7479716
صافی سوخت پژو ۴۰۵,5244080,3880381,9614779,1467744,6984499,842691,7814413,7504341,17637807,1967953
صبا باطری ۵۰ آمپر نور,4309206,5015281,12508996,735088,12844284,2676218,4532245,12618675,2819210,12299081
صتدلی پلاستیکی,9075982,7745780,970214,536385,10842381,7623593,780485,7652374,91264,795371
صحفه موتور بنلی 250 اصلی,8075711,11104942,6595121,5504255,6821467,6659446,3553009,4951182,3045507,5930504
صداگیر پنجره,15408139,5635159,3332088,10139310,6212262,11481780,6653298,6556299,7378236,4369829
صدف تزیین اکواریوم,5519524,8938311,1037109,8578896,7908031,5066622,8236737,5536763,2930956,440818
صدف مروارد دار,17536289,8938311,1037109,760425,8578896,7908031,5066622,12947644,5519524,9609785
صدف نوک پرنده,7908031,8938311,1037109,8578896,5066622,17536289,7539519,486750,10404044,6998190
صفحه iPhone 14 pro,9679149,9699777,13132596,14389675,4099036,13160534,15321687,10907096,9357873,13179384
صفحه برش استیل توحید,2191842,4440247,6534092,6712244,9868369,1808733,2712971,5762815,5406516,11942658
صفحه برش استیل کرون,6534092,2191842,4440247,734180,2090965,6712244,9868369,1808733,2712971,5762815
صفحه دیسک جک j5,7317135,6986087,411197,11849656,6922676,6841147,8586965,4862377,5062205,6529825
صفحه سگمنت گوه تراشی,2097496,3419880,6107282,7990598,8267393,3055781,11626600,11313296,12937088,8370228
صفحه نمایش گوشی سونی z1,868107,3592999,2992,8267393,11313296,12588138,12937088,8370228,10590984,14187695
صفحه نمایشگر برای کامپیوتر,10892052,1967953,1475515,3437431,934862,3634502,2588057,7262444,873644,11729962
صفحه نمایشگر ماشین حساب,1415501,833988,48961,11710108,9977919,2172851,10892052,3437431,3062509,934862
صفحه چوب ساب پایه بلند,13898090,14256576,8315311,7918511,6331877,833899,633880,6170447,2212054,13991427
صفحه کلاج موتور سیکلت هندا 150,10597675,1476125,996559,7790253,12217894,7265386,12666445,10388992,10649152,12537996
صفحه کلید great,10366444,12658445,409154,2843881,10610185,5593181,6895860,8182052,7094941,410596
صفحه کیلومترکامل پراید,10742490,6847209,6436119,5116217,7334223,6593322,6105665,7294795,12890633,6459788
صفخه دیسک,48401,859807,12414641,48387,2395752,24775,9228677,187723,4542839,6459788
صندل ابنوردی همتو زنانه,10069504,11615656,539632,1301248,706481,3196036,10305497,1346484,6819077,8488000
صندل حصیری جلوبسته,8488000,8186728,14322527,2080004,10069504,11615656,15319503,5404262,8371959,549513
صندل دختد,10069504,11615656,15319503,549513,539632,1301248,346512,706481,3196036,9085030
صندل زنانه اسنوهاک,3196036,5633731,10069504,11615656,539632,1301248,706481,10305497,1346484,5337932
صندل زنانه مدل چشمی,10069504,11615656,539632,706481,3196036,10305497,1301248,1346484,6819077,8488000
صندل زنانه کتیو,10069504,11615656,539632,1301248,706481,3196036,10305497,1346484,6819077,8488000
صندل طبی آریوان,557524,10069504,11615656,15319503,549513,539632,1301248,346512,706481,3196036
صندل مردانه مدل PM1323,16389404,549513,346512,11098794,557524,8806996,5425122,10069504,11615656,15319503
صندل پسرانه سایز۳۴,8347785,10069504,11615656,15319503,549513,539632,1301248,346512,706481,3196036
صندلى پلاستيك صندلی ناصر,922531,922604,921961,6413628,923971,6753202,921724,921743,2768162,3640444
صندلی اداری پیام,10977036,10977127,1413670,6210464,434874,981681,11442145,6759548,3463377,11256459
صندلی اوپن جکدار زنبوری,7223465,11595399,6748254,816180,12813282,6776860,9715024,10977036,10977127,6032410
صندلی اپنی سام فلز,7454085,787425,3897845,7225810,9717198,3902127,14265961,1641788,3117053,4053442
صندلی ببمارستانی,10977036,10977127,6032410,4348727,4901144,1709177,1803281,6145921,10190440,7223465
صندلی بچهگانه,10977036,10977127,6032410,4348727,4901144,1709177,1803281,6145921,10190440,7223465
صندلی جر,10977036,10977127,6032410,4348727,4901144,1709177,1803281,6145921,10190440,7223465
صندلی ماساژور vip,10190440,15028893,154397,4842105,537379,14059985,11572853,9935382,9652949,4452500
صندلی ماشین گراکو,15639524,5199389,3723264,1871957,156097,149716,8483580,10977036,10977127,6032410
صندلی مدل005,10977036,10977127,6032410,4348727,4901144,1709177,1803281,6145921,10190440,7223465
صندلی مسافرتی dap,132763,5990540,3170935,800821,9276214,1776517,7062486,1617704,624363,1662761
صندلی مسافرتی چیریکی,5990540,3170935,800821,9276214,1776517,7062486,1617704,624363,1662761,9860401
صندلی مسافرتی ۶ فنره,8930845,624363,7062486,2555157,6456374,7992721,6210464,8536946,11442145,5516951
صندلی ناص ۹۹۹,979954,10977036,10977127,6032410,4348727,4901144,1709177,1803281,6145921,10190440
صندلی ومیز غدا خوری,1680052,2292344,8720704,8937638,10609736,8536946,8990652,6331877,787425,2212054
صندلی پاف باکس دار چوبی جعبه ای,6945998,13151272,2450919,7396949,11008436,3443086,6787332,11208491,9404268,12560315
صندلی پتو,1617704,2253986,518389,412370,10079591,340663,7910536,6985050,5427098,1843898
صندلی کوگار,10977036,10977127,6032410,4348727,4901144,1709177,1803281,6145921,10190440,7223465
صندوق چه  چوبی قفل دار,8860964,4238936,5241933,2129272,8120207,14522041,8437015,10828869,6630181,10728359
صورتت را بشکر دخار,1453439,236664,6577298,37471,4798605,4499363,13344446,16879368,3820358,2811495
ضبط و پخش,940240,9222733,9118510,10881540,4248271,2732077,1901258,3951436,11005168,11474358
ضبط وباند ماشین پراید,6148399,7298466,7585894,7553898,7830961,11695665,11688439,10357165,14425994,7612293
ضبط ویس,4248271,2732077,3951436,11474358,1901258,11005168,161693,9507554,1019129,5806302
ضبط کنند خودرو,13434845,7298466,6148399,6482755,7830961,11688439,10385896,4217051,7553898,7585894
ضد آب ساعت ضد آب,8938625,2425682,9405649,9981331,812887,706965,889648,15372734,12654011,944925
ضد آفتاب سان سیف,82004,82048,82032,2075077,4180871,2075092,8317281,7595752,1677625,3855570
ضد آفتاب ساین اسکین برای پوست چرب,12180611,3383042,6427985,8488225,12431846,15610484,13983929,4748744,775289,183277
ضد آفتاب نوتروژینا,9659679,5347226,9863628,8317281,7595752,3855570,11777691,2783090,2315554,3149841
ضد استرس دکمه لامپ,8339334,8489068,12391533,630081,4149339,7384350,4404714,7412205,15313082,8732036
ضد افتاب   لافارر,14029625,715340,715347,715346,715154,714922,8317281,7595752,7884797,3855570
ضد افتاب سانس گریم,8317281,7595752,3855570,11777691,2783090,2315554,3149841,1036482,81202,8802883
ضد خش HUAWEI nova Y70,11033708,12273790,11043683,11210768,14749791,9434409,7156439,4834974,7235784,8842022
ضد خش موبایل ردمی ۱۳,14466435,6781339,10343254,6927431,9826102,14735824,8739501,9947773,6680257,9676345
ضد سرقت دنا 4 عددی,2453632,10548860,13673309,12687370,1135534,12456849,9126478,4055264,7792565,7687747
ضد سرقت کردن خودرو ۲۰۶,2453632,12687370,13673309,12456849,1135534,4836859,2132669,162579,1733659,603611
ضد شوره پرایم,4748680,8624325,982993,683851,10697178,3381528,3383776,4054354,4880134,9726998
ضد ضربه گوشی ریلمی 11 pro,14523408,13985374,14022937,17537520,5572422,10353248,7373577,13714164,14863402,12915237
ضد عفونی کننده وسیله کودک,2392153,9676345,3104835,5617100,2907471,7497130,4993916,11754728,14086563,3953926
ضد عفونی کننده کماکل,5617100,2392153,9676345,3104835,2907471,7497130,4993916,11754728,14086563,14359691
ضدآفتاب بایومازین,82004,1645222,6269908,8928495,1064939,2075077,6427985,8671752,9171060,733765
ضدآفتاب رنگی اگزوفارما,14738433,2075077,733765,715340,4054354,715347,2075092,715346,5427767,82004
ضدافتاب فاقد چربی فیس دپکس,735953,15895722,378242,735954,2071653,3424950,2075425,2075291,12988358,2069100
ضدافتاب لافارر بی رنگ,715154,714922,715340,715347,715346,4953123,4010218,5753864,3383042,14029625
ضدجوش بدن سینره,79613,657934,646368,277000,81095,784555,1645222,1644680,9053678,78069
ضدجوش درماتیپیک گلوبال,6476805,9895237,4953123,5753864,4010218,6411263,11040959,10718056,11226793,7917114
ضدجوش دکتر راشل,11777691,10572303,9489354,7812634,7249192,8098840,10170605,11711364,5568535,10959853
ضدقارچ کلوسب,11168297,100000,100000,100000,100000,100000,100000,100000,100000,100000
ضربه گیر آینه دنا,7792565,4614297,7889284,5297304,10618688,1510737,11778310,7793333,7793395,2533837
ضربه گیر بنز,6210758,7793333,7793395,2533837,9086146,7792565,10305601,7254757,16130108,7386838
ضربه گیر سپر برای ساینا,6210758,6211263,6209874,7254757,10618688,7926499,7793333,7793395,2533837,6577661
ضربه گیر لباس‌شویی,7793333,7793395,2533837,9086146,6210758,7792565,10305601,7254757,16130108,7386838
ضربه گیر لبه در خودرو,7254757,7793333,7793395,2533837,9086146,6210758,16130108,7107902,7792565,10305601
ضربه گیر پست در اتاق,7254757,7793333,7793395,2533837,7107902,9086146,6210758,9705656,7792565,10305601
ضربه گیر کاپوت تویوتا کمری,2533837,184274,7793333,7793395,9086146,6210758,7792565,10305601,7254757,16130108
ضربه گیر کمک فنر جلو دنا پلاس,9829546,6692037,912948,7612355,7096097,7747911,1075980,1074795,12441267,1463118
ضربگیر  پله,3621667,7856934,11729175,5398310,973122,875736,13168961,1465601,3794879,9859965
ضروف گل سرخی,6240057,7597375,12362138,5799005,4496965,9747174,7956334,4439658,8737931,4089307
طاه تدازه,100000,100000,100000,100000,100000,100000,100000,100000,100000,100000
طبقات سوپری مغازه,7232637,7784411,6850056,5080783,170017,100000,100000,100000,100000,100000
طبقه پی وی سی برای حمام,11560035,5630888,9839599,1552186,5635159,5150034,521121,7618225,4894554,14333262
طبل بختیاری,368602,368665,7218919,5984204,11367985,100000,100000,100000,100000,100000
طبی مبتکران,9474308,6771083,2876890,9418252,995484,1016559,13943115,7754712,2513243,13717126
طراحی ثورتی,2453294,9868374,4917457,431738,440264,10414946,187591,7323361,1011401,9388540
طرح اپل واچ.,1034194,6833552,8964300,17093058,451963,493952,7802326,8934618,10842479,9636699
طرح تنه درخت,1091098,1986053,4028728,3853256,1420638,2171400,969443,13040407,16376250,9189888
طرح دوربین عکاسی,1625808,12082834,14038806,2204624,1845308,1069184,3592470,3593269,2873515,3927
طرح ناخن برجسته,9036295,4661330,8836315,1848840,7237753,16522900,2453294,11699280,4982964,5424088
طرح چاه نفت,9107643,8973032,972984,2992941,10820128,2258784,3740380,13778709,6239844,3666815
طرز نصب تصفیه آب,12101460,8848644,7902972,7967451,4944170,2414671,7033494,6116245,886651,4104881
طرف رولت خوری چینی ساده لب طلایی,12088288,9213629,7490475,519162,10036040,10856427,856277,1580572,15967747,3929078
طرف غذاخوری دسینی,10315842,559657,4139549,1741020,468478,1626562,3306409,7427239,6884608,8949246
طرف فریزری پولاد پلمپ,11054327,8232425,9151371,9701750,11373124,1922110,100000,100000,100000,100000
طرف میوه خوری وشمعدان,8081582,385198,6844096,3014737,3694804,13933524,4582181,10720932,3002651,326117
طرف چهارتایی پلاستیکی,1922110,9075982,7745780,970214,536385,10842381,7623593,780485,7652374,91264
طعم پنیر گودا,1023625,8891940,12236024,3499111,1017501,1926935,13869378,37261,7178449,4404801
طلا زنانه انگو,14146438,11277102,5094220,14785300,10799223,2009191,13465465,8384280,11561432,9752721
طلا طرح جواد,13837940,10641993,7955083,9739424,5094220,7219645,2009191,11329050,12489190,12004587
طلافروشی های میانه,5750010,12708037,3219595,8286849,10548632,14574540,8087355,14092946,12609686,14310946
طلای 10 سوت,9525697,684205,11970613,11610808,9837973,8367197,8384280,5698912,10916034,8135591
طلای کارکرده,11970613,11610808,9837973,8384280,5698912,10916034,8135591,10017891,11467012,6840762
طلای ین و یانگ,9233886,9236627,11970613,11610808,9837973,6457930,968607,13454932,1860173,8384280
طلق آیفون,12560677,2949117,2079564,10944728,1161598,7236136,7742260,11997868,1864688,9360555
طلق چراغ خطردنا,8283197,9360555,5102788,1864688,9154520,9147171,1864699,6922676,2949117,12560677
طوری زیر جلو پنجره تیبا,10139310,4369829,3332088,6212262,11481780,7378236,6682596,5357966,13430705,741055
طوری زیر کاپوت پژو۴۰۵,14314236,8736285,9389490,4122899,334514,334502,11074308,4196851,2448796,630223
طوری فلزی روی کاپ قهوه,12828494,8736285,6535331,2309977,7922395,6328220,13806512,3036527,2262254,31644
طوس اسپرت,6480772,5443698,5209486,5443571,8306342,8424976,8436769,8133590,8442579,8133604
طوقه‌اسپرت‌موتور,13257718,943758,7355660,14108332,10277141,14019592,10874215,9819715,16295238,10615202
ظبط پایونر میکس ترکس,4087034,3871768,10632211,9953285,302288,8398100,7722876,9120939,9063764,17353965
ظرف آب مسافرتی,6332334,436570,14456404,8756515,1696275,9104542,17454964,5990540,9587003,3170935
ظرف آب و غذای سگ بنجی,14456404,8756515,1696275,6119184,6332334,9104542,17454964,9587003,7947395,3513813
ظرف آب و غذای سگ و گربه کاپپت,14456404,1696275,8756515,6119184,9587003,17454964,10894388,6332334,9104542,4577534
ظرف آب و غذای گربه,14456404,1696275,8756515,6119184,9587003,6332334,17454964,13717213,3768855,3540612
ظرف اب  سگ,14456404,8756515,1696275,9104542,17454964,9587003,10894388,6119184,436570,4950327
ظرف با طرح سگهای نگهبان,3250261,3021411,3548785,11274553,4131783,5951127,15989311,8749280,11398900,10634256
ظرف تک دیزی آلومینیومی,9872192,432372,3470274,289293,7490531,13987718,7413014,364527,9493098,429105
ظرف حلوا نذری,7219736,6967969,2359809,8111781,7723814,9327243,9442728,3718358,12524405,8106665
ظرف خالی بزرگ,15836024,8693975,9562561,7929922,655912,665130,8581051,7783378,1099886,714308
ظرف خاک گربه سفری,6620983,9327243,860740,3461150,7921773,4372912,11681635,9293603,5465929,766033
ظرف در دار فریزری,9701750,11373124,8232425,9151371,11054327,12253819,12043981,9104542,10272500,13656509
ظرف درب دار پلمپ سو,11054327,10272500,10944728,616284,5139270,7612076,9120939,12253819,12664128,12043981
ظرف سرامیک ست ناهار خوری,506408,9219719,1680052,8720704,787425,6556712,10609736,633484,12043981,13615782
ظرف سکبار مصرف اش,4228636,6230486,4389124,777769,4389426,1535222,8986051,778105,11295564,10272500
ظرف طرو حصیر,12445779,554649,9167161,5549870,7723814,9327243,9442728,3718358,12524405,8817686
ظرف عسل مدل دوخانه,9872209,7492512,1923667,6932884,4747762,6210801,8516675,9568957,6599507,10544590
ظرف غذا تهیهدغذای,9442728,1923549,3461150,10404044,11694144,7379172,4950327,12109894,794565,10894388
ظرف غذا تک پرس فومی ۳۰۰ عددی,6230486,14333961,4629014,1798672,13129724,9442728,777769,1923549,3461150,10404044
ظرف غذا خوری ۲۴ نفر,3461150,9442728,1923549,3694804,7533655,483943,15873939,10404044,11694144,456348
ظرف غذا سگ,10894388,4950327,9104542,17454964,9587003,9442728,14456404,1923549,3461150,10404044
ظرف غذا کارمندی,9442728,1923549,3461150,10404044,11694144,3463377,7379172,4950327,12109894,794565
ظرف غذایی کاوه,6505775,4531507,1129820,14497586,13384382,372057,365347,385198,363985,358827
ظرف فریزری کوچک,9701750,11373124,8232425,9151371,11054327,289293,11476645,156181,14010886,3185092
ظرف كره خوري رايكا,7723814,13715232,6967850,3694804,7533655,15873939,456348,506408,9219719,5433612
ظرف لاستیکی درب دار شفاف,10272500,10944728,616284,5139270,7612076,12253819,4963419,13786741,12043981,10961693
ظرف میوه لعابی,3694804,937828,8852035,385463,496797,5428339,3002651,1125449,126688,4930182
ظرف نبلت,7723814,9327243,9442728,3718358,12524405,8817686,1923549,3289173,9872209,3461150
ظرف نگهدارنده خمیربازی,3718358,12524405,8817686,3289173,15036612,9701750,2686164,7379172,15836024,14115658
ظرف نگهدارنده هوم کت پیرکس,617708,422663,626412,3046384,626791,3192810,4112193,3718358,12524405,8817686
ظرف نگهدلرنده روغن,15873939,7533655,456348,9219719,7723814,9327243,9442728,3718358,12524405,8817686
ظرف پخت پیرکس بلور کاوه,6505775,4112193,4531507,1156863,372057,365347,385198,363985,358827,5801967
ظرف چوبی مخصوص خوراکی,6199899,8987925,17480967,5433612,3692410,9997705,11089001,10959853,8416337,6427337
ظرف کشت میکروب ۲ میلی لیتر,8162593,10864424,14078041,567556,10610120,1923549,10134957,8852035,6833688,6350909
ظرف کیک اسلایسی درب دار,4389426,10272500,4389124,10944728,616284,5139270,7612076,12253819,12043981,619874
ظرف گوشی  Aصفر چهار,6556712,5465929,5500667,7969736,7723814,9327243,9442728,3718358,12524405,8817686
ظرف گیاهی,6199899,1535222,14722392,8331727,612594,3198604,464143,8529234,2442889,4852681
ظرف یکبار مصرف برای جشن اسم,4228636,6230486,4389124,777769,8077412,4389426,1535222,8986051,778105,11295564
ظرف ۲۰عددی,1490799,7723814,9327243,9442728,3718358,12524405,8817686,1923549,3289173,9872209
ظرفشويي LG مدل DC,7642446,11193228,11968525,13944827,704354,12654808,6394442,6230137,2933107,26246
ظرفشویی اسنوامدل226,10212975,7729879,14089147,2710840,3941575,7642446,1787492,5140827,9037666,4304088
ظرفشویی جی پلاس مدل m15,7642446,11193228,2949117,4329352,11506025,3798930,12392676,15093855,12711787,4588415
ظرفشویی رومیزی رودکس,9692095,10212975,7729879,14089147,2710840,3941575,7642446,1787492,5140827,9037666
ظرفقظ   کودک,6208094,1122015,2869840,6453152,5405471,1487225,8630516,4167846,6211018,1637989
ظرو ف پذیرایی,8136156,10457712,785023,11955366,13081614,7124204,11947958,356507,4395742,526527
ظروف آشپزخانه پلاسکو,725619,12623996,4202907,9203226,8511358,1057886,155792,7800937,5364951,9178314
ظروف بلورمارک کلاسیک,785023,431195,11173228,9893664,12415371,6591032,4917214,5855224,3444958,15967853
ظروف درب دار برای پذیرایی برای غذا,13324355,12253819,526527,8136156,13968566,10849780,14065867,10457712,785023,13081614
ظروف سرو  مدل توت فرنگی,12451018,491322,3331675,3701566,12683475,10971175,4251665,11896472,10641391,7088208
ظروف سفالی هفت سین,4643325,10763968,10653703,10690988,10536713,12960623,7327547,4631112,10402877,10546102
ظروف فریزری 1500cc,9151371,9701750,11373124,8232425,11054327,1057886,797880,4643325,10763968,124575
ظروف هفت سین رزینی,7327547,4643325,10763968,12960623,10653703,4631112,10402877,10690988,10546102,10536713
ظروف پذیرایی,8136156,10457712,785023,13081614,11947958,356507,4395742,10142965,9244048,2895142
ظروف پذیرایی طررح فرشته,8136156,10457712,785023,13081614,3138852,11947958,356507,4395742,10142965,9244048
ظروف گوش ماهی,4276171,14109551,6137952,6840624,2442889,6578624,6166323,37948,981926,7252956
ظقابلمه مسی,13431892,6687979,13233331,13778709,1508629,8328373,13710923,5551207,10402877,7144875
عایع کمترلی,100000,100000,100000,100000,100000,100000,100000,100000,100000,100000
عایق درب ساینا,4196851,4559686,143601,143606,2137273,13700012,2894858,11074308,5323286,630223
عایق رطوبتی بی ر,12050377,11074308,4196851,143601,13149286,8798809,630223,143606,4559686,1625896
عایق ضد آب سرویس,8449800,8938625,390870,12050377,11074308,9981331,812887,4196851,706965,889648
عرسک دستی طرح گربه,5607537,14187134,2725162,5000646,4528161,1696275,4796931,2584210,1617401,2323369
عرق پروهیل,12215455,6363775,2209409,13085614,9954981,645366,2294497,2310389,1760078,685446
عروس هلندی کلسیم,11380006,14519554,4882650,9586937,6060757,5728224,12754374,2289284,5891196,8736175
عروسك بزرگطرح اسموتي,10349066,4852451,15119159,6179465,8957086,4265468,3818328,7054953,5237429,573942
عروسک  کیوت   خرگوش,5237429,12164132,11786180,8203862,6578796,11729357,12883002,11266930,12536422,14757686
عروسک ارسال رایگان,2849057,910280,4265468,3818328,7054953,5237429,573942,9936543,159054,50635
عروسک اسب هندی,2932701,4201935,5064040,9244901,3181933,7921773,14283316,2809410,204452,4247931
عروسک انگشت,3907654,9071288,5319481,9379002,5019972,9585121,4265468,9011955,3818328,7054953
عروسک بالشتی مدل هویج,16576857,12991404,12164132,1799331,11729357,12883002,729439,13334615,11266930,1794219
عروسک دختر کفشدوزکی گربه سیاه,9778191,6422717,11387898,4982964,2716151,5583001,4816326,9098249,2554355,4303836
عروسک دخترانه یک متری,9308907,4670636,12216494,12654011,380267,12673941,8259371,1145291,4265468,330159
عروسک روسی جفت,5618757,4621203,6712337,12140763,11265264,4670636,4265468,3818328,7054953,5237429
عروسک سالاوان,4265468,3818328,7054953,5237429,573942,9936543,159054,50635,158566,14515458
عروسک سگ که روی تخت,505309,3428080,8035350,12324455,6140203,13012373,4265468,9396692,3818328,5736949
عروسک شاش کن,4265468,3818328,7054953,5237429,573942,9936543,159054,50635,158566,14515458
عروسک طرح خرگوش ۲۰ سانتیمتر,5237429,11729357,11786180,8203862,6578796,12883002,3818328,14308846,10109609,12164132
عروسک مقلی,4265468,3818328,7054953,5237429,573942,9936543,159054,50635,158566,14515458
عروسک وودی گاوچرون,12056210,10884033,12303596,4265468,3818328,7054953,5237429,573942,9936543,159054
عروسک پاندا نرمالو,8810947,12273595,3500394,9980852,10806235,4265468,4935227,6929586,3818328,7054953
عروسک پلاستیکس,4265468,3818328,7054953,5237429,573942,9936543,159054,50635,158566,14515458
عروسک گوشتی,9208139,13504983,12664128,15966458,6830539,2277393,1167986,210706,4532033,10206229
عروسکهای پولیشی پونی,1489341,13953434,8023997,4661330,13162343,703450,8317899,4146294,679780,3490666
عسل بلک,1923667,6932884,4747762,6210801,9872209,8516675,9568957,6599507,6814990,13415761
عسلی پایه دار فلزی,11400727,1489561,10732226,9959461,6227495,1091098,6107200,1809232,1636760,4985247
عسنک ورزشی,4254832,17484673,742799,6254543,8986211,1491401,5580167,1136555,11734482,7274041
عشق اذدواج,8936330,2407543,2450919,325520,8339552,8054296,1432114,3775014,1506889,326100
عصا جادویی اسباب بازی,1456632,4787071,1859255,17423036,7623616,12020425,7248561,2949988,17381762,17845107
عصای سفید نابینایان,1859255,1456632,5562610,433357,5264549,8329320,3026637,3277497,750182,748629
عصیبینا مایند گیم,5669988,7172933,11602537,12528544,11774357,13359318,7532175,8578639,8891663,2405229
عضویت دیجی  پلاس,2540855,2562643,2479307,7519926,7992238,4866225,11416165,11971306,3191239,7397727
عطر GREEN SAPPHIRE,8259586,165426,10739828,14866418,2444236,9915584,252103,2028711,5900864,8910724
عطر Lira,683508,2444236,9915584,252103,2028711,5900864,8910724,8806996,5703443,1066505
عطر اینوکتوس جانوین,9708003,9796828,9742330,9714415,5460627,2444236,9915584,252103,2028711,5900864
عطر تام فورد ارکید,7572495,8754662,14728082,8255777,450732,807595,9937384,4284678,2546524,5758800
عطر جیبی زنانه اسکلاره,3510944,2394417,6206211,6208772,7475432,252103,8910724,1066505,13013539,7032222
عطر جیبی مردانه کرید گرین آیریش,8570486,361300,9915584,8806996,5703443,9895515,14894786,252279,10812826,8337405
عطر جیبی هالوین شات,9915584,252103,2028711,5900864,8910724,8806996,5703443,1066505,2315672,13013539
عطر جیبی ورساچه یلو,9915584,252103,2028711,5900864,8910724,8806996,5703443,1066505,2315672,13013539
عطر جین پال,7715198,5337409,4337355,3994804,7533584,14409552,5018045,6238884,11360638,8922297
عطر زنانه باقیمت 476هزارتومان,2444236,252103,8910724,1066505,13013539,7032222,13527053,10769991,6004716,14476967
عطر زنانه فراگرانس,2444236,252103,8910724,1066505,13013539,7032222,13527053,10769991,6004716,14476967
عطر ساواج پیور,8824653,7577455,11932695,11498020,13402001,13401998,14348441,14349114,2444236,9915584
عطر فراگرنس ورد,13835855,9471276,347412,5589187,4041666,10113083,12998564,16048469,10680006,2120190
عطر لارک لاکچری,14197726,8895848,10156832,11101125,8513848,10261729,2444236,9915584,252103,2028711
عطر لالیک پرستیژ,98601,3789666,7419476,12428668,7556398,10113083,812759,813045,5762262,3868112
عطر مهران مديري,4583604,10637548,364131,2444236,9915584,252103,2028711,5900864,8910724,8806996
عطر نام فورد فاکینگ فابلوس,7572495,8754662,14728082,8255777,2546524,4915289,12703828,279467,2444236,9915584
عطر های ویکتوری سیکرت,2444236,9915584,252103,2028711,5900864,8910724,8806996,5703443,1066505,2315672
عطر ووودی سنس,12056210,12303596,10187091,4378150,11914677,14277900,14348727,7812626,4495382,9875943
عطر کنزوفلاور,2444236,9915584,252103,2028711,5900864,8910724,8806996,5703443,1066505,2315672
عطر ۲۱۵,3254639,7359906,7181312,14754815,14608360,8658323,3885563,2444236,9915584,252103
عطر ۲۵ میل ورساچه مسکی,9796828,8855064,12452046,5369385,8910724,8806996,7032222,252279,7572495,5425122
عطر ۳۰میل ایفوریا,14478396,14042335,12998564,9809991,2444236,9915584,252103,2028711,5900864,8910724
عطرchnc,100000,100000,100000,100000,100000,100000,100000,100000,100000,100000
عطرورساچهبرایت,100000,100000,100000,100000,100000,100000,100000,100000,100000,100000
عقرب روباتیک,2762664,100000,100000,100000,100000,100000,100000,100000,100000,100000
عقربه ساعت قرمز,1482346,13266648,5354832,2945442,11316467,2395682,4676660,5664355,8096967,4361481
علف زن شارژی,8601275,7289290,8397846,2457890,11346338,6803405,762996,1612355,6178212,2605175
علم یونیکا abs,3160022,5926281,5901716,5703369,2399631,7345465,3657318,10710833,1622791,13676858
عمود بر ر ونیکس,6779969,8506272,8520881,210621,6991847,668821,108540,9706590,9464418,3852727
عنبر پوبی,100000,100000,100000,100000,100000,100000,100000,100000,100000,100000
عنوا لوازم تحریر,4816326,3549446,2958150,3403213,563526,11238561,341682,4397106,348678,7066144
عنواع صندلی,10977036,10977127,6032410,4348727,4901144,1709177,1803281,6145921,10190440,7223465
عنیک uma,12656357,100000,100000,100000,100000,100000,100000,100000,100000,100000
عود مدل آبشاری طرح چوب کد ۵,12593661,2861067,2112414,13132272,1003488,9914387,472555,522903,440003,5301608
عود مدل فلورا,1003488,9914387,2861067,472555,522903,440003,5301608,15325190,12939298,12593661
عود چوب دارچین,13080560,3304086,1003488,9914387,2861067,472555,522903,440003,5301608,5712105
عکاسی کوچولو,1570634,3000482,4128822,8730255,5007139,11727269,51517,9326693,787065,9544169
عکس  تخت‌ چهارطبقه,10254311,3887956,866146,7165982,6129574,4615249,453777,6453152,495979,589137
عکس آلاجیق,10254311,3887956,866146,7165982,6129574,4615249,453777,6453152,495979,589137
عکس انگشتر ست دخترانه,5025436,17553725,4873815,11772475,698981,7774937,9800468,4637303,6484768,2763193
عکس خامنه ای,13601579,9860681,10254311,3887956,866146,7165982,6129574,4615249,453777,6453152
عکس دختر روستایی,601784,8128372,10254311,3887956,866146,7165982,6129574,4615249,453777,6453152
عکس رهبر وسلیمانی,2369582,354722,10254311,3887956,866146,7165982,6129574,4615249,453777,6453152
عکس روی کارت رانکی,10254311,3887956,866146,7165982,6129574,4615249,453777,6453152,495979,589137
عکس سوپرانو,5772451,10254311,3887956,866146,7165982,6129574,4615249,453777,6453152,495979
عکسی  رونالدو,4909407,4301569,8988978,17381762,17632730,3933021,9593111,3436271,14844701,12202771
عکس‌.مولا,1081470,10254311,3887956,866146,7165982,6129574,4615249,453777,6453152,495979
عینک GANEG,11216802,649515,4009351,1350873,6102391,11607769,9418252,11619362,1518100,1491401
عینک آفتابی  بچگانه,10133022,9755855,12060807,1350873,1518100,8539900,9852192,14487196,726194,750199
عینک آفتابی اوپتیک اصفهان,1350873,1518100,8539900,9852192,14487196,726194,750199,5755157,1883178,10552198
عینک آفتابی ری بون,7082269,8478693,1350873,1518100,8539900,9852192,14487196,726194,750199,5755157
عینک آفتابی زنانه آنا هایکمن,503587,9852192,1883178,10552198,8463595,8539900,9617673,5593813,14487196,726194
عینک آفتابی زنانه پلنگ,9852192,1883178,10552198,8463595,8539900,9617673,5593813,14487196,726194,750199
عینک آفتابی فریم باریک,9617673,1614021,7487888,10532701,816444,5109551,12638635,6508907,14759991,11348511
عینک آفتابی پلاریزه سه بعدی,9563700,8478693,448364,9781589,1614021,10689760,1350873,1518100,8539900,6197922
عینک آهنربای,2453294,9202121,11216802,649515,4009351,1350873,6102391,11607769,9418252,11619362
عینک افتابی زنانه مدل  gf,1883178,9852192,10552198,8463595,8539900,9617673,5593813,14487196,726194,750199
عینک افتابی مدل G2,9418252,1518100,8539900,1350873,9852192,14487196,726194,750199,5755157,10552198
عینک افتابیزنونه,11216802,649515,4009351,1350873,6102391,11607769,9418252,11619362,1518100,1491401
عینک اینه ای بچگانه,10133022,9755855,10532893,12060807,12181285,448364,17664542,8463595,1507478,9617673
عینک ایکس باکس وان,159941,315405,12804462,8972235,2232119,1908813,6556217,2763623,910553,3238403
عینک جمع شو,11107079,3578590,3202248,4096476,11216802,649515,4009351,1350873,6102391,11607769
عینک دو کاره جوشکاری,4412065,1765774,4283788,313602,77326,7357501,4216113,11006589,13954676,10747132
عینک دید در شب اصلی زنانه,874355,773051,584095,2672678,9418252,9852192,1883178,10552198,8463595,12419953
عینک رنگ فرم ابی,11348511,5109551,1507478,11607769,6102391,4009351,6197922,9846474,11216802,11423012
عینک سرجیومارتینی,11216802,649515,4009351,1350873,6102391,11607769,9418252,11619362,1518100,1491401
عینک طبی بچگانه,10532893,9418252,10133022,13943115,9755855,13717126,1507478,9085923,12638635,3166187
عینک طبی دیور مردانه,9085923,13943115,13717126,12638635,3166187,9418252,7487888,10532701,1632019,14759991
عینک طرح عبنک تونی استارک,13717126,6367861,749119,1017460,868521,5772451,11336547,11216802,649515,6754789
عینک فلزی طبی,9418252,13943115,13717126,1507478,9085923,12638635,3166187,7487888,10532701,1632019
عینک مجازی. قوی,3112577,3238403,1996614,16987646,181477,419615,480922,8929741,11216802,649515
عینک مردانه,1518100,14756572,14866620,7082269,8539900,14487196,1614021,726194,750199,5755157
عینک مردانه کاوردار,1518100,14756572,14866620,7082269,7133888,8539900,14487196,1614021,726194,750199
عینک های فرم عوض کن,6102391,11607769,4009351,6197922,6508907,11216802,1614021,11348511,11423012,7550613
عینک کروم هارتر,3341594,9618083,3872759,4578180,11216802,649515,4009351,1350873,6102391,11607769
عینک‌‌هوشمند,649515,11619362,11216802,4009351,1350873,6102391,11607769,9418252,1518100,1491401
غدثذای خشک رویال,2394894,5226140,4320112,363275,6240267,1712065,7009783,5443698,5209486,5443571
غذا  کیمچی,9750813,2781637,526527,9442728,10404044,1923549,3448058,4950327,528137,483943
غذا با,1798672,7379172,14009423,2351747,4104507,3686404,4461026,2781637,526527,9442728
غذا خشک هپی کن یوریناری,7556142,14204895,8736175,3882579,468478,7241123,14009423,657178,814378,1467660
غذا ساز seven star,2781637,841622,1144973,5799800,3184295,3459452,114843,17147408,12640514,6196449
غذا ساز الکترا,2781637,540814,841622,3184295,13235104,5477608,11840984,7080417,10659153,8670914
غذا ساز همه کاره سون استار,653921,8258353,69822,740245,11419558,10064894,14988,10017841,7184190,424094
غذا گیاهی ماهی,2442889,6166323,4276171,14109551,6137952,6840624,14722392,37948,7252956,4458966
غذاسازهمه کاره,653921,447326,9629625,3163880,159657,284634,866046,493201,173542,69822
غذاسگ ژرمن شپرد,11440285,10836360,13102652,8232328,100000,100000,100000,100000,100000,100000
غذای خشک  جونیور,3768855,3540612,11795283,4801149,822322,14204895,2394894,5226140,4320112,1026521
غذای خشک جوسرا,3768855,10396543,3540612,11795283,4801149,822322,14204895,2394894,5226140,4320112
غذای خشک سگ‌گیلز,14009423,14435468,822322,14204895,2394894,5226140,5446799,4332371,7622354,7947395
غذای ماهی امروز کد T103,3710199,14109551,6166323,1797316,329574,1417486,796611,4421991,4458966,2290116
غذای مونلو,14154472,1487225,1637989,14320127,3768855,3540612,11795283,1907918,7947395,14109551
غذای پرنده کرم,8693975,8913983,4882650,7633230,796611,16623708,7539519,486750,10404044,6998190
غذای گگپی,1487225,1637989,14320127,3768855,3540612,11795283,1907918,7947395,14109551,4801149
غلط  گیر,1117465,2543130,1779153,7431248,14163515,577147,13133550,10058099,12054588,8180402
غلم خش گیر 29020k,10375343,1117465,8531080,5750628,4097330,2543130,3165952,6860843,7197181,9813153
غوري چايي ساز برقي beem,5477608,15126651,7256141,51529,407068,13235104,11840984,7080417,10659153,8670914
غوی رو میزی,6105808,4262763,299236,13466118,1144352,6152802,9126823,11443530,10456796,5254220
فاب a12s,9682455,11035508,100000,100000,100000,100000,100000,100000,100000,100000
فارمند کوین چاکلت,2486015,14457840,14197726,8895848,13379612,10156832,3882961,12679268,5262595,8513848
فانوس,12958773,1930011,1605497,11662113,100000,100000,100000,100000,100000,100000
فایبر هوم,6463431,161506,9182371,9179054,626412,3533907,3500158,9252152,496498,3046384
فایر دیپارتمنت واتر اسپریر,2797025,10517307,7611671,12662591,7506039,13883838,7355145,264920,7789659,136984
فایرباکس زغالی,7675670,6843443,1914311,10787985,3781059,13028920,5436725,100000,100000,100000
فایل کشویی  سایز بزرگ,3322371,1629443,11562239,6413628,3978367,515038,250646,665130,1099886,159054
فایو فور سون زیرو,146605,6535145,5812546,2751858,8282123,7944206,2595835,7221868,11644793,12009083
فایو پیس تِرِی سِت,146605,8282123,7788990,7559080,7142116,11248112,6625780,100000,100000,100000
فایو کیلو پِینت,204452,146605,8282123,3209497,799093,7079570,597957,9649021,138837,7079926
فایو گروو دریل بیت سیکستی سانتی سایز ترتی تو,61733,146605,8282123,4550206,13379612,7498101,3882961,10492200,1617704,8122486
فتیله شمع,6239844,10273269,1480950,433458,4929072,1638404,2241690,4499873,9662450,7172417
فخرماسی,100000,100000,100000,100000,100000,100000,100000,100000,100000,100000
فر برقی زیمنس,528434,2387043,9861439,13515211,12388064,13569337,2535703,9665263,1094947,908356
فر داتیس dt-812,9665263,10958076,3351225,9782682,11313185,514988,9665329,11399399,9861439,2408697
فر ه انفجاری,38249,7293937,9861439,7775792,9513525,908356,2387043,2828528,11340226,5762765
فر کنده مو پسرانه,92226,13809364,4286480,16669316,84463,18229,1047021,5699832,18231,1071554
فراگما,13432981,100000,100000,100000,100000,100000,100000,100000,100000,100000
فرز دان چنگ,1479013,1538119,1538121,6818217,9738147,12523693,8402429,11229602,115561,4515379
فرز پوکا,214345,8402429,115561,4515379,11580764,6905118,171977,7204175,11721766,285803
فرزانه مستعلی,8023997,729513,4922631,100000,100000,100000,100000,100000,100000,100000
فرست ایرپاد,38932,9719761,14472064,713893,3519765,11042355,1658599,3470463,763971,12419954
فرش دستبافتتبریز ۶متری,6214663,13546272,499812,1968301,10739444,262253,6616043,7790114,7444508,9750813
فرش ماشزنی پادری,3355614,733582,13547574,14045908,9177635,10288193,6004161,11575630,435186,6214663
فرش ماشینی ۱۲ متری هزار رج,262253,330159,380267,1145291,1601878,7444508,10739444,6214663,499812,2044653
فرش مشکی,10739444,1968301,7980283,6214663,13546272,499812,262253,6616043,7790114,7444508
فرش کودک,11062189,9830039,6214663,13546272,499812,1968301,10739444,262253,6616043,7790114
فرش گرد بیرجند,6214663,13546272,499812,1968301,10739444,262253,6616043,7790114,7444508,9750813
فرش ۳×۲,6214663,13546272,499812,1968301,10739444,262253,6616043,7790114,7444508,9750813
فرفره 29,5345214,7293937,7775792,9513525,11340226,637410,5762765,10952084,7708987,10022247
فرفره انفجاری لوسسوس,7293937,7775792,9513525,11340226,5762765,10952084,7708987,10022247,9422675,12533213
فرفره مدل انفجاری اسپرایزن لجند,9423141,7293937,7775792,9513525,11340226,5762765,10952084,7708987,10022247,9422675
فرفری انفجاری والتریک,7708987,9317690,8680295,7293937,7775792,9513525,11340226,5762765,10952084,10022247
فرم عینک,6102391,7550613,4009351,11607769,9846474,6508907,10689760,11348511,11216802,816444
فرم مانیتر پارس قدیم,4855889,15128543,7655830,3071170,4569840,3295640,8973032,5205987,5994231,264611
فرمان تیگو7,565132,963026,1151425,3182932,2171811,1151448,8107655,594000,11431834,8458866
فرمون ایداس,100000,100000,100000,100000,100000,100000,100000,100000,100000,100000
فرمون ایل ایکس,4669957,6556217,5320165,24052,8553660,7461831,74056,12804462,1434791,698762
فرموژه رازالی,100000,100000,100000,100000,100000,100000,100000,100000,100000,100000
فرموی نانسی,9262820,98143,9086639,7303131,9611795,100000,100000,100000,100000,100000
فروت کاروینگ تولز,2942011,175505,12388704,668997,2898643,1781642,11714569,734314,13533432,2027272
فرچه انگشتی ناخن,6033622,9864678,10793895,3192810,5756007,7380375,6327884,10502511,3400415,12553170
فرچه تمیز کننده برقی,6033622,9864678,10793895,10311608,540860,796229,13258210,358187,199083,3249394
فرچه مخصوص شستشوی مبل,6033622,9864678,15457903,14333650,503450,10793895,3192810,10479698,6142220,5756007
فرچه ناخو,6033622,9864678,10793895,3192810,5756007,7380375,10502511,3400415,16613440,12282641
فرچه یا برس ناخن,3192810,5756007,14363962,1816339,2604201,8925528,12282641,6033622,9864678,10793895
فریزر 14فوت,7234165,13652157,6547871,3935194,3295640,31830,3793592,3216927,12684920,1993094
فریزر قندیل,7234165,13652157,6547871,3935194,3295640,31830,3793592,3216927,12684920,1993094
فریم عینک  طبی  osse,9418252,13943115,13717126,1507478,9085923,12638635,3166187,7487888,10532701,14759991
فس پرنده,7539519,486750,10404044,6998190,9255949,9586937,4311087,7336680,13947085,148036
فشار بای پاس تصفیه آب,7033494,1852107,8322332,534592,8848644,7902972,7967451,4944170,5830055,2414671
فشار سنج مدل hem,205704,164440,10137247,5715433,423594,402097,3237213,5075705,360732,10194342
فشار سنج کولر تزریق گاز,205704,164440,14769556,8933199,8838922,10529944,5715433,423594,3303406,402097
فشار سنج گالا,205704,164440,4904769,2830753,5715433,423594,402097,3237213,360732,5075705
فشنکی,100000,100000,100000,100000,100000,100000,100000,100000,100000,100000
فشنگی ترمز تراکتور,5384390,13313184,4984375,2648343,6828779,5188202,8395302,5387503,7832914,10848336
فشنگی هیدرولیک روغن,5387503,828633,7899721,13313184,4984375,2648343,6828779,8395302,5384390,10815830
فشنگی پکیج,13313184,4984375,2648343,6828779,7266005,8395302,5387503,9684933,12665229,3883028
فلاسک mexxi,2130522,14826829,138306,7445383,9064677,202405,9386794,9976443,6620414,9515648
فلاسک بنیتا,8093737,2130522,14826829,138306,7445383,9064677,202405,9386794,9976443,6620414
فلاسک کهکشان,14826829,8826576,2240142,2130522,138306,7445383,3937555,9064677,202405,9386794
فلاش رم16گیگ,2636930,1074759,5321832,9132888,8890436,3627522,728521,3640583,76043,15158904
فلاش ۶۰۰ ای ایکس,1074759,2636930,5321832,9132888,1099779,8890436,3627522,506035,698762,1717522
فلاپ  تیبا,6578025,4614297,5297304,4547675,12966274,1510737,6772138,1022396,3612596,8577074
فلاپ اینه بغل پرایدی,4547675,5297304,4614297,12966274,14221624,390067,6166748,1510737,10621046,9038170
فلاپ بقل اپاچی,6772138,2841775,4614297,4172151,5297304,4547675,12966274,8362810,2578517,1510737
فلزیاب ساده,11794406,12225353,14369776,15641477,6164269,1642892,6924312,3150946,12247101,8984751
فلسفه جان استوارت میل,64267,10341742,38243,2941363,6913718,2161876,1453439,448718,2241417,12309596
فلش ایکس انرژی۱۶,4522712,2715002,213731,11236294,4049465,2617328,1792412,9436586,148327,2261333
فلش بولوتوس,4522712,2715002,213731,11236294,4049465,2617328,1792412,9436586,148327,2261333
فلش دیتا پلاس ۳۲,7898541,9436586,344084,12326145,1056966,2715002,1792412,2261333,2395752,7275212
فلش ماهواره ای بدون دیش,2956453,344084,9436586,3888908,20559,579622,779522,3890894,4522712,2715002
فلش مموری طرح هیولای تاسمانی,5535326,2617328,1792412,3997038,12326145,2204624,1795437,4522712,2715002,213731
فلش مموری وریتی ۶۴ گیگابایت,9409551,2715002,9916918,4049465,90520,2351999,3067558,2204624,3922648,1795437
فلش مموری ویکپ,4522712,2715002,213731,11236294,4049465,2617328,1792412,9436586,148327,2261333
فلش مموری کوئین تک ۶۴ گیگ,2351999,4049465,90520,3067558,2204624,3922648,9409551,1795437,7715987,4522712
فلش مموریVicco,4522712,2715002,213731,11236294,4049465,2617328,1792412,9436586,148327,2261333
فلش گردنبندی و قلبی,60107,12751996,4499873,7542699,10772174,7901088,3718358,8989817,5143214,9114819
فلش ۳۲ lonark,2715002,1792412,9436586,2261333,7275212,7634670,3997038,20559,187723,344084
فلوئید ضدآفتاب فیزیکال سان سیف,82004,2075077,2075092,4180871,82032,82048,4010218,3383042,4889975,207068
فلیتر کاغذی موکاپات 6 کاپ,619737,9216197,2309977,6535331,6328229,12828494,11674314,8739294,7922395,13323415
فلیپ یوک,1524065,100000,100000,100000,100000,100000,100000,100000,100000,100000
فن 220 ولت کامپیوتری,13140565,913351,10911730,6446207,5190712,6588812,658436,4882532,6455521,7053936
فن 24v,13192142,9579700,6455521,7053936,4024078,10366444,3400456,1021213,3634502,13466118
فن 24ولت اینورتر دستگاه جوش,12508996,12935923,14382816,432653,1479187,17037730,1080986,13950898,15474441,15114356
فن cpu کیس,10366444,6455521,7053936,1146158,3400456,12658445,5126176,13142686,4024078,225366
فن تابلویی ۱۰ در ۱۰,17211507,6439683,1084065,2753341,620552,11246431,9231800,964898,7055116,9250165
فن توربو جت کوچک,4569840,7352353,6647088,11153841,1494224,7293937,6593274,2226267,6455521,7053936
فن خنک کننده رادیتوری,1021213,13192142,13105650,410036,274302,14348920,6455521,10823817,7053936,3400456
فن خنک کننده گوشی a12,13105650,1021213,13192142,10304689,410036,274302,14348920,6455521,10823817,7053936
فن زیر داشبورد پراید,814954,1447978,546124,9026799,6593322,143580,7504514,1116923,6196449,6069316
فن هیتر بلاک اندکر,13384444,9085536,13466118,6240274,14217323,5741169,10931691,452604,940963,6455521
فن چهل سانتی سایلنت,3462515,13230163,6455521,7053936,1462259,4024078,10366444,3400456,4567852,1021213
فن کامل کامپيوتر,3634502,4015327,3276555,11163786,1146158,13002646,6455521,7053936,7181487,4024078
فن کامپیوتر آرجیبی,3634502,11163786,1146158,6455521,7053936,4024078,10366444,3400456,1021213,13466118
فن گرافیک ۲۲۰ ولت,13140565,913351,10911730,6446207,5190712,6588812,8229659,4882532,7241903,1937899
فنجان بوگاتی طرح اوپیوم,1879618,5772738,1711642,3840587,13808680,513786,962101,6352215,10220686,9568274
فنجان جنوا لب طلایی,11703904,10036040,9213629,6705903,513786,4419202,962101,17536916,6352215,3840587
فنجان زیر سیلور طلایی,3021960,6705903,2931144,1764044,10472526,9858765,949210,1603621,8245291,3664818
فنجان لورین مدل ملورین,10651075,513786,9860671,962101,6352215,3840587,10220686,9568274,8287444,5117308
فنجان ولیوان آدریا گلسس,3837073,513786,962101,6352215,3840587,10220686,9568274,5117308,2205177,362653
فنجون چینی برای اسباب بازی,17423036,7623616,12020425,7248561,2949988,17381762,17845107,17632730,10122383,363896
فندل زیپو اصل,3074464,3958227,448718,100000,100000,100000,100000,100000,100000,100000
فندک flame,2714488,3074464,8871466,11097591,6820528,1112133,177628,13519626,12506267,2856776
فندک جاسوییچی,1457546,788186,1882194,1059820,3074464,11255602,8871466,11097591,6820528,1112133
فندک جعبه ای,1905089,1586166,773877,3074464,8871466,9430343,11097591,6820528,1112133,177628
فندک شاجیدویستمن,3074464,8871466,11097591,6820528,1112133,177628,13519626,12506267,2856776,810426
فندک طرح اسب,1112133,13519626,2703757,9577321,796773,2585994,5077679,9686404,12663066,1690726
فندک طرحکلوله,3074464,8871466,11097591,6820528,1112133,177628,13519626,12506267,2856776,810426
فنر اسباب بازی طرح پونی,8317899,9835952,703450,679780,4014025,5119105,2272565,16627900,2186480,8513506
فنر سوتکش 405,8259508,7747911,4862129,912948,7421005,2002493,7612355,12504445,2355599,7096097
فنر فرانسوی تقویت کننده مچ,68830,12498534,13620175,68319,2882705,9878812,2321608,7624529,4098932,8895848
فنر لنت جلو ساینا,13971016,8318670,12164324,11763611,793912,4170530,1434256,9938759,7612355,2533881
فنر لول اسپورت,2355599,2002493,6902874,10598469,8963792,7421005,10308844,10210459,10874215,172501
فنر نگهدارنده هالتر,317579,282816,916324,278724,2002493,279137,7612355,7747911,2355599,7096097
فنسی کیس فور ردمی نوت ترتین پرو,3258412,5327024,134955,11853696,3048830,12419954,2926894,14472064,14146381,14272634
فوت بست,12836090,11246431,9075982,8047249,11124883,4589369,6547871,9434505,3935194,12684920
فورد جی تی,1032531,15445255,5317448,2588590,6091941,9583859,696912,936338,1066894,14793780
فوم شست و شو صورت سی گل,15937552,2678823,16755280,2672540,6834112,4046257,4645616,516555,211076,3408934
فوم شستشو رز الیا,13635201,14498545,12549397,12106618,8298480,13647786,3245302,4670204,602175,3938355
فوم شستشو لدرو,13635201,14498545,12549397,12106618,8298480,13647786,3245302,4670204,3938355,15937552
فوم شست‌وشو ویتالیر,3408934,9524064,5689525,1057587,6316207,10222322,532225,15034899,3974550,7278598
فوم شسنشویی ژنو,775289,3176008,964898,6661078,480704,12553487,6566208,4823722,11474073,13635201
فوم محرک رشد دلتازکس,5706924,8162593,9721497,7576867,8812442,757630,10349343,7499738,5077234,1432835
فوم نوزاد موستلا,6011496,3260743,2900208,3176008,964898,6661078,480704,12553487,6566208,4823722
فون کِیس مادِل اِی تِرتی فور,6535145,8995528,2751858,1062567,1944985,7221868,2010522,4787696,3164744,5032834
فون کیس، ای فایو,146605,3778682,8995528,8282123,1062567,1944985,12588138,2010522,3164744,225366
فویل روغنی,13225463,5376279,10355916,7521904,5975872,14267990,14768493,5171947,9649021,10055914
فکر و  آموزش,8256175,167410,10948118,5548047,74899,8383328,6554501,414478,2406262,188914
فکم شستشو صورت  بیواکوا سیلسیلیک,13635201,9215556,14498545,12549397,3245302,4325928,8298480,13647786,4415345,10868715
فیبر اب اکواریوم,535481,5536763,2930956,6213165,440818,3330902,859111,1514664,771961,959015
فیبر نسوز,15292177,7964485,2949117,2666116,7232503,12225353,12603987,12198705,535481,9484090
فیتر کاغذی قهوه ساز,9934407,31644,7464696,33589,471534,11840984,7225810,5419091,107616,2313536
فیجت دسای ضد استرس,8489068,12391533,4149339,7384350,4404714,7412205,15313082,8732036,8339334,7125209
فیجت شنی طرح موز,2081882,8489068,4386912,12528544,7384350,13772137,3444932,7125209,11221056,14320127
فیجت مدل مغز,11221056,8489068,4386912,12391533,12528544,5484906,7384350,4404714,7412205,4149339
فیجت پرنده دنده,7336680,11221056,8489068,4386912,12391533,12528544,5484906,4149339,7384350,4404714
فیس لیت ps5,378242,3904662,735954,735953,6843702,2071653,3424950,2075425,9561839,2075291
فیسدوکس,100000,100000,100000,100000,100000,100000,100000,100000,100000,100000
فیش bnc پرسی,10450126,8020993,10768868,761645,2908489,7653577,6993065,712276,676104,8054249
فیش بال لانچر گان,6790296,8397402,2877154,10768868,3955712,8371040,6993065,5752476,8054249,1095832
فیش تغذیه از USB,7433365,10768868,6993065,3789041,8054249,4394222,6553938,12350676,6181661,9009983
فیش مادگی ۶.۵,10768868,780798,3789041,7433365,2733023,6993065,10450126,8054249,12350676,4394222
فیش هدفون,10768868,6993065,8054249,12350676,3789041,4394222,6553938,780798,10450126,7433365
فیش یه به دو,780798,17942912,2733023,10768868,6993065,8054249,12350676,3789041,4394222,6553938
فیشر آب میوه گیری,26666,382547,27960,2161876,3037786,499827,3821449,8478740,65576,13938765
فیلا بندر انزلی,9065012,100000,100000,100000,100000,100000,100000,100000,100000,100000
فیلتر تصفیه اب اسمارت,4504208,12886626,4386999,7902972,7967451,7184432,8129752,2797025,584794,8289117
فیلتر دستگاه تسویه آب بزرگ,12886626,4386999,7184432,7902972,7967451,8129752,4504208,2797025,3464453,6116245
فیلتر دوقلو یخچال ساید,534592,5830055,130792,3361033,5632277,11314580,11853616,3823192,9561936,892744
فیلتر روغن شرکتی ساینا,1835147,9372677,11274003,9336161,157366,435240,154211,3786538,2357548,468936
فیلتر روغن پاذس,9372677,9336161,157366,435240,1835147,154211,3786538,2357548,468936,3374468
فیلتر قهوه مدل فرنچ پرس,14333961,5419091,2313536,33589,16749668,9934407,8866354,12046140,6531055,7653577
فیلتر مادون قرمز,10214624,435240,9372677,5146566,5612391,379200,9336161,2575199,8129752,3786538
فیلتر ممبران تصفیه اب اکواجوی,8289117,7902972,8848644,1100301,8129752,12886626,4386999,7967451,7184432,4504208
فیلتر ممبران ۱۵ لایه,7902972,1100301,8129752,3382080,14583873,435240,1603825,5932038,9372677,5612391
فیلتر مگنتی,759790,13943115,12623594,14541067,435240,9372677,5612391,9641524,7545798,379200
فیلتر هوا s3,3685890,435240,379200,7945349,1859403,3374468,12388741,3786538,1835147,5708150
فیلتر هوا اناق مگان2000,435240,379200,7945349,1859403,3685890,3374468,12388741,3786538,1835147,5708150
فیلتر هوا فولکس,7945349,435240,379200,1859403,3685890,3374468,12388741,3786538,1835147,5708150
فیلتر هواکش اسپرت برای ماشین رانا,3374468,699347,5612391,1721604,286918,12434237,2969602,4569840,4397081,7128898
فیلتر چایی سیلیکونی,435240,9372677,5612391,379200,9336161,2575199,8129752,3786538,12886626,3374468
فیلتر کابین اچ سی کراس,10570280,3073395,184274,1874039,3374468,3464453,31659,7104832,4894554,1287
فیلتر کیت مکش زانتیا,9223455,7515632,2992941,8028665,435240,9372677,10655273,5612391,10311608,379200
فیلتر گیر ماشین لباسشویی,5612391,1021268,8520105,14208883,8681804,9151144,2607850,6237630,8319122,1645925
فیلتربیولوژیک اکواریو,100000,100000,100000,100000,100000,100000,100000,100000,100000,100000
فیلتررسوب گیرپکیج,100000,100000,100000,100000,100000,100000,100000,100000,100000,100000
فیلترهای دستگاه تصفیه آب آکوا اسپرینگ,9778927,6260612,12101460,886651,7468372,1657413,8129752,7902972,7967451,8848644
فیلدر جاروشارژی,100000,100000,100000,100000,100000,100000,100000,100000,100000,100000
فیله شیر استیکی,4276171,2759976,3512548,724480,6350773,3072164,1797555,6404806,2525763,868754
فیلیپس 658,14925699,2781637,14034612,3306083,4084760,3233914,33589,8511196,33428,7640848
فینیش دیشواشِر لیکوید,5017609,3016123,112897,7843027,100000,100000,100000,100000,100000,100000
فیوز ترانس,1468972,432653,1514106,10082054,9603981,6010088,12186100,12844284,4882532,17085140
فیوز سه راه برق,1514106,8884238,531827,635779,7359701,7591088,2351415,5782821,4908919,2585357
فیگو ر انیمه شیطان کش,9722881,10968035,8849786,7774098,11732737,7886027,9774941,9038568,7654268,11682207
فیگور  آدم بدها,11255090,8833060,12926669,7533618,9567048,8236672,5223293,13854825,7246492,2585994
فیگور water law,11697889,6991372,8236672,13854825,7246492,14287592,10722809,537668,12213156,10334174
فیگور انیمه ابشارسرنوشت,6231066,6274414,10161806,9722881,14909514,8384140,5382049,11248112,10084937,8572108
فیگور انیمه توکیو رثنجرز,17861138,7344545,6253167,6231066,12123252,6274414,10161806,9722881,14909514,12589311
فیگور تزئینی,8236672,13854825,7246492,14287592,10722809,537668,12213156,10334174,13461620,7746824
فیگور تیرکس,8236672,13854825,7246492,14287592,10722809,537668,12213156,10334174,13461620,7746824
فیگور حیوانات دایناسو,5092438,6702032,7417994,529314,8236672,13854825,7246492,14287592,10722809,537668
فیگور مدل روباه,12059799,5739874,8236672,13854825,7246492,537668,12213156,14287592,10722809,2743922
فیگور مسی مدل پاپ,10960016,9862935,13431892,6687979,13233331,8236672,8328373,13854825,7246492,13778709
فیگور مییلورین,8236672,13854825,7246492,14287592,10722809,537668,12213156,10334174,13461620,7746824
فیگور چیبی,10084937,8236672,13854825,7246492,14287592,10722809,537668,12213156,10334174,13461620
فیگور کارخانه هیولاها,2037346,15247016,11714283,8236672,44848,13854825,7246492,14287592,10722809,537668
فیگورقورباقه,100000,100000,100000,100000,100000,100000,100000,100000,100000,100000
قاب  a13,10518512,11411164,10634104,16709388,410800,12894238,12149756,5102788,7855363,6519620
قاب  تبلت ایسوس,49197,50375,48690,7519991,9970465,3746829,4114392,114703,7241903,8329555
قاب  دخترانه زیبا ب ای جوشی شیمی نوت 12,14523169,14474135,13727848,14354432,13490588,11091270,12686696,15303290,4624691,13583240
قاب  گوشی فزار نورد ایفون,15636808,11939877,10799470,11106291,14055187,10827874,9723331,12986108,11167379,13728429
قاب A24 ارن,14565665,13466392,906324,14909514,12673157,7904244,11315888,14082098,17792304,13206313
قاب Poco X3 gt,8665878,9039614,8257052,7468424,7766073,6305458,6929586,4885206,9308944,8688900
قاب Poco X6 pro,17432344,14467947,14716026,14883381,14402753,14151404,14982625,14326964,14116027,14883384
قاب Tab a,6270270,1829340,7182933,17111036,6445102,1628998,3175390,7799532,9826552,6389978
قاب a12 انیمه ای,13528435,11637620,17675871,2398151,9615843,9873944,11465854,4867366,4216970,11618181
قاب a23 سامسونگ,9943343,9940975,10455143,8518300,10111833,8312675,8859616,10982349,8686817,12944358
قاب a35 پافر,15058232,13132232,16559392,13371381,12830152,17491812,14399184,17721490,14851182,9958430
قاب a73 هولوگرمی,14312296,9899588,11276364,10565000,10502041,12904057,8521561,6129574,2429494,453777
قاب honor y6 prime,11805244,1734063,1111878,2012052,6696149,14090709,12499125,14509327,12939789,5145077
قاب m62 ساسونگ,8493233,6129574,2429494,453777,1568281,589137,3887956,866146,3998803,723178
قاب me11 lite,12672640,9772865,14749791,5556127,9393108,9740033,8619645,8598558,9958566,13719960
قاب poco f4 Gt,8716143,9515946,10044979,9917706,8665878,9039614,9174799,8257052,9917529,7468424
قاب poco f5گوشی,17981346,14410946,12255351,17252131,13988661,14109840,14509231,14410190,13524786,13132232
قاب redmi12,12286879,12561858,6129574,2429494,453777,1568281,589137,3887956,866146,3998803
قاب آیفون۷پلاس تراکتور,5188202,7832914,10848336,15150535,14751687,6129574,2429494,453777,1568281,589137
قاب آیود,6129574,2429494,453777,1568281,589137,3887956,866146,3998803,723178,4615249
قاب آیپد مدل,3254659,961905,340686,961951,2429494,1568281,453777,6129574,866146,3998803
قاب ارپاد کیوت,13907283,13982222,13727848,11266930,12536422,14757686,10378996,11705624,13929076,15367789
قاب اس ۲۴ الترا,9370,811459,491846,4701748,14673891,5663467,14759198,11625576,14412156,11144908
قاب اکورایومی طرح لنز دار m12,17675871,12659336,10426374,4711031,9279663,11637620,4982964,5424088,9995554,14632331
قاب ایرپاد قفل دار,8507967,13354172,7165982,9719761,11778310,14472064,10426374,5889381,1119237,5338291
قاب ایفون ۱۲ پرومکس کیفی,14048694,15636808,14055187,9723331,11167379,4099036,4734311,4887787,11939877,4978798
قاب ایینه چپ لیفان,305810,431367,390067,7889284,6392775,3211482,3246302,3767532,6429942,12995673
قاب بازکن گوشی موبایل یاکسون,16347160,6392775,9931729,14105863,13303554,9370,14109840,17981346,49766,12202215
قاب برای حبوبات فریزر,7247698,8348995,10248923,9071525,7234165,13652157,6547871,3935194,3295640,31830
قاب تبلت اسمارت,408268,11187587,408153,1400464,4789702,4473592,9901089,10375343,6918666,4417031
قاب تبلت تله ا,1626470,1619296,806089,806023,806140,758079,774859,12226742,7143480,7363962
قاب تبلت سامسونگ گلکسی a۷ انیمه,561419,31969,6389978,1053212,4000803,3699809,6206347,3851079,6650080,7183359
قاب تبلت لنووا 8505x,3528213,3307683,16347160,14003434,6129574,2429494,453777,1568281,589137,3887956
قاب توالت فرنگی,5034707,537291,1628531,5656137,15937518,4908976,6113078,687903,2861077,5360007
قاب جای ظبت ریو,13323415,10290303,5585111,9026975,4244349,5551688,9053642,801751,1958831,5716984
قاب درب کولر گازی,8545127,7425234,9980728,5191394,6187225,5182865,704354,5867668,5867074,8523888
قاب دسته های پی اس ۴,9370,274212,5177810,7813156,2536428,9585969,14081992,8207871,7396534,482
قاب دلار گوشی شیائومی نوت 8 پرو,14523169,14474135,9863317,12686691,14753411,14782433,12686696,3772284,10538026,9926456
قاب دور کیلومتر خودرو مناسب پژو قدیم,3815110,3372081,755465,755645,4855889,6392775,4878309,11246905,2288660,4792739
قاب ریموت تصویری دذدگیر,11173228,14041181,4427162,1557391,11824655,569376,1477021,8315327,14040712,15813025
قاب زربه گیر گوشی ایفون ۱۳,6781339,10343254,9947773,6680257,6882054,7032881,12684890,6779488,6927431,8739501
قاب سامسونگ A14,16235048,11144908,13622726,12202215,14210521,13816908,12659336,11490357,10461064,10316853
قاب سلکونی شیامی نوت 12 G5,14523169,14474135,13917758,14354432,13490588,11091270,12686696,13583240,9645982,12686691
قاب سنسور دنده عقب مناسب برای برلیانس,15222255,12459822,1999745,4535049,2398151,2648343,13676858,8461270,3294846,7500979
قاب سه بعدی ایفون ایکس,448364,5879916,7085174,11443530,7185932,11917069,7293190,976059,6978184,13261389
قاب سه کلیده ریموت  دناپلاس,4427162,11824655,15813025,14957270,2773505,13274672,13551569,7561144,9147790,5865442
قاب سوییچ405,6129574,2429494,453777,1568281,589137,3887956,866146,3998803,723178,4615249
قاب سگی خفن گوشی,14948589,14105863,9370,49766,11195560,12804655,9940975,11477186,11158470,13524212
قاب سیلیکونی  redmi note 10pro,12686691,12686696,12077629,14474135,8493464,14494540,13402069,12884694,7497301,14146381
قاب سیلیکونی نوت ۱۲ s,12686696,12686691,12077629,14146381,14494540,12884694,15636808,14523169,17242594,10811977
قاب سیلیکونی نوت ۸ شیائومی t,12686691,12686696,5575585,12077629,8912657,8493464,12884694,7497301,14523169,17252131
قاب شفاف گوشی گالکسی جی ۵,9370,14139392,49766,5205149,13278798,14410946,13706806,791053,12693128,11830223
قاب شیائمی زدنی نوت 10s طلایی,5298345,13524786,17211507,5535281,6335260,5796311,8378023,5089447,4859301,9998533
قاب شیائومی 14c,17567737,16827508,17515316,17981346,12255351,14410946,11244895,17252131,14753411,13988661
قاب شیاعومی poco x3 GT,8665878,9039614,8257052,7468424,7766073,6305458,6929586,4885206,9308944,8688900
قاب شیامومی نوت 8,14523169,12461517,13352108,14474135,14146381,14494540,13402069,12686691,14753411,12686696
قاب شیامی 12 لایت,699252,699190,16895824,161506,15636808,690731,1452542,5332441,14523169,14055187
قاب شیامیx5pro,6129574,2429494,453777,1568281,589137,3887956,866146,3998803,723178,4615249
قاب شیایومی 13c,14509231,13717987,14055948,13931538,13695613,13716822,14577010,13709699,14819880,13402001
قاب صورتی برای گوشی هواوی y5 سال 2019,3538717,4366879,9378158,14495080,1734063,310251,17470238,13314614,2012052,3457766
قاب ضد ضربه a7 2018,1757699,8250179,16693891,5477084,14982108,6662503,14008174,1053212,561419,11805244
قاب عكس قلبي,6129574,3887956,866146,4615249,453777,589137,7165982,6453152,495979,3998803
قاب عکس حضرت فاطمه زهرا,7058313,6129574,3887956,866146,1138006,4615249,453777,589137,7165982,6453152
قاب عکس سالی وود,14754815,3676668,3877162,6129574,3887956,866146,4615249,453777,589137,7165982
قاب عکس سه در چهار,453777,6129574,3887956,866146,4615249,589137,3659463,1144733,7165982,6453152
قاب قاعدگی,6535331,2309977,797396,13806512,6129574,2429494,453777,1568281,589137,3887956
قاب لنز کلیپسی گوشی,4601661,78679,6075417,11948548,8739501,12323073,14399184,11410958,11594759,9269104
قاب مانیتور خودرو برای پرشیا قدیم,6326047,1768483,11982551,4855889,4583031,9234149,6888112,12861561,9053136,2670722
قاب مدل گوشی مترولا ۱۴ بتمنی,13303554,13583240,12461517,14082098,14795434,13521833,17242594,9679149,9699777,15321687
قاب مناسب xs,12986108,6083419,859481,14274805,4593072,9969986,10611243,1165495,2501820,8415714
قاب مه شکن ۲۰۷,12074468,12995673,670122,1152961,9356340,5140235,3875573,4204115,8353565,3252545
قاب موبایل iphone11promax,14105863,9931729,16347160,9370,49766,13303554,12804655,9940975,11477186,11158470
قاب موبایل طرح فضانورد a32 4G,9686588,6239105,8688393,12664374,5547436,8748301,9682554,8050238,7944449,9250533
قاب میدرنج 10اینچ,9628504,11153841,6535357,14860312,14860361,14580646,3716034,3593247,6535464,8830358
قاب نیو اسکین ردمی نوت ۱۱,13352108,8283341,14146381,14494540,13402069,14474135,12461517,12686696,11913141,8493464
قاب هواوی میت تن لایت,10258397,321828,13524212,14509327,8869738,5595547,14749791,1157860,699252,699190
قاب هواکش عقب پژوپارس,7505526,8461270,4569840,2398151,9785473,7120119,11858038,8597547,7019217,286918
قاب هوای y9s,7606003,261051,10194342,909730,146494,1119610,5410960,699347,5453152,4372486
قاب و شاسی اصلی نوکیا ساده 230,14003434,4765687,5662822,1522509,3701572,8864091,8929396,543,11136536,2532224
قاب پشتی s8,6898570,13363866,10111064,9236351,7237459,8248596,6229102,3519439,9050061,4382133
قاب پلاک مناسب برای زانتیا,755645,9785473,7515632,8028665,3288310,2429494,1568281,3332088,6212262,10655273
قاب پنل پخش پایونر,2278578,8083996,9075233,9118510,7830961,4217051,8683837,10630704,691459,873054
قاب چراغ مه شکن چپ خودرو 207,12995673,284046,9356340,3875573,2068072,8353565,8667588,12074468,670122,5140235
قاب چشمی دزدگیر,10268002,637473,4427162,15959093,4235617,3141240,1904571,11981269,5668263,646879
قاب ژلی آیپد پرو,6984508,3254659,602307,961905,340686,14474135,961951,14090709,12255351,13354172
قاب کافه,4087034,17450264,3871768,9248539,16850494,7983850,6129574,2429494,453777,1568281
قاب کلاسوری نوت ۱۰ پرو,12686691,9863317,8496835,3258412,13524786,12940209,10694984,11159404,9231800,7763751
قاب کیفه برای گوشی m13,9919553,13618602,12894238,11150542,12350676,14105863,49766,12804655,9940975,11477186
قاب کیلومتر405,6129574,2429494,453777,1568281,589137,3887956,866146,3998803,723178,4615249
قاب گارد ایکس برای a54,12953354,12282467,12283291,12283267,17432344,14724466,5185330,12387752,5488302,13303554
قاب گوشه 50a,76628,2900208,14002894,6129574,2429494,453777,1568281,589137,3887956,866146
قاب گوشه سامسونگ گلگسی هفت گنگ,11797912,12295866,76628,2900208,9828036,12807422,14105863,13627720,4643325,9370
قاب گوشی  A 24,11144908,4294804,1522509,11585530,859481,1522466,14105863,9370,49766,11195560
قاب گوشی  mi 11 lite شیائومی,12672640,9772865,9958566,5556127,5274030,8619645,8598558,5822960,5072040,7867911
قاب گوشی 11پرو,14105863,9370,49766,11195560,12804655,9940975,11477186,11158470,13524212,11458031
قاب گوشی A40 بی تی اس,14653093,3893790,9370,12169001,3042739,2670722,7357501,14821517,6156582,3927
قاب گوشی A52کیوت,14105863,9370,49766,11195560,12804655,9940975,11477186,11158470,13524212,11458031
قاب گوشی Ao5s سامسونگ عروسکی,17961048,4995373,4511632,8671400,4680802,7724759,12164030,13975038,4502716,12904057
قاب گوشی C53 ریلمی,13675000,14209828,13609766,17537520,13875577,10614847,14498008,9373848,10353248,15029488
قاب گوشی G plous Q20s,5813081,4738694,4225979,14250473,5478726,13816908,7206351,14105863,4235617,2678496
قاب گوشی HUAWEI Y7,14495080,13314614,625647,1736053,11307703,3457766,633651,14016460,8506314,13524212
قاب گوشی M 12 سامسونگ,14105863,15636808,4352555,9370,49766,14724466,12804655,9940975,11477186,11158470
قاب گوشی MGSAFE,14105863,9370,49766,11195560,12804655,9940975,11477186,11158470,13524212,11458031
قاب گوشی Poco x4 poro,13288176,13988661,11606815,9917706,9174799,8535502,12455659,9917529,8442111,8912688
قاب گوشی a12 عروسکی دخترانه,8671400,4680802,13528435,17675871,9940975,12282467,4867366,13907283,15303290,4216970
قاب گوشی a20 دخترانه فانتزی,9828036,12804655,11477186,11158470,7324155,12196755,9940975,13622726,12282467,7845852
قاب گوشی a21s اویزدار,11324355,6223712,9177103,4455409,8132070,12387752,11633539,5517534,3250216,10229349
قاب گوشی a25  5G,14017355,13706806,12282467,14903664,14753411,16235048,14523169,14104137,15180044,14782433
قاب گوشی a32 کشویی,8748301,6836434,5547436,5089067,8688393,12664374,6239105,3322371,5813081,11797912
قاب گوشی a52,13907283,4952671,15279162,7300449,9743158,4905454,4145803,8665581,9803159,10667974
قاب گوشی a55سیلیکونی,14105863,9370,49766,11195560,12804655,9940975,11477186,11158470,13524212,11458031
قاب گوشی a6پلاس ساده,13524212,11939877,14753411,10827874,14653093,12986108,14139392,9943343,11324355,14235002
قاب گوشی cr7 iphone 13,6781339,10343254,9947773,6680257,6882054,7032881,12684890,6779488,6927431,8739501
قاب گوشی mi 10 t pro پاندا,15738138,7212482,11119109,7806669,12686691,12128063,9863317,10767789,7203816,12463213
قاب گوشی redmi 9A,10130577,8070256,3500523,4629970,8996622,7053063,14474135,14494540,13402069,13132232
قاب گوشی y330-u11,11843053,14105863,9370,49766,11195560,12804655,9940975,11477186,11158470,13524212
قاب گوشی y7 ۲۰۱۹ برجسته,14495080,13314614,3457766,14016460,11307703,625647,1736053,1734063,633651,17961048
قاب گوشی آیفون پنج جی تی ای,11781259,11167379,15445255,13742861,14793780,12149756,9370,13311541,15636808,11939877
قاب گوشی آیفونایکس,14105863,9370,49766,11195560,12804655,9940975,11477186,11158470,13524212,11458031
قاب گوشی استند شو,12179628,14105863,9370,49766,7188425,11195560,12804655,9940975,11477186,11158470
قاب گوشی الجی کاکاشی,11637620,9151144,11641716,14105863,9370,49766,11195560,12804655,9940975,11477186
قاب گوشی اولترا۲۳,14105863,9370,49766,11195560,12804655,9940975,11477186,11158470,13524212,11458031
قاب گوشی اپل ۱۳ معمولی,6781339,10343254,9947773,6680257,6882054,7032881,6927431,9755208,12684890,6779488
قاب گوشی ایفون se,13251635,252852,9926413,9820263,8161925,4023448,15636808,11939877,10799470,11106291
قاب گوشی ایفون هفت پلاس شنیل,10827874,11106291,7421150,15636808,11939877,10799470,14055187,9723331,12986108,11156711
قاب گوشی ترح موتور برای M11,13636063,8429124,11072644,8359706,8530198,4374531,3305777,7990655,10612029,10076719
قاب گوشی خفن مناسب a12,13528435,17675871,4867366,4216970,8671400,11424321,11130927,11752213,5385477,10776118
قاب گوشی دختران سامسونگ,14105863,9370,49766,14724466,12804655,9940975,11477186,11158470,11458031,561419
قاب گوشی دوازده پرو مکس,12686691,9863317,13728429,13132596,6779488,7843326,4978798,9699777,3202092,13367746
قاب گوشی ردمی نوت 11 پرو سبز,14474135,12686696,14146381,11913141,14272634,14494540,7373577,13402069,13352108,14523169
قاب گوشی ردمی نوت ۱۳پرو,14146381,13352108,14474135,12461517,14494540,13402069,14753411,14523169,12686691,14782433
قاب گوشی سامسونگ    s۲۴  uitra,14486755,14469461,14194971,14466033,17210794,14050989,14263738,14311467,14129480,14262166
قاب گوشی سامسونگs24fe,14105863,9370,49766,11195560,12804655,9940975,11477186,11158470,13524212,11458031
قاب گوشی سامورایی 11tpro,7156439,13714164,11999145,8415714,5333130,5332276,15058232,2141643,7325702,8842022
قاب گوشی سامیونگ j7 پریم,791053,321303,1734256,9361439,98090,4502643,1049192,6660785,7571853,5839832
قاب گوشی سیامی نوت ۹,2926894,3258412,4488602,3596037,8141019,2963787,3103299,14146381,13352108,14474135
قاب گوشی شفاف m11,13636063,8530198,49766,8429124,11072644,8359706,13278798,14410946,13706806,791053
قاب گوشی شیائومی 10c,9439568,8842052,8518508,11011909,9403250,15091255,17981346,14410946,12255351,17252131
قاب گوشی شیائومی ردمی  8,14509231,17981346,12672640,14410946,12255351,12128063,17252131,14523169,13988661,13132232
قاب گوشی شیائومی نوت 12s پافری,12365580,12461517,12557249,12990949,12532693,11999145,12428216,11853696,14958165,11840273
قاب گوشی شیائومی نوت پرو خرگوش,14474135,9863317,14523169,12686691,14753411,14782433,12686696,14753362,12632165,13524786
قاب گوشی شیامی 2a,15127930,6287157,543723,14105863,9370,49766,11195560,12804655,9940975,11477186
قاب گوشی شیامی مدل Redmi 9T,7087016,4532802,4204893,6645472,7960259,14474135,14494540,13132232,14753411,13402069
قاب گوشی شیامی می ۱۱ لایت عروسکی,9083865,145805,17537520,14146381,10799470,14494540,980291,12672640,11853696,13402069
قاب گوشی شیامیRedmi 9A   بی تی اس,10130577,3893790,9370,8070256,3042739,2670722,7357501,3500523,14821517,6156582
قاب گوشی شیاهومی نت 8,2817194,105263,527242,4634780,508989,10111064,15514508,14003434,12092316,14509231
قاب گوشی شیاومی Redmi nore13 Pro,14474135,12686691,9863317,12686696,14753411,14782433,14523169,14753362,14766903,13524786
قاب گوشی شیاومی not12 pro,12255351,14090709,14474135,791053,17252131,14753411,14782433,14523169,12686691,15738138
قاب گوشی شیاومی نت دوازده  رباتی ردمی,8149411,2817194,105263,117414,7195564,12092316,475845,4529789,8828520,8135386
قاب گوشی شیایومی mi 10T lite,15738138,5478726,12672640,5363631,13358306,10633491,8245350,9772865,5556127,13525607
قاب گوشی فانتزی  دخترانه a14 سامسونگ,13622726,12202215,16235048,11144908,12804655,11477186,11158470,12196755,9940975,12117693
قاب گوشی فانتزی سامسونگ a71کرومی,12804655,11477186,11158470,12196755,13622726,12117693,13466392,6252788,14782433,13490588
قاب گوشی فانتزی و کیوت سامسونگ s8 دخترانه,13907283,13363866,13982222,13079048,10111064,13113689,13727848,12804655,11477186,11158470
قاب گوشی لاوا وی ۸,1638243,589137,3998803,723178,4016744,10111064,15514508,14003434,14509231,1452935
قاب گوشی مدل deer سامسونگ a33,9762863,12164030,8665806,9630536,8466522,14105863,14724466,12804655,9940975,11477186
قاب گوشی مدل sm_a015F,5558617,98090,130295,16693891,2043912,982477,4122136,2644338,9311766,5796401
قاب گوشی مدل بتمنی ردمی 12,13583240,13303554,12461517,13521833,14082098,15636808,14795434,14055187,17242594,14523169
قاب گوشی مدل ردمی نوت ۱۳,14753411,14782433,14753362,14766903,14466435,11913141,14735824,14948744,14128927,13352108
قاب گوشی موبایل X20جی پلاس,10827874,13524212,11106291,14782433,13964899,14523169,10836675,9931729,14105863,13303554
قاب گوشی موتورو گوشی موتورولا,12298449,14021478,3279157,15772253,9525590,9645982,12085726,4225984,7427423,9147653
قاب گوشی موتورولا 72,12298449,14021478,3279157,15772253,14010607,9645982,4225984,7427423,9525590,4738694
قاب گوشی ناتینگ فون ۱,12761318,15127930,12588138,9197296,12296023,15213679,1062567,11195560,8995528,1944985
قاب گوشی هانر ایکس 7 عروسکی,15899604,14109840,11144908,14509327,11939877,16827508,17432344,1465480,17961048,4511632
قاب گوشی هوآوی nova 8i,7325702,14749791,11210768,9434409,7156439,4834974,7235784,8842022,591616,11033708
قاب گوشی هواوی g525,4276464,13524212,14509327,14749791,14235002,11805244,7750051,10821081,9434409,10374864
قاب گوشی هواوی نوا پلاسساده,13524212,14509327,14749791,14235002,11805244,11838209,396274,2285284,3528392,7750051
قاب گوشی هولوگرامی هفت رنگ off white,10565000,11278753,9828036,7421150,6859988,12148937,12044854,3465817,5413454,5171947
قاب گوشی پوکوC31,14105863,9370,49766,11195560,12804655,9940975,11477186,11158470,13524212,11458031
قاب گوشی پک ایکس پنج,14109840,11144908,14509327,16827508,17432344,215561,7553898,5880436,12379255,7631473
قاب گوشی ۱۳ a,14753411,12521436,14782433,14753362,14766903,12521394,12649782,11913141,4294804,1522509
قاب گوشی.poco x3,6305458,6929586,8688900,12094463,4885206,8370107,9308944,6138430,10427489,4189613
قاب گوشیA03sدخترانه خرگوشی,11997584,3658952,6712337,6950565,9796369,7415649,7426186,6052946,8054135,6372758
قاب گوشیA52 فضا,1738232,6543888,6129574,2429494,453777,1568281,589137,3887956,866146,3998803
قاب گوشیa60 سامسونگ,14105863,9370,49766,12804655,9940975,11477186,11158470,11458031,14724466,561419
قاب گوشی‌A31,11458031,10836675,7676113,3329216,1638676,3278688,5185330,6160789,5890321,8395146
قاب ۱ شفاف۲ پرو,14474135,14090709,12255351,13354172,17252131,791053,14523169,12686691,14753411,12686696
قابs24tra,100000,100000,100000,100000,100000,100000,100000,100000,100000,100000
قابلامه kzp,100000,100000,100000,100000,100000,100000,100000,100000,100000,100000
قابلمه mgsسایز ۵۰,59132,8889337,4197917,349671,349676,157908,11689074,5855224,4245293,12258829
قابلمه استیل نسوز,11689074,2821694,12258829,2949117,15292177,7232503,12603987,12198705,9484090,5083003
قابلمه رویی شرکت مهروز,2119091,1539197,3703067,1035399,14664998,3934654,9951083,10864424,8844118,4197917
قابلمه عروس سایز ۵۰,8889337,349671,349676,348880,349378,59132,5425937,348971,6998270,4197917
قابلمه فورته,1503095,4197917,349671,349676,59132,157908,11689074,5855224,4245293,12258829
قابلمه مستر پرو,157908,114628,4870425,4197917,4573794,7227075,9497381,349671,349676,59132
قابلمه چدنی زرساب,59132,417801,4197917,349671,349676,157908,11689074,5855224,4245293,12258829
قابلمه کاندیدقهوه ست,8276226,4197917,349671,349676,59132,157908,11689074,5855224,4245293,12258829
قابلمه کرکماز ۱۶,15727825,11689074,14165526,4880002,7638502,1027368,3560857,4197917,349671,349676
قابلمه کفه لیزری,9342140,10040160,7208436,8322527,15201333,5299293,4197917,6870884,349671,349676
قابلمه ۱۷ پارچه دسینی,559657,10315842,1741020,13322258,9573460,649509,4876888,5294838,7293379,4139549
قابگوشی ام ۱۲,8200558,9962550,6922607,2509472,5373322,305573,3896892,5102788,9567321,8229659
قابگوشی هواوی ۳۰ پلاس,11637376,13524212,9395415,120976,11519824,591616,8576669,6342814,11043683,5724899
قارچ کش و باکتری کش گیاهی,5116069,4852681,5542160,4929948,2260257,5607915,10438847,9937885,11162265,1680521
قاشق و چنگال دونه ای,9631589,6458182,198120,10116615,777144,2268047,2531210,1606824,1508629,6922607
قاشق و چنگال ناب استیل مدل برلین مات,9841733,1026247,765174,198120,6458182,2268047,10116615,777144,2531210,1606824
قاشق و چنگال چندکاره,1571215,9631589,6458182,198120,10116615,777144,2268047,2531210,1606824,1508629
قاشق و چنگال یکبار مصرف,4637177,4279395,9631589,6458182,198120,10116615,777144,2268047,2531210,1606824
قاشق یک عدد,777144,8445425,193342,4385504,341677,1606824,155877,6853124,8229659,3722468
قاقچه پرایدی,100000,100000,100000,100000,100000,100000,100000,100000,100000,100000
قالب بستنی کوچک,2899169,4729006,8041694,15126651,9095355,12926611,451449,5941999,7066450,8827352
قالب تزینیض فلضی,1808733,2841404,9695428,795328,9339374,1886413,709463,1875365,619874,4807889
قالب دسته کلید اکواریون,14544185,4518122,7814413,1808733,2841404,9695428,795328,9339374,1886413,709463
قالب دستگاه پوش فیت,7687466,7591916,1400583,5551196,426944,427025,4089442,2513243,606382,551022
قالب رزین اپوکسی,9753204,9023522,10448004,12818944,12822118,1897763,5534645,8270275,15073378,12700122
قالب رزین اپوکسی حلقه سایز مختلف,9753204,9023522,10448004,12818944,12822118,1897763,5534645,8270275,15073378,12700122
قالب رزین حروف,8270275,1886413,5534645,15073378,9753204,12700122,9023522,11081896,10448004,2727248
قالب رزین مدل سر,8554169,5534645,8270275,15073378,9753204,12700122,9023522,2727248,11081896,10448004
قالب ساخت  زيورآلات,9753204,10448004,6334612,2342736,1808733,2841404,9695428,795328,9339374,1886413
قالب سنگ مسنوعی سیلیکونی,1875365,619874,5249796,6936412,14752112,11322928,11229510,10848612,1808733,2841404
قالب سیلیکاتی,1808733,2841404,9695428,795328,9339374,1886413,709463,1875365,619874,4807889
قالب سیلیکنی,1808733,2841404,9695428,795328,9339374,1886413,709463,1875365,619874,4807889
قالب سیلیکونی رزین,5534645,8270275,15073378,619874,9753204,12700122,9023522,11081896,10448004,2727248
قالب سیلیکونی ماه وخورشید,619874,5249796,12004375,6936412,14752112,11229510,1808733,2841404,9695428,795328
قالب سیکیکونی مار,16351696,10273269,1477544,2063886,7919101,5236892,1808733,2841404,9858904,9695428
قالب شمعی,3179287,1808733,2841404,9695428,795328,1104553,14866307,9339374,1886413,709463
قالب صورت اسکلت,1117985,1115222,1617401,4256269,1767570,1793225,1604580,11983346,5004118,1808733
قالب ظروف طرح بسقاب,7517005,1886413,4807889,15073378,9995554,10448004,60820,4643325,8554169,5855728
قالب فلزی چاه,972984,1808733,2841404,9695428,795328,9339374,1886413,709463,10909098,1875365
قالب فوندانت کریسمسی,5102938,4787255,9995554,1808733,2841404,9695428,795328,9339374,1886413,709463
قالب مالد ارکیده,9995554,2990912,3679832,7719498,6854441,12647563,1808733,2841404,9695428,795328
قالب نرده باغیچه,10699784,9719731,777689,1808733,2841404,9695428,795328,9339374,1886413,709463
قالب پری دریایی,1407137,4044799,3688118,2182514,1713328,6280450,4346096,8805311,6096541,5228491
قالب ژلخ مربع,5694165,12878488,1808733,2841404,9695428,795328,9339374,1886413,709463,1875365
قالب کاشت  ناخن,9375158,10761471,8486401,10761877,312368,5351047,3117918,5586776,2758481,3028345
قالب گوشی s21 فانتزی,12804655,12693128,11278753,12305171,4367900,9269465,7892239,5381957,14419202,4339537
قالب یخ طرح,9695428,709463,6593645,11295564,1886413,4807889,15073378,407068,7517005,9995554
قالیچه درب حمام,2137273,2894858,7289974,323714,11630643,7691559,455580,466066,5901716,2976227
قالیچه دستباف ابریشم,323714,7289974,9655127,11696856,4670636,606960,9717360,8084322,13546272,5902270
قانون ۵۹ ثان,4014257,7016817,11261279,4318526,15186788,3117918,2105864,2687239,6806447,8141377
قاپ تسمه تايم پژو,3998323,12889866,8841716,7566381,1745410,2725014,263790,4114266,7870888,4117177
قاپ ردمی ۱۰,1084065,11246431,964898,17211507,7055116,9250165,1738079,1652570,319602,6439683
قاپ گوشی 5700,2390599,625647,1547931,3622380,4952893,859,14349114,12990949,5662822,4823914
قاپ گوشی ش,5202966,625647,1547931,3622380,4952893,859,14349114,12990949,5662822,4823914
قاپ گوشی طرح علمی,12723782,6860794,8638611,3901307,7955821,3624415,1465480,9648403,746096,6252788
قاپ گوشیa02,100000,100000,100000,100000,100000,100000,100000,100000,100000,100000
قایق بادی ضد قرق شدن,499049,11241363,11130927,1006905,5150034,521121,9115881,411716,9296886,5474199
قایق بزرگ برقی کنترلی,499049,11130927,8069225,719750,8833060,622418,12673984,5599387,2969602,7437726
قبض املاکرسید,10568080,100000,100000,100000,100000,100000,100000,100000,100000,100000
قتب گوشی A15,14096721,14233395,15514508,14023845,14503393,14299332,14771158,14565665,14053116,842691
قرآن کوچک توی گردن,1949737,2297035,6323922,3382729,2309345,1441171,2775237,4206368,4490729,1723585
قرص Chrom 200 بسته 60 عددی,6248763,5132167,6248479,7461831,9505521,5110719,9478226,12375903,5243675,7937541
قرص zink plus یورو ویتال,5124032,5396046,6754542,10856250,9395415,3812340,9478226,5556475,12588445,17381762
قرص استوئوپلاس,9505521,5189014,7432879,5152888,3515888,7127873,5132167,9395415,6248479,12375903
قرص ال آرژینین 1000 یوروویتال بسته 60 عددی,13716011,12226742,6261252,6248479,9360474,12588445,7461831,6248763,8936377,12565176
قرص امگا ویژن,3554114,4669957,24052,11005168,74056,1434791,698762,9507554,12791486,4354964
قرص تقو یتی ولمن,9505521,5189014,7432879,5152888,3515888,7127873,5132167,9395415,6248479,12375903
قرص جنسینگ یورو ویتال,5124032,5396046,6754542,10856250,12633409,9194096,17381762,14391683,17632730,14980311
قرص جویدنی مولتی  ویتامین,5111733,7432879,9478226,9251713,14017564,5143658,13959994,10297620,7433083,5060099
قرص جینکوگل گل دارو,5152888,9540672,3812340,5889807,5062142,10358746,10359413,3597538,7127873,12375903
قرص زینک پلاست,10340665,5556475,8936377,9983214,11007251,7198829,192276,549513,632064,6578624
قرص زیک پلاس ۵ میلی گرم,8936377,5487362,10359413,16150354,13716011,5068687,9540672,9395415,9797238,3812340
قرص سفت کننده تاخیری,4551871,1518115,926713,983009,6600920,164820,764033,749161,389422,3310976
قرص فلاروپو,9505521,5189014,7432879,5152888,3515888,7127873,5132167,9395415,6248479,12375903
قرص قلابی,11589339,9505521,5189014,7432879,5152888,3515888,7127873,5132167,9395415,6248479
قرص لاغری کامبوجیا گارسینیا,3551157,9797238,12911007,10311965,11018197,15105445,5251242,9505521,5189014,7432879
قرص لیو ۵۲,766033,9791281,16004881,230423,9505521,5189014,7432879,5152888,3515888,7127873
قرص مولتی ویتاین,7432879,9478226,9251713,14017564,7433083,5060099,10631178,13959994,10297620,5143658
قرص مکس cla,5129444,3782325,12524405,9505521,5189014,7432879,5152888,3515888,7127873,5132167
قرص ویتامین دارو,5152888,5111291,3536523,5487362,7963042,3550905,10359413,3554456,14017564,9540672
قرص ویتامینه پوست و مو,5189014,7592065,2394989,9277692,12233240,631052,11035508,11042962,9622439,14199453
قرص پارکینگ سی,3554505,15110674,5068713,7534933,11910180,16935301,3393158,9079304,9489581,9505521
قرص پر پست کننده مو,5189014,164820,764033,1489847,513668,7592065,683622,567826,7127873,12375903
قرص پرفکت پلاتانیوم,11246879,9505521,5189014,7432879,5152888,3515888,7127873,5132167,9395415,6248479
قرص چربی سوز الفا اسلیم,9265137,6003477,9314740,6731038,356717,1558818,13942891,8827825,14348920,4279077
قرص کرومیو,9505521,5189014,7432879,5152888,3515888,7127873,5132167,9395415,6248479,12375903
قرص گریفیت,9505521,5189014,7432879,5152888,3515888,7127873,5132167,9395415,6248479,12375903
قرص گلوکوزامین سگ,1424203,7776696,10804858,7592065,4270359,13880861,9505521,9357417,4991935,378044
قرصزپیگمنتا,100000,100000,100000,100000,100000,100000,100000,100000,100000,100000
قرص‌ تقویتی فیتو,1956056,7431580,10804858,9505521,5189014,7432879,7318141,5152888,3515888,7127873
قرقره سر میلنگ,3352967,13321487,11178970,5622922,1441171,5356031,10857322,3090192,7118751,4490729
قرنیز چوپ,9426547,7548711,100000,100000,100000,100000,100000,100000,100000,100000
قصر پونی,703450,679780,6996431,1489341,13953434,4661330,13162343,8317899,4146294,3490666
قطر ۴۲,137474,187585,968220,9776588,282730,7870591,1034194,493952,150472,7291966
قطره آهن فرووس,12717254,3457566,2829818,8416337,568650,2667217,4660654,2257125,7975822,734314
قطره مولتی ویتامین ویوا کیدز,6929531,462996,8416337,6323875,7432879,9478226,9251713,3465186,5189001,12453229
قطره چکان روغن مو,3457566,2667217,2257125,5160409,4859905,4935468,8690160,8231678,9276327,4598074
قطره چکان لوله,3457566,2667217,2257125,5160409,4859905,3929912,2829818,7593002,8416337,4660654
قطعات بنلی ۱۵۰,4951182,3045507,5504255,11104942,6659446,6595121,6821467,3073877,5930504,3553009
قطعات داخ,3246549,5403851,3570870,8938359,9385874,12721879,4121114,4586233,6896633,2289837
قطعات دریل ماکیتا,7384712,8976805,155708,104851,4974352,115561,104706,115676,11410049,10351610
قطعات رله,4863462,6446207,2973284,8400781,5496928,4239047,9130677,4443411,395269,5403851
قطعات ماشین,9440706,9578637,9110721,5403851,2315399,12325010,8844118,8587723,9780923,9795665
قطعات کولر ۱۲ هزار,5867074,11386454,9980728,7445177,6187225,7425234,5867668,12711787,2744686,10894310
قغک.,100000,100000,100000,100000,100000,100000,100000,100000,100000,100000
قفس برای مرغ تخم گذار,27958,4631112,1949098,753063,14064257,13925002,27957,10546102,561073,8317899
قفس خوک چه,10805661,8437015,10828869,6630181,10728359,6647852,7394295,3471245,8304319,6872531
قفس طوطی مدل شاه طوطی,7394295,5645299,12210261,3974550,2888891,5728155,542339,3383576,9746482,2872651
قفس مخصوص طوطی برزیلی,7394295,5645299,8736175,12210261,7847861,3471245,3974550,4247931,2888891,6815361
قفسه گلدان,10909098,4985247,10117064,7761376,7188425,3372647,3405536,7441638,12698358,5080783
قفل داخلی درب ماشین نیسان,12692739,1723654,9037666,1545300,7367140,4085774,6237630,6907465,12693022,11070523
قفل داشبوردی کمد,408648,11125380,515038,3398205,8067606,1837601,3003351,7164970,6231522,478858
قفل دوچذخه,6772657,15980631,4369697,12194222,4624691,12693022,14094091,13622794,6905273,9455697
قفل سقفی,8938625,8239214,9928892,1601894,3055850,6760814,722074,301003,794921,15390774
قفل فایلقفل چهار لول,2355599,6902874,10598469,2002493,8963792,7421005,6772657,15980631,10248995,4369697
قفل فرماننووا,6772657,15980631,4369697,12194222,4624691,12693022,14094091,13622794,6905273,9455697
قفل یوموتور,6772657,15980631,4369697,12194222,4624691,12693022,14094091,13622794,6905273,9455697
قفیه دیواری افرا,7493709,4000700,7255759,3722838,2636509,6995950,7085174,6998606,5930020,6500727
قلاب بافی,6315414,49349,9742241,87931,5555879,12445779,2457948,6163723,1592745,13338974
قلاویز سایز 3 میلیمتر,7253348,9361576,1653131,5726740,5245403,11207628,2882990,2908640,11727101,7368232
قلاویز ماده ۵۰ پارچه تکی,5092438,1653131,9361576,1843521,11207628,9246016,7253348,2901148,9976901,9106893
قلاپیچک,100000,100000,100000,100000,100000,100000,100000,100000,100000,100000
قلم اسپد,1881560,8531074,11716692,5551003,7297459,3229989,320285,2206927,2206978,10881540
قلم خشگیر 207,9901089,3106198,3342093,1412133,930157,1025447,1010639,1156639,8009061,1025472
قلم خشگیر بدنه خودرو1150501,9901089,3106198,3342093,1412133,930157,1025447,1010639,8009061,1156639,1025472
قلم خشگیر خودرو ساهین,9901089,3106198,3342093,1412133,930157,1025447,1010639,1156639,8009061,1025472
قلم خشگیر مشکی سایپا مدل nv676,1025472,930157,1156639,9901089,3106198,3342093,1412133,1025447,1010639,8009061
قلم قرآنی  بصیر مدل,2388884,2330937,940240,2601381,10881540,13409647,8531074,11716692,5551003,7297459
قلم قرانی مدل نگار,2388884,940240,2601381,10881540,2330937,79769,13409647,348255,9733659,3750835
قلم لمسی آها استایل,9833098,1592461,8450192,7297459,320285,381500,5381957,13942382,8333179,33751
قلم مو پارس ارت سری ۱۱۱۱ مخصوص رنگ روغن,2577875,2614137,3689525,2586430,2623326,2206927,2206978,3779119,3881239,662613
قلم موی آریا,1000484,8531074,3062819,1655174,1814355,979954,7766544,368743,6828779,7662665
قلم موی کاشت ناخن اشکی,8531074,3062819,1814355,10761877,312368,5351047,3117918,5586776,2758481,3028345
قلم پارالل پایلوت 2.4,1066046,1907051,13942382,5357364,3689525,2310321,8670929,2167201,6293076,2872901
قلم گوشی اس 23,8520254,5883355,1000484,5575958,8333179,7946629,5381957,9370,13158377,11923642
قلم ۵سر,8531074,11716692,5551003,7297459,3229989,320285,2206927,2206978,10881540,8388865
قلمطراحی,100000,100000,100000,100000,100000,100000,100000,100000,100000,100000
قلمو سر تخت ره اورد شماره ۱۲,1562421,870944,8670929,2872901,4158441,7722162,134840,1732746,1787549,14346547
قلمو شش تایی جور هفت رنگ,6859988,12148937,12044854,4207004,8268624,5117308,17038646,11412910,5483508,8160614
قلمو گرد استنسیل,8670929,1562421,993595,870944,8707030,14226632,6211018,9615532,8611971,2206927
قلوه موتور هونرا ۱۲۵,10597675,11697602,11270596,6706357,12217894,7790253,7365891,1851696,12666445,10388992
قلک دفترچه ای,10805661,12607232,5417052,793268,12424201,10426374,6735488,5182103,4178571,8526110
قلیان تنه چوب گردو,964286,4635943,1838867,13836558,12692262,6446149,9757793,9264756,377799,6206772
قمقمه 0 6,13098380,8258835,539647,9709614,767440,9864060,1969747,10451019,9901024,10258127
قمقمه 1 ليتري,13494305,539647,9901024,4729233,836232,767440,1969747,2260257,396274,6847927
قمقمه آب باش,584794,767440,390870,7775279,1110715,113181,13494305,9075982,8047249,539647
قمقمه آب رادیات ال۹۰,584794,767440,4325093,3352967,390870,3289306,4249702,13494305,4802089,9075982
قمقمه داخل استیل,550878,14712341,9064677,13494305,9976443,9075982,8047249,539647,8421261,6620414
قمقمه طرحدار بدون بند,13494305,9075982,8047249,539647,5558420,13134598,9709614,15282687,9864060,10451019
قمقمه مشکی مدرسه,13494305,9075982,8047249,539647,13416734,96416,9709614,954175,752773,12234146
قمقمه کودک دختر,6240709,15282687,10451019,10258127,6970871,10566095,8639614,12536422,9098249,4303836
قمقمه ی اسموتی چراغ دار,15119159,6179465,10562881,8639614,13098380,4852451,4238283,10349066,9296213,8351078
قمقمه یوزداسپیس,13494305,9075982,8047249,539647,9709614,15282687,9864060,10451019,767440,10258127
قند وانیلی در دانه,16934845,733785,6076259,3563723,667372,14259579,2830753,4748512,4402895,60927
قنداق سه ماه,11262764,7240959,12939931,6211018,9943934,11305219,10467229,5248502,5228491,4428968
قندان ساکورا الینور,11347630,7464696,2826482,10849780,7562649,497096,13384382,10720932,5784493,4524806
قهوه ارده,8111781,7219736,2359809,6967969,31644,5595567,2313536,7464696,4214565,33589
قهوه جوش مکاپاد,527595,7752269,2285284,8595427,15474441,9229099,1479187,17037730,13950898,12508996
قهوه ساز  نوا,2285284,11838209,396274,2041100,31644,10912200,7464696,33589,471534,11840984
قهوه ساز NCiva,31644,7464696,33589,471534,11840984,7225810,5419091,107616,2313536,7198042
قهوه ساز زونیخ,31644,7464696,33589,471534,11840984,7225810,5419091,107616,2313536,7198042
قهوه فرانسوی ساز,31644,7464696,33589,471534,11840984,7225810,5419091,107616,2313536,7198042
قهوه فوری موکا قارچ گانودرما‌,996290,4214565,17837434,17450264,3209070,5595547,527595,3550869,5795864,13848507
قورباغه شکم پر,11104460,4412922,3170650,4137364,8721656,52753,4012539,870053,7964485,13370560
قوری آلپکس,983409,8028610,1519801,5026076,3321292,1453992,365831,8617660,9854105,9946650
قوری یدک قهوه ساز مدل سام,7225810,7752269,7464696,31644,365831,33589,471534,11840984,10832056,5419091
قوری ۱۵۰۰,1453992,8028610,4202210,1519801,5026076,3321292,365831,8617660,9854105,9946650
قوز بند پشت,8395146,2058772,8759938,5173333,3426902,10784902,8225657,12950074,7294241,13580657
قولفو زنجیر,7349530,9648721,14081992,9593967,1585520,9398706,12350031,8230805,2050058,17336734
قيمت  خودکار براق,14162487,175280,10866942,2182514,532964,6255067,7876453,439778,189571,893346
قیطون کتان,14151937,10985290,10961693,6900143,2469861,13172847,14411521,12222680,12222812,448819
قیف تا شو,108573,5158435,4340475,12395584,2542557,687903,7048378,11107079,13218038,411716
قیمت a۳۳,12164030,8466522,8665806,9630536,9762863,9662086,8627776,14087426,12059799,3080879
قیمت آب میوه گیر سون استار,8258353,9813153,9103478,2161876,382547,26666,27960,5274879,13938765,9988815
قیمت آژیر پراید,2165299,11981269,14364592,7334223,6593322,6105665,7294795,12890633,5414500,6459788
قیمت آیفون ۱۵promax,14048694,13251635,6882567,12669477,4099036,6808432,13549424,12560677,4734311,8161925
قیمت اتوبرس سشوار,8779966,734050,18150,7998504,6493318,8179314,2388994,10087985,8541903,2792992
قیمت انگشترطرح فروهر,14087426,12059799,3080879,5008688,17491812,1842845,11718782,15151289,8573116,5400662
قیمت اکسل عقب پژو۴۰۵,2902421,12454100,1673762,6524315,4122899,9389490,6766193,2552449,8940522,3294846
قیمت بارفیک,14087426,12059799,3080879,5008688,17491812,1842845,11718782,15151289,8573116,5400662
قیمت برچسب ps۴ جوکر,4545023,143761,1980226,607269,4314409,4544783,8636262,2220861,412826,5986871
قیمت ترموستات ۲۰۶تیپ۵,14165122,7291061,5112407,2089139,3989214,8169830,4488066,1695565,10655273,14768127
قیمت تشت کولر 7000,3136496,13853364,669351,9563541,364697,11647583,5210649,8545127,2787336,114628
قیمت تلویزیون ۸۵ اینچ سامسونگ,61334,276873,797682,797440,797010,797221,17073474,882196,12886918,3539343
قیمت جاپایی عقب,3731535,7265386,7172055,10273461,8940522,3294846,9759915,1083193,5044183,5718248
قیمت خمیردندان کلوز اپ,291081,1628652,1664421,5812546,12387237,9680078,823923,1628655,1716536,13804808
قیمت دستگاه پولیش موزاییک,7067514,10258397,7523576,12518888,13531978,733582,9763788,6107282,1541231,10107509
قیمت دستگاه کوله پشتی KnC,12851490,9050061,4382133,1429406,9799668,12656357,8130199,12775440,12508152,1085374
قیمت زیزکمک پژو ۴۰۵,9614779,1467744,6984499,7814413,7504341,17637807,1967953,8710975,5066318,1152961
قیمت ساعت ارینت,14346325,8887483,7143678,8070182,11001700,10401188,10466862,7241533,14007389,9222456
قیمت ست دنده رنجیر پازل,3520814,4119606,1581754,1931567,8000168,3108863,4341832,10641993,340424,1953011
قیمت سمعک جدید,13996901,3057033,15325496,245021,506035,14265961,868935,1421031,5318554,7655830
قیمت شکلات بسته ای مارک هوبی,6801165,598677,5143214,2842162,6135608,3888213,765128,409199,9095355,7680985
قیمت شیامی نوت 13پوروپلات,9840669,17211507,12461517,13352108,5241775,2926894,5441934,3258412,8493464,5535281
قیمت شیر کاکائو میهن,724480,4650638,7229883,888598,8041694,9095355,6161401,10076719,6553938,1907349
قیمت شیشه ااب به رنگ ابی,8315267,6436906,9589386,6839143,12274863,11360638,1507478,14151937,13151305,9845145
قیمت عینک آفتابی  زنونه,14756572,3341594,1350873,14866620,1518100,8539900,6350098,7832807,9852192,14487196
قیمت فرش صفویه,220980,1968301,6214663,13546272,890421,499812,10739444,262253,7980283,6616043
قیمت فرشاتاق نوجوان,14584821,5116470,11062189,5260079,345577,5663144,414487,3324198,11423257,954175
قیمت فلاکس یک نفره smart cup,4607253,7488509,7805647,9864095,6991694,8753543,9339202,9761959,8529398,2408697
قیمت فلش advanced,42991,487503,9916918,3922648,9409551,8052912,1056966,1795437,5535326,48387
قیمت فنجان چای خوری,519162,15967747,7818581,3929078,10856427,10651075,6070414,6129946,171045,4282934
قیمت قیمت فر توکار تمام برق اخوان,2828528,908356,8256500,9861439,6784035,4412065,452604,11888964,13515211,6535156
قیمت كاشی,4795557,9414390,7859766,5035141,4046257,10068452,3401749,3853256,534947,11716692
قیمت لاستیک ۱۸۵ رینگ ۱۵,959959,1673404,6998499,959932,2258357,10527339,1460381,13142006,8061397,13141511
قیمت لباس لیورپول سفید و سبز,11056384,8359836,1418333,438351,269151,17348642,11859577,17675088,9541129,123445
قیمت لیدردنده کامل,13002646,13976605,2700334,7181487,1158687,8187878,217153,3768106,12701407,80316
قیمت لیپ بالم دکتر ژیلا,1557811,8910228,1042971,2361522,10564473,4111283,4111288,9183156,82111,7592065
قیمت ماشین بوگاتی واقعی,13808680,1711642,1879618,5772738,3508632,14981849,12680813,3397970,16935301,11710108
قیمت ماشین لباسشویی 5 کبلوییبستو,3560024,11330339,1624566,2390325,9151144,9065602,2607850,6237630,8319122,1645925
قیمت ماشین کودکانه,6554716,6185331,4131783,3508632,14981849,12680813,3397970,16935301,11710108,9578637
قیمت متورپاکستی,14087426,12059799,3080879,5008688,17491812,1842845,11718782,15151289,8573116,5400662
قیمت مهتابی شارژی دیوار ی,13634628,12646507,5994231,512798,11346338,9877650,8516132,104851,11194782,9896560
قیمت موتور سیکلت بوکسر 200 cc,14580856,5067950,3731327,987792,8230805,3376676,14245559,3401934,3729609,3754640
قیمت موتور پمپ آب بنزینی,9497412,3184247,10729281,6575098,7867869,4138822,3658747,3884114,6077207,6332330
قیمت مکش کاشی,9223455,2992941,4795557,9414390,7859766,5035141,4046257,10068452,3401749,3853256
قیمت میز برنز,11265264,1937682,3783648,211336,8279206,6860798,4137461,8802576,3795793,2381229
قیمت مینی فرز رونیک,115561,4515379,12298020,14703290,8191076,171977,12842668,500264,5660946,3885563
قیمت نبات 16عددی,11727269,6035037,6766561,7132885,5890443,7587921,6199899,847401,16934845,14087426
قیمت هارد اینترنال ssd,7523900,859807,2458871,5839476,9607810,10739828,10670241,5460742,1832584,1859859
قیمت هلی کبتر,622418,2272565,260265,3165287,2832628,14087426,12059799,3080879,5008688,17491812
قیمت پکیج ۳۰ هزار,9980728,9723848,9723937,3882981,12177638,7266005,9684933,12665229,3883028,14354130
قیمت چاقو چند کاره,12944358,447326,11944757,12944162,13507309,159657,173542,5624039,9736657,16817104
قیمت کاب جام جهانی,3036527,10226719,7870591,10652816,10366045,9846424,14980311,9879245,728026,1129295
قیمت کت شروال,617708,422663,13236883,17863490,626791,11653354,626412,1333664,3046384,13325895
قیمت کتاب علوم پایه هشتم,9474308,96819,5124831,7080495,109512,230499,13623848,816670,2552982,3445541
قیمت کفپوش دو میلیمتری خانه,7367110,8987925,11851125,7983850,7484546,5558402,6362797,750182,1088021,1536133
قیمت گردن بنده دخترانه,6950565,9706186,9570967,11829136,1441171,4490729,1723585,12542244,4388902,10201221
قیمت گوشی  a۲۳,8518300,10455143,9943343,9940975,8859616,10111833,8312675,10982349,8686817,12944358
قیمت گوشی سیامی ۱۱ تی پرو,14523408,14632331,12202419,7843326,8283341,3202092,13274339,11781259,7373577,14272634
قیمت گوشی نوت ۳۴,17211507,12461517,13352108,8493464,2926894,3258412,9083865,14146381,10903141,10722131
قیمت گوشی نوکیا مدل۲۰۶,3437,401,15595047,15830110,348142,543,8864091,1882481,11007438,14003434
قیمت گوشی کی ۷۰ پرو شیائومی,11494321,2836228,12760907,8806823,13946519,5089447,13160534,8462486,7203816,4112013
قیمت یخچال فریزر گالان,7234165,13652157,11956376,6547871,31830,6884317,6884403,3793592,3216927,12684920
قیچی  اصلاح,6838467,5803998,13986969,14214103,387077,8927059,13033548,306998,2536270,56200
قیچی آرایش گری ابرو,5288583,2536270,6444081,10457347,14214103,387077,8927059,13033548,306998,13683437
قیچی آهن بر,8520881,56200,9464418,8506272,14884689,8688283,14214103,387077,8927059,13033548
قیچی دستی تلسکوپی رونیکس,8927059,8093893,8520881,11264413,734314,14214103,387077,13033548,1080986,306998
قیچی رونیکس کد۳۹۰۶,8927059,8093893,8520881,14214103,387077,13033548,1080986,306998,13619045,4842567
قیچی شیا,14214103,387077,8927059,13033548,306998,2536270,56200,6838467,1794219,7623593
قیچی هویجی,14214103,387077,8927059,13033548,306998,2536270,56200,6838467,1794219,7623593
قیچی پلا ستیکی,14214103,387077,8927059,13033548,306998,2536270,56200,6838467,1794219,7623593
كارواش استرانگ,9089232,6517064,11718782,6936264,7518451,10217111,161506,11001762,7283331,13237524
كارواش بنزيني,9089232,6936264,7518451,10217111,161506,11001762,7283331,13237524,5547351,15076938
كاور مدل bear,14389675,10626133,602199,591781,1096116,340514,2899169,9687535,8240438,8521818
كتاب اموزشي زبان هشتم,7080495,96819,9474308,6994897,2275561,2821156,42991,145838,4036533,13623848
كتاب جامع شهاب انارى,6771083,1970039,9474308,37395,2074381,4323821,3686492,2190909,87931,7080495
كتاب جنگ جهاني,1129295,354722,41582,3036527,10226719,4530471,6168141,10652816,7870591,6371952
كتاب مور مور,292000,1443423,5161208,2207468,3715688,7375515,6860798,7819879,14049507,1110715
كرم سفت كننده بدن,1518115,749161,983009,82034,1138304,13327900,3147621,926713,8739306,7898863
كفش اسپرت چرم مشهد,6643004,12124841,11271981,11112937,9905428,8071665,6003185,8424976,6733245,3588460
كليپس,154410,116816,90597,7495284,10676895,12084407,616505,2112414,14866307,14311051
كوسن قلب,5903016,8214116,5689525,6316207,10222322,532225,366121,15034899,5836054,3974550
كولر گازي ٢٤ هزار اينورتر جي پلاس,12711787,11386454,2726511,11408767,6187225,5867668,11334503,10894204,8523888,1896044
كيف طرح لوييس ويتون,9300325,4512980,8768904,6559677,9628882,8002404,4105740,4210424,1144032,17815021
كيف لوازم آرايشي زنانه فندي,11574920,456337,1017460,3782930,3257807,815931,1768109,12920328,9764007,4271476
لا فمیس مویسچرایزینگ کریم,101478,11248112,2522912,79769,96819,8670393,4288935,11717943,587821,7666578
لا مبر گینی,11248112,8670393,11717943,587821,100000,100000,100000,100000,100000,100000
لاته مولتی کافه,17450264,3871768,8397962,3550869,3209596,4087034,4124800,8370339,9094968,9248539
لادن ۱۸۰ گرم تونا فیش,7170873,7170872,5725385,602111,9671749,6840624,12895818,2442889,14199453,16934845
لاس ورزشی مدل تیم ملی,697357,1659864,15892218,2171115,10365901,14312069,9846424,9586161,7515186,1729573
لاستیک  بلک هاوک,13415761,8488000,9419771,8329320,14217323,14064257,7811394,9647229,120258,15096900
لاستیک Aplas,7478847,576371,12012568,1639303,14644103,13971986,8275038,13415761,7626548,6467802
لاستیک بارز 215,7181312,6977998,7180922,2258357,6974618,11764073,2577240,6792674,1645570,3254639
لاستیک تیبا صندق دار,7096761,4529283,11778310,6578025,8232361,1022396,3612596,8577074,7478847,7086864
لاستیک تیغه برف پاک کن اپتیما,3600742,6446757,3269571,5853721,4405075,2308497,1151239,6133401,3825051,150726
لاستیک تیغه برف کن 24-20,6133401,10082867,3600742,6446757,3269571,5853721,4405075,1151239,2308497,3825051
لاستیک خارجی خودرو سایز 15,13415761,9692095,959959,8061397,10527339,2738683,6974618,12012568,1673404,14644103
لاستیک در آور,5389706,14049507,7221868,12417585,7204175,5613614,12510606,27857,10152408,8275038
لاستیک در قابلمه زودپز,729390,8814788,7365977,5329771,3152704,2448207,1157323,408658,5186870,846685
لاستیک ریموت دزدگیر,1132730,4184536,5035605,1114234,4931739,11981269,4427162,12667651,1154968,4995852
لاستیک سایز205 60 14,14644103,13415761,1460381,7464335,10527339,2258357,8061397,14380342,959932,6977998
لاستیک لرزه گیر موتور,8520105,8681804,7478847,2533837,1639303,3041377,6094638,7464335,2110368,11106490
لاستیک موتور ایران یاسا,7478847,6094638,7464335,1639303,576371,7201766,865775,3041377,6998499,6999050
لاستیک موتور سیکلت وکو,7478847,3041377,1639303,6094638,7464335,3401866,11106490,996559,1476125,996546
لاستیک موتورسیکلت بنلی250,576371,7478847,1639303,11106490,3041377,6094638,7464335,1157860,13537847,4891946
لاستیک هابیلاد,7478847,576371,12012568,1639303,14644103,13971986,8275038,13415761,7626548,6467802
لاستیک چرخ جلو موتور سیکلت,3376676,12283380,7478847,3041377,1639303,6094638,7464335,3797495,10649152,3299334
لاستیک ۱۴دنا,7478847,576371,12012568,1639303,14644103,13971986,8275038,13415761,7626548,6467802
لاسیک پیکان به قیمت مناسب و ارزان,1094947,11132726,4862377,11246905,9839290,2914569,7493128,3046475,4823722,5112407
لاسیک کنار درب جهت ضربه گیر,16130108,9086146,10305601,7386838,919112,6392775,3339586,7793333,7793395,2533837
لاك ناخن ليا,13655115,2583317,3545204,10729478,8492349,14256337,2916538,13527881,3387748,1050835
لام راهنما خودرو smd,15093196,14360609,912476,15114294,5091908,419085,10815830,7814413,4791585,5683107
لامپ 10 وات فرنام,501593,679540,11707656,8968351,7869818,390752,190122,6460201,9877650,4852495
لامپ 2 کنتاکت,579622,779522,5637139,6881297,12522406,10815830,7796412,4661871,8615274,3627290
لامپ USB UV,4386999,9005933,12796126,9620210,7468372,2617328,1792412,12947378,13429185,12180114
لامپ f,364697,4629014,14041181,2546524,16946635,1158687,3180145,10110914,5717374,924553
لامپ led نواری کوچک,583131,5369179,2617328,5683107,8516132,451234,2543130,5700311,1117465,3922252
لامپ uv,4386999,9005933,9620210,7468372,12947378,13429185,12180114,14501589,11674219,12673045
لامپ اس ام دی پلاک ماشین,12688670,4852495,9017025,15114294,6563735,1513183,12527987,3368623,8883926,12468738
لامپ اشکی ۶۰ واتی,2536108,7869818,390752,501593,8531074,1604917,839804,5571418,5426875,13926705
لامپ ال ای دی usb,12796126,1968037,848850,2230861,10912381,12527987,3460347,2821654,5426875,3553600
لامپ ال ای دی افراتا ۲۰ وات مهتابی,11194782,5779434,190122,10463293,1083292,2821654,10912381,12527987,5426875,3553600
لامپ ال ای دی فول لایت,14435236,13359951,7660864,5637139,3475356,8112567,1968037,848850,8391149,10062088
لامپ ای وات لیتومکس,1887366,10912381,12527987,2821654,839804,14607379,5426875,3553600,3524979,5779434
لامپ بخار حلیم,3246327,536935,9557066,3573288,11637871,822575,10396369,2434476,4519838,12673045
لامپ برای کاردستی,5404798,3390678,7012003,6062855,12522406,1621304,1487349,1487571,3257964,3460347
لامپ خطر‌چشمک زن,14489168,4863462,913646,6761083,11346338,5599114,779522,15158904,15249360,6392126
لامپ دانهی,12673045,2430131,3572983,10815830,175729,172747,5404798,4631698,7012003,679366
لامپ دور کاشی,5968354,4795557,9414390,7859766,4046257,3401749,3853256,534947,11716692,4045700
لامپ دوچرخه کیشی,5961873,10974039,6276346,3434836,10709261,12710813,13754764,9021296,11675039,3689720
لامپ دیکسورنگی,12673045,2430131,3572983,10815830,175729,172747,5404798,4631698,7012003,679366
لامپ رشتی ۱۰۰,3192113,691099,7970961,10214624,4235421,12673045,2430131,3572983,12688670,10815830
لامپ رشد گیاه 60واتی,7499738,3153356,5077234,1795756,9747702,8812442,757630,7523186,7125606,5221431
لامپ رشد گیاه ال ای دی فن دار,3153356,10912381,7499738,1968037,848850,2230861,12527987,3460347,2821654,5077234
لامپ زنونh3 سفید یخی,12673045,589329,10815830,7012003,10651467,7780046,3460347,5683107,3390678,6062855
لامپ زیر در دنا,5091908,6062855,3636273,14262023,10548860,1524065,12131211,3183048,7505617,6989297
لامپ شارژی اضطراری,406178,12688760,17642899,12449332,10563755,2383451,9110312,9419771,8453861,13421932
لامپ شعمی  ۶۰ وات,1604917,2536108,839804,5426875,5571418,13926705,7571962,7499738,5994231,175729
لامپ فابریک پایه ۹۰۱۲,12347435,12688760,175729,3350560,2821654,8968351,13639566,5779434,1604917,2536108
لامپ لا ایدی شاخه ای,4089307,3460347,7132885,2230861,1968037,10912381,12527987,848850,11248112,8420408
لامپ لوستری 7,7863285,1887366,583131,8968351,4361267,390752,364697,14489168,7869818,12673045
لامپ مه شکن ۱۱۱سفید,670122,1152961,9356340,3875573,4204115,8353565,3252545,2068072,8667588,7824652
لامپ هالوژن ۱۹ وات,12527987,11558570,4361267,4852495,11707656,8968351,12590052,5994231,175729,3572983
لامپ هید لایت موتو سکلیت,5637139,7660864,7499738,727266,172501,172516,16895824,161506,690731,1452542
لامپ پرده ای,2094624,3176973,10140363,9673310,3460347,2230861,1968037,10912381,12527987,848850
لامپ کم مصرف 18 وات پ,13926705,6460201,12527987,4897608,10772673,7660864,5994231,175729,2821654,12688760
لامپ کم مصرف ال ی د,13926705,6460201,9830825,1968037,848850,2821654,3460347,2230861,10912381,12527987
لامپ یخی برای پلاک,12673045,9785473,7780046,7093925,12131211,10651467,12166354,5404798,17825988,3390678
لامپ ۱۰وات پا رس شهاب,679540,3192113,7320007,1083292,823476,2259182,348678,341682,3654193,4319256
لامپا دکوراتیو لایت,5579648,16895824,6245032,161506,314196,690731,1452542,6526822,5332441,6148057
لامپ۱۲وات,100000,100000,100000,100000,100000,100000,100000,100000,100000,100000
لانچ بگ,777769,4604120,8237708,11404306,11883294,8922297,1439867,5018045,15963251,6238884
لانگ زنانه سایز سه,14169554,7626548,10803122,11558606,5466323,5341223,6839143,12349565,2821694,10109609
لانگ لایف ویمنز پرفیوم,7626548,5131123,108573,3576216,4570342,5341223,6130527,6535145,307095,106674
لاوِرز استَچو,100000,100000,100000,100000,100000,100000,100000,100000,100000,100000
لاک Troyaشماره 832,10120858,14005576,3115913,13655115,2583317,3545204,10729478,8492349,14256337,2916538
لاک لوسمنت 220,2389861,1543627,3115913,4882532,13655115,2583317,3545204,10729478,8492349,14256337
لاک نپاری فانتزی,3115913,13655115,2583317,3545204,10729478,8492349,14256337,2916538,13527881,3387748
لاک پاکت ناژه,1838339,7888690,94020,14028016,3115913,13655115,315488,12078880,2583317,3545204
لاک ژل ۴۸ تایی,7567047,2583317,14256337,13527881,2110181,13579808,8286849,1560539,14473540,13924135
لاکهای پاستلی,8180402,9729341,11625433,15115273,14369424,100000,100000,100000,100000,100000
لاکچِری کلوز دراوِر,100000,100000,100000,100000,100000,100000,100000,100000,100000,100000
لاکژل ناخن یونیکورن,14256337,9776133,4460787,7884372,8395302,10462671,1981986,9386794,1848840,13655115
لاک‌ناخن داتمه,1599766,13655115,2583317,3545204,10729478,8492349,14256337,2916538,13527881,3387748
لای,1699269,3890401,100000,100000,100000,100000,100000,100000,100000,100000
لای انگشتر,1699269,3890401,10635917,12401047,3801395,57321,11772475,1555394,17553725,14954315
لاین برند شوز,9740519,12664742,12562178,11039212,2993408,17304884,7460246,13710998,3275535,11217836
لاینر تری,6586909,9962550,9838220,3758086,73006,2191842,5500776,4682127,806525,9423141
لب تاب ایسوس Tuf,6911626,17249634,11637520,11972852,10272397,9029764,12539176,13129772,4479388,723003
لباس اتنشانی بچهگانه,13947776,1942334,2233703,4354296,2873857,503450,3778601,8067606,10481951,2743922
لباس ارشتی,13947776,1942334,2233703,4354296,2873857,503450,3778601,8067606,10481951,2743922
لباس استقلال وپرسپولیسی ورزشی,742799,13118786,9286226,12202771,12648743,12038143,12032047,13102652,5752884,4198717
لباس استین کوتاه پسرانه,12126072,13627720,10522720,5182912,14406376,12698831,13231368,2029719,9052476,2693125
لباس اسپایدرمن بچگانه,12739978,15636106,13518846,8380157,10943530,10641993,4632584,16758435,15027444,5866703
لباس باب اسفنجی سایز ۵۵,5345214,995626,5928924,9563541,4574855,9588832,10280312,3997038,14540468,5950710
لباس برا کودک,603542,8667904,9178029,123428,407841,3428211,2817052,13981378,6447793,448489
لباس برای چهار ماه,10360705,9943934,10336591,3645126,10085386,7949157,6211018,4792739,11305219,10467229
لباس بلند کشی بارداری,10137436,6713474,6920192,7595453,3170650,2233703,1057587,5304337,2743922,14651486
لباس بلژیک جام جهانی,10226719,3036527,10652816,7870591,10366045,9846424,14312069,728026,1129295,14980311
لباس بلینگهام,13947776,1942334,2233703,4354296,2873857,503450,3778601,8067606,10481951,2743922
لباس بچه گانه سایز ۳۵,173977,1496004,1496876,555591,839813,1020800,2520167,705153,4883013,4173214
لباس بچه گانه مارک مادر,555591,839813,1020800,2520167,173977,705153,4883013,1496004,4173214,702522
لباس بچگانه سپیدپوش,10943530,8380157,15027444,5866703,1048427,8186728,11997584,1012345,7431446,9371896
لباس بیرونی بچه گانه,555591,839813,1020800,2520167,173977,705153,4883013,1496004,4173214,702522
لباس تولدالساانا,13947776,1942334,2233703,4354296,2873857,503450,3778601,8067606,10481951,2743922
لباس خواب بلند,2934337,7813657,7730595,9338864,929994,4664737,3212991,11056384,9418442,9715024
لباس خواب زنانه لاولی,11056384,2934337,9338864,7813657,7730595,4664737,3212991,9418442,1576166,9715024
لباس خواب زنانه مخصوص عروس,9338864,2934337,7813657,7730595,4664737,3212991,11056384,9418442,1576166,9715024
لباس خواب زنانه مدل فیسنت,7813657,9338864,2934337,7730595,4664737,11056384,9418442,3212991,1576166,9715024
لباس خواب فانتزی فاق باز سفید,7813657,9418442,11056384,2934337,7730595,9338864,929994,4011001,4664737,3212991
لباس دختر ابر قهرمان,1545322,9570970,3160022,2976227,2976061,2976385,8577168,8890436,3627522,12420468
لباس دخترانه نوجوان اسپرت,5116470,9979073,12163667,11199716,8994914,7218919,12647727,5209137,12558572,9739545
لباس دوچرخه کریویت,10849189,5961873,10974039,6276346,3434836,10709261,12710813,13754764,9021296,11675039
لباس رئال مادريد نارنجی شش تکه,12038143,12032047,16645160,17969085,3865146,14006784,1874145,5107735,1646195,11213427
لباس راحتی نخی پسرانه,1392336,139696,1368162,6007873,3393386,12616203,7595453,1290089,14386438,6757157
لباس رونالدو از پرتقال,12202771,6446396,2110368,3122595,3255019,3324198,7178449,10042496,7532161,13045848
لباس رونالدو سایز 3 رئال مادرید,8654862,643398,12038143,12032047,16645160,17969085,3865146,14006784,1874145,5107735
لباس زیر  عروسکی.,12420452,503450,4869901,2466261,1802368,1651504,9593086,7050231,816001,438351
لباس زیر مردانه موری,7967913,742799,503450,496841,4869901,2466261,1802368,1054461,1651504,9593086
لباس زیردکمه‌نوزادی,2233703,8049116,3393386,7229598,2743922,7595453,977706,2878286,5182912,2032569
لباس سگ طرح بتمن,6800916,11292799,4104800,9828833,6596054,14763533,7947395,11629178,8004308,11440285
لباس سگ پاکوتاه پسر,9828833,6596054,1064368,11292799,4104800,8035350,5000646,3692410,6448621,2681676
لباس شیک بچه نوزاد,7932823,2233703,1772699,6443194,457018,340514,2743922,9567271,13785896,7595453
لباس شیک نوزادی پسرانه,8049116,3393386,2233703,139696,7229598,2743922,7595453,977706,2878286,5182912
لباس طارمی پسرانه ۳ تا ۸ سال,3393386,14386438,139696,8523789,4584106,13102652,12363313,8632233,8049116,4221217
لباس عيد پسر,11107079,1064368,5729749,5000646,3692410,6448621,2681676,6549059,3397736,4834974
لباس فوتبال  رئال مادرید,3865146,1646195,11213427,1659142,12038143,12032047,16645160,17969085,14006784,1874145
لباس فوتبال پیکان,9839290,11132726,4823722,1094947,11246905,4862377,2914569,6561991,3046475,5112407
لباس فوتبالی بترشتگن,8338751,17751721,17177349,14612250,10569668,17294257,5857844,10055139,13947776,1942334
لباس فوتبالی توماس مولر,9943934,943809,8338751,17751721,17177349,14612250,10569668,17294257,12185047,2061569
لباس مجلسی جواهردوزی,13942522,8049116,13073651,13231368,7370724,10137436,8399546,1547423,1608070,7679708
لباس مهمانی برای ۱۴ سال,2258357,739779,719225,2089470,6939250,4826653,4242148,4707890,4822834,438452
لباس مهندس ایمنی,1093270,11717455,6526327,820863,1552186,5253454,8890264,8188432,13626990,3224355
لباس نوزادی ۲ ماهه,2032569,2233703,8049116,3393386,7229598,2743922,7595453,977706,2878286,5182912
لباس های تولد دختر ده ساله  که مجلسی باشه,2813339,9604701,5736949,8049116,13073651,13231368,12467982,1608070,14037723,10137436
لباس و شروار ورزشی دخترانه ساده,6580651,12163667,2171400,13963533,9827237,6164269,7218919,5209137,6484768,2763193
لباس ورزشی در بازه بانی,973138,6116990,7553658,7035589,717052,8068963,12283138,3179283,14869660,716113
لباس ورزشی زنانه مخصوص والیبال,7694752,12947380,172653,4660904,2805377,1630279,4198717,1093661,6374504,2008349
لباس وینسیوس  ورزشی,742799,13118786,9286226,12202771,12648743,12038143,12032047,13102652,5752884,4198717
لباس پرتقال ورزشی,7178449,742799,3255019,4005690,2998855,3324198,3019317,5181784,13118786,9286226
لباس پسرانه دو سال,139696,8049116,14386438,3393386,13231368,774176,7886495,13073651,9286226,1392336
لباس پسرانه پلنگی ۴ ساله,10479854,9593086,8049116,13073651,7886495,139696,774176,5752884,6446396,12038143
لباس پنج تکه نوزاد دختر,2233703,1772699,13118786,12648743,2743922,7595453,8049116,3393386,7229598,1081746
لباس ژاپنی قدیم,10571974,6631597,12170505,4855889,6240267,13350642,15128543,13568527,7655830,13947776
لباس ژنامه,13947776,1942334,2233703,4354296,2873857,503450,3778601,8067606,10481951,2743922
لباس کار فرحفاظت فیزیکی,944925,1056100,5304337,3348511,2716030,10708778,1921465,2983747,8527470,6613130
لباس کراپ انگشتی,10772174,7393908,15095964,11699458,7488047,13503755,11588770,6327884,14883440,12553170
لباس کرر,13947776,1942334,2233703,4354296,2873857,503450,3778601,8067606,10481951,2743922
لباس کفتان,13080701,13947776,1942334,2233703,4354296,2873857,503450,3778601,8067606,10481951
لباستیشرت  خونگی بچه گانه,839813,1020800,2520167,173977,705153,4883013,1496004,4173214,555591,702522
لباسشویی L870,9151144,11070523,6520197,2607850,6237630,858645,8319122,1645925,12310412,6372064
لباسشویی اکتیو ابی,123428,280243,123445,123821,17088276,645096,2942011,668821,668997,9151144
لباسشویی جی پلاس ۱۰.۵کیلو,11330339,8831376,7526185,11506025,1947272,3798930,9065602,12392676,7642446,11193228
لباسشویی مدل فریدولین,267436,1947272,10253259,199182,101056,212881,9151144,11070523,6520197,2607850
لباسشویی ۹ کیلویی میدیا,1645925,12310412,2820325,2883420,10253259,317579,282816,5446799,278724,9151144
لبتاب مارک ایسوس,765128,239854,7519991,9970465,3746829,4114392,240675,114703,7241903,8329555
لبلس زیر سایز کوچک,156181,131646,9182371,173977,289293,950630,3786675,800400,11476645,14010886
لتفن تحت شبکه,566235,3291393,257884,8908327,3327411,11708249,8758331,13278352,6830905,13400232
لحیم کاری سیم,9105733,4462915,3562132,8552386,5925476,7161046,5871954,8692268,2636509,8302742
لرزگیر خیاطی,5233434,8186973,9782160,4827418,737527,7147625,4718551,3912815,14875638,12185047
لسیپن بدن,262734,1915493,79613,657934,14333650,4197457,707892,5346945,10479698,1484777
لموفو,100000,100000,100000,100000,100000,100000,100000,100000,100000,100000
لمپ ریفلِکتور,100000,100000,100000,100000,100000,100000,100000,100000,100000,100000
لمینتور رول حرارتی,12088191,6823327,1484096,3718159,6148096,11891409,11517957,10653284,1645296,204608
لنت اوا,14514981,14010886,424094,11763611,793912,4170530,12164324,161971,9835817,9938759
لنت ترمز تببا,11763611,12164324,793912,4170530,161971,1434256,5506836,14604543,9938759,867374
لنت ترمز جلو سوزوکی ویتارا۲۴۰۰,2154175,9599582,12164324,11763611,1434256,4170530,793912,2533881,8318670,930046
لنت ترمز جلوی سمند سورن,11763611,12164324,793912,4170530,161971,1434256,5506836,14604543,9938759,867374
لنت ترمز ریبار,7569874,11763611,12164324,793912,4170530,161971,1434256,5506836,14604543,9938759
لنت ترمز عقب تیبا مدل ۹۰,5506836,793912,930046,8318670,7569874,161971,13784427,4972133,5620278,867374
لنت ترمز مناسب برای ۲۰۶,161971,9938759,867374,6557779,12295499,12164324,4170530,11763611,8318670,793912
لنت ترمز کفشکی کامیون,14604543,11763611,12164324,793912,4170530,161971,1434256,5506836,9938759,867374
لنت عقب ۲۰۶ دیناپارت,161971,867374,5252970,9938759,5506836,13784427,4972133,1999745,5620278,9599582
لنت موتورسیکلت بنلی کی وی,13629874,11104942,277950,99696,5930504,3553009,5397803,4972133,3005523,4972087
لنت مژو جلو های تکس,12164324,11763611,793912,4170530,1434256,9938759,9599582,8318670,2533881,930046
لنترن استایل,8285100,1592461,8792479,8792625,5662396,8450192,10442694,10133630,767271,767139
لنتیلز ویت ماشروم,75932,1818291,75912,10631178,288078,3079364,3954961,932152,14713512,9093644
لنت‌ترمز‌دوچرخه,3034924,8029658,11763611,12164324,793912,4170530,161971,1434256,5506836,14604543
لنز آیفون 13,8739501,9826102,10860775,6943614,14146134,14466435,3202092,12662620,14735824,1020995
لنز آیفون hd,13005877,13710998,8739501,3202092,12662620,1020995,10860775,5743903,2501820,7421150
لنز ایفون ۱۳ صورتی,8739501,9826102,10860775,6943614,14146134,14466435,3202092,12662620,14735824,1020995
لنز دوربین گوشی A55 5G,15546718,11974174,14565825,12444156,15511163,9743158,10502041,5547436,12242650,11948548
لنز ردمی ۱۳ پرو,14466435,9826102,14735824,13478258,6943614,15280339,15131642,8739501,3202092,12662620
لنز کلیپسی tele,4601661,78679,6075417,2689836,915219,2575199,16749668,11948548,8739501,2090561
لنز گوشیa15,2575199,16749668,11948548,8739501,2090561,12323073,14399184,11410958,11594759,9269104
لنسر ماهیگیریکوچک,699324,8163672,100000,100000,100000,100000,100000,100000,100000,100000
لنوو لجیون فایو,146605,8282123,5274977,9080322,11979,227674,3388401,6464596,13434284,10639608
لواز تزئینی ماشین نيسان,1723654,1545300,5062268,180512,133172,7478582,2037615,14165122,12534060,12554568
لوازم آشپزخانه پلاسکو,12623996,725619,10620011,349945,343631,169240,4202907,9203226,8276226,8511358
لوازم اسپرت پژو ۴۰۵,14428253,8306342,7504341,9614779,7824652,1967953,1467744,3880381,1452948,14344908
لوازم اسپرتی برای میسان,11778310,3125401,11270596,8949433,7166735,8799078,8620945,7780382,8230805,7917791
لوازم اشتوز خانه,2189600,3796868,5479603,3797133,750182,4681991,495136,2103525,14697174,12578888
لوازم اشپزخانه اجاق گاز,349945,6755459,8318946,6728368,13673427,937913,5305798,15659202,12186100,3609455
لوازم التحریر دخترانه انیمه ای,12807422,13770965,12273595,13382398,5589097,11352263,13951460,9830425,9873944,11465854
لوازم انیمه جوجوتسوکایزن,13733790,8320625,9053195,14441410,3595884,6906343,12589311,11352263,6231066,12563933
لوازم اچاچی,5143214,11796792,12075125,2644760,4992091,8890264,2829818,876180,12920328,5843481
لوازم بخاری,12198072,6826975,6801848,877668,2109104,4262763,6996746,997096,6947088,3321687
لوازم برای بازی کالاف,12057211,12573997,10218962,14762075,11368177,12349662,607269,7709371,1136176,531443
لوازم برقی صورتی,6327528,4880002,14186549,7934152,6507549,10772174,1409298,12140978,540814,3943782
لوازم تحریر  دفتر چه,4816326,2958150,4397106,817362,8456741,3549446,8437015,5589097,10828869,6630181
لوازم تحریر بسته ای ماژیک,3403213,2414238,1416631,4816326,2958150,3549446,4397106,11238561,15233659,2199154
لوازم تحریر فانتزی ست کامل,11238561,563526,8279206,12701407,1011401,817362,1158687,4816326,13382398,7181487
لوازم تحریر مورتال کامبت,4816942,8858810,2740957,4816326,3549446,2958150,3403213,563526,11238561,341682
لوازم تحریر نرمالا,4816326,3549446,2958150,3403213,563526,11238561,341682,4397106,348678,7066144
لوازم تزیینی خودرو رانا,11593521,6326047,14197838,7128898,6944449,9781333,8285771,9542906,4256269,7729464
لوازم تزیینی ۲۰۷,7897714,761004,7222721,8133604,14973035,6870884,3067219,5505856,6330542,2407543
لوازم تیلر کلتیواتر,8081615,7206351,7855730,11796792,12075125,2644760,4992091,8890264,2829818,876180
لوازم جانبی دستگاه فشار سنج,205704,7033494,164440,423594,8229567,8322332,1085000,10194342,7294075,5715433
لوازم جشن تولد سگ نگهبان,1915931,932430,4241459,11398900,10290622,10836611,505309,4013119,2255843,9588832
لوازم حانبی ماشین اسلاح,9151144,9037666,4304088,6237630,7437726,5062268,7220792,8607412,9180751,6365957
لوازم خانگی برقیمدل,4880002,349945,2140580,343631,5175141,1753907,2710840,6372064,1563662,15126651
لوازم رابط,7535129,11796792,2774450,15111410,3525340,12639452,12686779,14655793,1786026,14554576
لوازم سراتو سایپا,4249152,827879,15380581,7899721,2094664,9970279,7334223,3757788,12456849,4607814
لوازم شارژ باتری موتور,5752183,2793469,6278780,2982373,2813183,3073354,4496008,3633322,7200364,2431669
لوازم غذا ساز,2781637,841622,12884433,5419091,3184295,9036871,15126651,7256141,7294075,51529
لوازم قفل سازی,4416503,9289318,4238936,7367140,552570,1868597,1539493,3493675,2817194,528137
لوازم لنت عقب 206,161971,5252970,867374,9938759,5506836,13784427,4972133,1999745,5620278,9599582
لوازم موتور جت رو,6593274,7352353,13593631,4569840,6647088,2226267,9126823,11443530,10456796,3125401
لوازم مکانیکی برلیانس,7500979,5388918,1593759,2351888,1999745,887927,12773173,16758435,1713760,4535049
لوازم میوکی ژاپن,14954315,16522900,12189253,14096783,10235306,9126030,11796792,12075125,2644760,4992091
لوازم ورزشی آریا,2858237,7161046,2414238,7766544,368743,6828779,7662665,131330,6914027,6129113
لوازم کادویی,10100862,1126407,8143983,11796792,12075125,2644760,4992091,8890264,2829818,876180
لوازم کاستوم‌ پژو۴۰۵,9389490,4122899,11152849,11701479,11462466,13401431,12117030,13968154,11477248,11777886
لوازم کوهنوردیفوم زیرباسنی کوهنوردی,5562610,367085,6868419,765174,178772,5264549,8329320,5201501,5337932,10205466
لوازم یدس,11796792,12075125,2644760,4992091,8890264,2829818,876180,12920328,5843481,8648012
لوازم یدکی کیلک,10221846,11270596,10639005,4897005,8949433,8799078,2140580,7365891,8230805,5175141
لوازم.  دیکس و. صفحه والو. سبز,3703067,8895878,4122325,1934531,4117537,9980588,1490799,722139,4937291,557051
لوازمارایشی,100000,100000,100000,100000,100000,100000,100000,100000,100000,100000
لوازمهای کیوت,11266930,12536422,14757686,10378996,11705624,13929076,15367789,6632614,12549450,11510141
لوازم‌آرایشگاه‌مردانه,5776870,6103339,1017460,10635917,7108756,1290089,11459772,606382,890570,6439769
لوازن تزئینی اکواریوم,6137952,5536763,2930956,440818,3330902,6213165,859111,1514664,1119610,2604338
لواشک به حروف انگلیسی A,8270275,1886413,4509127,2932816,6557750,6365450,10345721,11433978,1609964,2102520
لوبریکانت ایموشن,11441964,13094442,503636,848151,557013,554983,100000,100000,100000,100000
لوح تقدیز,1125449,4707082,414478,4905731,100000,100000,100000,100000,100000,100000
لوریس حجم,11441964,668165,866704,866595,524441,8702467,6600920,1662445,2428872,78001
لوستر 9 شعله,7855065,7751621,8612151,656733,3138852,494066,8612133,912476,1751242,7755176
لوستر اتلق,5883794,7855065,7751621,7435146,3922252,8612151,12055540,8573116,301003,1149187
لوستر ام کی,9285840,367703,9539928,8004738,10822302,14150938,12094251,5883794,7855065,7751621
لوستر تارا مدل مدرن کدsPB360,14929309,7435146,14055410,9928892,9285840,12453314,16537781,7947685,7947635,5883794
لوستر دور مشکی کریستالی,8573116,6766561,7311695,10676895,12830142,10229349,5883794,9540137,7855065,7751621
لوستر پادینا مدل مدرن b-ring60,14055410,7435146,9928892,14929309,9285840,8244011,2339614,5883794,7855065,7751621
لوسترسقفی برن,4578180,13525678,100000,100000,100000,100000,100000,100000,100000,100000
لوسر,100000,100000,100000,100000,100000,100000,100000,100000,100000,100000
لوسیون adra,1915493,4349344,1627097,3193420,97756,13299223,8423423,10782076,8273061,7663882
لوسیون بدن Q10,1915493,3193420,13299223,8423423,10782076,8273061,5346945,7663882,7340419,5127858
لوسیون بدن قهوه ای,1915493,3193420,13299223,8423423,10782076,8273061,5346945,7663882,7340419,5127858
لوسیون بدن پس از لزر,1590018,1915493,3193420,10782076,8273061,13299223,3257912,117147,8423423,5346945
لوسیون بعد اصلاح مردام,2085571,2893970,12663728,336717,1915493,4349344,436821,459395,1627097,20388
لوسیون ضد چروک آردن ویتامین ث 30 میلی لیتر,7494536,13715986,1715188,8023443,7657613,9171060,5249231,5127858,5111733,11241363
لوسیونم چ,100000,100000,100000,100000,100000,100000,100000,100000,100000,100000
لول خرطومی,2355599,6902874,3087141,6109414,10598469,2002493,2695413,12656613,693887,8963792
لول پژو۲۰۶,4882206,2355599,6902874,10598469,2002493,8963792,7421005,10210459,100000,100000
لولا شیشه,15830443,6245149,6805009,14009347,4375624,7568714,4587844,185902,6237630,14453371
لولای رگلاژی,8950594,3044127,10484612,14522041,100000,100000,100000,100000,100000,100000
لولزم ورزشی درمنزل,4254832,17484673,742799,6254543,8986211,1491401,5580167,1136555,11734482,7274041
لوله آزمایشگاهی پیرکس,12206234,6222747,927004,5229257,4112193,7459147,10895663,7479716,3929912,7593002
لوله خرطومی جارو برقی پاناسونیک,6109414,3087141,2695413,12656613,106999,528434,9705193,4373764,3496519,31852
لومکس هوم اسپیکر,153508,1956104,161506,626412,3533907,9252152,496498,3046384,1027368,617708
لووازم جانبی لگو,4530267,4681991,3149540,14249606,6168141,12615690,906308,11255090,8133531,216219
لوپن شاپ,11475040,6852256,6062260,11241363,681270,12818603,11046651,856277,15514508,12784245
لوکساب آب معدنی,7587921,13117448,9994533,10006431,8943078,12565176,309315,11209558,6593522,3658747
لوگو رانا,8435870,7128898,9542906,9781333,1680698,11593521,6944449,5297304,6326047,7729464
لوگوی صندوق پراید,2764863,143924,1623114,6897993,6820473,6907265,1623149,14522041,10484612,11674185
ليوان شيک,9567271,475517,899210,326100,409618,714308,13644476,5235672,12464920,4852451
لِمون لاندری بَسکِت,100000,100000,100000,100000,100000,100000,100000,100000,100000,100000
لِمون کالِرد بال ویت وَلو,75932,1818291,75912,10631178,288078,8371040,3079364,3954961,932152,1095832
لِنوُو لَپ تاپ لاک مادِل,528971,3382496,3115913,13655115,2583317,3545204,10729478,8492349,14256337,2916538
لِیرد چیلدرنز هَت,100000,100000,100000,100000,100000,100000,100000,100000,100000,100000
لپ fx507vu4,13129772,3692410,9997705,11089001,11274192,7033256,6575181,1476154,7199802,8789224
لپ تاب ایسوس 7,282863,1758713,114703,8329555,7783954,222309,7950199,11727519,9860914,10272397
لپ تاب لنوو l13,13434284,11979,227674,3388401,10639608,5149661,11152849,11701479,13401431,12117030
لپ تاب لنوو zenbook,1758713,11979,227674,3388401,13434284,10639608,5149661,11152849,13854737,11701479
لپ تاب پر حجم,4221217,11330882,2007405,7964485,13370560,14030174,9205641,14277291,9792746,59270
لپ تاپ 15.6 اینچی ایسوس مدل TUF Dash FX507ZI-F15-i7 16GB 1SSD RTX4070,13129772,11477248,10659583,10272397,9029764,13854737,12539176,11485742,10831550,12438500
لپ تاپ ایسوسG533,11274192,7033256,6575181,1476154,7199802,8789224,6460419,2144579,70798,6005120
لپ تاپ مایکروسافت 2 in,6575181,103261,13347499,14591367,108034,1132710,11112306,6906343,1801870,11274192
لپ لپ 1000,11112306,3692410,9997705,11089001,11274192,7033256,6575181,1476154,7199802,8789224
لپ لپ شانسی یوونیکورن,3692410,9997705,11089001,11274192,7033256,6575181,1476154,7199802,8789224,6460419
لپتاب  پسرانه,7338292,12126072,139696,10479854,6805910,7503155,7553658,8347785,13730026,1953988
لپتاب Zenbook,1758713,13854737,12438500,12656284,100000,100000,100000,100000,100000,100000
لپتاب اگزو,100000,100000,100000,100000,100000,100000,100000,100000,100000,100000
لپتاب گمیگن ایسوز,100000,100000,100000,100000,100000,100000,100000,100000,100000,100000
لپتاب ۵ ملیونی,5119105,13081627,1016395,13904421,2081187,10901262,1626562,1526337,7722811,8445101
لپتاپ ایسوس vivobook Pro 16X K6604,8329555,10082929,9860914,11399623,10659583,13394833,12438500,7499349,8123481,182456
لکسیون مو سوپکس,6018025,1924622,3257912,2206927,2206978,7394608,845953,3779119,8073921,4158441
لگ شتین,831292,837412,100000,100000,100000,100000,100000,100000,100000,100000
لگ هدبه,831292,837412,100000,100000,100000,100000,100000,100000,100000,100000
لگ ورزشی زنانه رنگ روشن,831292,837412,8986211,9306396,5436725,8552325,5096627,3945686,1616883,4314126
لگا اسباب بازی,17423036,7623616,12020425,7248561,2949988,17381762,17845107,17632730,10122383,363896
لگو آخرزمان,4530267,4681991,14249606,6168141,12615690,906308,11255090,8133531,216219,114843
لگو انیمیشن‌,1850055,4530267,4681991,14249606,6168141,12615690,906308,11255090,8133531,216219
لگو اوستا بنا,8719520,4530267,4681991,14249606,6168141,12615690,906308,11255090,8133531,216219
لگو خونه بازی,3369509,4530267,4681991,14249606,6168141,17085140,12615690,906308,4288937,11255090
لگو د  درخت,4530267,4681991,14249606,6168141,12615690,906308,11255090,8133531,216219,114843
لگو طرح تک,6168141,8133531,3519913,4530267,4681991,14249606,12218381,12615690,906308,11255090
لگو موتور بتمن,9680181,4530267,4681991,14249606,6800916,6168141,12615690,906308,11255090,8133531
لگو موزان,4530267,4681991,8849786,14249606,6168141,12615690,906308,11255090,8133531,216219
لگو مینی فیگرز ست آف ۳۰,11255090,4395535,253393,269306,4878943,8164385,4530267,4681991,14249606,1534578
لگو واراک ژوراسیک,4530267,4681991,14249606,6168141,12615690,906308,11255090,8133531,216219,114843
لگو یک تمنی,4530267,4681991,14249606,6168141,12615690,906308,11255090,8133531,216219,114843
لگورونین,100000,100000,100000,100000,100000,100000,100000,100000,100000,100000
لگینگ  انتی سلولیت رویین تن,13719471,12571887,14260835,6254543,14618807,7510865,10428335,1687807,7014393,6099091
لگینگ  زنانه,12571887,6254543,14618807,7510865,10428335,13719471,1687807,7014393,1130954,8513465
لگینگ زنانه مدل قزن دار,7510865,12571887,6254543,14618807,10428335,13719471,8618394,1687807,14193478,1130954
لگینگ لاتکسی,12571887,6254543,14618807,7510865,10428335,13719471,1687807,7014393,1130954,8513465
لی لی توی,4206368,14869064,10554732,8501934,10912135,2871672,703667,5063472,2297035,6323922
لیبر پرینتر لیبر زن قطر ۷,8863286,7181587,13972438,1612355,11493053,14171493,607449,1037044,7687466,11517957
لیبل زن چند کاره,1612355,7181587,13972438,11493053,607449,4164587,269248,159657,173542,7687466
لیتل بوی فور دیور,1489341,9085923,11145265,6535145,2751858,9870562,8449800,7221868,4787696,5032834
لیتیم ازمایشگاه,6222747,1695565,1710707,4355056,411103,423594,402097,12779149,7178451,3237213
لیزر دایم,8849068,5801406,6620346,165215,420475,9401053,2654791,10040160,252119,262734
لیزر زخم,691040,8849068,3500394,8004738,5801406,6620346,165215,420475,9401053,361048
لیزر طد,8849068,5801406,6620346,165215,420475,9401053,2654791,10040160,252119,262734
لیزر پویاتر,8849068,5801406,6620346,165215,420475,9401053,2654791,10040160,252119,262734
لیزرbl303,100000,100000,100000,100000,100000,100000,100000,100000,100000,100000
لیست روز ماشین لباسشویی دوقلو پاکشوما 15 کیلویی,2745451,3560024,2820325,2883420,6365957,11088610,11079523,8461297,2390325,1787492
لیسک بنایی,626446,993595,100000,100000,100000,100000,100000,100000,100000,100000
لیف,959286,173998,8348280,5809629,2182908,13853364,14333650,589134,10479698,824055
لیف کودگ,959286,173998,8348280,5809629,2182908,13853364,14333650,589134,10479698,824055
لیفت ابرو با نخ,6100632,5156672,4573008,11000524,9254514,5147969,2951264,4268583,7278168,14574080
لیفت کننده ابرو اسنس,6100632,5156672,4573008,11000524,9254514,5147969,2951264,4268583,9036295,78001
لیمونادبهنوش,100000,100000,100000,100000,100000,100000,100000,100000,100000,100000
لینگوینی,2066431,100000,100000,100000,100000,100000,100000,100000,100000,100000
لیوان  کاپ,13806512,6535331,12828494,2309977,7922395,6328220,3036527,12464920,4852451,4188595
لیوان برای اسموتی,4852451,8957086,15119159,10349066,6179465,12464920,4188595,3365847,12344937,970214
لیوان بلوری بلینک مکس,8592353,2836235,11703904,7735272,438730,12524405,10763968,12464920,4852451,4188595
لیوان دسر بلور,842976,6810342,4813925,4223170,1153188,1616592,358827,5801967,4239477,7588252
لیوان سند بلاست,9021806,1610879,12464920,4852451,4188595,3365847,12344937,970214,3701580,4088765
لیوان سیلیکونی مک کویین,12921988,9126823,1490926,3256785,6511826,9172828,1606824,6473213,7380375,753067
لیوان طرح سوتین,9984477,2365230,1616592,1924214,1802368,13710923,14193478,8618394,1651504,5413454
لیوان طرحدار,12464920,4852451,4188595,3365847,12344937,970214,3701580,4088765,1634779,8937225
لیوان ماگی  دخترانه,12464920,4852451,4188595,3365847,12344937,970214,3701580,4088765,1634779,8937225
لیوان پاشا مربعی,10088731,477045,9219719,12464920,4852451,4188595,3365847,12344937,970214,3701580
لیوان پلاستیکی در دار,970214,858476,13710923,9654161,8937225,5347598,12464920,4852451,4188595,7341089
لیوان پلیمری طرح کودک,12921988,12652333,11332174,9956072,1616592,11246513,5666089,2081512,13710923,6935286
لیوان چایخوری  ژاپنی,10571974,74126,6631597,12170505,6240267,13350642,13568527,12464920,4852451,4188595
لیوان چوبی مدل مصطفی,5787400,12464920,4188595,3365847,12344937,3382701,4852451,881664,3701580,970214
لیوان‌کوهنوردی,5562610,367085,6868419,765174,178772,12464920,4852451,4188595,5264549,8329320
لیورپول قاب موبایل نوت ۱۲,14523169,14474135,14354432,11859577,13490588,11091270,12686696,13583240,12686691,12077629
لیونل,10960016,5836054,9235558,7836291,9862935,1504928,100000,100000,100000,100000
لیپ اگروز استیل,10564473,1042971,6480772,9126478,5337670,9139656,8456500,842691,4616527,3911995
لیپ سپر .راید,1042971,9126478,10564473,6741383,1435097,8320487,8938344,4024078,8265386,6480772
لیپ گلاس و تینت,10564473,9139656,9733549,4419202,17536916,6991372,10583707,12402803,6480772,1042971
لیپ گلاش,10564473,1042971,6480772,9126478,5337670,9139656,100000,100000,100000,100000
لیپوزوفر,12717254,100000,100000,100000,100000,100000,100000,100000,100000,100000
مابع دستشویی صحت,212314,1930011,5064582,7798748,9204535,5657926,7388596,226037,7492830,16453115
ماجرا بیست زبان,16689421,351934,7257502,5130152,6994897,80316,2821156,4036533,8241013,9445237
مادربرد‌ گیمینگ,5395417,9044427,540625,11637520,11972852,723003,3424623,182456,11156752,6556217
مادگی فیش آنتن خودرو,2733023,10768868,3789041,780798,2186330,7433365,1016194,8881982,677528,393815
مادگیکابل تایپ سی رابط,4726071,537112,3497052,8532954,15104501,13838424,11591216,8882003,7478847,11677933
مارال  شت,12866264,6002837,869810,7195564,994573,772864,7251353,769936,645631,5062639
ماربل شیت بژ,16067853,7420672,10091060,10863704,10456796,733765,7545746,14574494,10375343,5258933
مارشمتلک,100000,100000,100000,100000,100000,100000,100000,100000,100000,100000
مارپیچ چرخ گوشت پارس خرر,11413824,11413479,4980704,4885876,7111030,11767162,1498412,9390573,1596265,2148347
مارک جی نی اوس جعبه بکس,1752947,7970050,7591304,12381319,10048426,5549870,2900208,765128,1004405,1699269
مارک روی موتور,765128,13887672,239854,12989817,240675,6520332,1752947,3283179,14195212,409199
مارک یوک,765128,239854,240675,6520332,1752947,3283179,14195212,409199,3307506,4595538
مارکارانی ساز,13235104,5477608,11840984,7080417,10659153,8670914,2105864,355992,663229,31644
ماری گلد ضد لک,7422589,11082522,4804096,11316620,5347226,81887,11058233,9622439,1117959,3424950
مازراتی مشکی پارچه,204321,6958247,4884947,11404306,9189518,8681180,12492669,11308874,9554045,8646801
مازیک براش,738077,1120125,455957,494731,9020454,11676603,16276244,228408,81555,6391068
ماساژور فیزیوگان,154397,4842105,537379,14059985,11572853,9935382,9652949,4452500,10190440,12522411
ماست پروبیتیک,924018,923935,3013565,14092946,100000,100000,100000,100000,100000,100000
ماستخوری فرانسوی,10085302,6479947,100000,100000,100000,100000,100000,100000,100000,100000
ماسوره آیسر,279459,2933367,9484220,7048378,10768322,80694,11626547,11275113,100000,100000
ماسک اسکارفی کلاه,1552186,3045507,4529890,8526671,3181715,13152346,5112626,3038268,3792937,5120331
ماسک اسکراب صورت خیار,1556884,4050187,6875639,9445298,10576976,15165707,1892948,9798693,980807,5425836
ماسک بازی ماهی مکرب,10122383,4276171,14109551,6137952,6856632,6840624,2442889,6166323,7388155,37948
ماسک تنفسی ریما مدل سه بعدی n95 نانو,16460001,5112626,3038268,5879916,4529890,448364,7085174,11443530,7185932,11917069
ماسک جوغده,4529890,5112626,3038268,3792937,4486514,1130511,5879916,1615286,2420241,631027
ماسک ذغال مینی استار,1585527,10744471,4974352,4653434,3498877,5004494,3498008,10338921,101056,199182
ماسک زغالی هیدرودرم,11670463,3711588,82111,2030253,2537381,82134,6843443,82034,2537376,148182
ماسک صورت جلب دریایی,1892948,4516244,3575224,6278022,10576976,15165707,9798693,980807,5425836,7009820
ماسک صورت سادور وزن,10576976,12085062,12869215,1892948,4276083,6872531,980807,5425836,7009820,4258720
ماسک صورت لایه بردا,11670463,5425836,5879916,10576976,15165707,1892948,9445298,9798693,980807,7009820
ماسک صورت پوست خشک,4319256,5948638,348422,6090847,981922,3575224,7009820,6348578,4516244,1523112
ماسک طرح,4486514,3792937,1615286,2420241,5879916,7172933,11262616,6605215,4529890,5112626
ماسک ماک فری,12099104,7386074,8483580,4869443,9759915,7808672,4529890,5112626,3038268,3792937
ماسک مدیر اسکویید گیم,7172933,7532175,18020129,6767587,1146652,2436338,2736387,5669988,11602537,12528544
ماسک مرد عنکبوتی سیاه,1615286,6070664,1972289,1984456,9664817,7384350,6865455,13151305,12145368,7785302
ماسک مو yellow,631027,267545,1585527,7925444,3777155,462996,2696929,12099104,5466028,106018
ماسک مو ارگان هایرر,7443945,6967613,7386074,7812216,1031021,4716746,9276327,631027,4598074,267545
ماسک مو بدن آبکشی,502892,631027,267545,1585527,7925444,3777155,462996,2696929,12099104,5466028
ماسک مو بدون سولفات,12099104,7386074,7142851,502892,9726998,7812216,4919301,640036,631027,267545
ماسک مو رز,14243741,631027,267545,1585527,7925444,3777155,462996,2696929,12099104,5466028
ماسک مو لای,1699269,631027,267545,1585527,7925444,3777155,462996,2696929,12099104,5466028
ماسک مو چینی,631027,267545,1585527,7925444,3777155,462996,2696929,12099104,5466028,106018
ماسک مو کراتینه دنی وان,1489994,12099104,862717,2586263,3463731,631027,13615782,267545,1585527,7925444
ماسک مو.,631027,267545,1585527,7925444,3777155,462996,2696929,12099104,5466028,106018
ماسک موی لاتنیس,81193,4529890,5112626,3038268,3792937,4486514,1130511,5879916,7118751,2776377
ماسک موی گلیسس آلمانی,14179687,81193,5171083,6994897,1035800,4529890,5112626,3038268,3792937,4486514
ماسک ورقه ای برای بچه ها,4883013,12085062,695191,12181285,13786741,6872531,947963,909536,11643040,7083260
ماسک کراتین مو مای,81193,6161401,206508,8607101,14032131,631027,267545,1585527,7925444,3777155
ماسک یا کلاه موتور,16874744,14131504,10729281,7526503,1552186,3303406,12652614,3045507,4529890,8526671
ماسکه بچه گانه,839813,1020800,2520167,173977,705153,4883013,1496004,4173214,555591,702522
ماسک‌شرابی‌صورت,10576976,15165707,1892948,9798693,980807,5425836,7009820,4258720,4276083,11670463
ماسین کوچیک,100000,100000,100000,100000,100000,100000,100000,100000,100000,100000
ماشبن اصلاح حجم زن,1641367,7457759,7612486,10088444,2971948,14608360,6803405,762996,1612355,6178212
ماشن اصلاح کیمی,8062621,4576766,5891015,14350372,13341550,13062040,16187751,1641367,12413536,436821
ماشناسورها,100000,100000,100000,100000,100000,100000,100000,100000,100000,100000
ماشين اسفابازی برقی,11572853,10691718,12522411,1098476,12083352,10226806,14467723,4262763,6996746,6507549
ماشین  happy dog,2682750,15030538,11098166,5567593,7442927,3394726,977706,13717450,1119237,287859
ماشین  حساب طرحی,1415501,833988,48961,11710108,9977919,2172851,3062509,9578637,9110721,2315399
ماشین  لیموزث,9578637,9110721,2315399,12325010,8844118,8587723,9780923,9795665,3229372,10874215
ماشین monster jeep,741130,7206667,460809,9578637,9110721,2315399,12325010,8844118,8587723,9780923
ماشین vgr071,9578637,9110721,2315399,12325010,8844118,8587723,9780923,9795665,3229372,10874215
ماشین آهنی فرد,1590579,5516951,8833060,9067793,13717126,3875716,6928475,2022697,4624691,9578637
ماشین اتوبوس برقی کتلری,9578637,9110721,8844118,11461063,8563832,8388933,8638611,11572853,10691718,12522411
ماشین اسباب بازی نيکو,3340204,3508632,1590579,903797,2186480,1534578,363896,3607248,2598881,2474467
ماشین اسباب بازی کوری کارسوی,1590579,903797,2186480,1534578,363896,3607248,2598881,2474467,7437726,17423036
ماشین اسباب بازی.کنتورلی,1590579,903797,2186480,1534578,363896,3607248,2598881,2474467,7437726,17423036
ماشین اسباب بازیپراید وانت,10357165,1545300,14425994,1590579,903797,1534578,2598881,2186480,363896,3607248
ماشین اسلاح سر وبدن وی جی ار,8913462,4951030,6286333,10204601,8134613,4874339,7016098,7886575,4238561,4408025
ماشین اسپورت 3تاکسی,10874215,10308844,172501,10218962,172516,10324772,6720261,9578637,9110721,2315399
ماشین اصلاح vidas,459395,436821,7118751,20388,2776377,9119757,3283603,7220792,8607412,3115325
ماشین اصلاح استایل کراف,459395,436821,7118751,20388,2776377,9119757,3283603,7220792,8607412,3115325
ماشین اصلاح موی صورت,2776377,9119757,3283603,12407843,8368529,8062621,9547970,2746114,12114587,12541409
ماشین اصلاح کیمی 2024,8062621,4576766,5891015,14350372,13062040,13341550,16187751,1641367,459395,436821
ماشین اصلاحی مو,9578637,9110721,2315399,12325010,8844118,8587723,9780923,9795665,3229372,10874215
ماشین اندیس خط رن,6868438,4260936,7612486,9563541,8773872,7359906,311168,7451748,7407164,90288
ماشین بازی راهسازی مدل چشم دار,10742673,12325010,10094197,741348,3894943,8844118,7455828,2315399,472306,9110721
ماشین بازی مدل فلزی کامرو شولت,13970748,11315279,9761470,14425994,10546897,5062268,10725406,10426374,3894943,8844118
ماشین بازی مدل کامیون خاورباری,9239327,9761470,6511826,7224717,719750,4887025,7061153,3894943,8844118,7455828
ماشین بازی پیچ و مهره ای,8435633,2911194,3871488,1117102,5395458,10446405,2315399,14479735,11622728,4887025
ماشین جک,6099091,12094251,8187878,7521904,744279,411197,1029673,12441836,7079570,13827543
ماشین حساب مدل Kenko CT-8875-120,1415501,833988,48961,11710108,9977919,2172851,2077105,267436,3062509,10035800
ماشین حساب مهندسی CATIGA,9977919,1415501,833988,48961,11710108,2172851,230499,3062509,12771801,7142852
ماشین خط زن 5027,7612486,16187751,1641367,14608360,10088444,13080701,10742490,1539197,6803405,762996
ماشین دو زیست چینی,4301652,852735,3423831,126688,7060891,4385504,191291,91690,2643710,2708994
ماشین دوج چبنجر کنترلی,9772137,8069225,9010242,5599387,12673984,2969602,6167628,10094197,11755118,4057964
ماشین را مبرگین,236664,6577298,37471,1453439,4798605,4499363,13344446,16879368,3820358,2811495
ماشین ریش اصلاح,900405,785436,459395,436821,7118751,20388,2776377,9119757,3283603,7220792
ماشین ریش تراش ۳۸۷۰,900405,785436,826270,2842597,1573576,8328373,4622727,14074201,11266930,12367945
ماشین سگهای اسکای,11274553,3548785,3204480,7127873,14274757,4131783,1433075,5951127,3250261,3021411
ماشین شارژی نگاه,11462164,12817900,752270,2816145,11289120,5199389,3723264,3303655,9214840,3021310
ماشین شارژی کامیون تریلی,11381904,9239327,4336838,719750,9761470,6511826,7224717,4887025,11462164,7061153
ماشین ظبفسویی,9578637,9110721,2315399,12325010,8844118,8587723,9780923,9795665,3229372,10874215
ماشین ظرف شویی مارک بوش,155792,8817686,3289173,13715232,7379172,790252,14115658,15873939,6293939,1077019
ماشین فلزه بزرگ خارجی,655912,665130,8581051,7783378,6924312,3705686,73619,1099886,714308,159054
ماشین فلزی بوگاتی,13808680,1711642,11315279,13970748,5062268,1879618,9761470,5772738,14425994,10546897
ماشین فلزی تبیعی روز ریز,11315279,13970748,5062268,9761470,14425994,10546897,10426374,2643710,7833858,4188595
ماشین فلزی تراکتر,11315279,13970748,5062268,9761470,14425994,10546897,10426374,10909098,10542440,8073921
ماشین فنردار,6348516,8448015,1610096,9578637,9110721,2315399,12325010,8844118,8587723,9780923
ماشین لباسشویی اسنوا سری واش این,12310412,8367425,9065602,1624566,11217197,5900930,9151144,2607850,6237630,8319122
ماشین مساوقه ای,5395458,4887025,2315399,10546897,12219863,3218216,11289120,2969602,695191,13084003
ماشین مکویون,9578637,9110721,2315399,12325010,8844118,8587723,9780923,9795665,3229372,10874215
ماشین میوه فروش,1723654,11088610,8465932,213423,5428339,2399631,2736387,3002651,6154135,12688957
ماشین های مینییاتوری,12325010,2255843,3607248,20388,6154135,5199389,3723264,436821,15514368,5785486
ماشین پلیس کونتوری,17223962,8369135,11755118,3358668,3127877,8483580,12529474,12349726,9101986,10338921
ماشین کنترلی bmw M3,286453,11809430,8069225,8481263,5599387,12673984,2969602,6167628,10094197,11755118
ماشین کنترلی آ فرود سیم دار,10094197,5599387,2969602,6167628,4057964,12817900,2510748,741130,8069225,12673984
ماشین کنترلی درف,8069225,5599387,12673984,2969602,6167628,10094197,11755118,4057964,9573506,11461063
ماشین کنترلی دی ۷,3191506,8069225,5599387,12673984,2969602,6167628,10094197,11755118,4057964,9573506
ماشین کنترلی کوه نورد,8069225,5599387,12673984,2969602,6167628,10094197,11755118,4057964,9573506,11461063
ماشین کننرلی شارژی,11462164,12817900,752270,2816145,11289120,5199389,3723264,9214840,1484777,4983869
ماشینک فلزی لیموزین,13970748,3894943,11809430,8437015,10909098,10542440,8073921,6107200,9577321,349671
ماشین‌حساب کاسیو,833988,48961,9977919,1415501,11710108,2172851,2077105,302711,7293379,43497
مالت گربه پنیری,6443123,7431580,10804858,10270309,11345949,6236121,3768855,3540612,11795283,3582917
مالتی پیس وال آرت,7788990,7220792,9180751,7559080,7142116,11248112,3899381,15937518,5929763,8595642
مالد سیلیکونی ریز,9995554,7833858,3693404,616505,8735420,2667217,6944449,927134,11423934,17154107
مام telegram,3165952,510582,14409552,1144060,5849669,7471158,12587156,17825988,2230751,100000
مام بهداشتی لجن,9680638,3165952,14409552,5849669,7471158,12587156,17825988,2230751,10960911,12124805
مام تعریق سورملینا,12550978,8503036,3165952,14409552,5849669,7471158,12587156,13024773,17825988,8244011
مام فیت مردانه,17825988,14409552,7471158,12587156,3165952,7591916,5849669,4089442,551022,2230751
مام ورول ضد تعریق,13024773,8244011,8935796,510582,1790557,608796,76982,80708,4509716,126151
مام ۴۸,3165952,14409552,5849669,7471158,12587156,17825988,2230751,6562690,9789567,14150938
مامتو شلواراداری,100000,100000,100000,100000,100000,100000,100000,100000,100000,100000
مانتو دخترتنه,1356028,11434759,467853,7873366,13297002,9189518,13942522,832442,13080701,9098218
مانتو شلوار جنس مازراتی با قیمت. کم,9189518,8681180,11404306,4884947,12492669,11308874,6104166,11157453,7949157,14799817
مانتوباطرح خرج کار,10708778,1056100,1921465,2983747,944925,8527470,6613130,2714257,3841557,96819
مانسترز اینک,100000,100000,100000,100000,100000,100000,100000,100000,100000,100000
مانع ورزشی 30 سانتی,889145,1467510,9465784,877357,12737686,1548670,2119099,12126126,9086223,3998803
مانيتور شياومي,117414,7519991,9234149,10337868,9970465,4114392,12654808,8923897,5424291,6394442
مانکن طلا و جواهرات,12605493,15211028,876629,2152938,9898703,8578896,2584210,11008436,776391,2342736
مانگا پرتقال انتشارات نگاه آشنا,12380068,11424616,7480008,11435290,3255019,4005690,2998855,3324198,3019317,5181784
مانیتور  خمیده 19 اینچ,9970465,8923897,6946094,7577059,441847,7519991,797440,10337868,4114392,12654808
مانیتور LG سفید,12654808,6394442,9660030,6327689,6135735,6940473,9659575,13944827,11968525,704354
مانیتور ایسوس مدل VS197DE سایز ۱۹ اینچ,9970465,4114392,7519991,8923897,17249634,5424291,6394442,12956830,10403857,10453614
مانیتور دوربین عقب,2254486,9759915,3294846,8940522,2398151,7519991,9234149,10337868,9970465,4114392
مانیتور شائومی,7519991,9234149,10337868,9970465,4114392,12654808,8923897,5424291,6394442,12956830
مانیتور ماشین رنو,13072594,7519991,3352967,2963053,9234149,10337868,9970465,4114392,12654808,8923897
مانیتور پژو 405 سینه قدیم,11982551,4855889,9614779,1467744,6984499,7814413,7504341,17637807,1967953,8133604
مانیتور کوچک دسته دوم,3786675,48961,449375,7519991,954655,9234149,764128,10337868,11476645,156181
مانیتور ۲۰ اینچ,10453614,7519991,10337868,9970465,1085299,4114392,12654808,8923897,5424291,6394442
مانیورمانیتور,100000,100000,100000,100000,100000,100000,100000,100000,100000,100000
ماه ضد جاضبه,6211018,9943934,11305219,10467229,5248502,5228491,4428968,14985956,15961661,12530933
ماه چرخان,336184,6211018,9943934,11305219,10467229,5248502,5228491,4428968,14985956,15961661
ماهوت gameboy,10015577,10892772,10353248,10886566,9917706,11843053,10240877,11668574,14540484,607269
ماهک دنده پژو,1683860,2132669,5505856,172702,14973035,7275002,15470725,9220073,541156,13526092
ماهیتابه سفالی گمج 5,12780647,5551207,9662450,4829705,11097713,11618796,9872192,14004847,6839209,2523184
ماهیتابه مستطیل,5551207,15118188,557051,5594411,13081614,12253819,5025977,10448004,7970050,2811367
ماوس tsco tm700w,7983566,416524,2505460,2457634,2960094,9080322,7501115,7797377,8387799,224150
ماوس پد طرح شطرنچ,2505460,2960094,7797377,8387799,8376289,12057211,8355169,7799753,3221015,3436271
ماوس گلوریوس مدل و,7983566,416524,2843881,2505460,2457634,2960094,9080322,5705932,7501115,7797377
ماوس گيمينگ,3283613,7871032,4108899,6575622,7983566,416524,2505460,2457634,2960094,9080322
ماوسبا ترح جی تی ای وی,5165393,15445255,12921491,870719,14793780,13311541,696912,8996201,1032531,12782977
ماژوررآمپلو فایر بلوتوث.,3260451,7611671,12662591,13883838,7355145,264920,7789659,136984,4498563,4787696
ماژول usb به c,14655793,594097,14554576,597980,1780247,11715513,12722869,8684709,299983,486417
ماژول آمپلی فایز,2662413,4682127,7684242,3260451,8497653,2753235,8215692,8053291,8488755,7611671
ماژول افزایش دهنده جریان,8938359,3539005,1029723,4433459,566235,587773,10571125,3291393,9843525,6560493
ماژول افزاینده ولتاژ 3 به 220 ولت,10911730,5190712,3815621,16736391,13140565,15030538,4882532,4738948,10238864,3500477
ماژول امپلی فایر xh,2662413,3260451,8497653,4682127,7684242,2753235,8215692,8053291,7611671,12662591
ماژول بلوتوس فلش,7422785,8976137,4522712,2715002,213731,11236294,4049465,2617328,1792412,9436586
ماژول بولوتوث مدلm18,4738948,6323457,6225235,2007653,5752183,2050108,1710707,8033632,2662413,2610567
ماژول دوربین \\,2007653,2608056,3437,401,7631473,1705521,2992,8616655,4738948,6323457
ماژول شارژ باتری دوسل,5752183,6595766,3269498,10388910,2982373,4106766,2813183,3073354,4496008,3633322
ماژول محافظ شارز ۳ سل,10388910,798880,3876588,6394152,356415,16736391,8599363,4213518,5145077,392658
ماژول کنترل دور سنگ فررز,3378054,6595766,3255182,1710707,7204175,6905118,10457347,11196611,10947891,10894781
ماژول کنترل شارژ باطری دیجیتال,1710707,6595766,2432359,2610567,5752183,1695565,732295,2007653,4106766,3378054
ماژول یون,4071139,4934866,629090,3048569,1613260,5547350,3073354,4496008,7200364,2431669
ماژیک راندو طراحی دفتر حرفه ای,15233659,4800187,89045,7359572,9873944,7573974,11142656,4917457,431738,10414946
ماژیک علامت گذار جوهر دار,12552785,1139189,11625433,6586909,1454931,15115273,14182497,2529919,11716692,2993408
ماژیک قرمز,1139189,2993408,15233659,4800187,11625433,6586909,8242042,14182497,6562690,2495603
ماژیک لکه بر چوب,1429669,15291449,1863310,4354296,6448482,2970399,1443880,10360223,12691832,1139189
ماژیک هایلایتر پاستلی,11625433,15115273,3955299,4039824,3042739,8180402,3400272,1139189,9729341,2993408
ماژیک وایت برد بسته ۱۰۰ عددی,7732009,8242042,4126650,6851000,61133,15233659,6586909,12654232,14182497,6611660
ماک حرارتی به اسم مریم,13829781,14771408,9759915,3320896,15094280,14985370,7174637,7866463,8483580,4869443
ماک خودرو چای ساز,365831,6793934,27857,10832056,3414388,3560857,9759915,8483580,4869443,3724793
ماکت GLX,1006732,5044079,9780923,9578637,8587723,7451334,378114,6958247,7997432,8849022
ماکت ادم,11255090,8833060,12926669,7533618,9567048,5223293,2585994,9780923,9408316,6928475
ماکت اشب,9780923,9578637,8587723,7451334,378114,6958247,7997432,8849022,4119072,5062268
ماکت اموزشی کره زمین,2175053,2682769,7066144,11214778,6567845,3150946,6427221,6099272,7197181,4526837
ماکت تغر,9780923,9578637,8587723,7451334,378114,6958247,7997432,8849022,4119072,5062268
ماکت دکوری ماشین  فلزی بزرگ,5062268,10426374,2037615,11315279,8849022,4119072,9516763,7121841,12446754,5076264
ماکت دکوری مجسمه ازادی,2714257,563506,8849022,4119072,5062268,9516763,7121841,5076264,8054296,1496743
ماکت فلزی,5062268,728026,10426374,11315279,9780923,10909098,9578637,8587723,10542440,8073921
ماکت ماشین شوت,9780923,9578637,8587723,12325010,6958247,8304319,10728359,7997432,11381904,8837723
ماکت ماشین عروس,8437015,9780923,9578637,8587723,12325010,6958247,8304319,10728359,7997432,11381904
ماکت ماشین کاغذی,9780923,9578637,8587723,12325010,6958247,8304319,10728359,7997432,11381904,8837723
ماکت ماینکرافت,11610413,13149005,12122174,16374936,14308846,15128623,16546620,12218381,12499229,11960134
ماکت ماین‌کرفت,7386074,15491261,9780923,9578637,8587723,7451334,378114,6958247,7997432,8849022
ماکت پیکان قرمز,9839290,11132726,4823722,1094947,11246905,9780923,5146566,4862377,2914569,6561991
ماکت کوینگزد,9780923,9578637,8587723,7451334,378114,6958247,7997432,8849022,4119072,5062268
ماکت کیک تواد,9516763,7121841,619874,6748998,757630,1808733,2712971,2841404,9953477,795328
ماکر وفر,8474909,100000,100000,100000,100000,100000,100000,100000,100000,100000
ماکس  ابر قهرمانی,13134598,855992,58469,7259511,9879245,9586161,8654862,8218297,5097503,478133
ماکیتا 108,7384712,115561,104706,8976805,115676,155708,217019,104851,4974352,6436119
ماگ  دخترانه کیوت,14757686,6632614,13079048,13907283,7728180,13929076,13200706,13113689,13982222,13727848
ماگ  سرامیکی مدل ابر,14793930,13202104,7434292,7779143,6596564,15216852,4855941,7951437,15197364,7279314
ماگ  گوجو,15014161,15216852,4855941,7951437,12563933,14793930,15197364,7279314,14822087,13742531
ماگ آقای توکلی,15216852,2675756,4855941,7951437,14793930,15197364,7279314,14822087,253294,2725162
ماگ اسم النا,16302939,14821528,15761801,14771408,15094280,14985370,15063745,14814069,15011240,3047128
ماگ اسم ریحانه طرح دختر زیبا انیمه ای,14821528,15761801,14771408,15094280,14985370,3178498,15063745,14814069,11618181,7434292
ماگ انیمیشن hazbin hotel,14952371,15216852,4169526,9647975,91338,4855941,7951437,14793930,15197364,7279314
ماگ بزای معلم,15284231,4188595,15216852,10974940,4855941,7951437,14793930,15197364,7279314,14822087
ماگ ترید,15064964,15216852,4855941,7951437,14793930,15197364,7279314,14822087,2725162,2205733
ماگ تولدت مبارک فانتزی,15216852,14793930,15151289,7728180,9879686,3519402,10462829,4855941,7951437,15197364
ماگ سرامیکی طرح اار,14793930,7434292,6596564,13202104,7779143,15216852,2725162,14821528,15284231,15761801
ماگ طرح اسموتی نی دار,15119159,6179465,6202050,6596564,8639614,15216852,10349066,847401,10891485,14793930
ماگ طرح جی تی ای 4,14793780,14829839,13311541,15445255,5165393,8996201,11781259,7974645,13742861,15216852
ماگ عاشقانس,15216852,4855941,7951437,14793930,15197364,7279314,14822087,2725162,2205733,14821528
ماگ فخرین تاج,10460461,15216852,649278,9715350,4855941,7951437,14793930,15197364,7279314,14822087
ماگ وزیر لیوانی ست با نی,15094280,14985370,15119159,6179465,16302939,1004405,6202050,1752947,10048426,5549870
ماگ کلاسیک,9980686,15216852,4855941,7951437,14793930,15197364,7279314,14822087,2725162,2205733
مایع جلا دهنده فیری,13361536,708695,772045,765929,5109437,10618588,9632153,1930011,5657434,5064582
مایع دستشویی herba,1930011,5064582,7798748,9204535,5657926,7388596,226037,7492830,16453115,212314
مایع دستشویی هوم کلین,7798748,1930011,5064582,9204535,5657926,7388596,226037,7492830,16453115,212314
مایع زد جوش,13947570,12094112,8553660,4293858,6480772,549702,8595427,1037044,13322258,5128268
مایع شستشوی لوله توزن,407841,14333650,503450,10479698,722464,6566208,3929912,11474073,384784,7593002
مایع ظرفشوی هومکر,10618588,9632153,1930011,5657434,5064582,14197726,6935322,12680721,10564473,10554732
مایع ظرفشویی پریل برای ماشین ظرفشویی,5109569,470839,13361536,7729879,14089147,3941575,7642446,1787492,5140827,112897
مایع لباسشویی نویتکس,7455621,123428,17088276,7952832,13981378,123445,123821,10340370,9151144,11070523
مایو,12216494,12673941,8259371,10810602,100000,100000,100000,100000,100000,100000
مایو دخترانه ال او ال,8259371,10392705,4209856,5006635,2949988,8931782,9139656,1425618,3060898,12424201
مایکت کتاب,7819879,14049507,1110715,76284,12939298,449375,4311087,10262137,4310710,2563598
مایکوویو اون,10958076,943809,8180441,9782682,9753199,3351225,12601366,4630447,7268050,9665329
مبانی روانشناسی بازاریابی,38249,5060451,1021135,7249192,11974298,2085875,2969986,2941363,3624415,229817
مبایل a03s,9627385,8912525,6997202,7944333,13692930,6617664,6732562,100000,100000,100000
مبدل usb type c,14655793,1786026,14554576,356829,129688,3189403,7954211,7402345,430761,597980
مبدل برق 12 ولت جوشکاری,12866328,9877466,10082054,913351,7505141,9706010,5190712,2932463,8469468,12385632
مبدل برق تیراژه,8348768,5148230,168962,199623,778290,8601542,895757,2932463,12866328,653921
مبدل تایپ سی به hdmi,9609031,784374,2102520,828267,508989,537112,10078839,7954211,2533972,594097
مبدل جک ۳.۵ میلیمتری گیمینگ,7484546,1874610,1770372,3189403,10519102,744279,780798,9986629,3207817,4479388
مبدل دسته ps5,5422646,3904662,6843702,9561839,1505093,7998713,14494381,4528853,14318780,5077335
مبدل دوشاخه به usb,14655793,14554576,299983,852676,538062,594097,7563445,356829,2533972,1868597
مبدل هارد ساتا ۳.۵ اینچ,7117020,2100257,2817194,1874610,11163786,1770372,3189403,25948,196351,2458871
مبدل پرتابگر فرفره های انفجاری,12533213,11340226,5762765,7293937,7775792,9513525,10952084,7708987,10022247,9422675
مبدل ۳ به ۲ پریز,895757,1874610,8601542,1868597,2533972,1770372,538062,975028,2102520,508989
مبدلusb-cبه hdmi,2663954,784374,2110057,4934765,566235,9609031,8206556,7954211,1744686,9943533
مبدلیو اس بی تایپ سی به یو اس بی 3,7715987,5128268,7855730,451234,9439931,632362,7396534,3536591,5921549,372161
مبرد r12,7420512,4905582,10688816,100000,100000,100000,100000,100000,100000,100000
مبل ال تن اسای,12536601,15457903,6142220,3981709,5385015,11227268,2970399,16752010,6099091,12571887
مبل انا السا کودکانه,12939298,15457903,503587,6142220,6554716,3981709,5385015,11227268,2970399,16752010
مبل بچگانه ی دخترانه  بزرگ,3266048,9668361,3981709,5385015,11227268,11997584,7338944,7431446,9371896,3859880
مبل دورسا,15457903,6142220,3981709,5385015,11227268,2970399,16752010,7142412,385521,9668361
مبل مینیمال,15457903,6142220,8984751,3981709,5385015,11227268,2970399,16752010,7142412,385521
مبنی اسکارف بابونه,8392989,1490799,1117985,1115222,9004357,7878975,9570967,9740618,11723131,12647727
مبوه حوری,100000,100000,100000,100000,100000,100000,100000,100000,100000,100000
مبکروفن کامپیوتر,3634502,10015130,222871,114628,7959507,3830917,7518006,8290347,3778682,6860798
مت گربه سیلیکونی,860740,7415834,9299039,3098779,7438049,12096837,7400579,8084947,6236121,3768855
مت یوگا سبز,9299039,860740,480704,12593661,5317448,7415834,3098779,7438049,12096837,3703067
متال پراید کار,6535464,2742221,5005362,10708778,1056100,1921465,2983747,944925,8527470,6613130
متر دنلکس,9870377,9893926,732295,10472470,13150307,4178453,13977264,6463431,2092880,10035110
مته خزینه چوب,13342314,13991427,11364232,10985094,14220422,5005362,14128745,9976901,9267983,7918511
مته سایز 5میلی متر,9201179,10985094,9201855,4227976,13342314,11364232,5188734,5055853,2832628,11207628
مته کاجی کبالت,1465601,17060887,10985094,14128745,2580767,15297206,11727101,9201179,14220422,5005362
متهذقلاویز,100000,100000,100000,100000,100000,100000,100000,100000,100000,100000
مثلت خطر,10999616,913646,3698986,163489,1864688,984865,5347861,172464,4096476,8607726
مجسمه metallica,4784234,8083708,6774181,9103834,3200931,4416503,16336108,5077679,2745154,2983747
مجسمه ارواح جنگل شب تاب,16336108,14030174,14277291,59270,719225,7228514,5366234,6875862,1585425,12905727
مجسمه بانوی رقاس,8083708,6774181,9103834,3200931,6823208,4416503,16336108,5077679,2745154,2983747
مجسمه رونالدو,8083708,6774181,9103834,3200931,4909407,4301569,4416503,8988978,16336108,5077679
مجسمه زحل,10538870,8083708,6774181,9103834,3200931,4416503,16336108,5077679,2745154,2983747
مجسمه سفالی برای اتاق خواب,12780647,8630516,12536422,10229247,5664068,17024812,4902284,5698096,598780,9098249
مجسمه سگ ژرمن,11440285,8232328,10836360,8083708,6774181,9103834,3200931,4416503,16336108,5077679
مجسمه پولستر,8083708,6774181,9103834,3200931,4416503,16336108,5077679,2745154,2983747,10860899
مجسمه. GTAV,14793780,7355040,8083708,6774181,9103834,1863815,3200931,4416503,16336108,5077679
مجلات دایناسور ها,12213156,13416734,8841456,7503155,12367945,96720,3143872,11856664,7417994,12991404
مجله انگیلیسی,224913,96720,11727269,8169681,7290919,100000,100000,100000,100000,100000
مجموعه آجار,8472321,9364733,79769,2644760,2381178,990229,3628688,5126221,850094,2924365
مجموعه ابزار باس,11697377,9364733,10877804,8069248,9687309,12381319,15114356,6787990,13003487,13237524
مجموعه دسته راهنمای 206,10519748,4251149,5300288,8112340,2883024,15222255,16432146,9567166,3901307,230235
مجموعه رنگ امیزی,12564077,11002739,3490666,1560727,12398854,7290919,354554,12939298,3068626,8935597
مجموعه قاشق و چنگال سفری,3553844,1571215,2779773,9631589,6458182,198120,10116615,777144,2268047,2531210
مجموعه لوازم جانبی,2644760,8648012,12558946,8206472,9739030,8054249,7220792,8607412,6460839,10725406
مجموعه لوازم پنچری,2644760,2829818,12558946,8648012,8206472,9622549,3125401,2189600,3687236,3549446
مجموعه نرم‌افزاری پرند,112409,2924365,990229,850094,572070,13300475,8667904,7541003,6734083,9289318
مجموعه کتاب زبان کره ای ویتامی,38243,6994897,11352263,4515403,2821156,42991,4036533,2623326,6575460,80316
مجموعه کتاب های راه روشد,13547574,7392121,1021135,8256175,351934,2860902,5782821,702401,12656609,10108553
مجموعه۵عددی صفحه فرز,13898090,9502262,8685101,11721766,186067,500264,2787116,6107282,202375,6712244
مجوعه تم تولد,10463434,9588832,11416165,932430,6460839,3471063,9101986,2710686,3722468,2813339
مجیک کار چهار چرخ,8897333,5401454,11455279,1801937,10277141,7556757,11655097,1505003,10583707,961448
محافظ a15,14503393,14771158,14053116,14233395,14096721,15514508,842691,14023845,65292,14299332
محافظ برق ای پی,5182103,1511968,10715109,10706737,1071003,5890764,511859,2351415,4418268,4354964
محافظ برق با طول کابل 3.5 متر,3053607,1526337,744279,1029723,883904,11380114,3592513,2663954,2110057,9174362
محافظ برق چهارراهی بدون سیم,7185607,467306,1511968,1071003,5890764,2351415,4418268,4354964,3689934,4908919
محافظ دربین a21s,3250216,8603573,11324355,6223712,4455409,12387752,11633539,5517534,8118530,10852536
محافظ ده آمپر,14037723,12844284,13003541,12628551,5880436,12673403,190151,5890764,8287444,9604701
محافظ دوربین گوشی ایفون ۱۱ پرو,3202092,15114451,14632331,12662620,8824918,10739849,5743903,13005877,7421150,6943614
محافظ دوربین12 پرومکس,14048694,7565868,6532707,11682472,8895120,9619427,1511968,10541057,8330682,4418268
محافظ رینگ پژو,2230780,7961102,8533328,2906755,959932,1967953,4836859,1115423,5282679,4911290
محافظ ساعت rt3 LS04,6436136,3532676,2349276,7602522,2044033,9260208,15152033,6423408,10201008,10416315
محافظ ساعت هوشمت QCY GT2,12838592,11648685,12702443,3532676,2349276,8882003,7602522,2044033,9260208,15152033
محافظ سیلیکونی ظرف شویی,8817686,3289173,14295812,12235594,13129724,13715232,7379172,790252,14115658,15873939
محافظ صحفه نمایش بدون حاشیه ساعت هوشمند,3532676,9260208,15152033,2349276,7602522,14638569,10011361,6423408,17013373,8669736
محافظ صفحه s8 plus super d,983860,4909879,4970277,5258935,11682472,10984536,9013302,7844091,11662286,8255288
محافظ صفحه ال ای دی ۴۲ ال جی,13944827,8391550,21010,1850809,8589271,12775216,12775091,12775139,14608132,17073474
محافظ صفحه ساعت هوشمند سامسونگ سری ۵,10416315,3532676,11910905,2349276,6423408,12821837,12506774,9260208,15152033,10901262
محافظ صفحه ساعت هوشمند مدل کیو سی وای gts,11217836,12686619,15030810,10661112,7230405,8313097,11591625,13287099,8532954,14093711
محافظ صفحه ساعت هوشمند واچ شش,14638569,10416315,10201008,14911876,9475069,3532676,9260208,15152033,2349276,7602522
محافظ صفحه شخصی سامسونگ a32,6841147,4531915,8521561,14050144,10889500,6836434,7944449,8641948,5547436,6064579
محافظ صفحه نمایش note 10pro,8582515,8368358,228268,11479607,7988240,13415140,8986359,3265733,2006069,8122684
محافظ صفحه نمایش s8+,7844091,983860,6778960,14608010,3174737,8267393,3055781,11313296,12937088,8370228
محافظ صفحه نمایش امنیتی سامسونگ a54,12078666,11662286,12310720,11215544,11498020,8370228,9520545,7406081,9005713,7600535
محافظ صفحه نمایش اپیکوی‌iphone 11 pro max,10739849,8824918,11808436,7652099,9022790,9686380,4016639,9679149,4835505,4263453
محافظ صفحه نمایش ساعت ultra,10386289,10201008,14279802,11578992,14050066,14088436,13654751,3265733,8521561,8330682
محافظ صفحه نمایش ساعت هوشمند redmiwatch 3,12402554,10201008,3532676,9260208,15152033,2349276,12821837,14638569,7602522,10011361
محافظ صفحه نمایش ساعت ۴۹ میلی متر,3539343,9636699,3532676,9260208,15152033,2349276,9788708,7602522,14638569,10201008
محافظ صفحه نمایش شیشه‌ای Privacy گوشی Poco x5 pro,14267015,12254764,13393924,10947201,11405801,14162875,14151404,11594759,13875404,8255486
محافظ صفحه نمایش مناسب گوشی Radmi note 10 5G,5575585,11808436,8582515,8986359,14586070,6582907,8366074,12956281,11715788,8337213
محافظ صفحه نمایش گلس شیائومی نوت ۸,7988240,8122684,8111206,11932695,8368358,13415140,8366074,8986359,14348441,11500217
محافظ صفحه نمایش گلکس واچ ۶,8934618,9636699,14638569,9788708,10201008,10416315,13897697,9619427,14911876,8267393
محافظ صفحه پوکو f4 gt,8716143,9039614,9515946,2787116,7577059,8267393,11682472,3055781,11313296,12937088
محافظ صفحه گوشی  A54,11498020,12078666,11662286,12310720,11215544,8267393,7565868,11313296,12588138,6532707
محافظ صفحه ی اتو,14220127,1733557,8411265,8607101,8207871,752022,10082671,9896560,7808672,609325
محافظ صفحهگوشی zte,1054369,7565868,6532707,11682472,8895120,9619427,1511968,10541057,8330682,4418268
محافظ فرشکاور,7565868,6532707,11682472,8895120,9619427,1511968,10541057,8330682,4418268,8267393
محافظ قابل شارژ,2813183,3073354,2982373,4496008,7200364,2431669,2128538,2726355,840410,3633322
محافظ لنز Note 13 Pro 5G,14466435,14735824,13478258,15280339,15131642,3103299,12444156,14565825,12956281,15511163
محافظ لنز آیفون 13 pro,9826102,6943614,8739501,3202092,12662620,14466435,10860775,14632331,14735824,5743903
محافظ لنز برای گوشی s23,13148210,11039212,13158377,11948548,8739501,12323073,14399184,11410958,11594759,9269104
محافظ لنز دوربین  redmi 13 pro 5g,14466435,14565825,14735824,15280339,15131642,3103299,12444156,15511163,9826102,13478258
محافظ لنز دوربین ایفون ۱۲ پرومکس,5743903,7421150,8739501,4423365,3202092,12662620,9269104,1020995,11928674,10860775
محافظ لنز دوربین گلس شیائومی نوت ۱۰ پزو,6404063,11928674,8518680,14735824,3103299,4204893,14466435,10873922,11974174,14032551
محافظ لنز دوربین گوشی note13,11948548,8739501,12323073,14399184,11410958,11594759,9269104,12659336,13148210,14466033
محافظ لنز گوشی a52s,9743158,11948548,8739501,12323073,14399184,11410958,11594759,9269104,12659336,13148210
محافظ لنز گوشی a73 سامسونگ,10502041,11948548,12323073,14399184,11410958,12659336,13148210,14466033,17210794,14050989
محافظ لنزه دوربین گوشی جی پلاس,5172876,13400232,5139942,983860,11461154,15280339,15511163,1257,9503596,7631473
محافظ مانیتور  x33 کراس,14957270,9234149,277637,2706820,14614575,4089442,3730552,12866264,14020596,10774527
محافظ مسواک گوانجو,173605,599786,12547362,74325,13300445,4825795,10110412,13300475,7291575,12407414
محافظ نگهدارنده رادیاتور پژو,9191266,3279297,2316141,1139542,6129113,1867198,8701936,1161679,7107902,1967953
محافظ نی نوش,2900208,10048426,5549870,1004405,1699269,7970050,12588319,11002739,1752947,15119159
محافظ و قاب ایفون ۱۵,12662620,13005877,13728429,13710998,13193274,13367746,15636808,4099036,11939877,10799470
محافظ ولتاژ هاردون,846685,4418268,1071003,3689934,12849009,5890764,6068180,5620250,4213518,168962
محافظ ولتاژ کولرگازی,4418268,1071003,3689934,12849009,5890764,6068180,5620250,4213518,168962,6653410
محافظ پشت گوشی سامسونگ a03core,11498020,11505940,8337213,11827932,7565868,10523198,10889500,6778960,11819855,14355993
محافظ پشت گوشی لیزری,9200738,5072040,6965505,11498020,11717667,11505940,11923642,7565868,6532707,8895120
محافظ پشت گوشی هیدروژلA25,5072040,6965505,11498020,11717667,11505940,11923642,7565868,6532707,8895120,9619427
محافظ پشت گوشی گلس آیفون ۱۱,14349114,6965505,8824918,9619427,8895120,14862524,11498020,11717667,11505940,8598558
محافظ پلاستیکی پشت گوشواره,5396489,3956659,5186840,6965505,5072040,7565868,11498020,11717667,11505940,11923642
محافظ ژله ای کلید ضبت ۲۰۷,9279663,17536916,5556727,713893,14973035,904244,749384,222399,8363035,12283138
محافظ کابل شارژ بامزه,1742756,840410,537112,10374499,708443,349244,10541057,7036283,9815559,109584
محافظ کالیبر ترمز,2211314,13069476,10974039,1434256,5506836,14604543,2906550,2533881,13784427,930046
محافظ کلید فرما هایما اس ۵,14612190,7389929,4995311,11923642,13158377,9017025,8610766,8334051,4852495,491846
محافظ کوشی کامل not 12 pro plus 5g,14565825,14523169,5922059,11091195,15511163,11087289,12956281,9022790,11079023,11808436
محافظ گاز,5305798,15659202,12779149,937913,3419880,2753599,11626600,8318946,2097496,11888964
محافظ گلس گوشیpoco x3 poro,8596417,8515925,9039614,9496468,8158169,4909879,7604444,9249898,8589271,11313296
محافظ گوش سبک,6578624,57149,981926,533697,635779,12930590,1513702,9097395,1565823,15708070
محافظ گوشه های ساعت های هوشمند,2900208,3532676,3532121,2349276,9260208,15152033,7602522,2044033,14638569,6423408
محافظ گوشی sx,6841147,11794406,5065982,3393158,5002189,7565868,6532707,11827932,14349114,8895120
محافظ گوشی سامسونگ جی ۷,14503393,8391550,1140625,9370,13947563,5172876,1850809,5139942,8589271,10148366
محافظه صفحه فیت بیت,4491368,7591916,13379612,3882961,4089442,12679268,5262595,551022,9806773,7004735
محافظه کیبورد لنوو,736488,13260836,5274977,9080322,11979,227674,3388401,6464596,13434284,10639608
محبوب بنز,7016620,7836765,134681,9736403,9586161,7393072,6174930,10306216,8587723,2816145
محرمانه یک پزشک تازه کار,9861910,4240284,6205920,757391,2202624,327247,15089276,449777,13629361,5304337
محرک رویش موی سر,7118751,9721497,1065929,5891015,7881671,8062621,6868438,9947129,9547970,14350372
محصولات بتادین,2392153,3104835,534577,4551871,558843,554983,323611,557013,557126,2448796
محصولات دلفین بهداشتی,9752877,6924312,668165,14585974,8297733,10960911,5392974,534577,4551871,558843
محصولان,100000,100000,100000,100000,100000,100000,100000,100000,100000,100000
محفظه جک,6099091,12094251,8187878,7521904,744279,411197,1029673,12441836,7079570,13827543
محفوظ برق,11145547,6575098,8884238,3471819,7591088,2160141,614287,2351415,4354964,5148230
محل عبور موتور سیکلت,7478847,1639303,996559,1476125,996546,6706357,1910538,9126936,8428516,5091908
محلفظ کابل دو عددی,10927883,11611420,2733023,1742756,11380114,780798,112379,6454319,883904,7849661
محلول تقویت موژه سریتا,11512116,14673714,15379219,476926,845953,471143,6506826,4670215,4414114,775333
محموله ترافیکی,100000,100000,100000,100000,100000,100000,100000,100000,100000,100000
محول صفرشویی داخل کابین خودرونانو,10863704,9141108,1572826,184274,996120,7670489,8381569,13196606,679366,1874039
مخافظ برق پکیج شوفاژ,7266005,3883028,9723848,9723937,3882981,9684933,12665229,5228840,1021268,10194342
مخزن آب عمودی,11140472,4479290,4356791,10793967,11151941,11945674,4658327,5075705,12688177,11758539
مخزن آب ۳۵۰لیتری,4479290,4356791,10793967,11151941,11945674,4658327,11140472,5075705,12688177,11758539
مخزن تصویه اب,4479290,4356791,10793967,11151941,11945674,4658327,11140472,5075705,12688177,11758539
مخزن رادیاتور بخاری ام وی ام 315,8893396,305573,5102788,7332407,438429,4405075,13692905,3896892,5195847,9567321
مخزن مایع دستشویی سپیدار تاک,7492830,16453115,1930011,5064582,9204535,7388596,226037,7330015,7547715,7798748
مخزن گاز، سی ان حی,12086669,6824436,8397846,14333262,7289290,7471158,11997868,4953306,14909514,8384140
مخلوط کن sanany,14925699,4897005,2407598,13126767,12900943,2850289,3952888,13085782,5685312,10434325
مخلوط کن یو آی بی,13126767,2850289,12900943,14925699,4897005,13085782,5685312,2407598,5128268,3952888
مداد بلک,13415761,14217323,2383500,14064257,11247860,14511107,7811394,368743,50792,1693740
مداد ذغالی ماریس سافت,7521513,4448013,3981124,1034808,1496743,2406262,5143645,50675,10901919,2383500
مداد رنگی 12 رنگ مدل,11247860,14511107,50792,7766544,785604,3664741,368743,1693740,5699257,11809108
مداد رنگی 48 وک,3664741,14150938,11247860,14511107,2383500,368743,50792,1693740,3548683,5699257
مداد رنگی فابر کاستل 36 تایی,161709,50792,1693740,3548683,5699257,11809108,9868374,2842595,50796,7147437
مداد رنگی فلور سنت  ۳۶ رنک,161709,7147437,368800,11247860,14511107,2383500,368743,50792,1693740,3548683
مداد رنگی ۲۴ رنگ استایلیش,1632270,368743,3664741,368823,11247860,14511107,50792,1693740,5699257,7766544
مداد رنگی ۲۴ رنگه,368743,3664741,1632270,368823,11247860,14511107,2383500,50792,1693740,3548683
مداد سیاه طراحی آریا,6679636,368743,7662665,7766544,7147437,368800,368823,9868374,2414238,1011401
مداد طراحی پارس,2383500,9868374,6679636,1011401,396033,3071170,11247860,14511107,368743,50792
مداد فشاری a47,2383500,4238936,11247860,14511107,368743,50792,1693740,7662665,9868374,3548683
مداد لب بارین بیوتی27,4952995,4918929,5957385,15475424,11431689,1519836,4885697,2383500,4419202,17536916
مداد لب فلورما ۱۱۱,11431689,1519836,4918929,4952995,2383500,4419202,17536916,11247860,14511107,5948450
مداد لب یوبی,11431689,1519836,4918929,4952995,356415,2383500,4419202,17536916,11247860,14511107
مداد مشکی لیدی گاش,866595,4017472,2842595,7139307,3807610,55254,304410,11588770,11421317,10152408
مداد مغزی ۷ دهم دیجیتال  رنگارنگ,1668788,2101667,2854783,11705624,3688118,2383500,6157899,1907051,2547488,15014636
مداد نوکی خرگوش کد ۹۴,6157899,12683475,11705624,3688118,4986492,2547488,3275535,3604636,6172464,1668788
مداد نوکی فانتزب,6172464,1668788,2101667,11705624,6532814,6157899,12683475,6986157,3688118,4986492
مداد نوکی ژله ای,6172464,1668788,2101667,11705624,6532814,6157899,12683475,6986157,3688118,4986492
مداد چشم قهوه ایی مدل اکلیلی,13706952,909949,8132256,4952995,4181452,4266141,4918929,6296693,1135071,554649
مدادفساری کیوت,11266930,12536422,14757686,10378996,11705624,13929076,15367789,6632614,12549450,11510141
مدادنوکی ۹,6366778,17673143,6643424,3379854,7546584,17048438,6976199,5057153,7855065,2926894
مدادچشم مشکی یورن,8132256,8773872,4017472,1514737,1612670,14004535,773877,10739444,50675,1711961
مدارس سمپاد,100000,100000,100000,100000,100000,100000,100000,100000,100000,100000
مدل nutella,366121,14947512,5062268,3943782,5191394,2706820,10212975,10692740,11007251,8938311
مدل خانه عروسک,51517,708498,8998363,750182,4681991,495136,4265468,12578888,2103525,5710882
مدل د ظریف,7326602,12164451,43733,3536523,10245642,9830825,448489,1740320,3469722,2973194
مدل ست ساعت و دستبند,15109376,698981,3025131,7774937,5597635,5790627,14740537,5025436,1921948,13007706
مدل فضانورد p30lite,11116973,6145908,5517946,16934584,14182497,1801630,9686588,17024812,9243523,11742064
مدل قاب اکلیلی گوشیa51,15303290,14473540,7232637,964898,532964,6429942,13280973,12450379,13706952,3734361
مدل میز تحریر و صندلی بزرگ سالان,6498494,2381229,343482,330734,1932704,8279206,648468,3568324,5817739,6500407
مدل2250,100000,100000,100000,100000,100000,100000,100000,100000,100000,100000
مدله دخترانه,14757100,5616229,1350873,8699409,5255132,1924214,15319503,9984477,9016025,4626274
مدیا استار کنترل کیبورد,7144000,2702664,3498877,5004494,10744471,3498008,2843881,1585527,10338921,777059
مدیرت مالی,6413827,100000,100000,100000,100000,100000,100000,100000,100000,100000
مربعی روکار ۸ وات,15390774,11399399,7660864,12360909,4182129,3911995,1514106,6152102,435781,14054239
مرتب کردن ریش,826270,2842597,14074201,785436,1813617,900405,578765,4949229,208976,959898
مردانه آیکات,10635917,7108756,1290089,11459772,606382,890570,6439769,961925,4285398,13203132
مردکبود,100000,100000,100000,100000,100000,100000,100000,100000,100000,100000
مرطوب کنند  نئودرم,7356282,111606,11296848,2947438,170535,395674,12869215,11914277,2411046,99127
مرطوب کننده  فیس  دوکس,2071653,2075291,2075425,6915883,9372061,735954,735953,3424950,2069100,2077226
مرطوب کننده images,395674,12869215,11914277,2411046,7356282,99127,3860309,4192569,2408149,195380
مرطوب کننده بالا,395674,12869215,11914277,2411046,10546457,7356282,99127,3860309,4192569,2408149
مرطوب کننده برای جوش,10867257,395674,12869215,11914277,2411046,7356282,9863628,99127,5519607,3860309
مرغ خوری ایرانی پیرکس,11460512,927004,4112193,6107940,4473969,1714950,10116615,919972,5424398,13002646
مرغ خوری برگهف,12448393,12401564,11460512,10116615,919972,13002646,27958,4631112,1949098,753063
مرگ ایوان الیچ,16004881,13816326,11142656,11846022,12466197,146787,2986271,411220,1762114,336717
مریلین مونرو تابلو,1522549,5294475,715826,1938864,7776542,4462913,1689549,7480168,11055808,9791693
مسافرتی,5990540,3170935,800821,9276214,1776517,7062486,1617704,624363,1662761,9860401
مستر تاج جی اس مانیتور,3471063,12654808,6394442,8520254,811459,9660030,15087423,636662,6327689,6135735
مسواک برقی ارال بی اسمارت ۷,12407414,23162,1707673,2509019,7291575,1098476,74325,7022444,833027,1400464
مسواک برقی اورال-بی مدل Professional Care Oxyjet 3000,23162,12407414,2509019,1707673,6488097,74325,683622,7291575,13140565,3780778
مسواک بچه‌ گانه مدل دار,702522,839813,1020800,2520167,173977,705153,4883013,1496004,7541003,4173214
مسواک دندانه نرم,599786,74325,10110412,13300475,7291575,173605,7541003,5249696,101399,4825795
مسی آرجنتینا دیزاین جرسی,6830791,9880812,1924368,3974550,1633485,2221277,539647,13431892,712400,6687979
مسی اسپرتس جرزی نامبر ترتی,13431892,6687979,13233331,13778709,1508629,8328373,13710923,5551207,10402877,7144875
مسیر تی وی,742773,870719,1921996,882196,7521904,589998,4172151,5432465,5165393,5783375
مشمبا فریزر پلانگتون,2882917,10253112,7234165,13652157,6547871,3935194,3295640,31830,3793592,3216927
مشهد فارمسي,6643004,347050,12124841,11271981,11112937,13085716,4529890,1946671,999220,7407820
مشهد کارپِت پیکاک مادِل,6643004,347050,12124841,11271981,11112937,13085716,4529890,1946671,999220,7407820
مشکی شوی اکتیو,7790114,214257,645096,2942011,6427221,668821,668997,6099272,303880,1518566
مضراب یه تار,2068058,2965700,17942912,4420525,3988597,248276,836586,1984456,9603361,43733
معامله گر منظبط مارک داگلاس,3283179,3307506,2790674,765128,239854,240675,6520332,1752947,14195212,409199
معامله گری منضبط,2790674,3307506,4013845,10457347,13683437,9391549,6913718,3283179,100000,100000
معجزه‌گر گربه ض,6422717,13281648,13281581,10530718,6236121,3768855,3540612,11795283,3582917,4510377
معجون جادوویی خوراکی هری پاتر,8054296,6633877,8376289,4683221,3337746,8133531,3792937,9200427,10591134,8711251
مغازه خودکش,6850056,100000,100000,100000,100000,100000,100000,100000,100000,100000
مغذی آنتن پراید,2186330,1016194,7270861,8881982,677528,2522085,10536119,701087,393815,8794936
مغز اتود ۲ میل,440264,6991372,396033,115001,8041694,12309596,414487,6225061,5080871,5597339
مغز من و رنگ آمیزی,3068626,8935597,11002739,12398854,3490666,12564077,1560727,12939298,354554,7290919
مغز کیلد,8041694,5597339,3342046,14476853,8136916,11109291,414487,3068626,10893935,1515290
مغزن بنزین پراید,7063890,14364592,4953306,3008807,9703319,7924512,4415290,1921996,14333262,5244080
مغزی خطر عقب موتور سیکلت,984865,10999616,1910538,6560493,14489168,10783503,4415511,15837828,8293232,10357877
مغزی فندک زیپو,3958227,3074464,6230942,8871466,11097591,6820528,1112133,177628,13519626,12506267
مفاتیح الجنان اثر شیخ عباس قمی,6392933,2759870,2861067,7003063,3272499,186960,10881540,4169526,3598137,371256
ملحفه دونفره ضد آب,12868672,8571945,10061052,556119,10527618,10890252,8938625,9529336,9554045,6923355
ملحفه هاوایی,1718710,9529336,9554045,8571945,5182912,10061052,4920984,3756468,6074801,8994914
ملخ هواپیمای چوبی,12310483,1730180,14063205,6902160,10500732,10806077,9664474,9899588,2272565,657657
ملزومات شمع شازی,8925030,12602365,10784475,11322928,216366,16351696,12004375,11229510,7986790,4846962
ملزومات کیک گزی,619874,6748998,757630,1808733,2712971,2841404,9953477,795328,7288466,7381924
ملشین کترلی,100000,100000,100000,100000,100000,100000,100000,100000,100000,100000
مناسب برای x22,826701,13313184,12059223,1040810,5559951,11490088,13879779,699324,8163672,7836765
منبع آب جک اس فایو,1496459,636207,9105099,7184432,2906190,3935371,146605,769970,8282123,13763869
منبع آب پلی اتیلن هرمز برکه,7963204,4658327,2906190,6809572,8988196,8869441,12647595,6759371,10277141,12652614
منبع آب یخچ,2906190,8988196,10277141,2963053,2425682,2351861,10015130,9850282,11007995,222871
منبع آب ۱۰۰۰۰ لیتر,2906190,9040068,8988196,10277141,13580357,5074412,2963053,550344,13117448,1624540
منبع اگزوز اسپرت پراید,13085716,13161928,2351861,9850282,11007995,7334223,13302528,3575386,769970,12879600
منبع تغدیه ایفون تصویری,12669477,12560677,2672678,2381178,8387092,8387203,5056646,13683198,13251635,7459173
منبع تغذیه دلوکس,10015130,222871,3830917,7518006,2365277,8180982,12385632,4076941,3500477,2289856
منبع تغذیه گیگا,10015130,222871,7216687,3830917,7518006,2365277,8180982,12385632,4076941,3500477
منبع شیشه شور کتابی,7340462,7128270,4458966,7237753,12640343,9528759,1084065,2813183,7363962,587934
منبع شیشه شوی پیکان وانت,9528759,4002205,9839290,4823722,2914569,1094947,4797570,14764965,7258062,59446
منز نکلس، بریسلت اند کراس پندنت,277637,2706820,4089442,9937384,3730552,12866264,12081253,10774527,749119,9375148
منقل با پایه تا شو,437766,388107,591953,7199110,1744551,3225041,8155129,2044887,1156848,589998
منوش ارامشبخش,100000,100000,100000,100000,100000,100000,100000,100000,100000,100000
مه شکن زنبوری پراید,670122,8353565,2068072,8667588,364131,4238283,1152961,9356340,3875573,4204115
مهارت های یادگیری نوزاد,13947085,9483275,377089,13804785,9446010,3469180,8766222,4646894,479520,3696981
مهتابی تکنو تل,5054403,3860866,10399862,15091255,16720639,5994231,7220483,9094968,9708098,2307028
مهره آب ام وی ام ایکس ۲۲,2136029,305573,8893396,3896892,5102788,9567321,826701,7332407,11490088,13879779
مهره جواهر سازی,5438008,499846,723895,1141733,1048946,13151272,8435633,4416503,9814011,394057
مهره سفالیبرای پرده,10985290,2094624,10961693,12644844,8011488,5426017,11476129,12506465,12894905,10140363
مهره شطرنج عثمانی,10652655,6371952,688123,6816575,3782063,6645040,9101426,3221015,8435633,14443467
مهره شلنگ کولر,622748,11622728,1746956,2066449,737108,5205149,1037109,8044249,3953490,8347046
مهره شکل گل,5518078,5062142,5152888,2707188,8435633,394057,11622728,8943078,6371952,7049449
مهره های کرسثیستال,6289222,9364524,6339428,8435633,394057,11622728,6371952,7049449,3256705,10652655
مهره گاز کپسول پرسی,14038225,3525340,728621,1067669,12305509,732708,7180920,937913,8838922,10747132
مهروماه 20 ازمون مولتی کمپلکس,3382701,881664,6916616,5143956,2958837,2945800,3523514,4323821,771888,4536365
مهری آهی جنایت و مکافات,3297268,2681676,8275192,10774889,14060525,6433138,6156841,3693380,6867028,717052
مو گیر نرم دخترانه,17892194,6913983,5765902,6457930,17977823,11729919,4889668,303880,13086217,7193568
مواد پروتیین مو کادیو,6161401,7394608,6593522,1510875,14032131,5236984,10611401,2508215,5243806,769897
موبایل آیفن 15,12662620,1453308,13005877,13367746,13710998,2532224,13632307,13798085,13359918,14218512
موبایل اسباب بازی مدل آیفون,2416140,11456874,17591730,17423036,7623616,12020425,7248561,17381762,17845107,6209833
موبایل تاشو سامسونگ قدیمی,4917214,2373857,11323321,5665975,859,17591730,56912,343482,1709177,330734
موبایل ردمی کی 60 اولترا,5132167,12761318,17470238,13946519,14002894,11519824,7477029,5089067,5404975,12760907
موبایل سامسون a25,14017355,14903664,15180044,14252291,15434148,13215408,12748284,13981087,14355993,15662041
موبایل فون کولینگ فَن,13148210,11284083,15127930,8995528,1062567,12761318,1944985,2010522,12588138,3164744
موبل کودکانه  تهر,6554716,6185331,4131783,100000,100000,100000,100000,100000,100000,100000
موتر ماشین لباسشویی دوقلو,6365957,9151144,2607850,6237630,8319122,1645925,12310412,11070523,8367425,2745451
موترشارجی,100000,100000,100000,100000,100000,100000,100000,100000,100000,100000
موتور   برقی صورتی دخترانه,10772174,9739545,6327528,3451362,9087079,9010850,14186549,7934152,1409298,3943782
موتور اسکوپب,2706820,13261519,10260791,996559,12774881,12217516,3797526,3797495,8884238,614287
موتور برق بنزینی گرین,273080,6575098,4972712,6077207,614287,597957,7591088,6332330,9497412,3400456
موتور برق ۱۰۰ وات,597957,8884238,7591088,6575098,614287,3471819,4972712,273080,6077207,2932463
موتور برقی کیفی هیوندای,4972712,6077207,3451362,9087079,9010850,4887787,186067,2414671,11590250,12299081
موتور بنزینی دکوری,6575098,6332330,129063,9497412,4972712,273080,6077207,614287,597957,7591088
موتور تریل کویر ۲۵۰,10892079,3729609,3754640,13613061,3525212,7259511,11135079,4972087,5080871,8620945
موتور خامه گیر برقی,4097330,924058,1017501,1926935,3451362,888598,9087079,9010850,14257875,777214
موتور درب سمند,14876850,8381569,8386109,4374531,13781222,16537781,1139542,6944449,4085774,7971290
موتور ساعت  پاندول,2871647,5027327,2871672,892472,14406703,13156585,16793428,13471783,12189253,10235306
موتور ساعت میوتا مچی,5027327,14406703,13156585,16793428,12189253,13471783,14096783,10235306,5354832,2945442
موتور سی پی ۲۰۰۰,4566914,9816127,14759505,11135079,7396534,11677933,4894554,6278780,14245559,3810323
موتور سیکلت روان,7259511,8620945,996559,1476125,996546,6706357,1910538,9126936,8428516,5091908
موتور سیکلت طوح زدیکس ۱۰۰۰,2319055,996559,1476125,996546,6706357,1910538,9126936,8428516,5091908,1968037
موتور سیکلت پیشرو پلاس ۲۴۹,13629874,6144723,984839,1640693,996559,1476125,996546,5779102,6706357,1910538
موتور فن 405 عظام,17637807,3279297,5062205,7291061,5768079,1867198,5064718,6435265,7985095,7504514
موتور و پمپ,7867869,9497412,10889184,10729281,11755988,9493098,10517307,1094947,12124805,9680638
موتور کوچک ۲۵۰ سیسی,11677933,865775,14245559,4972133,8075711,3041377,6144723,11476645,156181,14010886
موتور ۴ چرخ بچه گانه,555591,702522,10796045,839813,1020800,2520167,173977,705153,4883013,1496004
موتورجی250,100000,100000,100000,100000,100000,100000,100000,100000,100000,100000
موتورسیکلت 200,3020153,2654791,5067950,4891946,10639005,7780382,11580930,8620945,8702467,3729609
موتورسیکلت بلند,12628300,1157860,13537847,4891946,8702467,12170248,3088353,11580930,10626358,576371
موتورسیکلت طرح کلیلک,1584808,3107086,7364490,10218962,14251885,13443798,1157860,13537847,4891946,8702467
موتورشوی خودرو,16771567,7836765,779617,699324,6263638,8163672,8503217,781413,6631202,6866316
موتورمیکسر,100000,100000,100000,100000,100000,100000,100000,100000,100000,100000
موتپر مینی,101056,199182,212881,115561,10893795,3349,10744491,260265,8398100,5762815
موجب بنلی,3045507,5504255,11104942,6659446,6595121,6821467,5930504,3553009,8075711,4951182
موجگیر عقب جک,12094251,9242187,12826764,547317,502687,6099091,8187878,7521904,744279,411197
مودا 02,3552266,5657434,1010081,10116105,7640481,2583317,9584036,1813686,10753113,11932261
مودم  tdl teپی لینک,131247,7461288,4725165,14064817,5804859,934497,3954639,8734807,4314693,7926691
مودم  مبین نت MN-6200,12152352,9086639,3758086,12020076,11970613,5579394,2208116,7461288,7926691,4725165
مودم nzt 77,10848265,120976,934497,5579394,7461288,7926691,4725165,14064817,14734626,131247
مودم آوند کارت,8734807,12398854,14064817,3445541,8537836,441789,1496655,9919136,16656476,5579394
مودم روتر هواوی 3,9422975,120976,5579394,4314693,12152352,9237240,224382,3306896,8537836,7461288
مودم سیار,10703295,12675664,5579394,7461288,7926691,4725165,14064817,14734626,131247,9422975
مودم سیمکارتی b622,13400232,5579394,7461288,7926691,4725165,14064817,14734626,131247,9422975,10848265
مودم وایفای5g,5579394,7461288,7926691,4725165,14064817,14734626,131247,9422975,10848265,9237240
موراکامی,1668696,100000,100000,100000,100000,100000,100000,100000,100000,100000
موزن بینی  باطری,1565823,14608360,10088444,2536428,10651731,7920651,7278168,7457759,4532245,12618675
موزن ماتیکی صورت زنانه,7920651,137894,10651731,7457759,13905556,1565823,14922341,8494071,11423012,10351598
موزِر کلیپِر بلِید,100000,100000,100000,100000,100000,100000,100000,100000,100000,100000
موس RED DRAGON,13283717,6821038,6002837,7999154,4793273,10479780,5930508,14065530,14866418,9667215
موس fg,6002837,7999154,8290347,9965529,4793273,1537340,10479780,5930508,9667215,10965551
موس اچ پی s1000,2144669,6745754,383320,198810,1804403,67348,1752231,7275212,4894554,2925288
موس بیسیم  tm 631w  tsco,6002837,7999154,4793273,7967010,7185607,10479780,11648662,4419091,5930508,100147
موس بیسیم برای لپتاپ,7967010,11648662,6002837,7999154,4793273,10479780,5930508,2099553,521444,5141029
موس پد سوپرنچرال,11679052,6002837,7999154,4793273,10479780,5930508,9667215,10965551,13086217,3282317
موس گیمینگ ریز,6002837,7999154,7833858,4793273,10479780,3693404,5930508,616505,8735420,9667215
موسGenius,100000,100000,100000,100000,100000,100000,100000,100000,100000,100000
موسگیمینگوارجیبی,100000,100000,100000,100000,100000,100000,100000,100000,100000,100000
موش داخل پنیر,6195552,3499111,1017501,1926935,333403,1023625,13869378,6517675,8891940,7370328
موشک کوچولو,333403,2609471,959565,1570634,3000482,4128822,8730255,5007139,11727269,10262401
موطبیعی,100000,100000,100000,100000,100000,100000,100000,100000,100000,100000
مولتن زنبوری توپ,11595399,7223465,13662403,5134415,13282374,946160,6748254,795502,816180,1016395
مولتی نانو مدل X-F1M مناسب برای گوشی موبایل شیائومی Mi 11T Pro,7780031,7203816,8395893,7213087,15303881,11616787,13624405,10057318,7212482,14032551
مولتی ویتامین گربه پرسا,10270309,12257932,1026521,7432879,9478226,9251713,3465186,5189001,6929531,5143658
مولتی ویتامین گلوک ویت,10631178,9983214,7432879,9478226,9251713,3465186,5189001,6929531,5143658,13959994
مولد میکینگ,6323457,3880381,9995554,8805311,100000,100000,100000,100000,100000,100000
مولد کیج,12992663,6323457,3880381,9995554,8805311,100000,100000,100000,100000,100000
مولفیکس 2,480396,4167728,11070091,9304907,11989850,5504255,14659658,69822,11465019,14274757
موم سرد عسلی پروین حجم ۷۵۰ گرم,1061237,6052080,12680909,757391,3370351,3899381,11723131,5182865,207068,9861910
موم مو بر وزن 3800,6052080,3899381,11723131,7394608,672611,11091734,2751858,7142851,4098932,9039068
مونو پلی اسباب بازی,17423036,7623616,12020425,7248561,2949988,17381762,17845107,17632730,10122383,363896
مونور تریل,13613061,7259511,3020153,4972087,11135079,8620945,961300,100000,100000,100000
موهره بازی روبیک,3556125,4476642,835777,3715881,7420512,11989850,2273521,613239,3383612,9870562
مَک هِر کلیپِر,100000,100000,100000,100000,100000,100000,100000,100000,100000,100000
مِهر اُ ماه جئوگرافی,774859,2232119,10063253,2238243,6211018,9943934,11305219,10467229,5248502,5228491
مچ بند هوشمند سامسونگزنانه,2058772,8759938,3232170,5173333,3426902,10784902,8225657,8928806,2378379,2597015
مچ بند ورزشی ای تمر مدل والیبال,12947380,6374504,8561575,13084003,11974771,2058772,8759938,5173333,3426902,1505408
مچ بندی چسبی,623009,1378151,15246177,12181285,5651845,9467977,10355916,68830,2058772,3232170
مژه فر‌کن,983602,828562,11149658,225366,9861439,759790,6152199,733463,3254659,14574080
مژه قهوه اي,4369668,12828494,220980,983602,828562,1035800,11149658,5096627,225366,9278759
مژه مصنوعی درمی دی,828562,11149658,225366,6152199,733463,14574080,983602,819203,908932,8468976
مک بوک ۱۳ اینچی. برچسب,17039636,430950,11942039,12894112,693872,7715198,12452964,10641391,3421903,807859
مکره فر,9861439,908356,2387043,2828528,13515211,12388064,13809364,1823585,16669316,84463
مکرو usb,14655793,594097,1786026,1780247,8684709,12722869,10720087,681938,3517431,603143
مکسیدر 900,10656190,8735636,9275396,9275371,10631706,8957543,10457502,10630704,4742047,482498
مکعب روبیم,6643247,9442728,4476642,3715881,7420512,630081,12010756,11989850,10617230,6227495
مکعب روبیک یوکسین,3715881,9870562,4476642,7420512,12010756,11989850,2273521,3383612,3556125,2417146
مکعب مارپیچ,3922252,6643247,7125209,11413824,11413479,9442728,4476642,3715881,7420512,630081
مکعب گیفت,13877869,6643247,6902007,4440027,8961486,4500400,9442728,12467982,14267107,4476642
"مکمل ,d",3539005,378044,7431580,7467783,5116408,2572664,6204748,7776696,981600,794980
مکمل بدنسازی,8071173,8523079,10190962,16556414,9776588,6440580,3539005,3340437,378044,11974771
مکمل کاربو فایت,7200364,3539005,378044,7431580,6204748,7776696,8108879,8713364,7433262,9900262
مکن دکوری,7954638,7441638,13379612,369371,2682769,12698358,8849022,6787332,4119072,5062268
مگ سیف ۱۲مینی,13580357,14382306,13359918,12202419,6882054,4466558,12443301,10480435,7032881,6882040
مگامار جسیکا,12548549,100000,100000,100000,100000,100000,100000,100000,100000,100000
مگنت kuromi,917220,14952548,14472064,3629964,5519452,10541057,14977026,9083833,10499663,12497141
مگنت آهنربایی 85 تکه,10536119,116816,917220,983933,3629964,5519452,14977026,3155935,11262616,5702624
مگنت رولر و هاردی,4249736,480704,8234858,8653972,917220,3629964,5519452,14977026,6156841,3155935
مگنت طرح مادر,3476584,14977026,3155935,11262616,5702624,4492609,6069592,6162132,13440432,13726497
مگنت کاکتی بهداد,13919700,14977026,13440432,13726497,13727015,13906966,13676387,13829781,13449849,15197364
مگنت یخچال سوپر مارکت,7086780,2103408,3155935,2169415,13568527,12754374,917220,13303555,3629964,5519452
مگنتیک اسکرین دور,17484673,1870101,1030285,1161678,962839,8669849,565132,5236892,2487917,5825888
می سیلیکون گارد کیس,11853696,9515946,5327024,3258412,13907283,12018001,859481,8227563,61733,11042355
میبور استرپ,100000,100000,100000,100000,100000,100000,100000,100000,100000,100000
میخ مکس,6869715,9115881,4887699,10652669,4462913,12524405,9296886,12947644,11625576,10170550
میخکوب اروا,9296886,285803,376525,10652669,511859,7643511,4939562,671584,8402429,7491913
میدرج راک پاور,4514161,4348727,13258210,273080,7425060,12273790,14022937,90539,14546674,3767575
میدرنج jbl,5413236,11153841,6535357,14860312,14860361,14580646,3716034,9628504,3593247,6535464
میدرنج ۸ بوستر,8830358,6535357,14860312,14580646,1794383,15639524,11153841,14860361,3716034,9628504
میدنایت بادی اسپلش,12152772,82169,9809991,8816886,9302065,1731142,6328357,5624445,5009040,15247714
میر اسنوکر,11314846,100000,100000,100000,100000,100000,100000,100000,100000,100000
میز آرایش و اینه,6334408,1060345,5028427,5626787,4137461,1709945,8717395,2561992,6860798,876180
میز اینه ارزان,6334408,5626787,2561992,6860798,4137461,2381229,6753202,11525184,7124204,6526822
میز با پروژکتور زرافه,9733659,7054953,11917069,13783263,12453471,10287333,8658743,3055850,7452278,187301
میز برای فارسی بر زدن ام دی اف,7262444,5028427,5889381,645600,5719130,7698593,10329529,9789345,4878943,6991847
میز بنسازی,6860798,4137461,2381229,6753202,11525184,7124204,1932704,648468,7262444,8717395
میز تحرير,2381229,343482,330734,1932704,648468,3568324,5817739,6500407,11525184,2552061
میز تحریر بانک,2381229,343482,330734,1932704,648468,3568324,5817739,6500407,11525184,2552061
میز تحریر تاشو 60w,343482,330734,6500407,10034213,1083193,2199154,6498494,2381229,1932704,648468
میز تحریر تاشوی وایت بردی,1083193,2381229,343482,330734,1932704,648468,3568324,5817739,6500407,11525184
میز تلفزیون شیک,9567271,475517,899210,326100,409618,714308,13644476,7140776,5235672,4482124
میز تلویزیون ترکیه,4137461,11620483,8765904,4344817,5626787,13798541,8021519,6860798,2381229,6753202
میز جلو مبلی مدل To,1619660,428769,674062,9176763,6860798,4137461,2381229,9739135,6753202,5232752
میز جلومبلی,4137461,8717395,8802576,6860798,2381229,6753202,11525184,7124204,1932704,648468
میز جلومبلی دکور,4137461,8717395,8802576,7262444,7625739,12969853,977697,2377582,3318548,9483691
میز خاطره برنجی,2249146,10699355,7315724,3981124,7513454,10017523,14046704,9703599,1019323,681270
میز صندلی چرخ خیاطی,9500427,833899,9717198,7147625,3185423,8937638,4718551,5719130,1641788,1680052
میز مدل استار,3212007,3498877,5004494,6860798,4137461,10744471,2381229,1585527,10338921,6753202
میز ناهار خوری n104,1680052,8720704,10609736,8937638,8536946,6331877,787425,2212054,10316473,8990652
میز ناهارخوری صفحه گردان,7363437,5907296,7745142,633880,9717198,6753202,1641788,11239158,5719130,6170447
میز و صندلی گرد شش نفره,10609736,8536946,2212054,6331877,9717198,3185423,8937638,5719130,7745142,5516951
میز پاذیرایی,6860798,4137461,2381229,6753202,11525184,7124204,1932704,648468,7262444,8717395
میز پایه برنجی,7315724,10017523,648468,4344817,5817739,11525184,6860798,1083193,8765904,4830134
میز پذیرایی سه عددی,11955366,7124204,7625739,8717395,8993876,1809232,5610272,2249146,5404262,1958658
میز پرس کاره,586880,428769,12046140,6531055,7653577,7742260,9919695,6860798,4137461,2381229
میز پزیرایی جزیره,5610272,6558638,6860798,4137461,2381229,6753202,11525184,7124204,1932704,648468
میز چینی,6860798,4137461,2381229,2708994,117803,6753202,11525184,7124204,1932704,648468
میز کاخپیوتر,6860798,4137461,2381229,6753202,11525184,7124204,1932704,648468,7262444,8717395
میز کامپیوتر طرح L,6860798,7262444,6814195,4270498,11525184,1083193,1091098,11292799,12598258,4104800
میز کلمن,4901144,138306,4328058,5274879,6860798,4137461,2381229,6753202,11525184,7124204
میزناهار خوری دو نفره‌ی دخترانه,5385015,3981709,8937638,787425,12235824,10653182,3266048,9899588,752773,7041017
میزوسندلی کوچک و کودکان,7003063,3469722,4679632,11330882,1093270,3399580,17085140,11476645,13950061,156181
میط ناهار خورز,1680052,8720704,10609736,8937638,8536946,6331877,787425,2212054,100000,100000
میل بافتنی قلاب بافی,6315414,9742241,2457948,6718203,49349,5555879,12587737,87931,7168123,8449627
میل روغن,8713364,12309596,6225061,7922203,6519317,997828,4325093,12826764,9318331,9525697
میل سوپاب تقویتی پراید,6225061,7294795,997828,5823722,12714913,12619377,8637273,12309596,7922203,6519317
میل سوپاپ ۴۰۵,12309596,5005407,6225061,7922203,9421894,1468629,8713364,1468500,6519317,13413731
میل شنا,256517,13785423,2434476,8526671,405960,1006905,7246249,15205385,9333587,12309596
میل مارپیچ فرمان پیکان,4370792,10273461,3922252,7125209,12309596,6225061,11413824,7922203,9839290,11413479
میلانو ایرپاد,11431689,853883,13816037,10087985,3389938,9719761,14472064,713893,3519765,11042355
میله ظرف,6231522,6136674,10828044,411103,1117174,4727081,16537781,5779085,12855385,829327
میله قابل انعطاف پذیر,1378151,11602582,6760868,5077306,12643128,7432217,7643866,8017337,12068731,6231522
میله قفل درب ماشین پارس,16537781,7111030,9037666,7367140,4085774,6237630,6907465,9704028,12693022,6392775
میله پرده ۴۰۰سانت,12855385,6231522,10985290,2094624,10961693,12644844,8011488,5426017,11476129,12506465
میله چادر,6231522,6136674,10828044,411103,1117174,4727081,6510095,11252935,16537781,5990540
مینا خوب,9112432,9773789,7296441,9745335,14171493,3942786,8287444,13000495,4584106,11305219
مینج چوبی چند کاره,159657,173542,9736657,447326,5624039,12944358,16817104,11868389,11940994,13507309
مینی بیلی,73969,10058691,7676113,8355017,12558572,101056,199182,212881,115561,10893795
مینی ریچارجبل فن,859111,6455521,7053936,4024078,10366444,3400456,1021213,101056,199182,3634502
مینی سنگ مدل LlfE styLE,8191076,8069248,4515379,5762815,115561,171977,500264,11721766,9502262,3885563
مینی فرز دسته بلند دیمردار اینتمکس,5660946,115561,4515379,8191076,171977,500264,3885563,13898090,7760694,12298020
مینی فلاسک ابسرد,11064523,2130522,14826829,138306,7445383,9064677,202405,9386794,9976443,6620414
مینی مون اند استارز پروجکتور,1680052,13191544,11595254,8983241,9829100,9937384,12081253,749119,9375148,10488826
مینی واش فریدولین مدل sw 25,199182,101056,212881,9065602,5395458,267436,1947272,3593247,12871160,6643424
مینی واش مطلری,101056,199182,212881,9065602,11118812,6135391,115561,10893795,3349,10744491
مینی ویفر فندقی بایکیت,3593580,2895961,1907349,2358947,14758956,4251665,9874651,864936,6135608,4302340
مینی کنسول ال90,4325093,3352967,3289306,4249702,4802089,3871958,3228627,101056,199182,212881
مینی کوله فاتزی شیک دخترانه,9050061,1429406,9799668,9389159,8130199,5630320,12233264,2935649,11463490,14089531
مینیون محافظ کابل,11611420,794565,7643866,349244,10290622,10541057,7036283,1742756,840410,10927883
میهن قاب,10076719,888598,8041694,9095355,6553938,6129574,2429494,453777,1568281,589137
میوزیک پلیر,4682127,806525,498008,634753,100000,100000,100000,100000,100000,100000
میوه خشک مخلوط ترد,17510533,10057487,3481640,468478,2351747,976519,9700179,7295598,14925699,4897005
میوه خوری آلمانی,8081582,385198,6844096,3014737,3694804,13933524,10720932,3002651,326117,10017523
میوه خوری ساکورا مدل پایه دار,10849780,10720932,2826482,7562649,10017523,10884029,8081582,385198,6844096,13933524
میوه خوری طلا کوب,6687979,73619,8081582,385198,6844096,3014737,3694804,13933524,10720932,3002651
میوه خوری پایه دار نوری تاکه,10849780,10017523,10884029,8081582,385198,6844096,3014737,3694804,13933524,10720932
میوه خوری گل سرخ,8081582,385198,6844096,3014737,3694804,13933524,8083000,10720932,3002651,326117
میکاپ براش,6577358,1135071,5748923,738077,1120125,455957,494731,9020454,11676603,16276244
میکدوفون ریزر,4234482,4038333,877897,4108899,263737,15197364,5132596,2767668,12573233,4107592
میکروفن فلش خور.,4950327,10894388,5245403,12618675,11543090,596699,9297848,11071862,13231718,8873557
میکروفون استودیویی هایپر ایمس,10073361,11071862,2694484,3169130,7391150,10693664,3243733,12054451,3162606,3592999
میکروفون بدون سیم,3162606,3592999,3904229,11377769,9315706,5831949,897119,3218980,7521288,13226518
میگروفن,100000,100000,100000,100000,100000,100000,100000,100000,100000,100000
نئون برای ماشین,3645126,15196681,9248539,14326353,6602967,2294408,14024452,6602710,6653378,7924960
نئون سی او بی  ۱۲ ولت,8444265,7924960,10453614,8200558,8931782,12379255,13140565,7505141,913351,5350930
نات کوک,451449,561073,10214171,2227950,13484782,3604384,12308910,1659259,2074381,3556611
ناخن  بلند,1848840,13655115,16749668,12233629,2453294,2583317,1998383,9588977,9584036,3545204
ناخنی جرثقیل,6754542,10856250,100000,100000,100000,100000,100000,100000,100000,100000
ناخون مصنوعی دست و پا,316820,8737931,11330221,10610707,1557811,3511657,11643040,892501,4941308,17060887
نازل rp 0180,15076938,56694,8789902,4514161,7331008,3674258,13240106,7500979,15937518,9329090
ناشر جنگل,5262324,1145538,2100249,6682453,5345709,4119534,12421466,10884328,1670075,7867932
نان غلات,12449771,464674,3892777,730045,5196771,3663132,64316,5121637,6888717,4941340
نانو بادی کلینر,1006905,5150034,521121,9115881,411716,9296886,5474199,10359323,11475040,9466666
نانچیکو زرد,14186382,9583859,9499411,753330,6448085,6757157,6346380,6852683,10971175,13454493
ناوی فو رس,3841557,8561575,4319256,10164226,100000,100000,100000,100000,100000,100000
نایلونی طرح دار,7020792,8986051,15119159,6510095,17406399,8618394,14126372,148036,1421031,489695
نایک کفش,6360785,6061721,8777045,12054697,14757100,9655956,7720365,1513242,1290089,8315250
نبودم کن,6140203,1104172,11859478,167410,2586479,1759545,2987852,14925699,12016209,11241494
نت بوک مدل,14419202,17039636,693872,5556954,430950,11942039,12894112,7715198,4529789,475845
نت های ساده پیانو,49890,8680062,9061987,6054997,11353022,800503,445937,475845,4529789,12487138
نخ د,3536523,9830825,744941,6488097,1761476,702401,4462913,11501611,2571099,8864800
نخ دندان فلوراید نازک,6488097,932275,9717141,12547362,3477042,9045018,1452935,9033884,5620616,5266126
نخ دوک کیسه دوزی,8864800,3984830,8714816,7456162,2716794,2428107,9868369,14206408,7432210,2519847
نخ رافیا طبیعی,959286,744941,7956334,4307586,4424718,6488097,4020554,1761476,3602551,3605044
نخ زن وای دی ال,779522,4075555,8743568,13944827,3426338,1652460,2698211,1968037,848850,2528095
نخ زیپ لاین,7795622,9740519,12664742,12562178,2993408,17304884,7460246,11039212,3275535,3505056
نخ قلم سه بعدی,6293076,8029757,448364,5879916,7085174,11443530,7185932,11917069,7293190,976059
نخ موم دار سیم,2716794,6510095,6052080,3859880,12680909,489695,10740003,3899381,3444158,11723131
نخی خیاطی بزرگ,1099886,11378463,8391414,5233434,8186973,9782160,4827418,737527,7147625,4718551
نرده بان عروس هلندی,11380006,14519554,4882650,9586937,6060757,5728224,12754374,2289284,5891196,8736175
نرم كننده ارگان,1031021,9276327,6852256,1626901,6909316,2553486,7812216,303880,4935468,9301361
نرم کنندت نئودرم,2947438,7356282,170535,11296848,111606,462925,6554501,303880,990229,599786
نرم‌کننده مو باله آ,7143480,758079,303880,1031021,869810,862983,2947438,11091734,3341501,767271
نزل موی مصنوعی راپونز ل,865529,7118751,2776377,9119757,8531074,8062621,3283603,3062819,12407843,8368529
نسس باربیکیو,12956290,7273908,2177156,4448013,9529741,1791872,816383,906459,4507854,387439
نسکافه بونمانو بدون قند,4214565,786933,7614436,6076259,2830753,4748512,4402895,60927,60962,60955
نشاط و شادمانی در زندگی,2757502,15121526,234484,185902,3303655,285041,2534522,7315359,969443,377089
نشان گر  کتاب آهن ربایی,306005,9530686,6185331,235857,15400948,2790674,3283179,10143492,3307506,6422717
نشانگر درصد باتری,2053912,629090,5449274,645879,2767413,4353116,7577455,4737240,8489421,2455571
نشانگر دما ماگ,15216852,10132814,8899824,4855941,7951437,4737240,7178451,14793930,15197364,7279314
نشانگر کتاب نایلونی,4737240,8489421,410800,7900737,7948519,116816,6230596,7020792,8986051,5420778
نظافت دوچرخه,5135143,7171641,9682747,5961873,9033285,10974039,6276346,3434836,10709261,12710813
نظریه ها و روش های مشاوره گروهی,7195094,7013482,7906555,6427993,703667,37908,2563598,10780879,4013845,2441995
نظم دهنده  صندل,2124120,3398205,1921465,7396949,829181,2403783,1927521,10839890,5003108,3825594
نظم دهنده درب ق,2124120,3398205,1921465,7396949,829181,2403783,1927521,10839890,5003108,3825594
نظم دهنده سفری 15 عددی,7578847,3825594,3371358,3635153,5668815,1075108,728168,2124120,3398205,1921465
نظم دهنده لوازم تحریر,1921465,2124120,3398205,7396949,829181,2403783,1927521,10839890,5003108,3825594
نظم دهنده کشو پارچه ای,3825594,3371358,3417603,13578869,1075108,1927521,8889988,3398205,6575740,3635153
نعلبکی لبه طلایی گلدار,6705903,10137436,4486514,6560833,17027259,60012,5117308,167923,5791972,10220686
نقاب سه لایه حجاب,6588125,190423,2821694,5879916,1104172,10793967,11151941,3232487,804925,477091
نقد,2438582,703667,100000,100000,100000,100000,100000,100000,100000,100000
نلبکی پولیش دلر شارژی,12518888,7523576,4983869,6107282,17642899,12449332,1541231,4353116,10563755,10258397
نماد دكوري استانبول,4814706,409618,7954638,7441638,13379612,369371,2682769,12698358,8849022,6787332
نمایش دلتا,5671809,1128998,390449,390752,5706924,8646801,1115423,13138705,8267393,3055781
نمایشنامه مرگ یزد گرد,3041377,5054450,14024753,5407471,7016620,6838163,13816326,11142656,11846022,12466197
نمایندگی نیک کالا,11736113,983371,2872550,7573974,8650903,1052205,14502462,6981524,1809269,608655
نمد ال۹۰ کد ۱۱۰,4325093,3352967,3289306,3871958,3228627,1904571,9421894,14341236,2718808,6448163
نمد صندق پژو 405,1468500,11074308,1765544,9614779,1467744,6984499,7814413,7504341,17637807,1967953
نمد صندوق  ۳۰۵,143601,630223,13700012,4196851,14522041,8180982,7142412,10484612,502861,4201913
نمد ضد صدا خودرو,4201913,630223,1468500,9088640,15029694,13070262,13700012,7493128,9805389,2914569
نمد کاپوت ایکس شصت,630223,4196851,11074308,143601,13700012,334514,334502,2448796,4325093,4559686
نمدی سقف پراید۱۵۱,7983566,6833596,10632168,2430131,10333025,9221710,146856,146855,13462878,14314236
نمدی طوسی ۴۰۵,7983566,6833596,10226719,2118362,5418052,7977265,5792164,6718585,10333025,9544169
نمك پاش,8000565,65571,2230751,2728223,2469946,6518188,2643710,14331365,191291,126688
نمک اسکراب,7934152,8093857,8000565,879610,14186549,349227,10905810,9445298,13274853,65571
نمکدان شکل سیب,6518188,2469946,1638746,15314286,7092375,11034432,550344,64335,6091941,2316014
نمکدان گل,2469946,6518188,4496965,9747174,7956334,4439658,8737931,4089307,9700179,7295598
نوار  چرخ 26,2949512,17058307,15232363,6431368,6146518,7124829,6841791,4748512,60962,527662
نوار ارجی بی ۱۰ متری,9789345,5229257,11560035,1035452,2909460,3693404,457018,6823327,6368593,2699127
نوار بهداستب,7124829,6841791,4748512,60962,527662,9086639,8279720,9262820,2949512,3186254
نوار بهداشتی نانسی ۵۰ عددی,9262820,9086639,13325975,14972695,7124829,6841791,2127951,3693404,8977576,98143
نوار تست قند ایزی گلگو,10879022,4748512,60962,3186254,8977576,4904769,12229635,861406,4362497,9788096
نوار دستگاه تست  قند مون,4748512,4362497,12229635,910280,9788096,10879022,60962,3186254,8977576,4904769
نوار دور درب یخچال پارس,9956126,6392775,12649062,8527893,4137141,6661078,11070523,13946399,8553684,943758
نوار دور شیشه مثلث پراید,4288435,6907265,4137141,943758,6593322,7585894,11793710,7553898,162410,14453589
نوار زیر لبه کاپوت 405,11074308,14344908,13946399,14314236,11560035,14453589,5929905,1135534,143606,14190688
نوار ضد لغزش حمام و وان سالمند,2406148,921724,8023443,921743,10335660,5742706,190423,10335726,11717455,6526327
نوار فایلر گلاس,10564473,7124829,6841791,4748512,60962,527662,9086639,9139656,8279720,9262820
نوار قند اکتو,4748512,60962,3186254,8977576,4904769,861406,12229635,10879022,910280,9788096
نوار نقاشی,7124829,6841791,6829003,4748512,60962,527662,9086639,8279720,9262820,979954
نوار و لاستیک دور در سمند,11793710,6482755,4137141,755465,11106490,7865793,11070523,7096761,9956126,6907265
نوار پی‌وی‌سی,11560035,1552186,5150034,521121,7618225,7781648,411716,12782977,12122174,9839599
نوار چسب زانفیکس,4027344,4322738,7698593,10329529,1091702,100454,4140467,9789345,7228514,6661078
نوار چسب محافظتی,4027344,4322738,7698593,10329529,1091702,100454,4140467,9789345,7228514,6661078
نوار چپ آلومینومی,14344908,14453589,284254,1441868,284046,284267,282644,2068072,7124829,6841791
نوار گیپور آبی,527662,15232363,2746264,6806905,6032036,12420452,7730595,7124829,5210649,6841791
نواردرزگیر پشت چسب دار,13370560,856538,17403628,148036,8132532,50295,4590811,5703297,6176744,1560727
نوت 11 اس,11363626,14146381,14494540,8493464,10903141,10722131,13402069,14272634,14714609,9083865
نوت ۱۳ کاور جی کی کی,13946519,5089447,12761318,14002894,11519824,17470238,5089067,5404975,12760907,11494321
نوتور سیکلت بنلی,11104942,6595121,5504255,6659446,3553009,8075711,4951182,6821467,5930504,3045507
نودل تند فلفلی,10393914,8891940,7257964,10661237,881466,1062572,552559,10812826,12458926,55610
نودل شین,575173,8891940,10393914,12960623,100000,100000,100000,100000,100000,100000
نودلیت با گوشت بچه,14009423,173977,7682103,4404801,7541003,4173214,40971,14467723,2767413,10120858
نور مخغی,12231508,175729,9484811,7160734,12802226,11116973,3164744,423594,1944269,395762
نور پرداز رقص,9484811,7160734,12802226,11116973,751366,12399795,8489552,10401049,12093910,17591730
نور پردازی گووا,12231508,175729,9484811,7160734,12802226,11116973,3164744,423594,1944269,395762
نور کوچبک برای ماشین سمند,7890775,14876850,10159708,3636273,3332088,6482755,8283197,16620811,1584875,13781222
نور‌زیر‌پایی‌ماشین‌۴۰۵,4887454,14794542,3384983,1768483,6706762,9517695,12826151,5779102,12231508,503450
نوزاد,3696981,7330976,6867028,15585289,457018,9555791,1006905,14096421,8706390,1772699
نوستالژیک,1619481,100000,100000,100000,100000,100000,100000,100000,100000,100000
نوشته عاشقانه,11116517,15761801,575173,13726497,1638404,14643773,7264632,13727015,3805248,9114819
نوشته ماینکرفتی  گیمینگ,11116517,575173,3805248,8770709,6556217,5593181,11442145,7094941,6759548,13587952
نوشته پشت نیسان,11116517,575173,180512,133172,7478582,3805248,8770709,14165122,12534060,12554568
نوشنیدنی کراک,100000,100000,100000,100000,100000,100000,100000,100000,100000,100000
نوشیدنی شریسا پرتغالی,4124800,3209596,1490182,9094968,3550869,8800744,8397962,1716536,9194096,2285284
نووین لدر شوز,5160907,100000,100000,100000,100000,100000,100000,100000,100000,100000
نوک اتود نه دهم,440264,396033,6991372,115001,41099,12215455,374678,13343888,3604636,8242042
نوک مداد سی کلاس,10668944,9107972,7987018,10719782,3604636,8395302,8244255,1907051,294012,14162487
نوک مغز 7,1907051,294012,11109291,6334215,1668788,2101667,2854783,11705624,3688118,8041694
نوکیا 2760,8929396,2907471,15595047,3437,401,15830110,543,348142,1882481,6605848
نوکیا فون کیس ویت بیوتیفول دیزاین,75932,1818291,75912,6830791,9880812,1924368,8995528,3974550,1062567,10631178
نوکیاپیشرفته گران,2973194,100000,100000,100000,100000,100000,100000,100000,100000,100000
نيم ست ملحفه هتلي ١٦٠,9761959,10527618,9339202,9800468,5025436,1477544,13640085,11378133,6920192,1495626
نيم ست هندي,14283316,9800468,5025436,1477544,13640085,11378133,6920192,1495626,7798139,11216022
نِیل استریپس فور نِیل اکستنشنز,6535145,2751858,7221868,4787696,5032834,10152408,7699090,9952960,6748502,14263482
نِیوی بلو بِرِیسلِت ثِرِد,10688816,828633,806089,4659289,9942415,6748502,81373,12303596,3671737,326946
نکته های گفته,14022215,5301530,3098913,12708037,3219595,8286849,10548632,14574540,8087355,14092946
نکلس جولری,11008436,100000,100000,100000,100000,100000,100000,100000,100000,100000
نکهدارنده گوشی و موبتیل,3381852,625647,8673314,9663993,2689056,4765687,12296023,9197296,557987,5662822
نگاب ترسناک,48078,8659443,100000,100000,100000,100000,100000,100000,100000,100000
نگشتر مردانه استیل,742370,10635917,7349530,9593967,1555394,2016450,4637303,14629544,14862152,3914219
نگه دارنده اب ۲۵ لیتری کیش ترمز,2122533,274302,11091131,4531507,142554,2765082,526298,5725565,436570,836232
نگه دارنده شید گلخانه,13286773,8675148,274302,2122533,4531507,2765082,526298,12652614,2609558,1677625
نگهدارنده گوشی سینه,1547423,2689056,557987,3381852,142598,1621630,12992663,1465480,5594995,882871
نگهدارنده گوشی یونیکورن سیلیکونی,8898273,16891674,6335260,6090993,763971,2689056,557987,3381852,142598,348142
نگين حرارتي مشكي,3784786,10229655,3318599,11594942,1910621,1461793,11891409,1998383,11517957,1645296
نیترات پتاسیوم,799093,11964261,100000,100000,100000,100000,100000,100000,100000,100000
نیترات کلسیم 25 کیلوفف,799093,6248479,4660654,7431580,10340665,11964261,15870530,6204748,5438621,2428107
نیدل سایز۵۳,9105170,100000,100000,100000,100000,100000,100000,100000,100000,100000
نیز غذا خوری,483943,10315842,2292344,1580572,3686404,4461026,8990652,10116615,3528459,305236
نیسان دکوراتیو اکسسوریز,180512,133172,7478582,6245032,314196,6526822,6148057,13003541,14165122,12534060
نیسان پاوِر ویندو رِگیولِیتور,180512,133172,7478582,14165122,12534060,12554568,10517307,6158866,10529944,14453371
نیسان پیکاپ ساید میرور,7478582,9561936,5632277,11314580,11853616,130792,3823192,3361033,892744,11790946
نیل اکستنشن پاودر,11734492,10214171,832740,160034,327247,865529,8098840,3249394,3784625,915219
نیلکین m31,4451740,3813912,11107279,5663467,9850003,4367900,7091001,9132605,10812024,11087289
نیم بوت زنانه مدل بغل کشی,17401644,10036235,9467977,11699458,978692,6920192,9588373,12914437,12558561,3576842
نیم تنه خرسی شکل,12274863,4011001,4935227,14208657,10851219,16376250,2854925,1514008,6920192,12605493
نیم تنه دخترانه مدل ts ng fa,14208657,16376250,12274863,3068071,4011001,4935227,10851219,1514008,2854925,6920192
نیم تنه مدل کش پهن,3040455,4011001,4935227,14208657,10851219,16376250,1514008,2854925,6920192,12274863
نیم ست جی نایس 73,15445255,552307,9800468,5025436,1477544,13640085,5926281,11378133,6920192,1495626
نیم ست دخترونه ماه,1122123,9800468,5025436,1477544,13640085,11378133,6920192,1495626,7798139,11216022
نیم سکه طلا بهار ازادی قبل,13344920,12663728,14265961,12663531,12004587,11329050,15069967,1115690,11623178,13645820
نیم پوتین بچگانه,7294622,1048427,8186728,11997584,1012345,7431446,9371896,3859880,10036235,1029949
نیمبوت لژدار مردانه,1301248,8424976,10635917,7108756,1290089,11459772,606382,890570,6439769,961925
نیمتنه دخترانه طرح پاندا,10806235,8810947,3500394,11429159,15738138,4626274,9980852,10397098,16376250,12216494
نیو مِنز نِک بَگ,1346484,4660904,12428668,5762262,3868112,14246588,10138096,1542287,7556398,1550972
نیو وان تاوزند کارنسی,1346484,4660904,12428668,2435321,5762262,3868112,14246588,6801865,292000,10138096
نیو کبینت مادل,1346484,4660904,12428668,5762262,3868112,14246588,10138096,1542287,7556398,1550972
نیوع rgb برای پاور بانک,570764,7832914,273080,955687,14523987,90539,4514161,3767575,4659289,3384926
نیون Ava,186930,13152830,10638354,8474138,100000,100000,100000,100000,100000,100000
نیکلین,100000,100000,100000,100000,100000,100000,100000,100000,100000,100000
ه ابچکان,38249,2360509,12282414,5986796,1718000,804217,448489,14009141,12109643,820870
هئد کن پادریک,1104172,11859478,167410,2586479,1759545,2987852,14925699,12016209,11241494,8185216
هاب 8 پورت USB پرووان مدل PHU595,13955725,3517431,8198325,16531727,6884446,4615121,5567585,68716,603143,4337355
هاب وب,2763820,4038333,743370,8198325,16531727,6884446,4615121,13955725,68716,445937
هابا,100000,100000,100000,100000,100000,100000,100000,100000,100000,100000
هات واتر باتل,14534561,8837723,2797025,9646741,14225514,9809991,10517307,9795665,9593956,7506039
هادی چهار انگشتی حرفه ای,8972866,14703444,161693,9234629,11177052,10984525,7069786,7830037,10471900,7998504
هارت شیپد بریسلت,1148490,100000,100000,100000,100000,100000,100000,100000,100000,100000
هارد a85,4971666,1123218,24775,25948,196351,2817194,9265137,7117020,90581,7857132
هارد enet,1123218,24775,25948,196351,2817194,9265137,7117020,90581,7857132,866102
هارد اکترنال 512,1123218,24775,25948,196351,2817194,9265137,5652898,7117020,90581,7857132
هارد اکسترنا240گیگ گیگابایت,1123218,24775,25948,196351,2817194,9265137,7117020,90581,7857132,866102
هارد اکسترنال 500 کیلوبایت,1123218,24775,25948,196351,2817194,90581,7857132,577614,491846,8176598
هارد مارک فدک,12449771,12628551,4070674,765128,8106665,239854,1123218,24775,240675,25948
هارد ۲.۵ اینچ,7117020,2100257,2458871,8135386,491846,2817194,24775,9393098,90581,702346
هارلی دیویدسون,12217516,129063,7162181,11966450,100000,100000,100000,100000,100000,100000
هارلی کویین بیلدینگ مادل,12217516,129063,11966450,7162181,9126823,7380375,1490926,3256785,6511826,3103251
هارپ,94435,100000,100000,100000,100000,100000,100000,100000,100000,100000
هالتر 10کیلویی,317579,282816,916324,278724,279137,100000,100000,100000,100000,100000
هالوین می کشد,15489612,8227563,61733,9080532,145805,980291,11853696,9515946,3234768,5327024
هانر 9 ایکس,12068576,4669957,6556217,5320165,24052,8553660,7461831,74056,12804462,1434791
هانر گوشی x9b,625647,1547931,3622380,4952893,859,14349114,12990949,5662822,4823914,8337213
هاپو روباطی,391668,100000,100000,100000,100000,100000,100000,100000,100000,100000
هایبپ,100000,100000,100000,100000,100000,100000,100000,100000,100000,100000
هایما x,14612190,4995311,14185470,15408139,367085,11149658,6368593,9330978,142262,12689957
هت بند ارایشی با دست بند,1016559,3907654,5972745,2058772,15045013,95563,8759938,16026610,5173333,3426902
هتفن میکروفن دار,596699,9297848,11071862,13231718,8873557,4234482,73428,12114084,1552511,10073361
هتفون گربه‌ی,8884427,6236121,3768855,3540612,11795283,3582917,4510377,4481700,4801149,860740
هد بند گره ای چوب کبریتی,16437649,3726850,835347,457422,11562646,11696856,4931454,13906032,8765520,6439769
هد نقاشی شده,8765520,8410075,3726850,77069,457422,6829003,8774462,979954,196762,6681201
هدبند هندزفوری,4304895,6737394,3495091,7802294,7274041,3596209,9351509,11696856,164918,16437649
هدست اینجوی,5189,7595852,451154,381254,12148419,8509300,257884,11476078,4622951,8132753
هدست صورتی صورتی صورتی,14186549,7934152,10772174,1409298,3943782,5895194,6327528,11476129,9739545,2487012
هدست مخصوص بازی تاچی,4622951,3283047,5034090,4924987,5132596,7670153,9986629,3207817,4479388,5926917
هدست کرومی,13380111,9371896,15571908,14324362,15309498,12737686,14757059,12170505,14952548,14472064
هدست گیمیمگ بلوتوثی,7595852,12148419,8509300,11476078,5035423,8031651,14390411,12950291,14864302,10676179
هدست گیمینگ سیم دار آئولا (AULA) مدل S608,12167013,6556217,5132596,9986629,2440074,7094941,4107592,10519102,12573233,4108899
هدستapel,100000,100000,100000,100000,100000,100000,100000,100000,100000,100000
هدفن,100000,100000,100000,100000,100000,100000,100000,100000,100000,100000
هدفن بلو توث,10688816,828633,806089,4659289,9942415,6748502,81373,12303596,3671737,326946
هدفو سونی,1287,191846,958,91013,8683837,9248424,21010,106912,482,9563950
هدفون X10,3036636,2043473,13673507,468422,13782957,138379,364752,11056812,6368593,4329352
هدفون استودیو سونی,91013,12749430,9248424,1135071,3578808,1440386,7950942,908,1287,191846
هدفون با قیمت پایین,5325285,164918,7021668,11432977,8950594,14277641,2099553,1135818,3040455,3295428
هدفون بلوتوثی  k55,4651534,11056812,4329352,7655336,2549150,2185196,12952268,11432977,14011786,6491167
هدفون بلوتوثی p9 اپل,8031651,7180057,12946785,5357021,175115,11056812,4329352,7655336,2549150,2185196
هدفون بلوتوسی مدل inpods 12,2486223,9493378,9365376,6349467,8200558,3639977,138379,364752,11056812,6368593
هدفون بی سیم p47  اصل,2956354,2549150,3295428,897119,6368593,3904229,2413323,22481,11377769,1700698
هدفون بی سیم مدلinpad 12,2486223,897119,6368593,3904229,2413323,22481,11377769,1700698,175115,9904889
هدفون سیمدار لیکو,3792052,2319055,138379,364752,11056812,6368593,4329352,7967010,7655336,763971
هدفون مینیسو,2742336,12790004,138379,364752,11056812,6368593,4329352,7967010,7655336,763971
هدفون های پاپیت,11056812,12528544,8489068,10855108,12120757,12117806,9385552,12671574,4520505,12914704
هدفون پسرانه طرح ماشین,695191,14309629,7503155,9664817,1874145,7338292,4632584,4474955,13073651,6446396
هدفون کلومن مدل,14011786,11630140,11995524,13692930,11593139,138379,364752,11056812,6368593,4329352
هدفون کینگ پلاس مدل ۶۵,13010913,1027368,639743,8462486,9252152,9171692,816624,1029325,17073474,1967359
هدفون گربه ای,12057463,7515606,11969654,12686779,8929380,5277264,6349467,13717213,5000646,9587003
هدلات بنفش موتور سیکلت,996559,1476125,996546,6706357,1910538,9126936,8428516,5091908,1968037,14580856
هدلایت 5حالته فلاشر زن,6761083,15158904,1126798,3640583,4631698,10401049,13869892,6803405,762996,8160113
هدلایت x-sun,657178,9648403,690012,4631698,13869892,8160113,8615274,1621328,16362193,4661871
هدلایت تکی ساینا,4631698,13869892,2668036,6424828,8160113,5654096,8615274,1621328,3875573,7747034
هدلایت پرنورپراید,4631698,13869892,8160113,8615274,1621328,16362193,4661871,8250963,1491132,2313052
هدیه به اقایان,5873413,2540855,2562643,2479307,14850139,1550434,262734,4285398,10853306,11081720
هدیه کریسمس,13682626,6596054,938922,4285398,10853306,11081720,8325058,2153646,2279846,7472092
هر پاتر و فرزند نفرین شده,15786472,16987646,11424616,8054800,14128574,10665659,6633877,4683221,3792937,13340581
هربال استاماک ساپلمنت,100000,100000,100000,100000,100000,100000,100000,100000,100000,100000
هروز یک طوال,5356031,223878,4202210,9339202,134840,97486,4607253,8529398,7488509,7805647
هری پاتر بوک کالکشن بای تندیس پابلیشینگ هاوس,3029194,3230246,15786472,39018,6633877,8376289,4683221,3337746,8133531,3792937
هری ‌اتر,6633877,8376289,4683221,3337746,8133531,3792937,8054296,9200427,10591134,8711251
هسکی,1423971,100000,100000,100000,100000,100000,100000,100000,100000,100000
هفت ترقه برای چهارشنبه سوری,51588,10555917,3000679,707962,1112124,4643325,10763968,6817528,12960623,9828036
هلبکوپتر کنترلی 6,1528090,4427922,12823047,9654535,3143872,8069225,8050566,11289120,719750,8833060
هلرد ssd اینترنال,7523900,859807,5839476,9607810,10739828,10670241,5460742,1832584,1859859,4433578
هلوکوتر کنترولی,100000,100000,100000,100000,100000,100000,100000,100000,100000,100000
هم زن‌ صنعتی,2734184,2744459,6831038,2561858,6803405,762996,1612355,6178212,2605175,7181587
همبرگر هایزم,11221056,14544185,5477608,806140,11287730,10634256,100000,100000,100000,100000
همزن mac styler,11476645,14292218,9010850,3487711,7275363,753067,73856,3637389,14721045,3222791
همزنبرای نقاشی ساختمان,2898643,2603992,6829003,6681201,1560727,979954,1760290,1000484,1093270,5586007
همه دسته بندی ها,531443,4128822,653921,3942786,796611,677319,160392,7192556,69822,9233353
همه کالاهای ماشین  ظرفشویی,7729879,14089147,3941575,7642446,1787492,5140827,9037666,4304088,5900930,11088610
هند فری بی سیم مدل inpods12,897119,2413323,637473,1743832,13804774,3382080,457018,3904229,13144366,7248561
هندا کویر ۲۰۰,3729609,3754640,10892079,11755988,5080871,10626358,3254442,5855224,3525212,6214663
هندزفرب بدون سیم,6526327,13224953,543,1705521,1619296,15595047,591097,12527301,467306,12016209
هندزفری  pro 5ss,8580963,12417844,9027096,6779835,12096701,7421642,14264184,8147606,5161208,12363287
هندزفری  بلوتوث  گیمینگ,8898035,1747050,7027586,10875835,451154,7106192,381254,10648392,9338530,9909994
هندزفری LS29,8161465,10676179,14420358,1747050,1930327,8580963,1734817,8445215,2742336,8365337
هندزفری seinheiser,8161465,10676179,14420358,1747050,1930327,8580963,1734817,8445215,2742336,8365337
هندزفری اورجینال شیائومی,1734817,8573346,8147606,9818804,14696,933185,7166735,7106192,9810520,6718375
هندزفری اینفینیکس,9067279,6582907,10662801,11830223,13399395,8216688,6424773,8161465,10676179,14420358
هندزفری با سیم AKG,8365337,833027,4365766,5270440,9027096,9373848,13536155,12958743,6654067,10570478
هندزفری با سیم زیلمی,8365337,833027,4365766,5270440,9027096,9373848,13536155,12958743,6654067,10570478
هندزفری بلوتوثیLP40,8161465,10676179,14420358,1747050,1930327,8580963,1734817,8445215,2742336,8365337
هندزفری بی سیم کالوس,10755252,8365337,833027,4365766,5270440,9027096,9478609,16035296,12702443,22481
هندزفری شیامی anc,1734817,7484820,13287099,14180980,17512480,11648685,14275370,14048785,8161465,10676179
هندزفری قیمت 4000,212314,13883838,3562132,12407414,5715433,6263022,7324155,3967172,3478460,14606650
هندزفری لنوو مدل HE01,6464596,13946399,9555021,5274977,9080322,11979,227674,3388401,13434284,10639608
هندزفری کوکو کلاستیک,9161608,11152961,8541903,9451361,806023,13922116,14716026,5926572,13717987,13581904
هندزفری یاسی,1935838,2910279,8161465,10676179,14420358,1747050,1930327,8580963,1734817,8445215
هندزفریAkg,100000,100000,100000,100000,100000,100000,100000,100000,100000,100000
هندسفری بیسیم دخترانه,7967010,11648662,2099553,521444,5141029,13278490,8758331,9491291,1416506,6766386
هندل در برقی,10986377,9858765,10931691,832268,4139549,13524935,452604,3376857,2404977,2383313
هندی گارد موتور سیکلت,987792,996559,1476125,996546,6706357,1910538,9126936,8428516,5091908,1968037
هنذفری ام ۹۰,13939525,13692905,14575018,6699387,6922607,305573,3896892,5102788,9567321,4629071
هنذفری گردنی,14803529,10283219,2562313,14357221,1860173,4183245,13656268,7858136,579644,631186
هنذفری گردنی اچ تی سی,31659,7104832,3809063,13255175,6693613,17015612,4894554,995484,1287,936338
هنزفری بلوتوث تاچ بکس,494731,17484673,4729870,15414041,2969980,1980226,7368232,15165767,8945874,2917060
هنزفری بلوتوسی.,100000,100000,100000,100000,100000,100000,100000,100000,100000,100000
هنزفریLwA,100000,100000,100000,100000,100000,100000,100000,100000,100000,100000
هنس غری,734314,4492680,100000,100000,100000,100000,100000,100000,100000,100000
هنسفری بلمسامسونگ,100000,100000,100000,100000,100000,100000,100000,100000,100000,100000
هنسوری جوجه اردک,824055,10511789,684205,15319527,12236024,5483508,1481699,16755006,12143102,1760333
هواوی وای سون پرایم فون گارد,13524212,14749791,14235002,8995528,5812546,7944206,2595835,1062567,117147,951998
هواپز,11274760,12376576,12235594,12299894,15444764,10221846,4815766,100000,100000,100000
هواکش پژو,4397081,9128967,7505526,4569840,7120119,11858038,8597547,286918,4409667,3961887
هوای فیت ۳,4372486,7591916,3786538,4089442,551022,7004735,261051,13905556,10194342,17825988
هوتوپرکنتهلیقیمت,100000,100000,100000,100000,100000,100000,100000,100000,100000,100000
هود زیر کابینتی بیمکث استیل,679986,8456500,9445070,1450658,4777970,2586479,11710716,3051720,8185216,3475912
هود شیشه تیبا,1459872,11743122,4777970,679986,8436769,8456500,1932281,2586479,11710716,3051720
هود مخفی رمیکا,4777970,11710716,3051720,8185216,9445070,679986,8456500,2586479,3475912,343631
هود ۹۰۰ مخفی التون,11710716,4777970,3051720,8185216,9445070,9861439,13515211,679986,8456500,2586479
هودی دخترانه زرد طرح خرگوش,6346380,10322404,2171400,6852683,2497374,12647727,6922406,12437914,13229539,11729919
هودی زنانه,2227950,14952548,6782210,10499663,7083700,14952532,13327061,12295866,7538008,1029075
هودی زنانه درس,2227950,14952548,6782210,10499663,7083700,14952532,13327061,54145,12295866,7538008
هودی شلوار بچگانه کرم,12349347,7431446,4449066,7533584,9798133,10943530,13327061,9456046,6990482,12647727
هودی پسرانه مدل فوتبالی کدf05,3424254,6852683,4474955,6519620,12349347,2208437,6549059,7537309,7431446,14586691
هودی پسرونه با طرح ایتاچی,7538008,1029075,4474955,2171400,4641312,2497374,2227950,9798133,12295866,5557840
هودیی بچه  گان,6790296,2877154,3955712,5752476,10218962,142327,6061225,6061308,2604096,839813
هوشنگ ظریف,43733,7326602,12164451,1973811,10245642,100000,100000,100000,100000,100000
هوشی خان,4276171,100000,100000,100000,100000,100000,100000,100000,100000,100000
هولدر سیلکونی,2901096,100000,100000,100000,100000,100000,100000,100000,100000,100000
هولدر پیک,2901096,1861243,498222,14502462,1809269,608655,6247153,3046384,3785854,1486197
هوله مهران,4583604,10637548,364131,100000,100000,100000,100000,100000,100000,100000
هوندا,6575098,7276053,2781492,6904979,8705515,10260791,10649152,4366604,3731327,11911500
هوگو ورسوز عطر,5900864,9513631,10016579,12969853,2444236,9915584,252103,2028711,8910724,8806996
هویه قلمی ۴۰ وات,13692498,511432,3612361,6842082,3061774,5994231,2698211,3328828,11455959,9994878
هویه ی سوخته نگاری,13692498,3328828,11455959,3612361,6842082,3061774,511432,6904485,7195939,7161046
هِر استایلینگ ژل,2754683,13516129,1534108,12101402,2583317,11563408,82118,2537376,3833118,14256337
هِیر ریموال دیوایس/اپیلیتور,100000,100000,100000,100000,100000,100000,100000,100000,100000,100000
هیتر برقی,10931691,452604,13384444,9085536,13466118,940963,6240274,14217323,11572853,10691718
هیتر فن دار برفاب,299236,13384444,9085536,13466118,6240274,14217323,3321687,273192,330279,4262763
هیتر مسافرتی,13384444,9085536,10931691,13466118,452604,940963,6240274,5990540,3170935,800821
هیدرودرم قوی,3711588,82111,2030253,2537381,11670463,82134,82034,2537376,148182,8457021
هیر درایر استند,11246879,12708037,5466028,7188425,3782930,3257807,2342736,815931,1768109,9764007
هیفون بی سیم,637473,897119,2413323,1743832,13804774,3382080,457018,3904229,14645,9478609
هیلتی ۷ کیلو pm,9579700,6159606,597957,204452,2234013,9326693,5024031,3209497,799093,2992941
هیولا های میکروسکوپی,15247016,11714283,7388202,12708037,3219595,8286849,10548632,14574540,8087355,14092946
هیوندای مدل تن امپ سینگل فیز مینیاچر فیوز,12299081,2262280,1514106,4972712,9603981,6010088,12844284,6077207,17085140,6099091
و سایله آرایشی,14226632,12351230,3782930,3257807,815931,1768109,4559139,456337,9764007,4271476
واتر کالر نوت بوک دراوینگ بورد,5556954,2797025,6327884,10517307,162509,2120190,8972866,751130,1098257,7506039
واردی ایندرا,12568138,100000,100000,100000,100000,100000,100000,100000,100000,100000
وارنیس براق,12571887,964898,7510865,5862804,964677,10201221,796229,753092,9304907,824215
وارنیش پایه آب,3066061,652741,1099561,1624836,3454738,4407222,9104542,10111583,26666,15309498
واساژر گردن,1441171,4490729,1723585,12542244,9570967,11829136,4388902,10201221,6950565,6433028
واشر ترمستادپراید,1131373,7493128,6984499,4652370,3008807,14768127,15029694,1795756,1765544,5077234
واشر در گیر بطری آب,3602065,3597538,10362830,9813153,9103478,13117448,13938765,7493128,6833688,2051041
واشر سرسیلندر خوب پژوپارس,6984499,4652370,3612596,5414500,5227146,9112432,7296441,1131373,7493128,9745335
واشر ماشین لباسشویی سامسونگ,11070523,9151144,2607850,6237630,8319122,1645925,12310412,8367425,2745451,11124883
واشر کاسه نمد موتور پراید,15029694,8637273,14341236,6448163,3008807,7493128,14768127,1468500,4201913,1131373
واشر گلویی اگزوز موتور هندا,12217894,1476125,14580856,996559,3731327,10388992,10649152,12537996,6770083,1584808
وال لایتینگ پنل,9285840,9539928,7220792,9180751,3899381,15937518,2763161,15205385,11433406,11723131
والف رنتال ایپرت,3090192,1476125,10297346,12090299,11840242,11354540,10273461,1460381,100000,100000
وان تونتی کالرد پنسیل کیس,2435321,6801865,292000,225366,6555192,187591,1443423,354564,549702,3944618
وان پلاستیکی شیرتخلیه دار,13140022,2435321,6801865,292000,8430508,6555192,1443423,9075982,354564,549702
وان ۱,2435321,10701126,329253,1908813,6801865,292000,107616,6555192,1443423,354564
وان‌وی لمپ ساکت,3944618,3380376,2232119,2435321,6801865,292000,6555192,1443423,354564,549702
واچ جک استند,6833552,17093058,451963,1034194,493952,7802326,8934618,8964300,10842479,9636699
واژن پلاستیکی,9075982,7745780,970214,536385,10842381,7623593,780485,7652374,91264,795371
واکس بدنه خودرو سوناکس نقره ای,4171264,358187,10724278,1412133,199083,1541231,8752810,2598454,12197331,8009061
واکس بدنه کار سان,1541231,4171264,8752810,12197331,8009061,2598454,1025472,8286788,9714651,1832192
واکس پاواکس,8495720,12548125,1541231,1526686,6854837,1813686,2037777,12197331,8009061,4171264
واکس گیاهی مخصوص چرم,8495720,12548125,358187,14722392,8331727,1541231,612594,1526686,6854837,6199899
وای 7 بی,11591216,7732009,8882003,12695788,14656328,10712054,9392748,833027,14048785,12686619
وای فای‌ جیبی,7270711,10073361,12686619,8919809,4991745,15030810,7230405,8313097,11591625,9060954
وایت اَکریلیک پِینت وان کیلوگرم,9033285,6611660,6412337,520041,4547127,2435321,6801865,292000,4548686,6555192
وایر تقویتی موتور سیکلت هندا,1476125,996559,12217894,10388992,10649152,12537996,7651694,11697602,7790253,1584808
وایر شمع خودرو,690926,5823722,7318141,6561991,9384931,12923481,7559342,13977357,5177810,3857013
وایر پرایدوالو,690926,5177810,3857013,7318141,5823722,12619377,12923481,6561991,7559342,9384931
وایر ۱۱۰,5177810,690926,3857013,7318141,5823722,12619377,12923481,6561991,7559342,9384931
وایریش حرارتی,11891409,11517957,1645296,204608,12094112,14822087,607449,8946331,3784786,12088191
وایفا جیبی آلکاتل,25959,9915584,252103,2028711,5900864,8910724,8806996,5703443,1066505,2315672
وحشت دردبستان شونیان,2305680,100000,100000,100000,100000,100000,100000,100000,100000,100000
ورزشگاهی,100000,100000,100000,100000,100000,100000,100000,100000,100000,100000
ورساچه پوروم,9796828,8855064,12452046,5369385,3110912,100000,100000,100000,100000,100000
ورق سنباده ۴۰۰۰,3598086,6803405,6396028,8743568,5936777,4286957,13883838,3562132,15292177,3875383
ورق یونولیت ۲ عدده,13121815,4519574,3315269,4286957,3598086,15292177,3875383,8924210,58060,3045099
ورم طلسم,6060757,2050507,100000,100000,100000,100000,100000,100000,100000,100000
وزن مصنوعی,14574080,8468976,828562,11149658,225366,3539005,6152199,549702,11330221,733463
وزنه ترازو میوه,13276121,8516352,3953015,10359323,2488852,316820,317579,13010219,5234940,95563
وزنه فرمان,11363131,316820,317579,95563,282816,565132,14036003,916324,963026,278724
وزنه هالتر خانگی,317579,278724,282816,916324,316820,95563,7865355,14036003,279137,11363131
وسایل  ترک پا,1528874,170535,3063106,17097822,1557811,1491168,2731092,5595567,263299,3433416
وسایل اتاق دختر کفشدوزکی,9098249,4982964,2716151,9778191,5583001,4816326,2554355,4303836,4506119,2507944
وسایل اکستنشن مو,8098840,3784625,915219,917261,6204718,9564653,865529,832740,160034,3249394
وسایل بازی از۸ سال به بالا,8766222,1126099,11137693,999981,7370328,10446405,1704612,6338303,9351509,12090877
وسایل بازی ی,7314195,6966279,6556190,8332806,7581955,12004169,6209833,9980852,5364951,2275561
وسایل بازیگرانه,6966279,7314195,941779,325143,6556190,8332806,7581955,12004169,11030618,1029673
وسایل تزیین روی میز,163530,8765904,8236737,6331877,13906032,2212054,216366,11254524,12445779,6860798
وسایل تزیین فانتزی,8236737,13906032,216366,11254524,12445779,7960441,6966279,17695871,8805311,8707030
وسایل خابیدن تو ماشین,4550206,61733,2186480,11008436,12856922,4438095,640036,327148,12356824,73006
وسایل دخترانه لوازم تزیینی,7897714,761004,7222721,6632614,6870884,3067219,6330542,2407543,6580689,8938311
وسایل درست کردن اسلایم واتری,8996055,1877528,4519574,5507015,3919055,11002739,5561897,6966279,7314195,941779
وسایل رباتیک اریانا,12296211,7345465,5497765,15113204,5572569,4446783,3804921,3000482,11530024,3725818
وسایل زیر لعاب,6839209,6966279,7314195,503450,11695682,624926,15072221,12603987,941779,325143
وسایل سفری سگ,12760388,6622267,6966279,4270359,4901144,14135524,1709177,10566257,9327243,427710
وسایل شمع دریایی,9662450,1407137,6239844,10273269,1480950,433458,4929072,1638404,2241690,4499873
وسایل شوخیوشعبده بازی,7314195,6966279,6556190,8332806,7581955,12004169,6209833,9980852,5364951,7709371
وسایل غذا خوردن چینی ها,1580572,2708994,117803,6966279,4428698,11699280,7492512,11670350,7314195,10856427
وسایل نظا فت,3576216,358809,6966279,7314195,941779,325143,6556190,8332806,7581955,12004169
وسایل های ورزشی باشگاهی,9445099,282816,6966279,2032185,5174702,12076186,7314195,12363313,845833,13045848
وسایل ورزشی لاغری,12911007,10311965,11018197,15105445,5251242,6966279,7314195,941779,325143,6556190
وسایل کمک زینتی,7623616,17381762,3337746,9200427,5727653,11602582,17348642,6646847,16171326,17322627
وسایل کوهنوردی مردونه,5562610,367085,6868419,765174,178772,5264549,8329320,5201501,5337932,10205466
وسایل کیف مکرومه,7168123,3663415,5478499,6315414,8468225,6966279,7314195,941779,325143,6556190
وسایل یک اتاق یک استریمر,7314195,5356031,223878,4202210,9339202,134840,97486,4607253,8529398,7488509
وستامین ا,1626470,1619296,806089,806023,806140,758079,774859,12226742,7143480,7363962
وسسیله بازی زن و شوهر,7441563,5886948,7172417,7181587,13972438,1884917,6803405,762996,7687466,11493053
وسفنر جلو موتور,3797495,10649152,3376676,8230805,3299334,984839,8098125,11580930,12283380,7990655
وسیله اتاق تزئینی,5610808,4886795,8721153,8658743,5895194,8630516,1139534,3050985,6998606,12536422
وسیله طرح انیمه,3066530,9542679,7188846,7344545,9873944,7788990,10161806,11465854,4917171,11142656
وسیله های پلیس و دستبند,8185780,12349726,12529474,17223962,8369135,11755118,4931454,7301613,10338921,806227
وسیله ی تمیز کردن گوشی,6033622,9864678,5480232,5357364,10311608,540860,2275561,13258210,3202248,796229
وشایل اسپرتی ماشین,11778310,9578637,9110721,2315399,12325010,8844118,8587723,9780923,9795665,3229372
وصل کننده بلوتوثی ماشین,7372199,126882,13211560,12434237,10064894,1484777,169973,10462363,7612486,4104507
ولورانت,100000,100000,100000,100000,100000,100000,100000,100000,100000,100000
وودن فولدینگ داینینگ تیبل اند چرز,9937384,12081253,749119,9375148,10488826,6825037,9545062,478133,1017460,4991745
وومنز چوکر نکلس,100000,100000,100000,100000,100000,100000,100000,100000,100000,100000
وومنز کامفورت سندلز,10340370,5293189,5628638,100000,100000,100000,100000,100000,100000,100000
وومنز کروم مودل اکسسوریز,3341594,9618083,3872759,4578180,13025766,4547675,5111920,6248763,13363407,14529794
وکس آلوارا,981600,8855064,12680909,3691970,11723131,5748923,3606476,8824653,100000,100000
وکیوم صافکاری,1575818,1713262,8394489,1002193,9515648,1967157,3303406,4344817,100000,100000
وی ام اف کتل اند تیپات ست,10488826,4878943,8164385,9545062,4991745,305573,3896892,8993529,5102788,634753
وی جی آر V-981,13810500,12103422,6286333,10204601,8190969,12921491,11106492,8584290,7886575,8134613
وی جی آر هِر کلیپر مادل وی وان وان سِوِن,3944618,3380376,12103422,4951030,6286333,10204601,8913462,13810500,8584290,8190969
وی جی ار v_071,12103422,6286333,10204601,10079375,8190969,12921491,11106492,13810500,8584290,7886575
وی فیفتی تو,4550206,61733,11008436,12856922,4438095,640036,327148,12356824,73006,3716961
ویالون واقعی برای خرید,4933374,12221615,2127877,13343245,6821038,17025073,13343756,13343888,13336124,11732737
ویایل نزیینی جشن,10836611,739779,932430,2089470,4707890,6939250,4826653,4242148,4500400,9073973
ویبره ساعت هوشمند,5621825,2873855,5572422,558489,6750649,4731083,12791797,14036383,11324697,9682209
ویتابیوتیکس 30,6718375,5060096,5064814,5132167,9980728,1467510,10134957,9983214,8449627,9875795
ویتالایر اکتی ویت,9093644,10867257,75932,1818291,75912,10631178,288078,5144650,3079364,3954961
ویتامین cu,6965346,2672678,9994533,5111733,10006431,12565176,13364158,7963042,9505521,8943078
ویتامین برای جای جوش,5333465,674036,8595427,13323415,15474441,9229099,1479187,17037730,13950898,12508996
ویتامین دی و ک ۲  نکستایل,12976155,9478226,779522,6323875,7052007,6261252,6754102,10340665,5373611,6593522
ویتامینویتامین d,7467783,5116408,2572664,981600,794980,10289010,8363035,4984859,6517064,837213
ویدئو,13783263,3055850,7452278,12101295,8815083,100000,100000,100000,100000,100000
ویفر مغزدار,4251665,10527270,8516675,2895961,1907349,2358947,10630903,3593580,9874651,7178449
ویلد کولر,5210649,8545127,2787336,114628,5347419,8577079,273192,2081512,7425234,542963
وینی جونیور,5931323,1545300,11213427,5866703,699324,8163672,100000,100000,100000,100000
ویو رزیا,3963159,10471936,3671737,10685206,100000,100000,100000,100000,100000,100000
ویوالدی آلبوم موسیقی,42595,20474,22437,177217,43733,19295,55352,42046,10254311,7165982
ویوو بوک سیکستین آر سیکستین زیرو فایو زد ای,146605,12094112,1037044,5128268,7033256,9430343,3335526,3389477,11274192,8282123
ویوولون,100000,100000,100000,100000,100000,100000,100000,100000,100000,100000
َشامپو سگ,4270359,13880861,9357417,4991935,378044,7947395,3513813,822322,4577534,14763533
ِیوان کودکانه,6554716,6185331,4131783,100000,100000,100000,100000,100000,100000,100000
ّبذر میوه های استوایی,12089424,9053258,7836415,4782055,4302571,17510533,2283053,11714569,3481640,4011667
پا دری کوچیک طرح دار,12506465,3339107,13100447,11157453,6770839,11330221,13551569,4941308,8523926,5436725
پا سماوری عروس,8889337,349671,349676,732692,5425937,349378,348971,6998270,348880,8326311
پابند باشگاه چیاکو,16817104,12277034,9756715,409618,6849774,10040064,4534159,13218038,4801614,11661172
پاخچه عقب سه بعدی,6997676,448364,5879916,7085174,11443530,7185932,11917069,7293190,976059,6978184
پادري مدل چوب,5406569,733582,13547574,14045908,9177635,3355614,10288193,11575630,435186,6004161
پادری   طرح ماین کرافت,15491261,733582,3355614,6004161,11575630,5363097,5406569,165896,13547574,14045908
پارافین شمع ۳ درصد,14131854,10405197,10273269,433458,12391577,4929072,1638404,4499537,2241690,4499873
پارت بایسیکل توی,2297035,6323922,3382729,2309345,4206368,6828779,6914027,476084,5155480,4231919
پارتی‌کاپ,9484811,8489552,6535331,12828494,9546468,2309977,7922395,6328220,13806512,3036527
پارس آرت براش سریز تو وان وان فور سایز زیرو,7788990,2435321,6801865,292000,6555192,1443423,354564,14019592,549702,3944618
پارس اویل,2032757,2831303,11755988,4569840,3295640,8973032,5205987,5994231,264611,6741383
پارس پایا روغن موتور,10820128,9107643,8973032,861621,8806208,147516,9567498,4060266,202993,12586562
پاروه تور,8282083,1826170,2869152,797281,555310,17058307,2990912,5357966,9004357,2398797
پارچه انگشتی برای بازی,6327884,8972866,2787116,631757,12553170,963026,587821,3016694,10772174,4158682
پارچه ایینه طرح,416375,6429942,6245032,9554045,709944,11373570,3176973,9750813,5879916,10137034
پارچه برای لباس لری,10481951,8646801,2091251,11373570,4261129,7319348,5217691,13631595,14411521,709944
پارچه بند دوچرخه,152123,682074,7819136,8238618,3726850,3686859,11026740,15533994,123067,8435870
پارچه تمیز کردن خودرو,6033622,9864678,1819575,358187,16276244,9846061,10724278,202619,1013310,5357364
پارچه سفید برای زیر پرده,3176973,8238618,9554045,750182,10985290,2094624,10961693,12644844,8011488,5426017
پارچه لاکرا,13631595,9554045,8646801,10481951,2746264,709944,2091251,12656609,11373570,1610096
پارچه مانتو سبز کمرنگ,304946,438351,4651534,5116470,7566698,1356028,11434759,467853,7873366,13297002
پارچه مانتو کتان لمه,14411521,5879916,4651534,438351,5116470,8552325,2387365,7566698,490549,8136665
پارچه مخمل سرویس خواب نوزاد,6867028,12990412,1070702,2411284,5235259,3428211,12656609,14096421,1154347,14309629
پارک اسباببازی,4530267,8841456,7357985,704582,8972866,777689,13318293,5023883,760181,10100238
پارک دایناسورها,4530267,3682195,8841456,7357985,704582,8972866,777689,13318293,5023883,760181
پاریس ان جرمن,988454,3956184,442631,2813339,2205177,9829100,7775776,7729570,1452542,15087423
پازل هزار تیكه,4119606,1581754,8000168,3108863,10641993,340424,1953011,134955,977706,3520814
پازل پنج هزارتکه,13202510,4119606,1581754,8000168,3108863,10641993,340424,1953011,134955,3520814
پازل۳۰ تکه,3271100,9761959,712594,906231,12638151,1953011,134955,556119,1060996,9339202
پازل۳۰۰۰ تیکه,977706,13230163,11676603,6770839,4567852,7174761,202703,202682,100000,100000
پاستا بول,334139,1460055,8804482,8924210,13154792,100000,100000,100000,100000,100000
پاستای سبزی,3367562,6170219,9872271,6888717,12284171,3638078,64316,468478,757391,718577
پاشا برای رنگ چوب,477045,10088731,12691832,5096627,9219719,753092,12998878,304734,964677,919220
پافر بچه گانه,839813,1020800,2520167,173977,705153,4883013,1496004,4173214,555591,702522
پافر زنانه طوسی,13371381,17491812,2118362,7977265,9544169,13121363,12830152,10156991,8552325,10226719
پافر مردانه جیب,12830152,14005054,7982014,13371381,5469265,17491812,7429192,17721490,2415001,12222812
پافرسیلیکون,100000,100000,100000,100000,100000,100000,100000,100000,100000,100000
پالت دریایی,8356435,12560315,4893128,5534645,1407137,9662450,7943088,5648044,4684040,1468592
پالت سایه چهار رنگ,9359293,7096623,11640402,9033542,3400272,11421317,7943088,8812256,4684040,4893128
پالت و ابرنگ,4064721,12234635,8356435,12560315,1655174,86720,5534645,4893128,666324,10498126
پالتویی کودک,17024593,2817052,3772520,5066622,14471723,12904616,5654096,5054450,603604,14024753
پالس ۴d,2441995,6323457,6955661,183236,11853616,11402948,2396283,15030538,9051704,163221
پام نیتِد هَت,3618324,7404404,11338392,8886721,100000,100000,100000,100000,100000,100000
پاند پراید عقب,2906550,7926817,2648343,9780426,2902421,13161928,2002493,6524315,8963792,5347861
پاور iphone,13549424,4023448,273080,90539,4514161,3767575,4659289,997006,6425156,7544531
پاور ال ای دی ۲/۵ وات,3957441,364697,875262,1475443,3475356,679540,383429,2698211,13869567,11707656
پاور بانک sp 30000,570764,5364017,8271775,2732077,3170102,273080,955687,6553792,14523987,90539
پاور بانک ردمی 20,570764,273080,955687,14523987,90539,4514161,3767575,4659289,997006,6425156
پاور بانک لامپ شارژی,570764,12688760,17642899,12449332,10563755,273080,955687,14523987,90539,4514161
پاور بانک گلف مودل,570764,5074412,1583575,273080,955687,14523987,90539,4514161,3767575,4659289
پاور بانک ۶۰۰۰ هزار,570764,7464696,4983869,11595399,8900256,3339819,42639,273080,955687,14523987
پاور بانک‌گرین لاین,9740519,273080,12664742,12562178,17304884,570764,11039212,13710998,10015130,13364523
پاور باک بدون سیم,6425156,12063614,273080,5091908,90539,4514161,3767575,4659289,4137141,10103649
پاور پلاگ تایپ توینتی وان,273080,2435321,90539,4514161,3767575,6801865,292000,537112,4659289,6555192
پاور پنل,273080,90539,4514161,3767575,4659289,997006,6425156,7544531,304696,90581
پاوربانک  قوی,8687682,13580357,5074412,5364017,480922,8271775,9091151,42639,4385408,3767575
پاوربانک 3000 میلی,9091151,8687682,13580357,5074412,5364017,8271775,42639,4385408,3767575,1624540
پاوربانکADITA,100000,100000,100000,100000,100000,100000,100000,100000,100000,100000
پاورباک کاسکو,3370351,100000,100000,100000,100000,100000,100000,100000,100000,100000
پاپ سوکتی طرح سه خرس کله پوک.,12318197,11781292,8131326,11970915,12928230,12560714,14209762,5840935,2678496,14169554
پاپ کورن نیمه اماده ماکروپف,4515403,14141928,2516249,3021411,8891940,7273908,5638233,806089,3405987,806023
پاپیا ۲۴ تایی,10207211,4207004,12062791,5483508,616505,470122,938922,5880436,15390774,3664741
پاک مدادی,4237981,5948450,1642677,11330901,10480335,610616,2149553,50796,4266141,6931925
پاک کن  برقی تیهو,8952830,13133550,10058099,12054588,8180402,2966648,4640838,839031,6241074,2308497
پاک کن طرح طوطی,3383576,12054588,2966648,839031,8075123,3619788,10806235,13133550,3825051,17718484
پاکت بسته بندی مخصوص محصولات پرپتینی,876629,6851912,7274780,5813649,558843,4571366,12773727,3869931,3338055,323611
پاکت جارو برقیرشف مجیک,5401454,11455279,1801937,4983869,7556757,1505003,4585575,4076941,10583707,59380
پاکت هدیه کادو تولد,13682626,10244388,315488,11974409,3394726,607213,10853306,10641993,12078880,7274780
پاکن استدلر پاستلی78123,5701468,16440612,8180402,55254,577147,111707,14126372,8930873,3600742,6436906
پاکن مدل استیکر دار,14126372,577147,8930873,3600742,15739585,761749,4816942,12851647,4793179,10190962
پاکن مدل فانتزی طرح دونات,8093062,14126372,12054588,14179735,8639614,7121107,577147,15216852,10965551,5424088
پای زیر درب,904082,13946399,2007653,15231794,598677,2234013,2182660,5378982,2760515,4235617
پای مصنعوی,2007653,598677,2234013,2182660,5378982,2760515,16971721,8215382,100000,100000
پایps4,100000,100000,100000,100000,100000,100000,100000,100000,100000,100000
پایتون به زبان ساده,1006371,4423957,11872564,12369745,448733,11593139,38243,11372593,11736992,10532492
پایه  نگهدارنده تلفن همراه در خودرو,10100238,2014710,9648403,2194673,1491994,5318554,7315724,7606003,2689056,217019
پایه ایستاده نماز,6510095,11252935,4622688,6373656,5762323,5700424,7995078,8544546,6790460,6916217
پایه اینه جانبی پرشیا,2825664,13384382,11400727,10732226,3571443,4017949,14511418,10361578,3046475,16620811
پایه بست دوش حمام,11630643,7691559,455580,305663,466066,5901716,774908,7345465,531827,13302895
پایه تشتک رنگ,3937041,652741,10111583,15158904,9959461,2194673,1944269,1491994,12673045,196762
پایه تلوزیون 24,882196,7085174,1804837,3153356,742773,15390774,3664741,12381319,76628,1450945
پایه دوربی عکاسی,1944985,2010522,196762,14038806,1845308,1069184,9622549,3592470,3593269,8995528
پایه دیواری برای موتور کولر,3225041,7759822,4968240,7199110,1156848,589998,8315267,2044887,1157087,870719
پایه دیواری دوبل,12855385,3308038,3307928,7199110,3225041,2044887,9296213,8972749,1156848,589998
پایه ساخت آویز روشنایی,2581733,12688760,9296213,10544675,4711031,1117174,13849949,3016058,395269,3656144
پایه فلزی آینه,11400727,10732226,12164451,4985247,1489561,14511418,2825664,10884029,2151255,12347435
پایه فلزی آینه پارس,11400727,10732226,12164451,3571443,8675578,4985247,17222397,1489561,10621046,14511418
پایه لب تاپ,6742314,15536181,11777130,2006915,7759822,14091628,17450639,4419202,17536916,5948450
پایه لول دوزی,2032578,2355599,6902874,5579404,10598469,2002493,2428107,9868369,14206408,7432210
پایه مبلی میخ دار,1619660,281133,10766629,9115881,13384382,4887699,9296213,13710923,10763968,10652669
پایه نگه داری گوشی برای موتور,274302,3299334,6520197,926332,14049507,2689056,557987,5930504,3381852,142598
پایه نگهدار پایه موبایل,2689056,557987,437766,3381852,917875,142598,5594995,882871,9648403,7003011
پایه نگهدارنده دوربین دنده عقب,8940522,3294846,2254486,9759915,6161608,464080,917875,2689056,217019,557987
پایه نگهدارنده دوچرخه پشت خودرو,3016831,9648403,2689056,217019,557987,437766,3381852,142598,5594995,5961873
پایه نگهدارنده پاپ سوکک,8898273,2390599,2689056,217019,557987,437766,3381852,142598,5594995,882871
پایه نگهدارنده گوشی مدل هفت,17830471,2689056,557987,3381852,142598,5594995,882871,9648403,7003011,217019
پایه نگهدارنده گوشی موبایل وتبلت تا ۱۱,437766,2689056,557987,3381852,142598,5594995,882871,9648403,7003011,746096
پایه نگهدارنده ی فون عکاسی,1944985,2010522,8995528,3164744,15325190,2689056,217019,557987,437766,3381852
پایه پلاستیکی آویز تخت,1122015,5248502,10544675,948416,15255549,12688760,8771613,2793838,13117072,1117174
پایه پوستر ۴۰۵,9614779,2825664,7526582,2151255,15196681,17217836,11242972,4909407,7144875,4301569
پایه پیچدار,2194673,1944269,1491994,196762,10653284,1944985,2689056,217019,557987,437766
پایه چراغ شب سقف سمند,172614,3330620,2230861,8283197,3636273,2568772,4925525,2957013,7890775,13462878
پایه چسب jm 3200,11572853,1486387,341682,3683822,578751,6891483,7871032,1660828,1411192,323085
پایه چسب نواری,1486387,578751,2205129,395262,1918074,6875823,341682,2543130,1117465,13003541
پایه چسب نواری طرح ابر,1486387,578751,2205129,395262,1918074,6875823,478133,9607570,341682,2543130
پایه چوبی و اتصال سیاه رنگ مشکی پایه به میز,6935286,633880,648468,4344817,9959461,2194673,5817739,15325190,7315724,11525184
پایه کتری روی گاز,10668182,936338,1066894,1659259,3541573,15627975,3321292,1619296,3444958,1719624
پایه گردان,816383,2086763,8155129,386517,13166488,3390351,2394989,13242277,13349064,2792992
پایه گرم نگهدارنده قوری,2689056,217019,557987,437766,3381852,142598,5594995,882871,9648403,7003011
پایه گوشی tranyoo,2689056,557987,3381852,142598,5594995,882871,9648403,7003011,746096,8673314
پایه ‌نگهدارنده تفنگ بادی,7362047,2689056,217019,557987,842100,4013155,3801403,437766,3381852,142598
پایونر 750,3370351,631027,12400632,207068,6775093,964507,10455179,2205336,107616,3674058
پایین که جا ماند,6140203,7825011,37261,3385777,314384,9396692,4934866,8960641,5736949,7021668
پته خام رو میزی 4نفر,6105808,4262763,299236,13466118,14206408,1144352,467065,8469922,6152802,836586
پته چشم نظر,14206408,8469922,8132256,8773872,13706952,7451748,7268142,3644217,747190,9287507
پتو دو نفره سایز,412370,7910536,7317800,518389,1617704,2253986,10079591,340663,129694,11198942
پتو سبک,1617704,2253986,518389,412370,10079591,340663,7910536,6985050,5427098,1843898
پتو مسافرتی کود,1617704,518389,10079591,1843898,2253986,412370,340663,7910536,6985050,14980996
پتو پوشیدنی,1617704,2253986,518389,412370,10079591,340663,7910536,6985050,5427098,1843898
پتو کوچک فانتزی,7616089,6735693,1617704,2253986,518389,412370,10079591,340663,7910536,6985050
پتوی عروسکی نوجوان,6735693,10691718,12775440,6225075,15319527,5710882,7695557,10806235,6838163,1465480
پتینه پرده,3176973,1582096,11097713,7293190,10985290,2094624,10961693,12644844,8011488,5426017
پخت ۲۴ کاره,9789372,927004,12387366,9872192,4071241,6505775,653921,206083,12235594,447326
پخش a,8083996,8683837,10630704,691459,873054,180937,9075233,9222733,73702,8486799
پخش خودرو مکسیدر 8818,9275396,9275371,10656190,8735636,10631706,10630704,10457502,4742047,4956004,8083996
پخش ریموس,13302528,8083996,8683837,10630704,691459,873054,180937,9075233,9222733,73702
پخش سیار شارژی,6099338,10703295,12675664,11410049,8083996,8683837,10630704,691459,4983869,873054
پخش های حرفه ای,14703444,3951436,8355873,161693,9234629,8083996,8972866,9075233,9222733,11177052
پخش کتتده,8083996,8683837,10630704,691459,873054,180937,9075233,9222733,73702,8486799
پخش کننده خودرو ریو,14948255,8083996,180937,9131978,9275396,9275371,9131935,73702,2257675,2936817
پخش کولر پلیمری,2081512,9956072,5666089,6935286,14081992,8083996,8683837,10630704,691459,11332174
پخشکننده  فلش,4522712,2715002,213731,11236294,4049465,2617328,1792412,9436586,148327,2261333
پخش‌ کننده خودرو ناکامیچی,9131978,9131935,8083996,180937,9275396,9275371,73702,2257675,2936817,7459173
پد  زغالی  سمند,6843443,1914311,3781059,13028920,5436725,7983566,416524,2505460,2960094,797396
پد برش سایه ارایشی,4386513,4559139,4964326,228408,10033795,564192,1120125,671737,12351230,2645301
پد خشک لاک,3882579,4640838,1838339,7241123,657178,814378,7888690,1467660,9391199,13429185
پد زیر انداز بیمار گلدپد مدل M_86 مجکوعه ۳۰عددی,2682990,3899906,14972695,6798757,11695682,12603987,16608336,15372734,5317448,689989
پد شستشوی چشم پت,2645301,7622354,859931,372161,14333650,503450,159054,10479698,14263482,4386513
پد قلمو,993595,870944,1562421,7983566,416524,2505460,2960094,797396,7501115,7797377
پد لحیم کاری سانشاین,5871954,7161046,9105733,4462915,3562132,8692268,2636509,8302742,8552386,5925476
پد ماوس هومرو طرح سگ,8355169,7797377,8387799,12057211,7799753,2505460,2960094,8376289,3221015,3436271
پد موبر ويت,75932,1818291,75912,10631178,6052080,288078,2364781,8529234,9540137,3079364
پد نرم پولیش,12647538,12886405,9021877,868453,12518888,7523576,7983566,416524,6107282,2505460
پد پاک کننده آرایش صورت ناژه، سازگار با انواع پوست، با خاصیت ضد حساسیت، بافت پنبه‌ای و نرم، مدل Double,14028016,7139353,12549397,13647786,4241462,13635201,9215556,1558485,9054363,5005084
پد پشته پاشنه,3063106,1142886,4463244,587821,3971051,7983566,17097822,416524,2505460,10934087
پد پولیش,12647538,12886405,868453,12518888,7523576,7983566,416524,6107282,2505460,2960094
پد پولیش رویال,13531978,12647538,12886405,868453,6240267,1712065,7009783,12518888,5443698,2394894
پر شتر مرغ,11109291,9870251,4291477,919972,13002646,27958,7964485,13370560,4631112,1949098
پر فروش ترین لوازم جانبی موبیل,139276,389247,3919055,17314096,1723654,2973194,213423,2399631,2736387,7964485
پراهن دیور,9085923,11145265,2536578,8824653,100000,100000,100000,100000,100000,100000
پراید دیفیوزر,9347560,741055,836567,9735534,7334223,6593322,6105665,7294795,12890633,6459788
پراید وان وان وان استیکر,2435321,657374,6801865,292000,6555192,1443423,354564,549702,3944618,5161208
پرایمر مرواریدی صورت,13384859,2428872,759037,14256381,7362822,16720639,4961427,6731038,14679335,2189598
پرتره میخ ونخ,3115148,9115881,4887699,10652669,6869715,4462913,9296886,12947644,9546468,511859
پرتکرار قلمچی یازدهم تجربی,10333608,6377786,909042,13163447,2958837,771888,4117537,820870,2492104,16689421
پردازنده core i5 7600,221120,1834433,343269,3825149,13142686,108075,3185092,5804989,1959514,8538188
پردازنده اینتل سوکت ۱۲۰۰,13142686,171219,108075,221120,5804989,1834433,1959514,343269,3825149,8538188
پردنده ی اروس بلندی,836894,7523900,5395417,8806996,10742703,3202248,10082671,667278,8884427,2182660
پرده اتاق کودک,12894905,12921467,4886795,8721153,8630516,8658743,5895194,12536422,5610808,9098249
پرده توری سبز یشمی,8675008,962839,1010081,8238618,10492200,10946286,858645,10985290,2094624,10961693
پرده زبرا ۱۳۰در۱۵۰,2094624,10140363,4564006,829519,7623307,88814,1139189,196153,1078142,10985290
پرده زبرا ۲×۱۰۵,2094624,10140363,4564006,829519,7623307,88814,1139189,196153,1078142,10985290
پرده زبرا۱۷۵در ۱۶۰,8675008,10985290,2094624,10961693,12644844,8011488,5426017,11476129,12506465,12894905
پرده سوزن دوزی,2428107,7432210,10111916,1109487,14206408,2519847,4170451,10985290,2094624,10961693
پرده صورتی,11476129,10985290,2094624,10961693,12644844,8011488,5426017,14186549,12506465,7934152
پرده عقب درب,1030285,1161678,162579,9735534,3172569,10384433,10985290,2094624,10961693,13041793
پرده مخمل شاتل,8011488,12894905,12256705,10042561,8004039,14945856,12921467,7295871,10985290,2094624
پرده مدل ایتالیا,15400948,10985290,10961693,12644844,8011488,5426017,11476129,12506465,2094624,12894905
پرده مدل حریر پانچ,10985290,13796452,13784355,12644844,12506465,11476129,10961693,12894905,4331855,842691
پرده مگنتب,10985290,2094624,10961693,12644844,8011488,5426017,11476129,12506465,12894905,10140363
پرده پانچ خردلی,13796452,13784355,12644844,10985290,11476129,10961693,12894905,842691,13777064,9105170
پرده پانچ کوتاه,13796452,13784355,12644844,10985290,11476129,10961693,12894905,11358968,842691,13777064
پرده پانچی طرح سکوفه,12894905,14945856,11476129,12256705,12921467,12644844,1605401,3176973,10985290,2094624
پرده ۲۵۰در ۲۸۰,7498101,6333630,2377582,8041694,10985290,2094624,10961693,12644844,8011488,364752
پردهشیشه عقب,3294846,11434306,2906550,9242187,1910538,319553,162579,9196930,13644566,4535049
پرده۲×۳,100000,100000,100000,100000,100000,100000,100000,100000,100000,100000
پرز دلند,435088,472570,3743640,2044653,7444508,100000,100000,100000,100000,100000
پرس گرد چوبی,12046140,6531055,7653577,7742260,9919695,12455656,11997868,14063205,586880,6902160
پرسینگ طرح محوری,2258784,3740380,13778709,6239844,3666815,6208094,8356435,3154318,5000646,6349054
پرشر هوای پکیج ایران رادیاتور,10194342,8701936,1161679,2547322,7758131,2547504,6129113,7967451,7266005,8347046
پرلند وی آی پی پرفیوم,10471936,464362,11560035,10715109,10706737,4016744,511859,10324772,7939875,274212
پره غذا ساز,2781637,841622,3184295,10655608,1150578,15772701,106999,8701936,73856,563823
پره پنکه همراه,563823,5762323,10655608,1150578,12746508,15772701,5585267,6181661,9009983,26709
پروتئینی گوشت چرخ کرده مرغ,2148347,13002646,919972,2455571,4885876,11767162,11413824,11413479,14009423,1498412
پروتز لب,5569495,4419202,17536916,5948450,6991372,10583707,12747349,10618588,9733549,9080532
پروتیین mns,100000,100000,100000,100000,100000,100000,100000,100000,100000,100000
پروژکتر زنون,172747,3248830,3257964,13691969,7780046,3183048,5285459,12673045,100000,100000
پروژکتور ۱,13783263,3055850,7452278,187301,4711031,14325572,12101295,22978,270131,3475356
پرچ كن ژاپن,1421626,9544913,16522900,12401564,1104172,11859478,167410,2586479,1759545,2987852
پرچسب دوچرخه تمبر,14980311,9582274,12009083,5961873,10974039,6276346,3434836,10709261,12710813,13754764
پرچم رو میزی کشور,7996480,6105808,4262763,8137802,299236,13466118,1144352,6152802,829327,2805018
پرژکتور ۲۰۶ ال ادی,3814622,7622354,4235421,11932261,4563908,3499111,3636273,162579,8094333,7021668
پرگار نقشه کشی,4239604,3818902,3735641,5701468,12771801,52457,3011771,217153,230235,3337746
پرگار ون باو,3818902,3735641,5701468,12771801,52457,13977357,7341970,6631202,6866316,699324
پریز تلفن جهان,4151132,472570,7514224,4268372,9130259,7989717,3177340,9033884,16537303,6828779
پریز توکار تابلویی پارت,910777,6535156,11388363,8970641,16537303,8256500,435088,9861439,6828779,13886812
پریز دوتا,16537303,435088,13886812,6535156,4151132,3743640,3549375,910777,9457871,454861
پریز سه شاخه ارت دار,435088,910777,9457871,4089307,444614,10740003,7132885,8420408,392658,16537303
پریم سرم مو,5976412,2058818,476926,12172280,862983,645631,7624529,10156832,1002646,3876588
پریمیوم والناتس,9147790,4372912,17322627,16144179,7993648,9246246,8163672,100000,100000,100000
پرینتر تونر کارتریج,8567079,9562492,9583859,383320,1514737,1612670,6252585,8860574,6331516,11517957
پرینتر چاپی Hd,11517957,204608,7181587,13972438,12094112,11493053,591929,607449,8946331,1612355
پرینترلپتاب لنووا,100000,100000,100000,100000,100000,100000,100000,100000,100000,100000
پزرگیر رولی,845833,1942334,1974618,1149211,10207211,9680078,7140776,100000,100000,100000
پست مصنوصی برای ابرو,513668,567826,5156672,5403418,4573008,11000524,6100632,14337709,6296693,9878812
پستر نعمار,100000,100000,100000,100000,100000,100000,100000,100000,100000,100000
پسترکرومی,100000,100000,100000,100000,100000,100000,100000,100000,100000,100000
پستن موتر,100000,100000,100000,100000,100000,100000,100000,100000,100000,100000
پستونک چیکی,100000,100000,100000,100000,100000,100000,100000,100000,100000,100000
پشت دستگیره در,977524,5630888,6653298,5635159,3115913,3665496,7505617,9928424,9502242,697280
پشت سری صندلی عقب پارس قدیم,8072049,4855889,997038,15128543,9652451,6741383,4015327,11434306,13644566,9242187
پشت گردنی صندلی پراید,680869,4796178,3015594,11473694,6936033,12920165,15028893,5720202,152741,12553487
پشتی سر نوزاد,13389588,7056115,4742378,2661735,3260743,9050061,4382133,2907018,1429406,12656357
پشمالو j5 2015,130295,1160589,3221541,9361291,15319527,5116408,2256187,98090,8159602,6986087
پشه برقی کیل,513668,567826,9937885,11026740,5821637,8238618,11572853,10691718,12522411,1098476
پشه بند ۸ نفر,5821637,11026740,8238618,9937885,12418799,247660,847112,10635382,14160172,3644156
پفک توپی,463993,9695428,5283135,16769798,9548373,6985050,7899094,726125,6582726,7201766
پلا قلب,761004,13068451,5903016,2153646,14821528,2415653,11116439,5002501,14771408,3519913
پلاک استیل,1568281,663229,1072595,552599,760425,5407342,2505836,5719815,716418,326100
پلاک زنجیر  رنگ ثابت,1072595,1122123,760425,13391818,552599,17336734,5115533,5719815,71942,9709270
پلاک طلا حرف k,2016468,12489190,13699053,14531056,12863242,13391818,14016907,2016450,11019537,2505836
پلاک کنگفو,12679156,4966806,2429494,8884275,1568281,663229,9785473,5940708,1072595,1599587
پلایمر ایزوگام,100000,100000,100000,100000,100000,100000,100000,100000,100000,100000
پلنر دختری که ماه را نوشیدد,16879368,14128506,2811495,6140203,14234612,4941927,12648083,9427392,9765225,236664
پلو خوری بلور نوری تازه,4240284,6205920,2202624,385198,14497586,363985,2168193,10720932,9861910,5401454
پلو پز چی پاس دی.جیتال,5401454,7813156,7366087,11935765,13964709,1852107,1104038,2137875,6782659,9307427
پلوپز اریستون,6534532,7266005,14152346,10538809,277932,5054403,847112,1716571,3045210,3230426
پلوپز کیک,14152346,10538809,277932,5054403,847112,619874,6748998,757630,1716571,1808733
پلِین کلوز هنگر,100000,100000,100000,100000,100000,100000,100000,100000,100000,100000
پلی استیشن 2 سونی,11758156,191846,780238,482,6419280,14515067,13359318,6356674,6582050,8387744
پلی استیشن ps4 pro,4545023,12804885,4544783,317619,544767,274198,1804837,4813079,3246560,412826
پلی استیشن دکوراتیو اکسسوریز,191846,2465131,13942891,482,4583999,3181786,14868843,10222322,4251866,3140001
پلی استیشن ۳۴,191846,2465131,13942891,482,4583999,3181786,14868843,10222322,4251866,3140001
پلی سرمیلنگ,139276,1052205,191846,2465131,8798809,13942891,482,4583999,3181786,14868843
پلی ژل ۱۵ میل,706778,13924135,5586776,2885887,2873984,13942221,12309596,6225061,7922203,6519317
پلیسان 2,9304907,11989850,5504255,14659658,69822,11465019,14274757,4433459,4707082,13413731
پلیمرجوش,100000,100000,100000,100000,100000,100000,100000,100000,100000,100000
پلیور طرح یلدا,977706,7429192,7154852,6969432,9572398,7279229,7326602,7220483,17164222,6922406
پلیور مردانه مدل 08,6969432,7279229,17164222,7154852,7429192,9572398,6755459,7506143,8054249,1601894
پماد تأخیری,15743868,389422,602359,1965222,558843,323611,13094442,13138705,335402,334514
پماد تراست سوییس,7996480,15743868,12660368,8192044,1965222,630702,7385077,7445177,12628511,100000
پماد زخم بستر نیو درم,1965222,361048,983409,1477018,4160926,15743868,1346484,691040,4660904,3500394
پماد ضد جوش ادلن پالن,12101402,6522340,15743868,85086,11241363,5519607,6841198,9863628,12490009,5333465
پماد مو,15743868,1965222,2206927,2206978,7394608,845953,3779119,8073921,4158441,2614137
پمب چسب,68695,96240,2507543,7278168,549702,632064,5413819,691040,2160141,3500394
پمپ  باد پیسوله,1825594,6992761,4061084,6566014,12250755,12546075,12586823,3876063,3237213,205704
پمپ 12v,6842412,12198072,4684411,9493098,9355286,7867869,10517307,9497412,9680638,7506039
پمپ آب دلتا یک اسب,1128998,10729281,4138822,3658747,3184247,9565016,9493098,5175141,1651116,6842412
پمپ آب کشاورزینفتی,4138822,3658747,3184247,9565016,9493098,5175141,1651116,1128998,6842412,3884114
پمپ اب نیم اینچ mah plus,4138822,3658747,3184247,9565016,9493098,5175141,1651116,1128998,6842412,3884114
پمپ باد 80 رونیکس,294570,294569,4842567,1825594,6992761,4061084,6566014,169030,2302523,12250755
پمپ باد برقی دم پغازه,1825594,6992761,4061084,12250755,6566014,12546075,12586823,8073921,4374767,3876063
پمپ بنزین پراید هد فلزی,9703319,14364592,3008807,7924512,1921996,14333262,1094947,11493562,7063890,4953306
پمپ رالن,9493098,7867869,10517307,9497412,9680638,7506039,3919520,3823958,4138822,1930011
پمپ مایع با سینی,1930011,5064582,9204535,7330015,7388596,226037,690012,968220,7924512,8352176
پمپ مایع دستشویی مدلmztp754,1930011,5064582,9204535,7388596,226037,7330015,690012,7798748,5657926,7492830
پمپ مایع ظرفشویی  چسبی,7330015,2710840,1930011,5064582,470839,9204535,7388596,226037,690012,3030259
پمپ نخ زن برقی,1085000,762996,892394,2457890,12250755,9493098,6803405,7867869,10517307,9497412
پمپ هوا شارژی,1825594,771961,4950239,2977515,9493098,7867869,10517307,9497412,9680638,7506039
پمپ هیدرولیک فرمان تیبا,9400972,828633,5387503,7899721,487772,9493098,565132,7867869,10517307,9497412
پن خنک کننده,1021213,13192142,5268387,410036,10823817,9662344,7759822,14091628,119518,3790582
پن ضد جوش پرودراما,12101402,6522340,85086,11241363,5519607,6841198,9863628,12490009,5333465,9093644
پنبه بهداشتی کوچک,1129820,9262820,3693404,10960911,11476645,156181,3581552,14010886,3185092,5392974
پنج شب با  فردی,9981076,14186382,14030174,7274041,11783061,14277291,9201179,1012766,13804761,59270
پنج هزاری صورتی,14186549,7934152,10772174,1409298,3943782,5895194,6327528,11476129,9739545,2487012
پنجره واقعی,5635159,3332088,10139310,6212262,11481780,6653298,7378236,4369829,6682596,9339374
پنجه ی رکاب دوچرخه,7135168,1034210,1033928,12300886,7388202,321828,1602832,7061153,13682018,5607537
پنل آب سردکن,7537782,1809169,1479840,2846889,2744686,5669988,7787605,12669477,13353223,3578808
پنل ال ای دی 60 در60,7571962,2259182,6325979,383429,7660864,4374449,10396351,14435236,5426875,276873
پنل برگی اراس,7537782,1809169,1479840,5669988,7787605,12669477,13353223,3578808,2432359,10763058
پنل جواهردوزی لباس,7370724,8399546,1547423,13942522,12016095,7537782,1809169,1479840,5669988,7787605
پنل درب باز کن برقی,1922967,2672678,3485940,8274157,2381178,7705977,6021098,5126221,2622153,5056646
پنل دیواری پولیمری,10457347,309830,7537782,11196611,10947891,1809169,1479840,10894781,2547504,5669988
پنل سقفی روکار چراغ خواب,11399399,15390774,7660864,6325979,12360909,344014,8938625,383429,722074,9928892
پنل ضبط رانا پلاس,7298466,7830961,11688439,11210315,4217051,9781333,8583598,7566303,4248271,2732077
پنل ضیپبط پراید,7298466,7830961,11688439,7537782,1809169,1479840,5669988,7787605,12669477,13353223
پنل عایق صوتی ایزوهم مدل,6195581,1625896,13149286,5126221,2278578,12050377,11074308,4196851,143601,630223
پنل مدار لامپ,11296079,330843,383429,7571962,12225353,495136,2171761,5149251,7660864,2615879
پنل وسط نیبا,7537782,1809169,1479840,3079446,4032241,7050253,2116397,3825801,11706479,11852558
پنل پخش 9450,2278578,8083996,9075233,9118510,8683837,10630704,691459,873054,180937,9222733
پنل پراید  صبا,7830961,12553487,3015594,6105665,5720202,7926817,6148399,13094132,7553898,1151448
پنل کامل پراید,9108448,1116923,9703319,7298466,7830961,11688439,13002646,7181487,1158687,8187878
پنل‌لامپ ال ای دی سقفی,383429,7660864,7571962,1968037,848850,2259182,2230861,10912381,12527987,3460347
پنکه برقی ارایشی,16971721,8215382,12746508,6181661,11509788,9009983,10655608,26709,1150578,13426740
پنکه شیما پارس,26709,4681982,455437,7527195,12054697,12746508,6181661,11509788,9009983,10655608
پنکه مژه کاری,12746508,6181661,11509788,9009983,10655608,26709,1150578,983602,13426740,828562
پنکه هامبورگ,12746508,6181661,11509788,9009983,10655608,26709,1150578,13426740,563823,5762323
پنکه و هیتر سانا,6181661,12746508,9009983,11509788,13384444,10655608,26709,4681982,1150578,150119
پنکیک مای شماره12,88205,6577358,1616883,4421991,3945686,9291384,7759454,5241775,2136850,90288
پنکیک گریم,6577358,1616883,4421991,88205,3945686,876180,9291384,7759454,655026,3204480
پنی وایز اکشن فیگور,13461620,12213156,14287592,6231066,2740957,17861138,156181,12446652,2869152,14534561
پنیر 60 گرمی,12236024,6261252,3499111,1017501,1926935,1023625,13869378,8891940,37261,3784786
پنیر خامه ای یه نفره,1017501,1926935,924058,13869378,5507015,4437935,3499111,888598,1023625,17942912
پهباد دوربین بر,1168454,13593631,8506272,8520881,210621,6991847,668821,108540,9706590,9464418
پهواد فیلم,2351425,1550981,35299,2351945,3592470,3057033,3593269,1045063,12782977,48078
پودر اکلیل ۱۰ گرمی,839889,1905130,9586268,5801409,3872759,8249452,8860574,4385671,5595547,1738079
پودر تونر  la;d,8860574,4385671,306005,1514737,6252585,8567079,150168,1711961,12878476,10434382
پودر جوانه گندم واسه چاقی صورت,7861160,8693335,8710027,3706469,711874,9380220,763107,14722392,3246327,12602365
پودر دلکره مورفیس,6748998,757630,10466890,9953477,1738079,4578180,4104507,8134818,3706469,9063764
پودر رزین شب رنگ,5366234,9347560,11322928,7587493,4916098,12194222,6181068,676111,5302378,7162291
پودر رنگی برای اسلایم,3919055,8996055,1877528,4519574,5507015,11002739,2089470,11247860,14511107,368743
پودر سفید کننده دندان vi one,3944618,9717141,3380376,520041,5266126,80150,1628655,12449771,274302,683622
پودر شوینده لباس دستی,7282833,13947776,1674897,12233216,2873857,407841,4104507,4354296,12647563,14208883
پودر ماسه ای,3969694,7619749,7477029,6807225,10324772,8249452,13869378,6748998,757630,10466890
پودر پمپ c4 دوبیس,8158586,7577455,3539005,17011472,5445238,1518100,2676218,1734256,9493098,7867869
پودر کروم ناخن رنگ صورتی,4578180,13025766,14529794,3872759,10772174,1409298,2758481,3943782,9739545,6963614
پودر گچ روکار سنگ مصنوعی,4249057,7228162,3872759,1905130,10445604,9349513,3911995,1514106,6152102,11322928
پودردکلره بلوندور,100000,100000,100000,100000,100000,100000,100000,100000,100000,100000
پودرفیکس کنندپرایمر,100000,100000,100000,100000,100000,100000,100000,100000,100000,100000
پودرهلو,100000,100000,100000,100000,100000,100000,100000,100000,100000,100000
پورت  شارژ خودرو  رانا,14197838,7128898,9781333,11593521,9542906,6326047,7729464,1680698,2981561,5885141
پورتبل تویلت تنت,624673,624363,291994,291864,55691,2343975,11649541,7419476,5369385,611097
پورد. گوجی بری,12818603,285803,7745780,186067,11259806,2150214,8659141,3190654,12855505,1120095
پوست بره پولی,868453,8186728,3352967,997828,8688283,10438847,11042962,5339885,14213476,10461490
پوست رو‌داشبورد,9126823,11443530,10456796,5254220,6520214,7823273,487724,12391577,2745294,12656609
پوستر  فانتزی  انگیزشی,6257390,12370593,11680493,11382166,13631449,9009865,9028116,5561897,17217836,11242972
پوستر sopranos,5106711,5772451,7024411,17217836,11242972,4909407,7144875,4301569,9283557,13763431
پوستر آینه ای ستاره,4792905,2367693,2267012,12181285,9189888,10912381,13601579,11465854,10170656,9594856
پوستر ام ام ای,12961215,384784,9886940,9615176,14988,3778682,9837930,10918510,8520254,8225409
پوستر بازی ساک بوی,17217836,8449800,1945353,6622267,4963821,13703228,10853306,8651292,3027097,5195685
پوستر بیمه عمر,414231,1663833,17217836,11242972,4909407,7144875,4301569,9283557,13763431,8826576
پوستر خانه ویلایی,12578888,10554782,9205641,750182,4681991,495136,2103525,14697174,4301652,17217836
پوستر دارک بسته ای,13344446,8666126,9189888,13601579,11465854,7385599,5517534,17217836,11242972,4909407
پوستر دیواری ابوالفضل,6995950,7144875,4917214,6012977,7085174,12299112,11909673,4792905,6998606,5188202
پوستر دیواری طرح پتینه,7293190,7144875,4917214,6012977,12299112,11909673,4792905,5188202,2069564,12082834
پوستر ساده نقره ای,14369776,5438008,9189888,13601579,757701,11465854,909536,706481,10288925,1099779
پوستر شاستیچ,17217836,11242972,4909407,7144875,4301569,9283557,13763431,8826576,16112946,6220344
پوستر شیشه ماشین,10459614,2133131,5826102,14577768,2021737,9010242,7341970,655912,17217836,11242972
پوستر فوتبال سیتی,7220776,4792905,7200280,6178212,2605175,1140535,5886948,3570769,14096783,4678282
پوستر مدل  جوجوتسو کایسن.,13742531,9542679,15014161,10943528,14275870,13951460,12836062,9786851,10885725,7485046
پوستر هالووین,4245650,11262616,3596209,6610727,17217836,11242972,4909407,7144875,4301569,9283557
پوستر پارچه ایی نقشه زم,7385599,1792089,9189888,6105469,11465854,13601579,3104781,3011771,554649,217153
پوستر کلاس اول,4496519,9237240,428769,8935597,8933878,1054461,7987018,8244255,10719782,14162487
پوستر گروه توایس,10891755,7726313,17217836,11242972,4909407,7144875,4301569,9283557,13763431,8826576
پوستر گیسوکمند,17217836,11242972,4909407,7144875,4301569,9283557,13763431,8826576,16112946,6220344
پوستر ۲۰۲۴,13836558,4830134,12420468,12029059,14612250,13041645,17217836,11242972,4909407,7144875
پوسترتریلر,100000,100000,100000,100000,100000,100000,100000,100000,100000,100000
پوسته گیربکس هوندا۱۲۵,13976605,5505856,10350155,10479667,10649762,1063683,12774881,2731902,8705515,13948193
پوش گوشی A7,1757699,561419,8250179,16693891,5857844,1662025,1400583,14982108,11027464,6662503
پوشال,761004,6870884,5867679,1776921,5050111,1914498,100000,100000,100000,100000
پوشال قفس پرنده,6998190,7394295,10404044,6815361,9586937,4418900,3321686,4791465,1914498,761004
پوشال کولر ابی ۴۵۰۰,5867679,5210649,2787336,5347419,273192,542963,527018,4968240,6141650,8900256
پوشاک کوکومی شماره ۲,1699155,1784650,2744525,2365673,14519554,4173214,858645,8866541,4048051,14484598
پوشه صرح فضانورد,6012268,4460787,10368784,7920737,11116973,6145908,5517946,16934584,14182497,9243523
پوشه کهکشانی دکمه دار,10368784,4460787,10866942,6012268,4810218,6435705,7920737,7855065,14494349,12234635
پوشک اقتصادی سایز سه,844531,7932823,4167728,692320,8581051,1699155,197421,1784650,2744525,2365673
پوشک بچه کوکومی سایز ۵,1784650,1699155,2744525,2365673,7932823,13785896,10638509,11070091,692320,844531
پوشک کانفی ۶,1799266,13785896,7932823,2744525,844531,4167728,692320,8581051,11070091,197421
پوشینه بزرگسال کانفی,1799266,8156842,4878067,1457325,13785896,8819237,340424,2381229,3027828,137047
پول دکوری بیت کوین,13379612,12679268,3882961,5262595,9806773,14197726,8895848,10156832,6737217,8513848
پولی و بلبرینگ,10438847,8871440,3352967,997828,1035399,8158319,2731902,9060954,954655,2588590
پولیش سر فرز انگشتی,14554037,8685101,2787116,10502511,13898090,3664818,2638325,6107282,16613440,5883355
پونه کاپیا,13080279,13080560,6990082,100000,100000,100000,100000,100000,100000,100000
پوک 15 پرو,11781292,12318197,12662620,13005877,13710998,13367746,13632307,693872,13798085,13132596
پوکه برنج,13796222,1652570,10173246,6992046,7586593,1060152,1487225,8120588,3649726,4516407
پوکو ط4 پرو 5جی,10667497,6779488,3202092,11274760,6184497,4286480,12662620,7203816,3876416,14272634
پویانقش,100000,100000,100000,100000,100000,100000,100000,100000,100000,100000
پيراهن زنانه نكست,8573985,8769143,7679708,5070050,6101196,2328955,9084146,17671773,2262280,9065602
پُز بنک,100000,100000,100000,100000,100000,100000,100000,100000,100000,100000
پچ دثر چشم,7268142,7943088,4684040,909949,9359293,7096623,4181452,11640402,4266141,8132256
پژراهن دخترانه,14757100,5616229,1350873,8699409,5255132,1924214,15319503,9984477,9016025,4626274
پژو اَلن نات,12308910,3556611,9125271,12521436,10444345,10632768,12521394,4959376,10598469,12889866
پژو تو او سیکس کار سیت,12140978,9180929,73006,13612974,5320165,8259371,8200558,6493748,4550206,10453614
پژو توسیکس دیزاین اش‌تری,6830791,9880812,1924368,9962550,3974550,1633485,2221277,539647,9838220,712400
پژو پارس آینه شیشه,3571443,8675578,10621046,17222397,7105749,1467744,5078838,11434306,1510737,9038170
پک  مینی فرز,115561,4515379,8191076,171977,500264,3885563,13898090,7760694,12298020,14703290
پک بیوکو,1158687,312368,6465558,534577,761002,359346,13401329,674062,157448,554983
پک حنا طراحی,5995183,4098932,1057778,1158687,312368,6465558,534577,761002,359346,13401329
پک ده عددی پاکت کرافت طلق دار سایز  12 در 20,5813649,11974409,5880436,5507303,6851912,885682,7742260,885713,3869931,11997868
پک رژ لب نود شش عددی,9632153,13832741,6935322,12934720,11330901,5948450,9483648,12747349,10618588,5657434
پک زیر چش,1158687,312368,6465558,534577,761002,359346,13401329,674062,157448,554983
پک ساعت هوشمند به همراه,8902253,12927512,10011361,13673507,10416315,14279802,11910905,15946642,11872564,877254
پک سرم طلا,7161941,1158687,312368,6465558,8367987,534577,761002,359346,13401329,9062550
پک سه نفره,6435461,14106243,7142412,3252733,8453861,3981709,9860401,814435,2793838,1158687
پک شعبده بازی آب مجیک,3561465,3534519,706965,10828899,631757,1533392,5752476,480743,631598,10898538
پک لاک ناخن عروسکی,13655115,2583317,3545204,10729478,8492349,14256337,2916538,13527881,3387748,1050835
پک لوازم ارایشی شیگلم,3782930,3257807,815931,1768109,1158687,9764007,4271476,10035800,456337,7709371
پک لگویی اسلحه,687603,8849022,1163645,6947046,637232,3955712,1158687,618241,312368,6465558
پک مسافرتی لوارم بهداشتی,157448,277000,492666,5990540,3170935,800821,10960911,9276214,1158687,1776517
پک پذیرایی مهمانی,1158687,312368,6465558,8136156,534577,761002,359346,13401329,10457712,674062
پک پوم پوم,1095732,4304119,10693961,1158687,312368,6465558,534577,761002,359346,13401329
پک ژل ناخن بیوتی,11734492,7567047,312368,2583317,14256337,4554581,13527881,6963614,2110181,13579808
پک کامل ابزار,1158687,13976605,674062,13002646,7181487,8187878,312368,217153,6465558,12701407
پک کامل بله برون,6854441,5832518,1158687,13198124,13002646,7181487,8187878,312368,217153,13357606
پک کامل تسمه تایم ۲۰۶ تیوفایو‌ شرکتی,3998323,7566381,2725014,12889866,263790,4114266,4117177,1158687,10405688,8841716
پک کامل تولد مک کویین,9126823,1490926,3256785,1158687,6511826,9172828,12921988,2710686,1606824,13002646
پکیج آو رایتینگ پنسیلز,5320165,8259371,8200558,6493748,10453614,7266005,10392705,4209856,9684933,12665229
پکیج اموزش مداحی,11898127,7266005,9684933,12665229,3883028,5228840,1021268,9723848,9723937,10194342
پکیج شوفاژ لورچ,9723848,9723937,7266005,3883028,3882981,9684933,12665229,5228840,1021268,10194342
پکیج پیرایش مردانه,7266005,9684933,12665229,3883028,5228840,1021268,9723848,9723937,10194342,3882981
پکیج کامل رمینگتون,18150,18229,18231,3198345,7266005,13002646,9684933,12665229,3883028,5228840
پکیج‌لاستیک,7266005,9684933,12665229,3883028,5228840,1021268,9723848,9723937,10194342,3882981
پکینج,100000,100000,100000,100000,100000,100000,100000,100000,100000,100000
پگ اسلایم درست کردن,17447318,8996055,1877528,4519574,5507015,3919055,11002739,5561897,6033622,9864678
پگ کیوت کرومی,13929076,17447318,11163179,13963203,13380111,11266930,12536422,9371896,14757686,10378996
پگ ۶ تایی ماسک ورقه ای,12085062,17447318,12181285,13786741,947963,5879916,938922,4883013,4207004,909536
پگبورد‌,100000,100000,100000,100000,100000,100000,100000,100000,100000,100000
پی اس فایو ۱۰ دسته,274212,12468738,9585969,14081992,8207871,7396534,482,9370,3368623,7813156
پی اس فور قیمت دست دوم,5032834,7396534,9585969,14081992,7813156,2536428,8207871,12468738,482,9370
پی اس فور ۹,5032834,9585969,14081992,8207871,7396534,482,9370,274212,3368623,7813156
پی اس ۴ بازی,5177810,7813156,2536428,9585969,14081992,8207871,7396534,482,13556455,9370
پی ست ازمایشگاهی,7479716,5229257,12206234,7459147,12468738,10895663,11410963,9179803,2660180,9965789
پی سی کامپیوتری,4894554,3810323,11560035,14333262,10324772,658436,8444265,4953306,1914498,1552186
پیتزا پز مه پویا,906459,3068985,3499111,210621,224913,1708587,6404806,6247336,108540,1760333
پیتگو,100000,100000,100000,100000,100000,100000,100000,100000,100000,100000
پیجِن مالتی ویتامین دراپس,9994533,5111733,10006431,12565176,13364158,7963042,9505521,8943078,6735701,7432879
پیراهن 4 خونه,7232637,17085140,4288937,10634862,4289403,9891650,9307427,9965789,15858946,12806230
پیراهن استین بلند مردانه مدل جین دو جیب,7982014,6900143,8463027,8475375,10034337,5204175,14241455,8391414,9439931,4316801
پیراهن اسپورت یاسی مردانه,1935838,606382,773877,689568,6900143,4821347,8475375,9118599,9439931,426944
پیراهن تیم ملی  دربتزبان,697357,2171115,9586161,1659864,7515186,1729573,937532,10372606,15892218,644103
پیراهن حریر مجلسی زنانه,6101196,7679708,8573985,5070050,2328955,9084146,1461793,17671773,10137436,2262280
پیراهن زنانه ناتوسا,17671773,10851219,7679708,8573985,5070050,6101196,2328955,9084146,2262280,5846463
پیراهن طبیعت گزدی,1652570,11644793,2149655,606382,10137436,773877,10753113,689568,7679708,8573985
پیراهن مجلسی دخترانه,15087762,10137436,10753113,7679708,8573985,13409647,1372572,3820703,5070050,1690726
پیراهن مردانه کویری,606382,9568274,773877,689568,6900143,4821347,1935838,8475375,9118599,9439931
پیراهن مشکی  مردانه بلند,8475375,9118599,773877,6900143,427025,9439931,8463027,7982014,10034337,5204175
پیراهن ورزشی ابی استقلال,7982014,1763589,1503736,1149791,10253376,2106764,697357,1035955,2197659,939238
پیراهن پلنگی,9084146,4855941,9593086,17145362,7802294,10479854,10737352,8463595,3170935,5814973
پیرسینگ گوش ژوپينگ,9097395,15708070,10406630,4440944,10464170,8591168,964160,7428555,4197457,6578624
پیرکس ۲/۶۵۰ لیتر,5017609,927004,4112193,1677740,796229,6308702,14476853,12522765,5109437,10118071
پیرینتر تتو,6081591,5666461,7769964,8988978,9073973,5665364,6148379,6090993,9140722,7703696
پیستوله ایتالیا یی,1806932,13533432,1127047,2942011,10890744,14055890,15400948,6706741,12362138,91690
پیسوار دو قلو,13710651,3109712,749377,7428555,5085833,2094946,1496655,9065602,2883420,2390325
پیش دستی آکروپال,12120662,12063702,7285915,1426720,4358875,15982986,8077412,5934742,11646607,10632168
پیش دستی طرح قدیمی,4358875,12120662,1426720,4917214,8077412,12063702,7285915,5665975,15982986,10632168
پیم جی شاک,143761,11330901,15433,95807,11506025,8826326,8824586,26246,11968525,990229
پینک مکانیکال پنسیل,8104951,13488262,6496117,8570486,7811394,6069592,9647229,3436424,3489017,10077614
پیچ mdfبکس,13504983,12664128,15966458,6830539,2277393,1167986,210706,4532033,10206229,9120939
پیچ تنظیم چراغ جلو پراید ۱۳۱,2967739,280271,7512465,282644,6212262,9857792,6105665,280249,1864688,7913417
پیچ رو پیچ,13504983,12664128,15966458,6830539,2277393,1167986,210706,4532033,10206229,9120939
پیچ رول پلاک سایز هشت,4966806,2911194,5940708,3871488,1117102,14479735,1651164,8435633,7102362,7913417
پیچ سر مته شماره ۷,6787990,13003487,7722162,8792040,9978291,8079449,134840,476079,14346547,5562610
پیچ قاب فرمان پارس,9229172,10591586,10385896,8458866,7102362,11596055,3815110,12285836,6392775,2255123
پیچ قالپاق داخل رینگ ال نود,11852558,14333673,827879,3867621,4003038,2230780,4653509,11265330,1064830,364527
پیچ چرخ سمند,13516330,7926270,1760908,13504983,12664128,15966458,6830539,2277393,1167986,210706
پیکسل خندالو امام زمان,8408632,12334337,3666815,5000646,9264770,9789567,10040064,7517222,9594856,9067524
پیکسل عروس علندی,5891196,8889337,349671,349676,732692,5425937,349378,348971,6998270,348880
پیکسل مدل هیونجین و آی ان,9498284,511859,9302065,5000646,7417615,5182103,12828494,9594856,13311541,12233629
پی‌اس فایو اسلیم آر استیکر,3042739,8780629,832528,2509036,268928,9585969,14081992,8207871,7396534,482
چادذ مسافرتی کوچیک,5990540,3170935,800821,9276214,1776517,7062486,1617704,624363,1662761,9860401
چادر  کمپ بزرگ,183101,9276214,9860401,7497665,639743,183120,8890264,11681635,6510095,11252935
چادر fit,9776588,15554497,6243091,5671809,6510095,11252935,5990540,6448047,7241533,4006952
چادر آکا,6510095,11252935,5990540,6448047,4006952,6606397,5443698,7640136,3170935,12059223
چادر انیمه  ای مسافرتی,624363,5990540,3170935,800821,9276214,7062486,291994,291864,9860401,814435
چادر ماشین اپتیما,5443571,1414797,6510095,11252935,5990540,6448047,4006952,6606397,5443698,7640136
چادر مخصوص دستشویی مسافرتی,14594298,5990540,3170935,800821,9276214,7062486,624363,9860401,814435,3252733
چادر مسافرتی ۱۸ نفره,3252733,9276214,3170935,800821,9860401,7062486,624363,814435,8453861,6862191
چادر کمپی اسنوهاوک,6510095,11252935,5990540,6448047,4006952,6606397,5443698,7640136,3170935,12059223
چادرشب شمالی,437799,100000,100000,100000,100000,100000,100000,100000,100000,100000
چادرپژو,100000,100000,100000,100000,100000,100000,100000,100000,100000,100000
چادر‌ماشین‌پرشیا,6888112,10113083,12998564,13384382,1842845,16048469,1157238,6510095,2044653,4583031
چادوراتشنشانی,100000,100000,100000,100000,100000,100000,100000,100000,100000,100000
چاقاشقی سرامیکی,9568274,14793930,12344937,288913,8243159,557051,13202104,313551,5791972,348255
چاقو آشپزخانه صربستانی,10238654,10630003,10058557,5389706,2069596,665130,3022844,5133301,4997418,12401564
چاقو تیز ن برقی,540814,926580,12863242,1059076,5389706,2069596,665130,10392279,3022844,5133301
چاقو زا مندار,1716536,3782228,9194096,926580,729661,5389706,2069596,665130,10392279,3022844
چاقو سفری زنانه,12944358,11944757,12944162,13507309,926580,5389706,2069596,665130,10392279,3022844
چاقو سفری مدل نقلی a12,12944358,11944757,4265468,12944162,13507309,5389706,2069596,4867366,665130,926580
چاقو فلز مدل کوچک,5389706,2069596,8927059,665130,926580,10392279,3022844,5133301,10066747,4997418
چاقو مدل x44,12063614,5389706,2069596,665130,926580,10392279,3022844,5133301,10066747,4997418
چاقو پیتزا خرد کن,138844,926580,2094852,1444878,2731192,11174271,2509036,540814,3068985,3499111
چاقو چوبکاری,926580,5389706,2069596,665130,10392279,3022844,5133301,10066747,4997418,12401564
چاقور جنس فولاد آلمانی,1035800,5171083,6994897,14179687,7638641,8814788,388107,8428516,4369697,9079304
چاقوقمی,100000,100000,100000,100000,100000,100000,100000,100000,100000,100000
چاقو‌‌شایز‌بزرگ,665130,926580,5389706,2069596,10392279,3022844,5133301,10066747,4997418,12401564
چاقچ,100000,100000,100000,100000,100000,100000,100000,100000,100000,100000
چالش مجازی,2790674,9752354,3112577,16987646,3238403,181477,419615,8929741,1996614,5760614
چاه بست ارج پلاستیک,972984,9075982,5396489,8047249,12836090,11124883,11246431,4589369,4452658,12152329
چای اولانگ اصل,5902270,448718,1059528,3330996,6436260,519162,6924312,1490799,15967853,14260835
چای بن,7722811,7082269,8478693,7722876,687796,3565413,3330996,11007251,6174930,3250980
چای تی بگ گلستان50عددی,1439867,7762560,4604120,3330996,6436260,8237708,11404306,11883294,519162,6924312
چای رابینز,7016817,39892,3330996,5060451,6436260,519162,6924312,1490799,8255777,15967853
چای سی تی سی کله مورچه ای دو قوچ,7762560,2091251,1652460,31659,8869738,10894310,607449,3497052,7104832,15433875
چای ویکتوریا عطری,2729786,3330996,12680721,6557691,10036040,2230175,732692,6436260,519162,6924312
چای کیسه ای صد عددی,3246519,3330996,651077,15967853,751964,7722811,1490799,751919,12369745,1059528
چایدان,100000,100000,100000,100000,100000,100000,100000,100000,100000,100000
چایی سبز سحرخیز,752091,753330,3367562,753357,751919,751964,3703067,1490799,8895878,1934531
چتر آفتابی uv,13642675,9937717,6904486,4386999,5945640,14577768,9005933,9620210,7468372,12947378
چتر جیبی,13642675,9937717,6904486,5945640,14577768,9915584,252103,2028711,5900864,8910724
چتر قدرت ورزش اسکیت,13642675,2290169,1699984,8972866,6122666,9937717,766062,6327884,6904486,5651845
چدنی گازصفحه ای,4016744,9302065,7706929,3475356,12124805,3229989,10324772,7619749,7660864,2417088
چرا غ خواب طرح قصر,6996431,703450,679780,3904662,2934337,6431666,1154347,11917069,10538870,12148937
چراخ تک کنتاک ال ای دی,2864628,6881297,5637139,779522,3475356,13944827,2698211,1968037,11070498,7844352
چراخ خواب خرسی,10506140,14554743,12274863,3891080,9796558,6881177,7658594,10387007,14055187,12060807
چراغ  دیواری هوصمند,5995863,10617230,12884600,6500727,9296213,596826,9248539,12801123,538237,7460260
چراغ آرجیبی لامپ,679366,5369179,848850,12522406,5994231,5683107,6941354,7093925,172614,12527987
چراغ آویز شارژی خورشیدی,6233264,9296213,5635948,10617230,5149251,13634628,12093944,12688760,406178,782048
چراغ ابچیستاده کنار هالی,3083082,6180333,6817528,2403783,9965172,562382,3829727,8948840,4045700,919112
چراغ اتاق خواب والدین,8630516,12536422,10229247,17024812,9098249,5664068,4902284,5698096,7500920,5995863
چراغ اس ام دی راهنمای گلگیر پارس,860400,860497,5160544,1513183,7579614,8658143,15114294,6563735,9994878,5128268
چراغ اسمان نما,1433075,14186382,12647595,5901390,7274041,4516407,9567048,2381178,12075125,5760614
چراغ اسپرت پژو عقب,7888010,13644566,284254,1441868,13530628,4616085,5241933,4956709,7824652,12522406
چراغ ایستکو,14360609,13530628,996559,9593462,7360152,996546,13737183,13644566,8836225,8938625
چراغ ایکس22,14360609,13530628,996559,9593462,7360152,996546,13737183,13644566,8836225,8938625
چراغ ترکی,430494,11783061,14360609,13530628,996559,9593462,7360152,996546,13737183,13644566
چراغ تزینی چشمک زن  برای موتور,913646,5599114,11346338,14489168,4863462,6761083,996559,10999616,996546,12283380
چراغ تک کنتاک سفید,15249360,482795,6431666,5347861,1462259,1520731,8612133,727266,2568772,5170019
چراغ جلو  لیفان ۶۲۰,438421,431367,11971046,7374449,9360555,390067,7093648,10752446,6794196,3437431
چراغ جلو لندکروزر,8283197,1152961,12283380,438421,9356340,172501,8896427,8353565,6276346,8667588
چراغ جلو مدرن ۱۱۱,4231446,5095256,8896427,8897030,8353565,8491338,9928892,8667588,13971016,7208575
چراغ جلو پراید131 متوردار,8283197,1152961,12283380,438421,9356340,172501,8896427,8353565,6276346,8667588
چراغ خاب رومیزی لوگوی فوتبالی,1623114,1623149,12305674,12093944,8345013,8351078,1476600,8345091,7311695,8338751
چراغ خطر عقب مراید,13644566,10999616,984865,4096476,13530628,7173763,5347861,4481106,7888010,3724793
چراغ خطر عقب پارس,13644566,10999616,984865,4096476,13530628,7173763,5347861,4481106,7888010,3724793
چراغ خطر موتورسیکلت اسپرت,16295238,7888010,13530628,10999616,3698986,984865,13644566,172464,4096476,8607726
چراغ خواب الله,12991997,8630516,5995863,3904662,8891280,6431666,519363,11917069,10538870,12536422
چراغ خواب برای اتاق خواب پسرانه,8630516,12536422,10229247,17024812,5664068,5995863,3904662,8891280,6431666,4902284
چراغ خواب بلتوز,8630516,5995863,3904662,8891280,6431666,519363,11917069,10538870,12536422,12148937
چراغ خواب ضربه ای عروسکی,17456562,8630516,5995863,3904662,8891280,6431666,519363,11917069,10538870,12536422
چراغ خواب طرح مک کویین,1476600,9172828,1490926,3256785,6511826,9126823,12921988,1606824,3904662,6431666
چراغ خواب کودک دختر,12536422,9098249,8630516,8680295,8891280,6431666,7500920,538237,12278818,10229247
چراغ خواب کودک مدل قارچی 01,6607773,8630516,8891280,6431666,12536422,538237,10229247,2293190,6994012,17024812
چراغ خواب کودک پروژکتور,8630516,8891280,6431666,12536422,538237,10229247,2293190,6994012,1510608,17024812
چراغ خودرو اسپرت پارید,8667588,7360152,14360609,5369179,9593462,13530628,8836225,7888010,13737183,7093925
چراغ خودرو موتور206,14360609,7360152,9593462,13530628,8283197,8836225,172614,13737183,12187721,8667588
چراغ داخل جعبه,679366,7580020,13828864,5170019,4701748,8339552,3219595,8318946,8481670,4196654
چراغ دکوری مدل گربه,4796931,7954638,7441638,13379612,369371,5062268,8849022,6787332,4119072,722139
چراغ دیواری اسب تک شاخ,6998606,1520731,15014636,12663066,1690726,12220101,7193568,2932701,4189438,6356790
چراغ دیواری مدل فیل,538237,11523065,5995863,10617230,12884600,12607232,9248539,9296213,596826,12801123
چراغ دیواری مدل مدرن,10691707,4231446,9928892,8491338,7208575,5095256,8896427,2022618,8897030,5995863
چراغ راهنما موتور کاوازاکی,14337525,996559,996546,14245999,14263969,7651694,2039418,10999616,3299334,984839
چراغ رومیزی نئون مدلcr7,8345013,8345091,9248539,12949932,6500727,3645126,9593462,6602967,2294408,14024452
چراغ رومیزی گوی,8339552,10538870,12305674,12082474,12093944,8345013,8351078,1476600,8345091,7311695
چراغ ریلی 50 وات,8486360,828562,11932261,4563908,8938625,2698211,3773573,15390774,8491338,9994878
چراغ زی اینه,13154792,7260100,5889381,4757213,12974267,9801204,14262023,16620811,5968354,2561992
چراغ زیر آینه,4757213,9801204,4936670,14262023,5889381,4887454,1450658,14794542,12974267,16620811
چراغ زیر سپر مینی بوس,1042971,13828864,5170019,4887454,5900864,4757213,9419737,1450658,9336161,14794542
چراغ سقفی ال ای دی سنسور دار,4277477,383429,6353974,7660864,2698211,11583020,831483,8491338,9994878,3475356
چراغ سپر جلو,1435097,8938344,4024078,10465790,13828864,5170019,8283197,1152961,12283380,438421
چراغ شش ضلعی RGB,12553170,6530263,6862191,12450641,6475537,10676026,4017472,7844352,8544546,8112567
چراغ طبقه,3308038,3307928,8972749,9665329,10653182,10360705,9899588,4985247,12601366,1017455
چراغ طرح F150,3904662,6431666,722074,11917069,10538870,12148937,1623114,15390774,12801123,5149251
چراغ عقب ان جی کا پژو ۲۰۶,4956709,7888010,6546117,4616085,284046,284254,5241933,8671608,162579,1491699
چراغ عقب206اس دی جمع ساز,3578590,4096476,3724793,3252703,1660828,1411192,1491699,2698211,1513183,8491338
چراغ فوت,6547871,9434505,3935194,12684920,8527893,6884317,6884403,9080302,5632277,11314580
چراغ قودستی امریکای,14360609,13530628,996559,9593462,7360152,996546,13737183,13644566,8836225,8938625
چراغ قوه  اسلمان,13634628,9005933,10487720,4557690,2749547,4889975,6782659,4393555,2776580,12726706
چراغ قوه SMALL-SUN-Zt 168,13634628,9005933,10487720,4557690,2749547,4889975,6782659,4393555,2776580,12726706
چراغ قوه اسمال سانuv365,4889975,4393555,2776580,6230551,9852658,7456369,13634628,9005933,10487720,4557690
چراغ قوه رینگ لایت,5282679,4911290,5487496,6363240,690731,13634628,9005933,10487720,4557690,2749547
چراغ قوه مدلUSB,13634628,9005933,10487720,4557690,2749547,4889975,6782659,4393555,2776580,12726706
چراغ قوه چند مدل,12726706,13634628,9005933,10487720,4557690,2749547,4889975,6782659,4393555,2776580
چراغ لوب,2417088,875510,14360609,13530628,996559,9593462,7360152,996546,13737183,13644566
چراغ مزاحم گیر موتور سیکلت,12187721,996559,996546,14245999,10999616,984839,984865,14263969,8098125,10217337
چراغ ناری,14360609,13530628,996559,9593462,7360152,996546,13737183,13644566,8836225,8938625
چراغ های خطی تزعینی,4108801,8491338,9994878,8733104,12126126,6657649,8658143,5328029,8444265,543723
چراغ های رومیزی,12305674,12093944,8345013,8351078,1476600,8345091,7311695,807595,11900976,11721766
چراغ هدایت ال نود,2698211,8491338,831483,9994878,14245999,12283380,8733104,7173763,16295238,8581260
چراغ پارک یخی,10651467,4530267,8841456,7357985,17825988,704582,8972866,777689,13318293,5023883
چراغ پروژکتور جلو پژو,1152961,670122,172501,5095256,4204115,9356340,4231446,8825682,2398855,7824652
چراغ پلاک عغب الیدی سمند,8283197,2957013,172614,3332088,2948774,8607726,5807161,3252703,4481106,10999066
چراغ پلیسی همراه با رقص نور و صدا,12093910,13634628,9484811,12802226,11116973,7160734,17591730,751366,12399795,8489552
چراغ پلیسی پارس,13634628,8836225,13737183,7580020,7579614,8599853,172501,9994878,5095256,13644566
چراغ پلیسی ۳ لنزه,7579614,13634628,8836225,13737183,7580020,8599853,13400232,6761083,10943918,14263969
چراغ پلیسی ‌,13634628,8836225,13737183,7580020,7579614,8599853,6761083,10943918,14360609,13530628
چراغ پنلی,9719394,14360609,13530628,996559,9593462,7360152,996546,13737183,13644566,8836225
چراغ چسبی چشمک زن,913646,11346338,4863462,5599114,6761083,14489168,6392126,6803405,1378151,762996
چراغ گرد سوز برنجی,1019323,9593462,3981124,17456562,7513454,7315724,6003477,10017523,356717,9703599
چراغ گیم وسیله,5669988,7172933,11602537,12528544,11774357,13359318,7532175,8578639,8891663,2405229
چراغ ۱۴۴تایی,14364485,14360609,13530628,996559,9593462,7360152,996546,13737183,13644566,8836225
چراغ ۵۰ سانت,301003,6907465,8486360,11932261,1019323,984839,4563908,406178,12416237,5328029
چراغhela,100000,100000,100000,100000,100000,100000,100000,100000,100000,100000
چراق جلاوی پراید اپرت,7334223,6593322,6105665,7294795,12890633,6459788,9780426,12456849,6524315,6461093
چراق عقب سمند LX,2957013,10999066,6997676,4481106,278543,7407820,4607814,3640583,7652491,7890775
چراق قوه اسمال سان,4889975,4393555,2776580,6230551,7456369,9852658,13634628,9005933,10487720,451449
چراق مطالعه خرگوش مینی,9653635,7643866,330843,101478,10283219,761749,5306585,101056,199182,212881
چراق گیمنت,100000,100000,100000,100000,100000,100000,100000,100000,100000,100000
چربی خون,1006371,2830753,4402895,60927,60962,60955,3186254,8977576,9732812,4362497
چرخ اط,13259598,4885876,3780778,11767162,11413824,12560315,7147625,1047432,5537905,4822207
چرخ جک وار,3899381,11723131,7127768,12164324,6099091,12094251,8187878,7521904,744279,411197
چرخ خیاطی سلطنتی,7147625,4718551,1047432,5233434,5537905,4822207,3051315,3111577,2949512,6821120
چرخ دنده  قهوه ای,623637,2867043,4369668,5505856,10479667,12828494,220980,133172,194931,10615202
چرخ دنده روی محرک برقی بخاری ۲۰۶,5505856,10479667,4262763,6996746,13526092,6947088,3321687,9858765,299236,1467510
چرخ دوپایه خیاطب,13259598,4885876,3780778,11767162,11413824,12560315,7147625,1047432,5537905,4822207
چرخ لیفتراکی,13259598,4885876,3780778,11767162,11413824,12560315,7147625,1047432,5537905,4822207
چرخ مبدل ربات,10308844,6040921,1590579,13260599,8833060,9377384,340510,379343,1528090,6928475
چرخ ویوا 26 اصل تایوانی,7237606,6177988,6547203,2854554,4866896,448718,462996,14109551,10707054,6929531
چرخ پدال دار کودک,13259598,6821120,4623400,12560315,10081971,6231032,12100106,4999495,8639614,6435705
چرخ کوچک برای میز,9500427,2012987,3786675,7262444,7363437,5907296,7745142,633880,9717198,11476645
چرخ گوشت ناسیونال مدل جی ۲۰,11413824,11413479,4885876,11767162,1498412,4980704,9390573,1596265,2148347,14009423
چرخدنده آویز,5475992,1407137,1122015,6070664,3778601,4256269,13068451,5447615,14477251,8591168
چرخو فلک پرنده,5076264,10077361,7539519,486750,10404044,6998190,9255949,9586937,4311087,7336680
چرخکرده,5049798,1760058,100000,100000,100000,100000,100000,100000,100000,100000
چرغ مطالعه led,330843,9653635,7643866,13519086,101478,10283219,10703295,583131,4396103,16895824
چرقد,100000,100000,100000,100000,100000,100000,100000,100000,100000,100000
چرم مدل عروسک یونیکورن,8919809,2932701,4201935,5679964,9776133,14256337,4460787,4265468,7884372,8395302
چری برند گرلز لگو,4530267,4681991,14249606,412310,6168141,12615690,906308,8133531,216219,114843
چسب nano,7706802,379343,68695,96240,2507543,7278168,549702,632064,5413819,691040
چسب اکلیلی تیوپب,856538,14473540,7232637,964898,532964,6429942,13280973,12450379,13706952,3734361
چسب برقی GLUE GUN-250,507457,137894,9330978,5689902,6493318,9647966,1053212,7113613,68695,96240
چسب بسته بندی,5703297,4027344,2160141,4322738,7698593,5202966,436241,6731038,5281080,6092808
چسب توری خودچسب,10946286,858645,1010081,9016025,12687760,10492200,4507854,173998,8675008,1084065
چسب درست کردن اسلایم,8996055,1877528,4519574,5507015,3919055,11002739,5561897,68695,96240,2507543
چسب دقلو خمیری,4148999,2993466,68695,96240,2507543,7278168,549702,632064,5413819,691040
چسب دو طرفه ساکا,96240,2891259,13950082,9202121,9138535,6888112,6888165,9490267,12059223,6948286
چسب دوقلوی ماک,8483580,4869443,9759915,68695,96240,2507543,7278168,549702,632064,5413819
چسب رکابدخودرو,68695,96240,2507543,7278168,549702,632064,5413819,691040,2160141,3500394
چسب فوری پارس8888,4214565,17450264,996290,3209070,5595547,836232,8449800,68695,96240,2507543
چسب قطره ای آلومینیوم,4651398,2829818,96240,632064,2709449,2160141,7627858,4027344,4322738,7698593
چسب ماساژور  پروانه ایی الکترونیکی  باکیفیت,12522411,154397,4842105,537379,14059985,554649,11572853,9935382,12452964,9652949
چسب مخصو ریسه,419085,6602967,2294408,14024452,6602710,6653378,11070498,7924960,7844352,5069534
چسب مدل برزنتی,7627858,1459602,2507543,7278168,549702,632064,5413819,68695,96240,8004738
چسب میل‌پوکس,10903775,12309596,6225061,7922203,6519317,997828,4325093,68695,12826764,96240
چسب نو.اری,3030255,208976,2846485,3038837,3009257,4582181,1828208,16233414,433458,878577
چسب نواری لاتکس,4723073,2205129,395262,12654011,1486387,1918074,6875823,578751,2543130,1117465
چسب ولکر,68695,96240,2507543,7278168,549702,632064,5413819,691040,2160141,3500394
چسب وکس سبیل,981600,8855064,12680909,3691970,11723131,5748923,3606476,68695,96240,2507543
چسب چلنت,68695,96240,2507543,7278168,549702,632064,5413819,691040,2160141,3500394
چسب ژل بازژ,2754683,5342154,68695,96240,2507543,7278168,549702,632064,5413819,691040
چسب کاشت نگین آنتونیو,9023208,42595,10761877,312368,5351047,10610120,1998383,3117918,5586776,2758481
چسبDM5 برند Vesta,1066505,2044887,3209497,4271106,7571962,5865442,1518566,7144000,8214116,2609558
چسبدوقلو,100000,100000,100000,100000,100000,100000,100000,100000,100000,100000
چسبچرم,100000,100000,100000,100000,100000,100000,100000,100000,100000,100000
چسپ باد کنک,12546075,12586823,3876063,3237213,205704,12065834,1438846,379621,6992761,4061084
چشب لباس,13947776,1942334,2233703,4354296,2873857,503450,3778601,8067606,10481951,2743922
چشم عروسک خیلی کوچک,131646,12456136,4845995,1523112,326492,9225485,8218017,8895878,10587154,11476645
چشمای رزینی,10766629,5819230,5765902,7327547,8032608,12275335,5719815,6881177,9225485,100000
چشمه تویلت فاست,1797555,12231508,4356679,2545290,16004881,82573,2074381,1668696,82937,494066
چشمی و,4235617,15959093,3141240,3801403,770896,637473,10268002,10396351,7340462,5388918
چشمی کردن راه پله‌ها,875736,3621667,15959093,4235617,5782821,3141240,13547574,7856934,12656609,10108553
چشم‌های سگ آبی رنگ,9359293,7096623,3454479,11640402,9033542,4181452,6436906,2545290,3400272,747190
چمدان آرایشی هوسونی,13492821,6208094,3320562,7933799,9182371,9179054,1096367,14016650,6736549,6266760
چمدان بچگانه l.o.l,9430343,6377946,6535331,10297346,8073670,364889,5069534,12362441,12598258,1808578
چمدان جورنی,6208094,3320562,7933799,9182371,9179054,1096367,13492821,14016650,6736549,6266760
چمدان فایبر عروسکی,9182371,9179054,6463431,6208094,3500158,3320562,7933799,1096367,13492821,14016650
چمدان ماژور صورتی,6208094,3320562,7933799,9182371,9179054,1096367,14186549,7934152,13492821,14016650
چمدان هسنی,6208094,3320562,7933799,9182371,9179054,1096367,13492821,14016650,6736549,6266760
چمدون dunson,100000,100000,100000,100000,100000,100000,100000,100000,100000,100000
چند براي سيلور,2787116,2931144,3731327,1764044,10472526,9858765,949210,1603621,151394,8245291
چند راهه شیا,8925030,16859043,159657,173542,12726706,12400632,14476853,207068,106912,9736657
چندراهی برق پرووان,5148230,5059161,12258317,5890764,6520437,2351415,4354964,10915588,8108141,4908919
چه مارک ی,240675,8437015,10828869,6630181,10728359,6647852,765128,8304319,239854,4652522
چها اثر از فلورانس,575173,948416,648468,2168193,1580572,6391475,1026247,3598137,246617,4940985
چهار راه cng,5782821,7181487,13547574,12656609,10108553,12086669,10103649,5254220,4953306,9319210
چهار پایه تلسکوبی,923971,6170447,5028427,6331877,2513699,15196681,7363437,7745142,633880,10248995
چهارسو بکس,210706,1117102,7102362,10133351,6311377,4729870,15414041,2969980,7368232,15165767
چهارپایه حمام شکیبا,7356259,10544388,1633039,8448364,5404262,12563464,11630643,7691559,455580,466066
چهارپایه مدل چوبسگی,10544388,1633039,8448364,5404262,12563464,7356259,14947512,5062268,3943782,5191394
چوب  راکت,3355266,410177,7922395,8765520,12943759,2293574,15595660,4783176,6128576,6170447
چوب جیوه ای,4355056,10133022,472998,6128576,5096627,8960641,13991427,12691832,15707925,4783176
چوب دستی ارواح حلقه ها,16336108,7650756,7244370,7596488,10097967,6646847,9396692,7698593,3563723,8281836
چوب دستی ترح هری,6646847,8281836,10097967,6633877,8376289,4683221,3337746,8133531,3792937,8054296
چوب روکش دار,6170447,6331877,1641788,14633627,2212054,8536946,9516833,8726996,52412,833899
چوب ساپ قارچی,14256576,11602537,6209833,6607773,3024170,7759454,4783176,6128576,6170447,6712244
چوب شوینده,7167500,11058313,4993916,11999163,127102,5785486,13947776,7843027,482116,5109437
چوب لباسی میله,1662761,1817540,8132436,1610239,8726996,7755643,6231522,6136674,1489561,10828044
چوب لباسی پشت دری ایکیا,3339107,12506465,1662761,1817540,8132436,1610239,8726996,891524,8937638,7755643
چوب پرده ۲۴۰,7435350,10985290,2094624,10961693,12644844,8011488,5426017,11476129,12506465,12894905
چوب چین,14616088,14387651,12633409,12560872,2275787,3900728,4394790,11188019,6446149,7517005
چوجه گردون,5516951,100000,100000,100000,100000,100000,100000,100000,100000,100000
چودر جوانه گندم,7861160,8693335,8710027,711874,9380220,763107,3246327,3706469,12602365,14320127
چوکو تریپس کارتونی,9874651,8421335,4883013,9007201,10344301,7091950,8794542,100000,100000,100000
چپقی کاپرا,4019101,6129113,14370644,699324,8163672,100000,100000,100000,100000,100000
چکمه زنامه پیاده,878577,433357,13286051,7273764,11544782,1953988,2805377,9889750,17856528,8002859
چکمه ی,878577,3202248,10082671,667278,8884427,2182660,752773,145237,643096,4950518
چی 123,464674,5398220,460362,463993,4019101,6864861,7063890,6230942,4409667,6820473
چیبس مز مز سرکه نمکی,880521,880451,766975,460362,3405987,13947570,100000,100000,100000,100000
چیت زنانه,7319348,12401047,3801395,10152239,10069504,7906591,11615656,11640343,9293680,14256381
چیدمان کافی,4087034,3871768,12744393,9953285,302288,2643710,7722876,14156519,38932,10462797
چیساتو نوت‌بوک,5556954,14616547,14419202,17039636,430950,11942039,693872,12894112,7715198,12452964
چینی بشقاب وپیاله طرح گل سرخ ریور,4428698,6240057,7492512,2708994,11618796,12088288,1580572,9726160,6391475,6925338
چینی زرین ایرانسرویس غذاخوری 29 پارچه چینی زرین ایران سری نئوکلاسیک مدل آرتمیس صورتی درجه عالی,1869408,3419724,12088288,117803,105142,6676903,6925338,6177278,10856427,1580572
چینی قدیمی ژاپنی,10571974,4917214,6631597,11323321,12170505,5665975,6240267,13350642,13568527,2708994
چینی پلوخوری,2708994,117803,4428698,7492512,11670350,1580572,10856427,856277,6177278,1869408
چیپ ال اب دی ۱۲ ولت,12285648,5426875,3553600,3524979,7755871,10425290,8710128,3814622,5065809,9981331
چیپ سترژی,5426875,3553600,3524979,7755871,8710128,3814622,12285648,5065809,100000,100000
چیپس جورواجور,7273908,5638233,3405987,10747176,880807,4515403,100000,100000,100000,100000
چیپس مزه,880807,7273908,5638233,3405987,10747176,11433978,4515403,100000,100000,100000
چیپس نمکی پرینگلز,7273908,3405987,880451,5638233,10747176,880807,766975,460362,4515403,100000
ژارژ گوشی,625647,1547931,3622380,4952893,859,14349114,12990949,5662822,4823914,8337213
ژاکت زنانه دارای جیب,7429192,12222812,9572398,12720711,12222680,19295,14005054,2415001,7533584,7982014
ژاکت و پلیور مردانه باینت,17164222,6969432,7429192,7279229,7154852,9572398,19295,1763589,7914313,11772475
ژدو زنانه,12401047,3801395,10152239,10069504,7906591,11615656,11640343,9293680,14256381,916313
ژفوم شستوشوی صورت اسکین وان,8023443,7999221,8493081,671737,13624373,5929763,13469479,5337670,10396494,11330901
ژل  حجم دهنده جنسی,11441964,668165,524441,706778,503636,1845303,6600920,767139,755084,3310976
ژل آبرسان نیوشاین الوورا,4874779,4874801,515848,9842497,3551358,6959175,2568723,4358423,1825326,9053678
ژل آلورا,2754683,13516129,1534108,12101402,2583317,11563408,82118,2537376,3833118,14256337
ژل ابرسان ژنوبایتیک,9842497,515848,4874779,3551358,6959175,4874801,2568723,4358423,1825326,9053678
ژل ابرو برند فوراور,13516129,1534108,9254514,8895848,5156672,4573008,9359870,11000524,4585390,7442287
ژل اسکراب دیپ,14277900,9445298,6383690,374119,9662344,5126176,222871,4378150,758079,11914677
ژل بهداشتی رابطه جنسی,668165,3833118,2537376,3888306,2537381,81997,11441964,6841625,706778,503636
ژل ترمیم کننده سنتلا,8630838,674036,6491417,7268050,11207726,6411263,1121434,3578425,5119153,2605734
ژل شست وشوی صورت لیپورکس,2075425,1825326,7956670,1841775,4325928,8267433,82127,4666683,516036,209422
ژل شستشو صورت GINAGEN,9215556,4325928,4415345,10868715,7538098,9372061,9863628,6062260,7656850,7885034
ژل شستشو صورت کامان نرمال,1841775,1825326,9215556,4325928,4415345,10868715,7538098,9372061,9863628,6062260
ژل شستشوی بکینی,81997,10625815,7375522,14333650,503450,10479698,722464,6566208,11474073,384784
ژل شستشوی بیو کوا,81997,10625815,7375522,7860127,1897704,14333650,503450,10479698,722464,6566208
ژل شستشوی صورت مخصوص پوست های چرپ یونی لد,209422,211076,209338,210803,10625815,7375522,11474073,9215556,8493081,516036
ژل شستشوی صکرت,81997,10625815,7375522,14333650,503450,10479698,722464,6566208,11474073,384784
ژل شستشوی مخصوص بانوان یونی,209338,81997,10625815,209422,7375522,2537376,2537381,14333650,503450,10479698
ژل ششتشو صورت cb,9215556,8659141,10625815,2075425,4325928,4416908,4415345,10868715,1825326,7956670
ژل شیستشوی skin one,209422,82127,910553,4833312,759520,4320112,5749873,6759548,274302,13255175
ژل ضد جرم دندان گربه,401242,2196350,602307,9717141,12101402,5620616,1560539,5266126,6522340,10837007
ژل مو جيورجي,198770,82118,1845303,951506,767139,4305079,2754683,13516129,1534108,12101402
ژل مژه گابرینی,4885697,7442287,1108894,6100632,983602,828562,11149658,225366,759790,6152199
ژل و صابون ابرو Eyebrow soap,9359870,5156672,4573008,11000524,13516129,1534108,5147969,9254514,7442287,8895848
ژل و لیفت کننده ابرو فانوما,13516129,5156672,4573008,6100632,11000524,9254514,5147969,7442287,8895848,4585390
ژل. شستشو صورت روزانه,7885034,9215556,4325928,4415345,10868715,7538098,9372061,9863628,6062260,7656850
ژلت برقی کیمی,8062621,4576766,12413536,13062040,5891015,14350372,16187751,13341550,1641367,11572853
ژلدشستشوی راکوتن,8367987,4545846,100000,100000,100000,100000,100000,100000,100000,100000
ژله اسلاح,491322,3110727,17536916,5556727,713893,795328,904244,749384,4807889,3861271
ژله شس,491322,3110727,17536916,5556727,713893,795328,904244,749384,4807889,3861271
ژله نیما,3110727,491322,17536916,5556727,713893,795328,904244,749384,4807889,3861271
ژله پاناکوتا,7224236,491322,3110727,17536916,5556727,713893,795328,904244,749384,4807889
ژنرلتور برق,6575098,8884238,3471819,7591088,2160141,614287,2351415,4354964,5148230,7359701
ژنو ضدافناب,775289,100000,100000,100000,100000,100000,100000,100000,100000,100000
ژیلت مگنوم   m5,6850841,4514009,1790557,14439591,359882,81373,8245291,1503088,9961030,9759915
ژینوژن,100000,100000,100000,100000,100000,100000,100000,100000,100000,100000
کا سشوار,18150,3935371,15129745,8179314,2388994,10087985,12895905,8541903,2792992,8967522
کابل 15 پین,6454319,3053607,444614,11912073,693872,587773,6080016,3346503,1603825,2770901
کابل 2 در .75,9881235,12290031,4965825,12675664,3237727,13495312,3237688,1683766,4433459,286688
کابل 2 در 6,13495312,4965825,9881235,12290031,12675664,3237727,7544235,3237688,3829603,9268477
کابل 30 متر,6080148,5353468,444614,7586528,7542983,557201,2663954,14365697,9268477,108299
کابل 4 رشته ایی,1595358,554649,8732036,8339334,8729182,12290031,8838317,16753709,12299347,7542983
کابل Type c 20 سانتی,597980,14365697,108299,4347082,10720087,8684709,3189403,7954211,10406553,7402345
کابل USB اپل.,286688,108299,286907,6517193,1780247,7402345,14794205,4506710,12722869,10720087
کابل cat6 تسکو,3226472,475845,4506710,2763820,7799532,5416769,11476078,158516,1150578,5813507
کابل imd,9881235,12290031,12299347,7586528,2663954,4878331,9268477,2110057,475845,7542983
کابل pimax,9881235,12290031,12299347,7586528,2663954,4878331,9268477,2110057,475845,7542983
کابل qc 3.0,4823721,1029723,744279,6762832,11269801,12675664,486417,883904,3237727,1927242
کابل usb3 به type-c,597980,486417,10720087,605449,1780247,8684709,286011,3189403,7954211,10406553
کابل آلومینیوم ۴×۱۰,14315407,761645,8494072,11593415,7014486,9881235,12290031,12299347,7586528,8791012
کابل افزایش طول برق ١٠ متری,10571125,1029723,4433459,587773,12407079,7542983,557201,7586528,9881235,2753341
کابل برق افشان  ۳ در .۵,3237727,12290031,4878331,4965825,2161098,12299347,13495312,10471900,12566613,12407079
کابل برق سه پین منبع تغذیه کامپیوتر مکا مدل MPA طول 1.8 متر,3053607,3830917,11912073,10015130,7518006,6454319,444614,222871,1526337,9113515
کابل بلندگو,16592229,677319,10362197,9881235,12290031,12299347,7586528,14054239,2663954,4878331
کابل تبدیل 2 درگاه RCA به جک RCA,124674,744279,640031,11380114,1724979,828267,780798,7484546,10636233,9428054
کابل تبدیل USB-C به لایتینگ,1780247,597980,12722869,486417,14794205,4506710,8684709,5093286,10521206,3426975
کابل تبدیل mini hdmi,1744686,517430,9054600,2663954,2110057,112379,11269801,1915548,7954211,1632582
کابل تبدیل usb c به لایتنینگ مکدودو,10406553,6517193,5231049,4613836,8191411,6547076,11826104,9428054,1744686,6762832
کابل تبدیل usb c به هندسفری,1780247,597980,12722869,486417,14794205,4506710,8684709,5093286,10521206,3426975
کابل جوشکاری مدل 14,6080148,6080016,597980,7357501,4216113,11006589,13954676,10747132,7798997,4634780
کابل دانگل تیوی,12721132,9674839,10066988,4934765,9072561,8975182,74514,209841,6999967,9940608
کابل دیشپبی,9881235,12290031,12299347,7586528,2663954,4878331,9268477,2110057,475845,7542983
کابل سیم ۴ در ۲.۵,12290031,2161098,1526337,4965825,3237727,12675664,4878331,1768923,12299347,3237688
کابل شارط,9881235,12290031,12299347,7586528,2663954,4878331,9268477,2110057,475845,7542983
کابل شارژ تاپ سی پرو وان,31659,329253,5161208,10432400,537112,10374499,5615117,10311817,1742756,1476154
کابل شارژ شیائومی سوپر فست,10311817,251724,4106766,9815559,8928806,2378379,537112,10374499,1742756,8052912
کابل شارژر c_c,14868576,9290682,10636233,4127095,7891241,13350824,13566198,9609457,2598551,14759198
کابل شارژر منگتی,14398220,1505093,5615117,14868576,5371740,9290682,10541057,13566198,4852639,11137407
کابل شبکه 20,475845,1949909,3226472,502861,345738,7544235,597980,8842596,566235,5618276
کابل نویز گیر hdmi,2663954,2110057,1744686,11269801,7954211,5353468,784374,620552,517430,9054600
کابل پاور شیرینگ,6823327,3718159,273080,90539,4514161,3767575,4659289,997006,6425156,7544531
کابلشو ۳۰۰,2742221,17037730,467065,13783263,7775776,6976256,7577455,14186549,651257,17011472
کاتر بزرگ طرح قلب کیک,13611567,1436786,5037105,13380111,780485,2251277,143233,12300886,4480066,530419
کادوی مرانه,100000,100000,100000,100000,100000,100000,100000,100000,100000,100000
کادی نوزاد,3696981,7330976,6867028,15585289,457018,9555791,1006905,14096421,8706390,1772699
کار دیستریبیوشن ناین سیکس فایو زیرو,10226806,13612974,146605,8282123,11644793,12838592,9180929,13478258,5432465,10708778
کار روف پالیش,10708778,1056100,1921465,2983747,944925,8527470,6613130,2714257,3841557,96819
کار فیوز وُلتِج تِستِر,1514106,9603981,6010088,12844284,17085140,9603924,2676218,9033409,4400655,10708778
کاراوش شلنگی,10857322,419085,406833,1874436,7332293,100000,100000,100000,100000,100000
کارباید فرز,5188734,8402429,115561,4515379,11580764,6905118,171977,7204175,11721766,285803
کاربرات موتر سیکلت مارک کویر,10892079,3729609,3754640,3525212,5080871,5081349,10626358,3254442,5855224,6214663
کاربن فون کِیس,8995528,1062567,1944985,2010522,3164744,50375,49197,15127930,12761318,12588138
کارت اکسترنال ایکس باکس,1908813,6556217,1577264,12804462,2763623,910553,159941,8206556,4284678,9347369
کارت بازی رونالدینیو,11841668,10367325,1908813,9752354,6560177,14160172,9200427,855953,855999,631598
کارت بانکی,11329050,12004587,12663531,12663728,10186767,6229770,4549471,11680493,10649371,6830791
کارت توسعه دهنده pci-express,5684456,6267673,132763,109633,104631,8229659,4824156,193342,155877,8445425
کارت حافضه یک ترابایت,12521436,10670241,25948,9842660,11370174,13398074,1908813,4542839,9228677,90581
کارت حافظه 32 گیگ سامسونگ,3986306,1626043,1844063,697675,10310384,9651132,539062,1918189,4177353,2222566
کارت خوان  اسبازی,10649371,16843325,6718972,1582817,8198325,2155313,7643866,6884446,4337355,779044
کارت خوان سیار,10649371,16843325,6718972,10703295,1582817,12675664,8198325,2155313,7643866,6884446
کارت رونالدو  ۱۰۰,17494217,4909407,4301569,8988978,11780710,17381762,12367583,17632730,3933021,9593111
کارت زردو قرنز فوتبال,16953916,17360780,1591125,17494217,14160172,3570769,8371040,9080362,2144482,6604130
کارت سد,4549471,11680493,10649371,6830791,2212624,4793179,7241903,1937899,9661117,4793273
کارت شبکه USB و بی سیم تی پی - لینک,2746,200466,8734807,224382,8537836,492431,68716,4725165,131247,5804859
کارت شبکه ،usb,2212624,492431,2746,12910731,14514895,14176713,585720,5618276,9937001,8198325
کارت فوتبال لیست,16953916,17360780,1591125,17494217,14160172,12120907,3570769,8371040,9080362,2144482
کارت فوتبالی کیمدی,17751721,17177349,14612250,17294257,16507839,17360780,16539311,8338751,17381762,17845107
کارت هدیه ۳۰۰هزاری,2540855,2562643,2479307,776391,5452756,4285398,10853306,11081720,8325058,2153646
کارت ویزیت مدل کد,12438224,3963159,4549471,17751721,3246388,4415866,1924368,12290041,6171234,7734110
کارت پرایم کیمدی,16507839,17751721,17360780,16539311,117147,951998,17381762,17845107,1002646,4748680
کارت پستال  انگیزشی فارسی,11680493,4549471,6830791,6610727,3246388,6777999,9880812,938922,1924368,6744529
کارت پستال ted lasso,4549471,11680493,6830791,6610727,3246388,6777999,9880812,938922,1924368,6744529
کارت پستال ون‌گوگ,7341970,4549471,11680493,6830791,6610727,3246388,6777999,9880812,938922,1924368
کارت پلی استیشن ۲ ۸,780238,2465131,4583999,2102520,5652871,640031,95807,11758156,6228161,8441200
کارت گرافیک 2 گیگ ddr2,1937899,350169,7241903,9661117,3278200,13357588,6911626,10626350,10918510,8225409
کارت گرافیکRadeonRX580,4549471,11680493,10649371,6830791,2212624,4793179,7241903,1937899,9661117,4793273
کارت یاب,565994,15201333,5299293,4427952,4549471,11680493,10649371,6830791,2212624,4793179
کارتر پژو ۲۰۰۰,12562224,3255019,959932,4566914,8310880,163122,133172,3068071,9816127,7590054
کارتریج 110a,6331516,9562492,9583859,383320,8567079,277637,6946867,1612670,2514163,436241
کارتریج مایعات,6331516,9562492,9583859,383320,8567079,277637,6946867,1612670,3184247,3303406
کارتن بسته بندی اکسیوری,3704304,3222596,6872711,3905581,11007251,9397341,5438621,4642638,3632996,4605492
کارتن میکس,4087034,11007251,3871768,10632211,3704304,9953285,302288,3222596,6872711,8398100
کارتنکوچک,100000,100000,100000,100000,100000,100000,100000,100000,100000,100000
کارتون شمع,8366107,6239844,10273269,1480950,433458,4929072,1638404,2241690,4499873,9662450
کارت‌های داور فوتبال,1591125,16953916,17360780,17494217,14160172,4792905,606344,7435487,4452531,9824111
کارد طرح نهنگ,1924368,6967850,10352901,5428339,2509472,11108015,7545746,3002651,2712971,4286344
کارد گوشی بچگانه ۱۰ ساله,10600598,38902,38820,10352901,5428339,2509472,11108015,7545746,3002651,2712971
کارد گوشی هواوی g730,4754217,3850766,7750051,10821081,9434409,10374864,17311931,625647,4276464,9341260
کارواش vr2140,9089232,6936264,7518451,10217111,161506,11001762,7283331,13237524,5547351,15076938
کارواش خانگی اقساطی,9089232,6936264,7518451,10217111,161506,11001762,7283331,13237524,5547351,15076938
کارواش شارژی  باس,10877804,13237524,4353116,12530126,8069248,9687309,6787990,13003487,9089232,6936264
کارواش کرشر مدل K2 Compact New,11001762,5547351,86140,9089232,6936264,7518451,214257,10217111,161506,3463377
کاسه vividii,6902160,4930182,4201913,9574519,12464202,9421894,1468500,3222791,4141072,8637273
کاسه خورشت خوری لومینازک,1539197,9574519,12464202,8392552,3013565,13615782,6902160,3528459,305236,10500732
کاسه سیلیکونی ژله,5249796,561419,491322,6902160,4930182,3110727,4201913,9574519,12464202,9421894
کاسه شیشه ای هواپز,11274760,8392552,12376576,2080004,10362830,2959261,5067566,6465396,12235594,12299894
کاسه فیلتر روغن پژو۲۰۷,9372677,9336161,157366,435240,1835147,154211,3786538,2357548,468936,3374468
کاسه نمد بربرینگ چرخ عقب,14341236,4201913,1468500,2906550,4535049,9421894,8637273,6448163,821575,7493128
کاسه نمد تیبا,4201913,9421894,1468500,8637273,14341236,6448163,821575,7493128,15029694,1131373
کاسه نمد سر ته میل لنگ,8637273,821575,4201913,1468500,997828,9421894,3352967,14341236,12309596,6448163
کاسه نمدشفت پرای,6902160,4930182,4201913,9574519,12464202,9421894,1468500,3222791,4141072,8637273
کاسه های چند قسمتی,15036612,1468500,3637389,7493128,6902160,7856934,4930182,15029694,8925030,4201913
کاسه چرخ عقب ای بی اس پراید,2906550,2648343,14341236,1140660,4535049,15029694,4408429,7290226,13161928,15128543
کاشت،ناخن,10761877,312368,5351047,3117918,5586776,2758481,3028345,11734492,8531074,1870101
کاشی آلمینیومی,4795557,9414390,7859766,4046257,3401749,3853256,534947,11716692,4045700,5035141
کاشی تزئینی طرح منظره,3853256,4795557,9414390,7859766,4046257,3401749,1714950,9189888,4045700,10068452
کاشی مدل محبوبه,4795557,38873,1445478,9414390,7859766,4046257,534947,3401749,11716692,3853256
کاغد کادو عاشقانه,9114819,4131783,4208525,12247101,12648083,8083000,14275920,761004,15761801,13726497
کاغذ A4 100 برگ,2223115,2781547,13198124,2055943,90597,9048820,363591,7742260,4043035,7992238
کاغذ بگودی,4131783,4043035,1053271,2718808,7055116,4208525,5449019,148036,4512195,12247101
کاغذ تومویی,4131783,4043035,1053271,2718808,7055116,4208525,5449019,148036,4512195,12247101
کاغذ دو خط A۴,3687991,4043035,5449019,4512195,2223115,798880,3694181,2781547,2055943,90597
کاغذ دیجیتالی قلم,1976270,1053271,7055116,5600035,779044,4248271,13010219,6153568,8531074,11716692
کاغذ دیواری طرح اجر ابی,2069564,11043427,6596396,2133131,6995950,6731038,7085174,8719520,14495355,7257502
کاغذ وزیری پاپکو,1828109,14234612,13769981,315488,279853,10368784,527662,11866878,7106135,4131783
کاغذ پوستی هدیه,9972303,13343245,12078880,263299,4285398,10853306,11081720,8325058,2153646,2279846
کاغذ یاداشت  نوت بوک  فانتزی,5556954,8132532,12452964,11283001,10641391,4590811,14474135,12648083,11604309,14195974
کاغذ یاداشت ۲۸۰,8041694,7498101,364752,1031021,6333630,347269,6777846,4131783,11999912,2377582
کاغذ یادداشت فانتزی,8132532,148036,6590722,2043473,13954687,50295,4590811,3810033,4151269,363591
کاغذ یادداشت مگنت دار,11287730,148036,8132532,50295,4590811,3810033,363591,5506776,6590722,2043473
کافشن کرومی,13380111,9371896,15571908,14324362,15309498,12737686,14757059,12170505,14952548,14472064
کافشندخترانه,100000,100000,100000,100000,100000,100000,100000,100000,100000,100000
کافه اسلی,4087034,17450264,3871768,9248539,16850494,7983850,8397962,3550869,3209596,4124800
کافکا و فلسفه,9154209,393078,5703369,285041,76284,10332707,3030255,5503358,245021,10368861
کالبینت فلزی درب چوبی,349671,349676,349378,10884029,11013228,348880,10909098,10542440,14063205,8073921
کالج جورابی,13096606,567638,9024702,8128699,12047718,4284375,11461192,8275532,742237,100000
کالح مردانه,10635917,7108756,1290089,11459772,606382,890570,6439769,961925,4285398,13203132
کالرلس سینره سان‌اسکرین,17484673,79613,277000,81095,784555,657934,1645222,1644680,646368,9053678
کالیبر32لوله5لایه,100000,100000,100000,100000,100000,100000,100000,100000,100000,100000
کالیپتوس,100000,100000,100000,100000,100000,100000,100000,100000,100000,100000
کامان آوواکادو,4428092,2411046,3868368,3514216,520362,8299149,1841775,13299223,8739306,1825326
کامور عروسکی A32  5a,7614436,6836434,5547436,5089067,12775440,6225075,15319527,5710882,8688393,12664374
کامپلیت مکانیکال پنسیل ست,6496117,7901470,5025436,9800468,1117966,7774937,698981,4417039,3956184,7798139
کامپیوتر ساینس لپتاپ اِستیکر,3634502,10015130,222871,114628,7959507,3830917,7518006,4536071,8290347,3778682
کامپیوتر معمولی,3634502,10015130,222871,114628,7959507,3830917,7518006,8290347,3778682,6860798
کامین ارتشی کنترل,5134415,963026,2258784,1130954,6978919,7834490,2773505,13274672,7561144,9147790
کامیون بزرگ ۱ متری,7224717,8581051,4887025,719750,15252247,1115222,15836024,5229257,832442,10162415
کامیون بونکر,719750,15252247,10162415,9239327,8094333,9761470,14604543,6511826,7224717,4887025
کاناپه,411716,385521,100000,100000,100000,100000,100000,100000,100000,100000
کانتور  و کانسیلر,3042739,4284200,12788457,998156,5929763,5363992,8595642,581672,1004171,1871686
کاندم بدون لاتکس,932459,11717455,4723073,12654011,7412773,5742706,190423,12283138,591097,467306
کاندوم  فانتزی,334514,836894,3923580,389422,125160,638161,443008,680665,926713,3934246
کاندوم تاخیری کاپوت مدل Energy Delay,389422,334502,558843,334514,996099,2448796,4551871,335558,323611,836894
کاندوم واقعی,334514,836894,3923580,389422,125160,638161,443008,680665,926713,3934246
کاندوم چرچیل شیاردار,3934246,3923580,558843,323611,12751996,334514,836894,389422,125160,638161
کانسلر سبز و زرد,9583859,3971487,9499411,6757157,753330,3703067,6448085,8895878,6346380,6852683
کانسیلر آرترکین,4284200,12788457,998156,5929763,5363992,8595642,581672,1004171,4678062,1871686
کانسیلر زیر چشم گلدن رز,998156,10618588,1486297,522199,2415653,1050226,513849,1470935,528971,1519836
کانسیلر‌ آرت اسکین,5929763,8595642,13469479,5337670,10396494,11330901,4284200,12788457,998156,5363992
کانن Eos R100,170831,98416,2790099,2025154,10110914,10510384,70761,92087,2169490,947718
کانوِرت اِی تو سی,12856922,4550206,61733,11008436,4438095,640036,327148,12356824,73006,3716961
کانکریت بریکر تو سون تو فایو,4550206,61733,11008436,12856922,4438095,640036,327148,12356824,73006,3716961
کانینگما,100000,100000,100000,100000,100000,100000,100000,100000,100000,100000
کاو گوشی A11,8429124,4340346,8359706,8530198,4823914,3093664,11072644,4502716,14606650,2976227
کاور  سامسونگ m22,3813912,9438140,13844405,14412156,9490803,6851681,9491143,1932392,2028108,2484816
کاور  سامسونگ سفید,5203605,14412156,9490803,9491143,1932392,2028108,2484816,614009,3255186,7486201
کاور  لوکسار,10461064,12346286,10461570,9013166,10626133,3144158,12296936,9269465,9231800,9306368
کاور 11t ۳۶۰ درجه,10057318,10823610,5089067,5404975,11519824,7548524,10162058,11494321,5089447,7213087
کاور Airpods Pro سیلیکونی,8513272,14472064,11042355,12419954,9013166,2262835,13354172,8507967,6617213,8159602
کاور POCO f5,14410946,13785460,12382665,14209762,11530037,14410190,12696009,12254764,12242650,4885206
کاور Y9a,10821081,15158108,9306368,7781648,4851682,2555157,17252131,881532,14243935,9864095
کاور a 60,13631595,4294804,2090334,893929,12649782,859481,7182933,17111036,6445102,6270270
کاور a31 سامسونگ,7676113,3329216,11458031,3278688,5185330,6160789,10836675,8395146,1638676,5890321
کاور a80پایه دار,8507967,10343254,8179883,10279378,1560727,7812006,7806669,14299332,8118530,53617
کاور buds3,9393108,16072099,9306368,7781648,4851682,2555157,17252131,881532,14243935,9864095
کاور easoncase,9306368,7781648,4851682,2555157,17252131,881532,14243935,9864095,12284171,5793228
کاور galaxy a134G,12086942,1932392,5333130,5332276,2028108,2484816,614009,3255186,7486201,3063351
کاور ip 11pro,7196340,7542677,5545020,950423,9306368,7781648,4851682,2555157,17252131,881532
کاور m11lite,9306368,7781648,4851682,2555157,17252131,881532,14243935,9864095,12284171,5793228
کاور one plus n100,7091001,13958106,4225984,8334051,13255175,836232,2635643,6745354,910553,4833312
کاور pure موبایل,8415714,14498545,2293034,4748680,767271,1015441,348142,9786391,13530777,13237992
کاور redmi 7a,2232176,3478460,5298345,13717987,7426186,16777791,14577010,17567737,7087016,14474135
کاور redmi3a,9306368,7781648,4851682,2555157,17252131,881532,14243935,9864095,12284171,5793228
کاور s20 fe مگ سیف,13576686,5783375,14382306,10591563,13359918,12202419,7032881,7032922,6882054,4466558
کاور s23 ul,11152854,14105863,12179628,13065873,14673891,13982222,16498062,11077209,13496875,11107580
کاور solid نوت ده,14948744,14274805,14724466,14509231,14037723,2926894,14714609,5298345,8493464,17211507
کاور toby ipad air 2022,15899457,8255514,7184806,961905,10058104,3756140,11370174,9620532,9221811,9941125
کاور watch 5 pro,12945290,10901262,14007389,5346389,11636446,6617213,2836228,10416315,14105831,11910905
کاور آنر۸لایت,9306368,7781648,4851682,2555157,17252131,881532,14243935,9864095,12284171,5793228
کاور آیفون 13 خرسی,14055187,13274339,6781339,10343254,7032881,9947773,6680257,6927431,6882054,12684890
کاور آیفون ۱۳ پرو لاگرفلند,6779488,6882054,12684890,9278594,7892136,14078041,7161954,11398248,6596444,9312593
کاور آیفون ۷ساده,3203897,192637,1638676,2126582,6781339,7032881,13251635,13367746,10343254,4734311
کاور آیپد  10.2 اینچ,961905,961951,340686,3254659,3644582,4332189,7290673,9250165,9628504,7055116
کاور آیینه جلو,6429942,6245032,416375,5109551,8098125,3033133,14577768,3332088,10139310,1152961
کاور آی‌پد سیلیکونی,6473213,1142886,564192,5165393,12522411,561419,348142,551022,5189,17252131
کاور اسپارتان مدل Magnet ring مناسب برای گوشی موبایل شیائومی redmi 12 4g,16079192,12516025,12933971,12884694,12559255,12427672,14474135,14354432,13323176,12504213
کاور اسپیگن مدل Rugged Armor مناسب برای گوشی موبایل اپل Iphone 13 Pro Max,6993856,10126465,9699777,6779488,12684890,9278594,7892136,14078041,7161954,11398248
کاور ايکس قاب a14,11144908,16235048,14210521,13622726,12202215,14109840,14509327,13816908,16827508,17432344
کاور اپیکوی گوشی شیایومی pocom3,11107580,10739849,9686380,11808436,625647,1015441,26246,348142,17252131,1882481
کاور ایرپاد 3.TWS v5,2046735,9013166,14472064,14276100,9719761,14022865,713893,11042355,1658599,12419954
کاور ایرپاد پرو,14472064,11042355,12419954,2262835,13354172,8507967,6617213,8159602,9312593,8513272
کاور ایرپادکیوسی وای تی ۲۰,8919809,14616088,11648685,14275370,12695788,14656328,13532245,10712054,9392748,14048785
کاور بالشت و کوسن,5903016,5689525,6316207,532225,5836054,3974550,7719498,2925572,4176124,7278598
کاور بتمن سامسونگ a04,10890604,11462027,10771614,14795434,12120757,6825028,11629178,12894238,6800916,14571528
کاور برای پدال موتور,3797526,10471936,4548686,6770083,10612029,6404633,9131125,12649782,8098125,4374531
کاور برای گوشی ریلمی مدل سالیوان,13675000,15029488,8794542,14209828,13861668,13714164,14863402,13785575,17537520,10353248
کاور برای گوشی سامسونگ s23 ultra,11152854,12179628,14673891,11077209,11107580,10461570,11165930,10812024,10704537,10838305
کاور تبلت  a7,6389978,4000803,6650080,7183359,6206347,3851079,1757699,3699809,8250179,5857844
کاور تبلت tab a9 اکلیلی,14830905,14766974,14130420,6389978,14900308,4000803,3329993,6382060,6650080,7182933
کاور تبلت سامسونگ a9 x115,14830905,14766974,14130420,14199778,14900308,6389978,4000803,14176713,6382060,6650080
کاور تبلت سامسونگA9 sm_x115,14766974,14830905,7182933,7183359,6206347,3851079,8729265,6438632,3699771,3175390
کاور تنه دوچرخه سفید,927202,927200,12669432,4011001,7819136,6520821,5203605,13503755,5961873,10974039
کاور تنه دوچرخه مارک پاور,927202,927200,12669432,3813912,765128,7819136,570764,1662025,6520821,10878356
کاور توالت فرنگی یکبار مصرف,1628531,1089774,5034707,537291,5656137,15937518,4908976,6113078,687903,2861077
کاور تی رکس شیائومی 11t pro,12128063,7548524,7203816,14217106,14217361,10162058,11616787,7213087,8395893,13706806
کاور جنرال لوکس ۱۵۰,8900256,7906416,4157305,8315267,2773505,7995078,2450919,7004735,10894781,8968351
کاور دسته ps5 طرح رئال,3904662,5422646,5065763,13816908,1874145,3865146,4528853,6138430,14318780,1646195
کاور دسته xboxسریs,2943388,11944757,6531055,6872675,11000988,416155,531443,14868843,749476,7355040
کاور دوربین گوشی سامسونگ S23Fe,13628250,13072622,13503378,11948548,12323073,14399184,11410958,12659336,13148210,14466033
کاور ردمی 9 S,17111036,8250179,3379854,12385632,12789392,1154385,9830825,2926894,881532,6804638
کاور ریموت سمند سورن,3332088,13781222,7890775,14876850,7151427,11233782,11763611,7914100,16620811,9384920
کاور ریموت ماشین fx,14575018,9977919,5599387,1114234,12817900,2969602,741130,6167628,10094197,683854
کاور زيرو وان11,11644793,12838592,13478258,5432465,9306368,7781648,4851682,2555157,17252131,881532
کاور زیر زنجیر دوچرخه,6520821,7819136,927202,6998190,927200,5961873,2449086,10612029,12662070,10974039
کاور ساعت هوشمند گلوریمیgs2,17278326,12837600,7241533,74937,12945290,12440427,10011361,10416315,14279802,195987
کاور سامسونگ a5 2017,521085,3137036,3579732,614009,2099718,2052434,314213,561419,5857844,11027464
کاور سامسونگ a54 دخترانه,12282467,12283291,12283267,12942068,14724466,12673202,12953354,11748938,13376228,13412906
کاور سامسونگ گلکسی نوت۸,314213,401065,377898,63831,561419,31969,99116,1053212,13796580,14412156
کاور سامسونگA22 4G,14474135,8688393,14782947,12664374,14644123,14883397,17537520,11876002,14820938,13695613
کاور سامورایی  space,8136420,7156439,13714164,11999145,8415714,5333130,5332276,15058232,2141643,13861668
کاور سامورایی مدل magic ring,12981310,7156439,13714164,11999145,8415714,5333130,5332276,15058232,2141643,7325702
کاور سانی لند گوشی شیائومی poco M5s,10687631,9800719,10718056,10251101,17981346,14439591,13278587,8688900,8149411,12094463
کاور سه کلیده سوئیچ  سمند,9334221,11233782,10513443,13272627,796015,6997676,10231475,11101125,10514238,4249152
کاور سوییچ برلیانس کراس,5556727,551022,3886176,397447,277637,7500979,2870931,2706820,11404947,12567791
کاور سیلیکون iihone 13,6680257,12649782,9278594,14116165,13677379,15739585,10434136,14891524,10122262,15257467
کاور سیلیکونی برای a32 5g,8256246,5089067,5813081,11797912,9250533,9010181,10598476,12346286,5547436,8501589
کاور سیلیکونی ردمی 13C,13717987,13931538,13695613,14055948,14577010,13709699,14509231,348142,13877857,6473213
کاور سیلیکونی ردمی نوت ۱۲ 4G,12884694,12686696,12077629,8493464,14474135,12516025,12933971,12559255,12427672,14354432
کاور شفاف گوشی سامسونگ a52s,7724759,8665581,10667974,15279162,266499,2920090,8688393,6438146,3101194,7300449
کاور شفتف لوازم آشپزخانه,8276226,10620011,349945,343631,169240,4202907,9203226,8511358,155792,7800937
کاور شوش دسته ایکس باکس,159941,9347369,12775038,315405,7248029,4878993,3571154,11596176,5002189,916294
کاور شیائومی not9 طرح رگنار,5125855,11193545,14948744,12723782,12117806,13323176,11606815,5488302,8115227,13988661
کاور شیائومی نت 11 موناکو,14714609,9686588,9820263,9958566,14146381,14494540,14281859,7178053,5556127,10903141
کاور شیومی نوت ۱۰پرو,2926894,14714609,5298345,8493464,17211507,12940209,12461517,12632165,12559381,10694984
کاور صتدلی ناهار خوری,1680052,8720704,10609736,8937638,8536946,6331877,787425,2212054,3528459,305236
کاور ضربه گیر لپ تاپ,4241077,11274192,7033256,7199802,6460419,2144579,70798,6005120,8789224,11112306
کاور طرح Starbucks مناسب گوشی ایفون ۱۳,7889793,7892136,6781339,11781259,10343254,11781292,7161954,7032881,9947773,6680257
کاور طرح بتمن موبایل galaxy a30s,11629178,7486201,3063351,11629160,4455226,5136293,13533011,6239111,6825028,11228484
کاور طرح خرگوش پشمالو مناسب کیس ایرپاد,8159602,6882567,14472064,13354172,2943388,1658599,12419954,11042355,11652937,8549674
کاور طرح دار برای PS5,3904662,4528853,14318780,9279663,12573233,8507967,6843702,9561839,10343254,8179883
کاور عینک اغتابی,5681061,1632019,7487888,10532701,14759991,11730035,11216802,649515,4009351,1350873
کاور فانتزی شیائومی نوت ۱۲,14474135,13490588,14494540,14782433,12516025,12933971,12884694,12559255,14523169,12427672
کاور فلزی سوییچ پراید,551022,15307696,5556727,3886176,14425994,397447,9928424,2870931,11404947,10603317
کاور قاب 13پرو 4g,14474135,17537520,12196755,16235048,11411164,12686696,13490588,14354432,14509231,10634104
کاور قاب تی رکس مدل  jelly برای ایفون ایکس,11167379,12128063,11267193,14410946,11530037,3782228,14410190,11830223,14217106,14217361
کاور قاب رلمی c51,15029488,14209828,17252131,4374531,3305777,12804655,9940975,11477186,11158470,13524212
کاور قاب شاپ مدل سولید هپل مناشب a12,17675871,15514508,13528435,4216970,2398151,11130927,8671400,4867366,11752213,11424321
کاور قاب پسران  گوشی,17252131,12804655,9940975,11477186,11158470,13524212,11458031,11939877,14105863,11195560
کاور قاب گوشی سامسونگ s9,1546996,538526,14105863,12804655,9940975,11477186,11158470,11458031,14724466,12282467
کاور قاب گوشی مودل ویلی فین,17252131,12804655,9940975,11477186,11158470,13524212,11458031,11939877,14105863,11195560
کاور قابمل,9306368,7781648,4851682,2555157,17252131,881532,14243935,9864095,12284171,5793228
کاور لب تاب,4221217,11330882,2007405,4419202,14030174,9205641,17536916,5948450,14277291,6991372
کاور لباس ملحفه,10061052,4920984,9529336,12868672,9554045,8571945,9645029,3756468,6074801,556119
کاور لباس نامرئی,8832980,6873034,2571099,2909460,620316,9645029,1821504,13947776,1942334,2233703
کاور لپتاپ macbook 15,14674739,13367746,12594084,6235389,9620532,13798085,2217554,9221811,13632307,13359918
کاور لیمیا مدل فانتزی ردمی نوت ۷,15899604,13580647,8046225,12559381,14474135,13239760,14782433,6576917,14494540,8395146
کاور ماهوت برای شامسونگ note5,401065,10892772,10353248,10886566,9917706,11843053,10240877,11668574,14540484,10015577
کاور محافظ فوتبال دستی,3570769,8371040,9080362,2144482,8891663,14023903,11859577,11627926,5442074,12285836
کاور مدل A107,9527959,5475713,9306368,7781648,4851682,2555157,17252131,881532,9864095,12284171
کاور مدل اکواریوپی برای سامسونگ a24,14082098,17792304,12673157,11315888,13206313,12372720,13975038,14565665,13466392,9490803
کاور مدل مگ سیف Clear مناسب برای گوشی موبایل اپل,7032881,7032922,12202419,14382306,6882054,12443301,4466558,13359918,10480435,6882040
کاور مدل کافی میکروب,14078041,12784245,4087034,12744393,3871768,9953285,302288,14156519,2643710,7722876
کاور مناسب برای گوشی سامسونگ s24اولترا,1932392,14252291,4799194,6223712,10565000,614009,9490803,3255186,7486201,3063351
کاور مناسب برای گوشی موبایل سامسونگ Galaxy A12,11424321,4216970,8671400,4867366,11752213,13528435,8777045,5065763,4680802,5313209
کاور مناسب شیامی نوت چهار,14714609,2926894,5298345,12940209,8493464,17211507,12632165,9232039,12559381,12461517
کاور موبایل a24s,1015441,348142,9786391,13530777,13237992,9439568,1932392,7032881,12086942,9931729
کاور موبایل a750,8250179,6662503,14008174,16693891,5477084,1015441,348142,9786391,13530777,13237992
کاور موبایل ۷+ ژله ای,569723,1140969,633651,15303290,7812006,9947773,9947724,13278798,13628250,14299332
کاور موفی  برای گوشی پوکو اف ۵,13785460,13663272,13785575,14402753,11730035,9926413,762716,2836228,10662801,11923642
کاور مگافون گوشی Redmi 8,10257009,5440698,6118411,11797912,8085051,8623688,13234105,5904494,15024154,8725893
کاور نوبارا,10885725,7485046,9306368,7781648,4851682,2555157,17252131,881532,14243935,9864095
کاور نوت 13 معمولی,14948744,14128927,14753411,14782433,13446704,14958401,14116165,13237105,14753362,13322394
کاور نوت ۱۲ فضانوردی,14523169,12516025,12933971,14474135,12884694,12559255,12427672,14354432,11714554,13323176
کاور نیلکین poco m6 pro,14242440,3876416,17252131,10667497,12696009,12747983,12749087,14782947,14644123,14883397
کاور نیلیکین برای گوشی شیایومی,625647,348142,1882481,4276464,395678,13675000,17252131,14252291,1736053,15091255
کاور هدفون کلاسیک,13354172,7614368,7967010,14676761,8748301,13537262,9828036,12457774,14275370,12695788
کاور هنکر R50i,14676761,12457774,12170296,16498062,16200986,16023674,9306368,7781648,4851682,2555157
کاور هوآی آنر 8,9796369,12640391,12093610,8586890,12853385,17647594,9786391,2511416,13237992,10598476
کاور هواوی نوا 8,7156439,12531760,11838209,3396715,396274,2285284,1029325,3528392,4366879,10912200
کاور هولدر ژله ای گوشی,633651,15303290,1140969,7812006,9947773,9947724,13636063,1049192,13608480,13278798
کاور و قاب گوشی m32,12196755,6932366,9438140,10409792,17252131,12804655,9940975,11477186,11158470,13524212
کاور و گلس سامسونگ گلکسی  A34 5G,12961639,15279663,11505940,11153467,11107279,12046774,12642977,11778941,314213,12321554
کاور پوکو ایکس تریی,5185330,12387752,5488302,12961639,747724,11637620,11144908,14109840,14509327,11242909
کاور چراغ,12387752,8098125,14360609,13530628,996559,9593462,7360152,996546,13737183,13644566
کاور چرم 13promax,12915638,13164479,12664374,8163117,915063,9180929,14553599,2262835,12506843,12506890
کاور چرم کتابی,2675756,7237753,12640343,2813183,587934,7389929,12664374,8163117,12915638,915063
کاور چرمی ریلمی 11پرو پلاس,13985374,14523408,13675000,15029488,14209828,13861668,13714164,14863402,14498008,5572422
کاور ژله ای ultra thin j7 prime,1049192,633651,791053,11805244,4502643,13768300,11284083,367085,5556727,713893
کاور ژله ای آیپد,961905,961951,5556727,713893,881532,340686,633651,397447,15303290,8179883
کاور کت و شلوار چرم,2823955,12451572,802011,802080,6217648,10775212,15641477,8655999,3798607,701847
کاور کتابی گوشی سامسونگ A7,1757699,8250179,561419,5857844,1662025,14982108,11027464,6662503,14008174,6389978
کاور کد تری سوتیبل فور پوکو ایکس تری,9962550,9838220,9423141,3758086,73006,2191842,5500776,4682127,806525,7087066
کاور کفش,455033,12054697,14757100,9655956,7720365,1513242,1290089,8315250,961925,1813686
کاور کنسول تیگو ۷,14614575,10612029,11382636,7998713,13082050,412310,14530408,4528853,4995772,192637
کاور کوسن آنا و السا,12939298,5903016,5689525,6316207,532225,5836054,3974550,7719498,2925572,4176124
کاور کوسن مسی,5836054,5903016,5689525,6316207,532225,3974550,7719498,2925572,4176124,8214116
کاور کیبورد لپتاب hpzbook,2843881,736488,10610185,8182052,2077105,5696383,9072561,9706639,1645794,7492207
کاور کیس هندزفری سامسونگ گلکسی بادز ۲,314213,12702443,401065,2755994,2028108,377898,31969,63831,561419,8912525
کاور گارد    note 13 pro 4g,14474135,14753411,14782433,14782947,14644123,14883397,14820938,11242909,14644104,14753362
کاور گارد گوشی اپل 11promax,14382306,11939877,15636808,10799470,14055187,10827874,10611243,12986108,10451858,10122262
کاور گوشی  a15,14233395,14096721,15514508,14023845,14299332,14565665,14503393,14771158,14053116,842691
کاور گوشی  iphone x,14274805,4593072,9969986,10611243,8415714,2460002,5448839,374546,8205940,354069
کاور گوشی  شیائومی نوت۴ X,7780031,14274805,4593072,9969986,10611243,8415714,2460002,14032551,5448839,10677094
کاور گوشی  موبایل اینفینیکس smart 5,10662801,11830223,9067279,6582907,762716,3412806,9926413,2836228,5480232,13399395
کاور گوشی Redmi Note 13 زنانه,14128927,14753411,14116165,14782433,14466435,13446704,13237105,13322394,13238409,14753362
کاور گوشی Zflip4,625647,1015441,26246,348142,17252131,1882481,4276464,395678,13675000,2484816
کاور گوشی a 32 4gسامسونگ,4294804,859481,11585530,1628998,12455659,5902105,893929,7847572,12649782,252852
کاور گوشی a 50samsung',4294804,859481,11585530,893929,12649782,1522509,7182933,17111036,1522466,6445102
کاور گوشی a12 بی رنگ,4216970,8671400,4867366,11752213,11424321,13528435,17675871,11130927,8777045,5065763
کاور گوشی a3شیائومی,625647,1015441,26246,348142,17252131,1882481,4276464,395678,13675000,2484816
کاور گوشی mya_l22,3765030,625647,1015441,26246,348142,17252131,1882481,4276464,395678,13675000
کاور گوشی re mi not 12,9740033,9957249,8492315,9174744,14958165,9686380,14958401,5363631,12789392,10633491
کاور گوشی redmi ۹ bride,3379854,5185330,2963787,2926894,5125855,8141019,3596037,5258180,5127498,8843203
کاور گوشی s21e,625647,1015441,26246,348142,17252131,1882481,4276464,395678,13675000,2484816
کاور گوشی solid Redmi 13c,14509231,13717987,14577010,13695613,13931538,14055948,13709699,13877857,14274805,14819880
کاور گوشی آ ۲۰ اس مدل زنجیردار,525953,10116775,10409792,9370,1626470,4061863,14988,4345608,9732811,9147653
کاور گوشی آنر x7d,9796369,17647594,9786391,13237992,9931729,2511416,10598476,14343367,13602764,12640391
کاور گوشی آیفون ۱۳ معمولی ژله ای,9947773,569723,8167191,11781259,6781339,10343254,9889442,7032881,6680257,6882054
کاور گوشی الکترو پلیتینگ برای نوت ۱۱,8493464,14146381,14494540,14714609,10903141,10722131,9083865,13402069,12632165,13352108
کاور گوشی اپل iphone x,14274805,4593072,9969986,10611243,8415714,2460002,5448839,354069,374546,8205940
کاور گوشی اپل ایکس,7889793,8824918,1638676,5185330,2126582,6781339,13251635,12387752,4734311,10343254
کاور گوشی اپو رمی 10,1016559,7806669,12940209,6035112,10694984,17211507,2582223,16777791,14410679,7763751
کاور گوشی ایفون ۱۵ پرومکس,14048694,13367746,13798085,13632307,13359918,14218512,13132596,15761192,13728429,13194405
کاور گوشی برای۱۴c شیامی,625647,1015441,26246,348142,17252131,1882481,4276464,395678,13675000,2484816
کاور گوشی تراکتور برای a22,7479385,6372758,9171692,14441998,7762011,7832914,3818902,5950634,7066059,486750
کاور گوشی دخترانه آسی اس,9940975,9370,12282467,13079048,13907283,15303290,14333378,11633539,13363866,13200706
کاور گوشی رلمی3053,625647,1015441,26246,348142,17252131,1882481,4276464,395678,13675000,2484816
کاور گوشی سامسونگ a14,16235048,11144908,14210521,13816908,13622726,10461064,13260181,12202215,10316853,9952409
کاور گوشی سامسونگ s7216,6160789,1932392,9490803,9491143,614009,2484816,14412156,3255186,7486201,3063351
کاور گوشی سامسونگ مدل a32 4g,8688393,12664374,6239105,8050238,7944449,9250533,12214987,8748301,10626133,5404975
کاور گوشی سامسونگG4,625647,1015441,26246,348142,17252131,1882481,4276464,395678,13675000,2484816
کاور گوشی شیائمی مدل pocp x6,14326964,1015441,14716026,10598476,14402753,12939789,14883381,14982625,16006742,14883384
کاور گوشی شیائومی  نوت 9s سرخابی,9232039,8141019,2926894,8823098,2960848,5125855,5127498,5258180,3258412,12068576
کاور گوشی شیائومی ردمی آ ۲  پلاس,11375836,14782433,14958401,13238409,10551233,14398384,11651971,9069160,13281648,7373577
کاور گوشی شیامیpocox3pro,625647,1015441,26246,348142,17252131,1882481,4276464,395678,13675000,2484816
کاور گوشی شیاومی پکو ایکس3پرو,117414,625647,1015441,26246,348142,17252131,1882481,4276464,395678,13675000
کاور گوشی شیایومی redemi not 11 pro,14523408,12202419,7843326,8283341,13274339,7196340,3203897,2945261,7373577,4294804
کاور گوشی طرح آدری هپبورن,1550360,2052434,14948744,12642977,12723782,6252788,4455409,12117806,3319705,13093663
کاور گوشی مدل space samsung s23 fe,14246753,14105863,13065873,13982222,13496875,13072622,14819671,13576686,13148210,13503378
کاور گوشی موتورولا g9 play,8725893,2635643,11830223,15772253,4225984,9645982,9525590,4225979,12085726,9950272
کاور گوشی هواوی مدل فضانورد,6164422,13861381,10821081,4276464,9686588,625647,1736053,17311931,11742064,12673202
کاور گوشی هواوی وای ۶ اس,7415649,6849774,12786794,10821081,5480232,3875716,7606003,8931122,4276464,625647
کاور گوشی هواویy530,625647,1015441,26246,348142,17252131,1882481,4276464,395678,13675000,2484816
کاور گوشی هونور ایکس هشت,5185330,12387752,5488302,14109840,12961639,11637620,14509327,11144908,11723341,6239105
کاور گوشی پوکوx3gt,625647,1015441,26246,348142,17252131,1882481,4276464,395678,13675000,2484816
کاور گوشی کاپیتان امریکا,927573,3021960,4311122,4635943,563506,11974771,8337405,3098779,10101664,625647
کاور گوشی گرند پرایم,49766,773877,1130441,117147,951998,1002646,4748680,8624325,1581825,4054354
کاور گوشیA21s سامسونگ,14412156,9490803,9491143,1932392,2028108,2484816,614009,3255186,7486201,3063351
کاور یوویچ رنو,3886176,3352967,2963053,1484542,214932,224849,3228627,1125171,7173763,2840245
کاور ۲ میل,12309596,6225061,5080871,7922203,6519317,997828,8637273,4325093,12826764,9318331
کاورNokia 2.3,1432204,1874610,5652871,9652949,780798,7444105,12675664,5293738,3237727,883904
کاورRDMAI13c,100000,100000,100000,100000,100000,100000,100000,100000,100000,100000
کاورa12 کرومی,13380111,9371896,15571908,14324362,15309498,12737686,14757059,12170505,14952548,14472064
کاورa44,100000,100000,100000,100000,100000,100000,100000,100000,100000,100000
کاورipone 13,429105,15165767,6927431,13619045,14466435,17185127,10226912,9826102,12376576,6781339
کاورتبلت a7خرگوشی,100000,100000,100000,100000,100000,100000,100000,100000,100000,100000
کاورسویچ کوییک,13261389,6759371,6762673,10687227,12219863,11851125,3730552,13763869,5410960,14267990
کاورعروسکی گوش دار برا شیاعومی Redmi 9ci,8526671,17977823,17330681,8110066,6578624,7812006,981926,1513702,533697,57149
کاورقاب گوشی سامسونگ a15,14233395,14096721,15514508,14023845,14503393,14299332,14771158,14565665,14053116,14181093
کاورلیمیا مدل فانتزی فه همراه پاپ سوکت,9828036,8046225,9635098,9627385,6355888,8777045,10414149,7867911,9615843,8768904
کاورمدل گوزنی a22,14441998,3818902,486750,7479385,6372758,9171692,7762011,5950634,7066059,100000
کاورپوکو 4پرو,100000,100000,100000,100000,100000,100000,100000,100000,100000,100000
کاورگوشی اپل مدل5s,893929,13414415,8964300,175115,7180057,11476645,354069,174172,252852,104405
کاورگوشی سامیونگ مدل گرندپریم,14947512,5062268,3943782,5191394,2706820,10212975,10692740,11007251,8938311,2639830
کاپشن,6703274,7279053,7485631,7190940,6805910,1364878,13730026,478133,12687069,17035873
کاپشن تینجیر,6703274,7279053,7485631,7190940,6805910,1364878,13730026,478133,12687069,17035873
کاپوت دوچرخه طوسی,334514,334502,11074308,4196851,2448796,630223,10226719,2118362,4325093,4559686
کاپیوتر متور سیکلت,996559,1476125,996546,6706357,1910538,9126936,8428516,5091908,1968037,14580856
کاید چهار حالت ریموت,7154304,2773505,13274672,7561144,9147790,5865442,10758233,13538016,10930227,4542230
کایر شمع تقویتی تیبا,12923481,7559342,5823722,7318141,12619377,6561991,14217959,6239844,10273269,1480950
کباب پز  ضیتفت,906459,387439,12453934,6889826,8494072,1481699,12143102,1791872,27958,4215353
کباب پز جم شو آریا من,906459,387439,12453934,6889826,3981709,12981618,7766544,368743,6828779,7662665
کباب پز رو کابینتی,906459,387439,12453934,6889826,8494072,1481699,692119,12143102,10355916,1450658
کبریت چماغی,5709489,100000,100000,100000,100000,100000,100000,100000,100000,100000
کبف پول مردانه,14411390,6737217,3828819,4105740,4210424,634765,2279846,2577240,2675756,6792674
کت بند,1806576,626412,1333664,5592158,3046384,13325895,617708,422663,7556142,15641477
کت سنتی کوتاه برای سارفون,1333664,491266,12921564,626412,7330976,8699409,3046384,13325895,617708,422663
کت شلوار ال سی من,802011,802080,12451572,6217648,10775212,8655999,12081253,2823955,3798607,8957674
کت لی بچگانه ۳ سال,5592158,4206368,14869064,7124918,10554732,12451572,8501934,14234612,1409298,12349347
کت مجلسی مزدانه,626412,1333664,12401047,3046384,13325895,617708,422663,7556142,15641477,4801149
کت مشکی و سفید,12529135,12451572,13325895,3933746,179460,802011,802080,626791,860740,626412
کت و شلوار اسلس من,802011,802080,12451572,6217648,10775212,8655999,2823955,3798607,701847,12921564
کت و شلوار زنانه دیپلمات,6217648,6104166,1556473,3798607,12921564,12451572,802011,802080,10775212,8655999
کت و شلوار مقاومت,12451572,802011,802080,6217648,10775212,8655999,2823955,3798607,701847,12921564
کت پا ایریزر,626412,1333664,3046384,13325895,617708,422663,7556142,15641477,4801149,3933746
کت کوتاه مجلسی,1333664,12698831,7679708,12921564,626412,12401047,3046384,13325895,617708,422663
کتا ب اسم تو,11423257,4550206,61733,3935371,806089,806023,806140,11008436,774859,12856922
کتاب  آنه شرلی,233722,3331918,11883165,7819879,14049507,1110715,76284,12939298,449375,4311087
کتاب  الکی خوشا,7819879,14049507,1110715,76284,12939298,449375,4311087,10262137,4310710,2563598
کتاب  دنیایی زیبای ویلون جلد ۲,8935597,4471525,10943528,195015,1054461,4119534,5021172,3623050,2074381,7048065
کتاب  پرایس,4471525,7819879,14049507,1110715,76284,12939298,449375,4311087,10262137,4310710
کتاب 4 جلدی,4421343,3979038,351934,9787193,186960,415439,449113,2074381,190151,45112
کتاب 48 باک,7602060,4014257,15186788,12063614,5091908,4137141,10103649,7901711,5504255,7276053
کتاب 504 واژه ضروری اثر ماری,1622791,568403,109449,113181,109512,5171083,7845006,12672505,11792316,1333664
کتاب 6 انگشتی,11984915,4158682,6327884,828323,13696233,12553170,963026,8972866,3016694,2787116
کتاب SPECIAL ENGLISH FOR THE STUDENTS OF COMPUTER اثر Manoochehr Haghani نشر سمت,2443838,7451049,5087685,13131058,2452578,10985441,13203408,2438582,14843838,12155336
کتاب functions,8910628,7819879,14049507,1110715,76284,12939298,449375,4311087,10262137,4310710
کتاب hedway,7819879,14049507,1110715,76284,12939298,449375,4311087,10262137,4310710,2563598
کتاب j b کلوز,9538562,9048521,10423802,2421535,10985441,5180245,5701899,2428808,7079570,10265430
کتاب mort,14710115,7819879,14049507,1110715,76284,12939298,449375,4311087,10262137,4310710
کتاب آسان بخوان,14697174,44748,4261129,9281658,608188,1030285,962839,796611,11423934,6499111
کتاب آقا موش پستچی به تعطیلات میرود,6196186,333403,6860794,277570,7370328,2127877,6517675,6195552,2073422,41099
کتاب آموزش قلاب بافی,49349,87931,6315414,9742241,408760,2744459,4494747,324299,816670,49414
کتاب آنه شرلی جلد 6,3331918,233722,11883165,3011894,2596634,6123704,195015,1054461,3337174,4597703
کتاب احساس,7819879,14049507,1110715,76284,12939298,449375,4311087,10262137,4310710,2563598
کتاب ادبیات فرمول۲۰ ۱۱ تجربی,909042,10333608,9418623,13163447,2958837,4117537,7877923,3039298,5663144,2046421
کتاب ارایه های ادبیات,868935,5663144,8487318,10530718,11557366,7106135,7877923,37948,415439,2046421
کتاب ارمغان عشق,8487318,325520,1506889,246617,7877923,3915129,12490009,14788207,5301530,8936330
کتاب ازدواج غیر فارسی,4967179,246617,7729949,3011894,7602060,9538562,13258196,11548891,5874073,5085615
کتاب اسرار ذهن ثروت مند,12958773,414231,38249,39018,10262137,5193420,2941363,10341742,4197849,37261
کتاب اسفندیار فارسی ششم,4621275,4516759,7325334,3382701,881664,1973811,5276317,2190909,3741049,230499
کتاب اصطلاحات سینمایی,333644,3276555,2351945,3057033,48078,2351425,2986271,7819879,14049507,1110715
کتاب اقتصاد برای هنه,6427993,9271123,1903582,6701468,327148,7315359,4494747,7970728,54145,277570
کتاب انتخاب سخت علی صاحبی,37686,449375,3007039,4967179,8312806,2801547,2734184,4419347,9271123,414478
کتاب انها درنهایت میمیرند,9638669,234484,7819879,14049507,1110715,76284,12939298,449375,4311087,10262137
کتاب انگیلسی touchstone 1,2828738,4181612,37395,13258196,2110368,10683941,3885705,449375,3011894,113181
کتاب اگر حقیقت چنین باشد,7315359,5736949,7819879,14049507,1110715,76284,12939298,449375,4311087,10262137
کتاب ایلیا فصل ۱۸ ۱۹ ۲۰,15841698,3911995,4071241,2197659,3172569,10610120,4922631,816670,813564,3011894
کتاب بابا لنگدراز,2470801,7106135,3989214,13449849,9408316,10635486,2089139,7819879,14049507,1110715
کتاب بازی ها میراث,9860671,40971,4128822,6349644,7195094,4534159,1159678,15089276,213423,332914
کتاب باسیک گرامر,5262324,7819879,14049507,1110715,76284,12939298,449375,4311087,10262137,4310710
کتاب باکس سیف,1897704,229817,207068,82004,1823036,2075092,2075077,82032,4180871,82048
کتاب برای بچه ۹ساله,2098873,1740320,7655830,40971,142327,10463434,1496876,6061225,6061308,2604096
کتاب برای تقویت گفتار کودک,4310710,3098913,8523789,4311087,41099,7392121,10998475,38902,38820,5663144
کتاب برای سن ۱۰سال,893916,10836360,893483,48401,859807,12414641,48387,2395752,9228677,187723
کتاب بررسی وضعیت سلامت برای پرستاران,5608211,7819879,11398308,9739940,5664252,12717254,3548085,3551157,8307641,3791190
کتاب برونر گوارش سودارث,3545064,7461831,7819879,14049507,1110715,76284,12939298,449375,4311087,10262137
کتاب برگرد به تخت,17185045,1879360,41099,249941,1896597,1922110,448733,2563598,37261,333441
کتاب به دور از تعصب,11912336,7249192,8256175,2811495,11968382,7817052,3373841,9719761,41099,249941
کتاب به یادگار بماند,1907918,41099,249941,448733,2563598,37261,333441,38243,11912336,3373841
کتاب بی شعوری اثر,4197849,371256,449375,1054461,231773,327148,14049507,1110715,137047,37686
کتاب بی نهایت جلد ۳,11682344,1827322,2811235,9236627,10893935,4197849,9965172,195015,6422717,15867611
کتاب بیاندیشیدو ثروتمند شوید,69345,12958773,2399631,7170873,7819879,14049507,1110715,76284,12939298,449375
کتاب بیگ اینگلش ۱,729661,8506272,37395,13258196,2110368,10683941,3885705,449375,3011894,113181
کتاب تاریخ روان کاری,16233414,5170007,3657318,708556,7697738,8418553,2061569,217153,8326812,2166223
کتاب تام و جری,5210193,3098779,249941,9937384,571768,5758800,2680933,671036,7572495,8255777
کتاب تبزهوشان,7819879,14049507,1110715,76284,12939298,449375,4311087,10262137,4310710,2563598
کتاب تخت خوابت رامرتب کن,1822803,5933449,4798605,1813617,11185198,1104172,1122015,11090329,6923355,11461192
کتاب تست  تاریخ,9980588,5170007,3657318,708556,7697738,217153,8326812,2166223,2074381,109449
کتاب تست مهرو ماه,6701468,3523514,6814195,11305219,2701359,6916616,15841698,9980588,9990180,2958837
کتاب تسخیر شدگان,7819879,14049507,1110715,76284,12939298,449375,4311087,10262137,4310710,2563598
کتاب تعمیرات کولر,10635679,5210649,8545127,2787336,114628,5347419,8577079,273192,2081512,7425234
کتاب تنبک قاضی عسگر,11974298,1457546,5114683,7597200,4291477,1497390,14635509,7819879,14049507,1110715
کتاب توماج,11711510,7819879,14049507,1110715,76284,12939298,449375,4311087,10262137,4310710
کتاب تین 4,14010886,4310710,4311087,4421343,7948519,3979038,7973394,5663144,729513,7933605
کتاب جادوی چپکی2,3122595,7819879,14049507,1110715,76284,12939298,449375,4311087,10262137,4310710
کتاب جدول وسترمان برق,76689,4496519,7142852,6575098,8884238,3471819,7591088,2160141,614287,2351415
کتاب جمبندی شیمی کنکور,2492104,1963552,1054461,4323821,6377786,6771083,6196537,6011939,5124831,2609471
کتاب حیدر بابا یا سلام,337137,2470801,7900737,7106135,606960,11398308,3184604,7058313,3989214,14181340
کتاب خانه کودکانه دخترانه طرح خرگوش,14141928,10322404,12437914,13229539,11729919,6185331,6346380,14697174,4301652,5063472
کتاب خدا و ضرب امثل ها,7810186,236664,2561858,1555394,7195094,889267,12305688,332914,4534159,1159678
کتاب خوداموز,44748,3030255,4468095,3320896,87931,7819879,14049507,1110715,76284,12939298
کتاب خونه طرح درخت,9891650,3853256,1091098,1420638,2171400,969443,17085140,4288937,10634862,4289403
کتاب داستان آشقونه,351934,6810419,54145,415439,8487318,15841698,13192400,7547365,4128822,3901307
کتاب داستان بزرگ حودک,17035271,351934,6810419,54145,415439,8487318,15841698,13192400,7547365,213423
کتاب داستان بزرگسال هیجان انگیز,54145,415439,351934,6810419,3702757,414487,10119441,8487318,15841698,13192400
کتاب داستان تولد باب اسفنجی,9588832,3901307,5300288,7091950,5345214,995626,5928924,9563541,4574855,10280312
کتاب داستان سوپرماریو,351934,6810419,54145,415439,8487318,15841698,13192400,7547365,4128822,3901307
کتاب دانستنی های کهکشان,10119441,7955821,5143956,8826576,14826829,2240142,3013942,3937555,6875862,351934
کتاب دختری که پادشاه سوعد را نجات داد,16879368,14128506,2811495,231773,236664,15867611,9965172,37471,420953,4798605
کتاب در دسته نوحوانان,7136299,14049507,3612578,11920970,5478456,11953252,11000988,4798605,49393,416155
کتاب درآمدی جدید بر فلسفه اخلاق,245021,2061569,5193420,12056902,10341742,393078,5703369,868935,76284,285041
کتاب درمارد,7819879,14049507,1110715,76284,12939298,449375,4311087,10262137,4310710,2563598
کتاب دف سیامک عزیز زاده,4675731,354722,9793716,820870,11966808,7249192,3320896,4584106,8935597,109512
کتاب رهبر عزیز,354722,4675731,2369582,7819879,14049507,1110715,76284,12939298,449375,4311087
کتاب روانشناس تارک,7819879,14049507,1110715,76284,12939298,449375,4311087,10262137,4310710,2563598
کتاب ریاضی نهن قلمچی,96819,909042,2945800,3373841,13706781,1973811,12341846,4122325,820863,3741049
کتاب ریاضی پایه نهم کاهه,2281558,6232365,4296039,96819,820863,109512,2513699,2701359,909042,2945800
کتاب زبان Headway Academic skills,3952386,42991,6575460,4311097,6994897,2821156,4036533,1145538,5171083,448733
کتاب زبان Oxford world skills,42991,4311097,2801580,3952386,7729949,10644422,6994897,7933605,7738177,2821156
کتاب زبان let's go,4096787,6994897,2821156,42991,4036533,6575460,1145538,5171083,448733,4310710
کتاب زبان انگلیسی با بازی و سرگرمی,6771083,245396,2275561,80316,10998475,241558,7080495,16689421,37395,3320896
کتاب زبان تخصصی رشته مهندسی کامپیوتر,5124831,816670,4494747,2085875,230499,1006371,6994897,3276555,909042,2945800
کتاب زنگ ها برای چه کسی به صدا در می آیند,6196186,6195938,1668696,13868081,13191544,3820358,7674446,185902,1827322,6863297
کتاب زیبا نویسی کلاس سوم,54145,6820002,4494747,954175,3686492,14697174,5260079,11558074,3178498,15836024
کتاب زیست کمپبل 3,4301652,7048065,9445237,6377786,8489421,2811235,7955748,4181612,2100249,10893935
کتاب شاه اسماعیل اول,3801347,1054461,8935597,8933878,7142852,9980588,14195212,12305688,241558,15867611
کتاب شروع مدرسه راهنمایی,345577,7972016,954175,325143,13504571,10465145,7480008,6185331,2050507,11435290
کتاب شهر های کاغذی,351934,350400,2046421,3039298,326100,325143,13323415,3930337,594185,1896062
کتاب صحیفه سجادیه کامل,418356,217153,6810419,3768106,3276555,13002646,7181487,1158687,8187878,13976605
کتاب صد سالتنهایی,2426859,7142852,12369745,11736992,7535192,7819879,14049507,1110715,76284,12939298
کتاب طراحی لباس فنی,8043959,8725423,11966808,3531687,12324455,3469180,3624415,374678,1928758,3609559
کتاب عکس گل,4615249,109449,113181,10254311,109512,3887956,866146,7165982,6129574,453777
کتاب فرزند والد انسان,2074913,8054800,5389706,5883427,15786472,9445237,5597339,7819879,14049507,1110715
کتاب فرمول بیست یازدهم تجربی,14319702,16689421,9445237,6377786,351934,909042,10333608,354564,820870,9418623
کتاب فرمول ۲۰ فارسی یازدهم,14319702,354564,820870,771888,820863,2492104,16689421,9980588,9445237,230499
کتاب قانون سه ثانیه,7016817,4014257,11261279,15186788,4318526,6806447,13947085,39892,247660,248276
کتاب قرآن لیزری,8379776,1949737,230499,7666578,195015,13804785,11866878,4288935,15147803,190151
کتاب لوکیشن,7819879,14049507,1110715,76284,12939298,449375,4311087,10262137,4310710,2563598
کتاب لگن من,2998855,185902,10526917,3007039,4310710,4049523,3790050,7877923,4311087,10998475
کتاب ماجراهای من و درسام شیمی ۱۱ تجربی,4117537,4206221,4122325,2190909,4117274,4122281,9445237,1054461,909042,3068626
کتاب مادر کافی اثر جو فراست,16005899,38932,38873,4824790,7325334,6404806,6247336,17035271,7376856,7632776
کتاب مجموعه خوردم کن ورانم کن,2966648,839031,8075123,2672678,1838339,1822803,3619788,7888690,1104172,11859478
کتاب محاصره شده توسط احنق ها,11857150,3702757,1924146,12305688,15825827,11557366,12324455,11435290,10740002,10530718
کتاب مراقبت از بدنم من را قوی تر می کند,17677055,13344446,185902,236664,37471,1453439,4798605,1828208,2998855,3820358
کتاب مسخره بازی ها,1765567,40971,4128822,6349644,7195094,4534159,1159678,15089276,213423,332914
کتاب مغز شگفت انگیز تو,414487,3702757,10119441,3080879,327148,8136916,37471,10893935,8476782,3068626
کتاب مفاهیم سیستم عامل,2734184,245678,6413827,58469,5124831,13836558,7134009,1120095,3980308,2936817
کتاب مفاهیم کره,2734184,245678,6413827,58469,11214778,7062154,6567845,3150946,7197181,4526837
کتاب من عاشق امید شدم جلد دو,14195212,236664,3007039,7877923,4206221,2190909,4117274,6744212,4122281,2998855
کتاب من قبل از تو,8476782,73006,6140203,327148,414487,7325334,37471,2998855,11423257,185902
کتاب من لیاقتم خاحافظی,17161677,2998855,185902,3007039,4310710,4049523,3790050,7877923,4311087,10998475
کتاب من و ساز و کار های دفاعی,10998475,279467,73006,2998855,4310710,9281658,185902,8935597,7877923,4311087
کتاب مناسب سومیا,6976717,7819879,14049507,1110715,76284,12939298,449375,4311087,11137693,10262137
کتاب مواعظ آیت‌الله حق شناس,7845006,6496163,1119662,4515173,5740120,10465145,248276,5440381,3184604,3582917
کتاب موسیقی سه تار,248276,9603361,3988597,2068058,4420525,43733,836586,2734184,2695789,2400759
کتاب نان و نمک,37471,245678,7934152,8000565,8093857,64316,5196771,10905810,730045,3663132
کتاب نیل سایمون,327247,5503358,11734492,10214171,7819879,14049507,1110715,76284,12939298,449375
کتاب های active 1,37395,7156850,7655830,82697,14337860,7603988,11377769,6420791,12402554,6427993
کتاب های حافظه,7392121,11765611,351934,3019317,3243048,13947085,3057987,279467,249809,1740320
کتاب های دهم رشته تجربی,4544134,909042,13163447,4117537,6377786,6196537,4113547,8895878,2945800,10333608
کتاب های کانکت,351934,3019317,3243048,13947085,3057987,279467,249809,1740320,7655830,332914
کتاب های کلاس اول دبستان,8935597,241558,1054461,8933878,9793716,6820002,764128,3801347,1973811,14195212
کتاب هنر گوش دادن,12449448,4675731,8256175,8136916,2941363,10563340,5063472,249809,13531438,7970728
کتاب هوش امین,8523789,408760,62441,10465145,4679632,7955821,2761500,3382701,881664,2461046
کتاب پاکوپنیا,1429669,7819879,14049507,1110715,76284,12939298,449375,4311087,10262137,4310710
کتاب پرتقال جادو های همیشگی,10042496,7532161,3019317,4005690,2998855,5181784,3255019,2110368,10674241,2596634
کتاب پسری که رهایش کردی,2811495,8326812,5736949,6195938,14128506,12324455,5418052,6140203,7886495,9396692
کتاب پیش دبستانی بهارک,109512,8476782,4323821,820870,12120662,820863,4358875,6196537,12063702,7285915
کتاب چه کسی بود,13191544,13868081,3820358,17161677,10708778,6863297,10665659,8437015,10828869,6630181
کتاب چهار حیطه‌ی ادراکی ابتدایی,1951010,6643247,3773186,186960,4049523,1928758,253294,38820,240675,56594
کتاب چهارراه پولسازی,7819879,14049507,1110715,76284,12939298,449375,4311087,10262137,4310710,2563598
کتاب چگونه مثل یک بیلیونر فکر کنیم,188914,13868081,10740002,41099,74899,5548047,249941,414478,2973194,167410
کتاب کار فارسی پنجم خیلی سبز,9497229,1973811,4117274,8895878,4122325,13706781,4117537,2492104,16689421,9980588
کتاب کتابخانه نیمه ب,7415834,7438049,8084947,12096837,7400579,6744212,806089,806023,806140,11491863
کتاب کلی از جز,9228535,1585527,9665402,7955821,12305688,76284,7867932,449375,7819879,12939298
کتاب گرافیک یک قرن پوستر و طراحی تبلیغاتی,5063472,9093199,2438582,1792089,90099,3057033,155877,8445425,341677,6853124
کتاب گرامر family2,5262324,7819879,14049507,1110715,76284,12939298,449375,4311087,10262137,4310710
کتاب گربه ایی که کتای هارا نجات داد,8326812,5736949,6195938,14128506,2811495,12324455,493201,554649,6140203,3057987
کتاب گردا,7819879,14049507,1110715,76284,12939298,449375,4311087,10262137,4310710,2563598
کتاب ۹۰۰ موقعیت,11216802,4009351,6102391,11607769,482498,3706469,11348511,7550613,13357606,2872550
کتاب17اصل کارتیمی,100000,100000,100000,100000,100000,100000,100000,100000,100000,100000
کتابخانه مدل k800,4814436,11491863,477045,2796906,1581502,8279206,7415834,11525184,7438049,12096837
کتابخانه و میز لپتاپ,8279206,11525184,11491863,477045,2796906,4814436,1581502,4137461,7415834,1709945
کتابخانه کیمه شب,7415834,7438049,12096837,7400579,8084947,11491863,477045,2796906,4814436,1581502
کتابی سولفید سدیوم,7237753,12640343,2813183,587934,7389929,2675756,100000,100000,100000,100000
کتانی مردانی ادیداس,574207,1012345,2738494,1085374,2933915,1494216,7697997,5415357,500666,8214116
کتبل تبدیل Usb-c,1780247,14365697,12722869,9174362,8684709,597980,1054094,10720087,14794205,4506710
کترب و قوری,3321292,8496329,1659259,4878943,15627975,3541573,4573977,8028610,9252152,1519801
کتری ب قی وستینگ هوس,6991372,936338,1066894,1659259,3541573,3935371,15627975,3321292,1619296,806089
کتری برقی دسینی مدل kd990,4139549,1719624,1619296,468478,832268,3376857,559657,10315842,1741020,1626562
کتری برقیاسمگ,936338,1066894,1659259,3541573,15627975,3321292,1619296,3444958,1719624,8496329
کتری قوری دیلماز,1659259,3321292,3541573,15627975,8496329,4878943,4573977,9252152,8164385,936338
کتل بل وزن 8 کیلو گرم,3209497,6831161,9649021,7079570,17420991,7079926,204452,5813688,7455621,2993466
کتونی,100000,100000,100000,100000,100000,100000,100000,100000,100000,100000
کتونی ادیداس ۴ جفت ۱ میلیون,2738494,1085374,2933915,1494216,7697997,5415357,692430,500666,8214116,7512551
کتونی اسپرت بچگانه دخترانه,9456046,7533584,13369159,11997584,5592158,7431446,9371896,3859880,5799080,10133022
کتونی زنانن,100000,100000,100000,100000,100000,100000,100000,100000,100000,100000
کتونی مدرسه ای پسرانه برای فوتبال,8892235,1431294,2009530,8371040,7480008,695191,6549059,2682750,12961647,2050507
کتونی مچگانه,100000,100000,100000,100000,100000,100000,100000,100000,100000,100000
کتونیhummtoo,100000,100000,100000,100000,100000,100000,100000,100000,100000,100000
کتیل شارژ گوشی قدیمی,2373857,4917214,11323321,5665975,9377230,537112,5885141,10374499,2432359,5752183
کحج بیل,9080792,1121885,9192745,391659,7313352,15055116,10546897,8043959,4013845,522714
کدو گرانوله گیاهان زینتی,7125606,5221431,11285798,7623616,17381762,3337746,9200427,5727653,11602582,17348642
کراوات مدل گروه اسلیترین,7820226,7338292,14425829,7635706,8902718,7466432,5796695,435461,1806576,2977176
کراوات مردانه ال سی وایکیکی,7466432,1364878,8957674,12097231,9954981,14145172,8159256,7798882,412370,802011
کربن اکتی,5144650,5060099,8607412,9093644,772477,395678,10867257,9308907,393815,7423741
کرسی برقی کوچک,17856877,6435888,13524935,940963,9525697,2215376,11476645,156181,14010886,3185092
کرم   شیر  خر,6162132,8656536,13327900,14385136,6330534,8188008,724480,6350773,3072164,1797555
کرم  کانسیلر پیریم,1871686,254113,4284200,12788457,998156,5929763,5363992,8595642,581672,1004171
کرم آبرسان ام‌کیو برای پوست چرب,1024106,8671752,5268387,715340,12431846,6959175,12230709,4054354,715347,15610484
کرم آبرسان کوچک کیوت عروسکی,11510141,12586759,4428092,11296848,6752724,12196553,6909316,6955660,13218671,5398412
کرم آمیلا,9039068,82004,8174589,2030253,8317281,8835397,1645222,7422589,6269908,12586759
کرم ابرسان اليوكس,3943392,12586759,4428092,11296848,6752724,12196553,6909316,6955660,13218671,5398412
کرم امونیوم لاکتات کدلین,11103167,82004,8174589,2030253,8317281,8835397,1645222,7422589,6269908,12586759
کرم اوره ۲۰ درصد درمنجلین,754380,11109155,7770517,6775093,9878812,4180871,1924622,1989272,2767413,82048
کرم اگزما صورت کودک,161524,9928503,8835397,99127,9701935,1518115,81267,6032313,9301361,3953926
کرم بدن سینره,657934,646368,79613,1645222,784555,1644680,78069,77859,81887,9053678
کرم بلک بری,2150214,285803,7745780,186067,11259806,13415761,12818603,1120095,14217323,8659141
کرم ترک جای بخیه,674036,170535,1557811,749161,263299,1528874,8033239,5595567,13323415,3578425
کرم جی ویتامینه,631052,9622439,2893970,2394989,11506025,8826326,8824586,26246,11968525,990229
کرم حجم دهنده اگوستا,2490223,1662445,670162,78001,11441964,668165,866704,6002837,295751,3026760
کرم دست وپا,479923,81267,9301361,838986,1557811,980521,714799,8739306,3008567,1518115
کرم دستآریانا گرانده,3804921,11659455,82004,8174589,2030253,8317281,8835397,1645222,7422589,6269908
کرم دور چشم سم ماد,5236892,9858904,11968382,7986007,6970514,4884175,8121106,1924622,2885887,82048
کرم دور چشم نتروژن,5236892,7986007,6970514,4884175,9858904,8121106,1924622,2885887,82048,6071872
کرم دور چشم Hydro Boost,4884175,5398412,5236892,7986007,6970514,9858904,8121106,1924622,2885887,82048
کرم دور چشمای رسان,5236892,7986007,6970514,4884175,9858904,8121106,1924622,2885887,82048,6071872
کرم دورچشم ضدچروک درمالیفت,1518091,733765,1538761,1518115,4241121,1640291,6566208,6165845,4241462,1558485
کرم دووب,82004,8174589,2030253,8317281,8835397,1645222,7422589,6269908,12586759,395674
کرم دیازنون,82004,8174589,2030253,8317281,8835397,1645222,7422589,6269908,12586759,395674
کرم روشن کننده لافترر,5520986,12083895,82004,13327900,11402948,7898863,14385136,6959175,10310519,82034
کرم روشن کننده نواحی حساس اولاین,11402948,5520986,12083895,82004,13327900,7898863,14385136,6959175,10310519,82034
کرم زیر چشم 3d,7817052,5520986,5236892,7986007,6970514,4884175,9858904,8121106,1924622,2885887
کرم ساویز اصل,195380,1989272,448718,82004,8174589,2030253,8317281,8835397,1645222,7422589
کرم سفید کنند فوری,4214565,5520986,17450264,996290,3209070,5595547,464005,836232,8449800,3277497
کرم سفیدکننده گار,1628655,1628652,4509716,82004,8174589,2030253,8317281,8835397,1645222,7422589
کرم سوودار,82004,8174589,2030253,8317281,8835397,1645222,7422589,6269908,12586759,395674
کرم شب چشم,5236892,7986007,6970514,4884175,9858904,8121106,1924622,2885887,631052,82048
کرم صد افتاب مای spf50 رنگی فاقد چربی,81202,14738433,733765,183277,10617203,5427767,12431846,1640291,12642841,15895722
کرم ضد آفتاب آردین,8317281,3855570,11777691,2315554,2783090,3149841,1036482,81202,8488225,12431846
کرم ضد آفتاب آقایان SPF50 آردن Ardene,964248,81202,12431846,10617203,183277,733765,7494536,4953123,9171060,5753864
کرم ضد آفتاب الارو برای پوست خشک,183282,183277,14029625,14738433,12642841,2077226,8488225,12431846,5249231,15610484
کرم ضد آفتاب دور چشم و صورت فیزیکال رنگ بژ طبیعی پیکسل,82048,12642841,8121106,1663059,6427985,7884797,733765,6476805,12628511,12431846
کرم ضد آفتاب ناخن و دست,8317281,2783090,3855570,11777691,2315554,3149841,1036482,81202,8488225,12431846
کرم ضد افتاب دکتر ژیلا ۶۳,8910228,11777691,1557811,8317281,3855570,2315554,2783090,3149841,1036482,81202
کرم ضد افتاب سیسپرسینا,8317281,3855570,11777691,2315554,2783090,3149841,1036482,81202,8488225,12431846
کرم ضد افتاب لافارر خشک,14029625,714922,715340,14738433,12642841,715347,715346,715154,8317281,2077226
کرم ضد سوختگیکودک,85086,8317281,8835397,7422589,11082522,2783090,3855570,8023443,11777691,1138304
کرم ضد وز موهای فر گلرنیر,646719,770774,862983,785535,9077569,5123200,14032131,8615306,82086,2387043
کرم ضد چروک دست فیس دوکس سری Liftasome مدل Happybelle PE حجم ۵۰ میلی لیتر,2069100,2075291,1138304,3424950,735954,8835397,735953,2077226,2071653,6915883
کرم ضد چروک هیدرودرما,85086,8835397,1138304,8023443,983009,975208,2030253,7494536,1518482,2783090
کرم ضدآفتاب فیس دوس,735953,735954,12988358,82004,2071653,3424950,2075291,1645222,6269908,8928495
کرم ضدآفتاب نوریژن,82004,1645222,6269908,8928495,1064939,2075077,8671752,733765,4180871,715340
کرم ضدطریق,82004,8174589,2030253,8317281,8835397,1645222,7422589,6269908,12586759,395674
کرم عروسکی پارچه ای,2091251,9750813,12656609,3176973,5879916,10684824,13580647,1881792,4883013,11062189
کرم فول,7417451,13353223,11593415,1794383,14179687,14435236,12697040,13359951,8824918,8280670
کرم لایه بردار شتر مرغ,10461490,1024106,11109155,6330534,464005,2172305,879610,13213147,9445298,11109291
کرم مای مدل جوجوبا,81267,81202,14738433,2279004,88205,90288,1489341,82169,2136850,3463731
کرم مرطوب  کلوین,395674,12869215,11914277,2411046,7356282,99127,3860309,4192569,2408149,195380
کرم مرطوب درماگور,6805495,395674,12869215,11914277,2411046,7356282,99127,3860309,4192569,2408149
کرم مرطوب کننده hydra plus,784555,2075291,2411046,82134,3860347,520362,441789,395674,12869215,11103167
کرم مرطوب کننده آووکادو JANSU,8739306,395674,12869215,11914277,2411046,7356282,99127,3860309,4192569,2408149
کرم مرطوب کننده ارگان لیمپیا,6852256,6909316,9301361,395674,12869215,11914277,2411046,7356282,99127,3860309
کرم مرطوب کننده دست لی‌لی رز,4206368,14869064,10554732,8501934,980521,10912135,714799,8739306,838986,2871672
کرم مرطوب کننده شونCoconut,395674,12869215,11914277,2411046,7356282,99127,3860309,4192569,2408149,195380
کرم مرطوب کننده کامان آبرسانی,2411046,520362,8299149,8739306,4428092,721359,395674,12869215,11914277,7356282
کرم مرطوب کننه آتوپیا,9394636,964248,395674,12869215,11914277,2411046,7356282,99127,3860309,4192569
کرم مو بر آقایان,672611,756145,1644680,8018435,3008567,670162,8840332,5298458,8506272,2490223
کرم مو بر بدن بچه گانه با کیفیت 😩,672611,173977,4173214,839813,1020800,2520167,705153,704994,4883013,1496004
کرم مو حالت دهنده,2490223,670162,4542230,6002837,10082671,7916430,125987,2945525,16669316,7100817
کرم مو پنتن ضد موخوره,8690160,85086,8317281,8835397,7422589,11082522,2783090,3855570,8023443,11777691
کرم موبر ساروینا,15981304,3976530,117889,486664,4473720,6052080,672611,75932,2364781,8529234
کرم نرم کننده ومرطوب کننده ناتروژینا,9895237,6734083,441789,6915883,578765,117987,13327900,754380,16755280,2279004
کرم نرم کنندهbms,9895237,6915883,6734083,117987,754380,578765,16755280,2279004,441789,1662445
کرم هیدرودرم لوسین بدن,82034,148182,2030253,3711588,82134,8457021,11670463,657934,82111,2537381
کرم و ژل زد جوش,12101402,7419570,6522340,9093644,11241363,5519607,6841198,5333465,85086,11563408
کرم پریم سفید ککنده,5520986,464005,3277497,750182,748629,482498,495136,4202210,890570,761749
کرم پن استیک,1007575,4509716,4292371,1790557,9901089,10375343,2249102,3191239,4368206,12570796
کرم پودر BB SPF15,6368019,13012187,7902729,7273306,6476805,10653856,9063764,12718515,7244338,1989272
کرم پودر آرشیدا,9063764,12718515,6368019,7244338,1989272,11115659,1108894,7162291,12988358,115001
کرم پودر گابرینی ۱۰۳,1108894,9063764,12718515,6368019,7244338,1989272,11115659,7162291,12988358,115001
کرم پودر ۱۲,9063764,12718515,6368019,7244338,1989272,11115659,1108894,7162291,12988358,115001
کرم پیگمازوم ویتامین سی,7657613,4874779,15981304,117987,1036482,8192044,6734083,117889,16755280,632362
کرم ژل زد چروک درما سفت,983009,1138304,1518482,8835397,1518115,8023443,85086,2030253,975208,7494536
کرم کاسه ای مای آلوئه ورا,2279004,9842497,2893970,2568723,4874779,6052080,4452530,9053678,9133186,3691970
کرمBM,100000,100000,100000,100000,100000,100000,100000,100000,100000,100000
کرم‌بیسکویت,3150946,864936,2895961,2358947,2290097,10527270,7178449,6834237,8516675,12801663
کرنو,14461157,100000,100000,100000,100000,100000,100000,100000,100000,100000
کره بدن مدل میوه های استوایی,12089424,9095355,9053258,11214778,6567845,7197181,3150946,7836415,7723814,336184
کره حیوانی ۵۰گرم آذربایجان,5193203,5193197,2872550,6981524,8650903,11214778,6567845,3150946,7197181,4526837
کره خوری بامبو,6967850,5121637,10479698,11214778,12647595,6567845,3150946,1930011,7197181,4526837
کره زمین چرخان بدون باطری,336184,2682769,2175053,11214778,4532245,12618675,6567845,2819210,3150946,6427221
کره صبحانه,464674,7256141,3892777,4302340,11214778,6567845,3150946,7197181,4526837,7723814
کروات سرمه ای,448364,8725218,499812,2090334,9703644,6217648,17164222,16310340,994573,8655999
کرواش نیمه صنعتی,4104881,9089232,7518451,6936264,5725385,11644793,8328373,8891940,6493318,6433028
کروم طلایی,3341594,9618083,3872759,4578180,13025766,5920856,4647335,4547675,5111920,6248763
کروکودایل پترن لدر بگ,4604120,5160907,8237708,11404306,11883294,8922297,1439867,5018045,15963251,6238884
کریستال اصل تاج سازی,13247873,5338291,10460461,649278,448718,9715350,9130259,4844701,12530933,8392552
کریستال اُسکار دالیه,9130259,12530933,8392552,9798693,11358968,502892,8448364,6419280,10538870,2581733
کریستال گُلد,9130259,12530933,8392552,9798693,11358968,502892,8448364,6419280,10538870,2581733
کریم نرم کننده مردانه,101478,303880,2522912,79769,1031021,869810,96819,1808258,2947438,4288935
کزم صد افتاب la farrer,12989790,12369745,306005,150168,12878476,785154,2426859,10769991,12494021,11736992
کسی ب من نگفته بود,13191544,11676603,17161677,10708778,6744212,3935371,806089,806023,806140,774859
کش بافت ست دخترانه,13301980,6821872,12844753,6913983,6457930,9812075,9800468,5025436,13086217,7038590
کش مو  پولیشی,7038590,3540635,3888724,6821872,3462515,5283135,6913983,6457930,9607570,1057571
کش مو دولایه,3540635,3888724,6821872,3462515,5283135,6913983,6457930,9607570,1057571,14577768
کش مو زنانه طرح میکی ماوس,13086217,9607570,14757059,9717360,14756992,3540635,3888724,11163179,6821872,5283135
کش مو مجلسی دخترونه,3540635,3888724,6821872,3462515,5283135,6913983,6457930,9607570,1057571,14757059
کش مو پاپیون بلند,14067218,14866307,6556651,3540635,3888724,4858470,6821872,3462515,5283135,6913983
کش موکشی,1680521,10438847,8983241,9937885,8527470,8822985,8871440,513668,7435487,567826
کش موی اکسستوری,554054,1531750,1680521,10438847,8983241,9937885,8527470,8822985,8871440,513668
کش موی سر بچگانه,7118751,1065929,5891015,7881671,8062621,6868438,9947129,9547970,554054,14350372
کش ورزشی مینیسو,12790004,2742336,9071288,414587,10493947,1680521,10438847,8983241,9937885,8527470
کشتی تخت,1139534,107982,6755271,10589713,4671970,9686682,6493748,4232698,11185198,1122015
کشمو دوخترانه,100000,100000,100000,100000,100000,100000,100000,100000,100000,100000
کشموی طرح ملودی,13661348,15982703,455580,12497141,537291,14756992,13938626,17113088,552599,15405411
کشو چرخ,6413628,645600,9764007,3825594,3371358,3417603,11127840,1075108,8714551,9719731
کشویی گیربکس پارس,3322371,11562239,6413628,1629443,3978367,10350155,10313541,5986796,515038,7361680
کف دریا پرندگان,6393459,2689836,5318821,8356435,5819230,6484768,3756848,12535621,3465186,5385015
کف قالبی ماشبن سه بعدی,448364,5879916,7085174,11443530,2821694,7185932,11917069,7293190,976059,6978184
کف پایی طرح دار,12826151,5779102,10498856,4887454,9517695,14794542,1084065,15119159,12884433,6510095
کف پوش صندوق عقب صبا,6897993,4528466,9735534,4238936,143924,7926817,6997676,8860964,7096761,5241933
کف کش ایکار مدل Ic10-16-0.75,567826,13225463,2453547,3927967,2159126,378563,1084065,6119848,4723073,12884433
کفش  اسپرت لژدار دخترانه,8424976,14757100,15307573,14415657,10934087,9889750,1301248,6760868,9800468,9905428
کفش  دکتر شول مردانه بنددار,379576,7417451,10103649,1290089,961925,13203132,2552632,13096606,274675,367085
کفش  ورزشی اسفالتی,5580167,887306,8986211,2845984,1532542,560818,961925,2552632,13096606,983854
کفش CR7فوتسالی,12054697,14757100,9655956,7720365,1513242,1290089,8315250,961925,1813686,4473969
کفش Ribok زنانه,4473969,8424976,7920702,11461192,7720365,802407,7273764,796954,540219,5953961
کفش aaslcs,12054697,14757100,9655956,7720365,1513242,1290089,8315250,961925,1813686,4473969
کفش اسپرت مردانه شگفت انگیز,3702757,414487,10119441,3080879,9905428,8424976,1290089,961925,13203132,2552632
کفش اسپرت مردانه کفی شیشه ای,904244,222399,3245722,12643128,9905428,1513242,12047718,8073670,8017337,10887699
کفش اسپرت پسرانه 35,1953988,12054697,13730026,8424976,2009530,1431294,1378151,9905428,2984540,17035873
کفش اسپورت زنانه مجلسی,802407,11357804,16721016,12401047,6720261,6938605,13148169,4360062,13942522,4473969
کفش ای سیکس اصلی,13612974,1329243,222399,9180929,3080538,2487461,9278759,5189,904244,1093661
کفش برای بایی فوتبالی,8338751,5857844,17751721,17177349,14612250,10569668,17294257,10055139,4321877,12054697
کفش بزرک,12054697,14757100,9655956,7720365,1513242,1290089,8315250,961925,1813686,4473969
کفش دخترانه اسپرت جدید در رنگ سفید کرم,8695990,8275532,6512192,10799443,12458381,14757100,6901968,8723324,15307573,14415657
کفش دخترانه شیک لاکچری س خط,9830825,14757100,15307573,14415657,10934087,9889750,6760868,9800468,14197726,8895848
کفش دخترانه مدل آل استار سایز 36,8142726,222399,14757100,15307573,14415657,10934087,9889750,12851490,9800468,6760868
کفش درجه1,12054697,14757100,9655956,7720365,1513242,1290089,8315250,961925,1813686,4473969
کفش راحتی تراویس,1290089,7920702,5580167,796954,1329243,1309479,8275532,1653093,379576,6760868
کفش روز مره ایرانی,4473969,6107940,4188595,1714950,5424398,15284231,10462829,10974940,215632,12398907
کفش روزمره مردانه مسعود تبریز,9655956,12558561,13203132,6733245,2124125,3045701,689260,10329833,14014431,3245722
کفش روزمره مردانه چرم,6733245,3045701,14014431,689260,6720261,2124125,13203132,3588460,3245722,6643004
کفش زنان  باشه,8326812,12054697,14757100,9655956,7720365,1513242,1290089,8315250,961925,1813686
کفش زنانه VALENTINO,4473969,8424976,7920702,11461192,7720365,802407,7273764,2330465,796954,540219
کفش زنانه شیک طبی پاشنه دار,1636760,3971051,5109328,802407,16721016,540219,5953961,11357804,12124841,8071665
کفش زنانه کالج پاشنه دار,11461192,8128699,5109328,4284375,12047718,802407,16721016,540219,5953961,11357804
کفش ساقه بلند سفید,9682747,7920702,10498856,9439931,6512192,8695990,13503755,7180419,12458381,878577
کفش ساکانی پسرانه,12054697,1953988,2009530,1431294,1378151,2984540,1409298,8275532,7809867,3225586
کفش سایز 39 دخترانه,4321877,14757100,15307573,14415657,10934087,9889750,6760868,9800468,10635896,8695990
کفش سایز۱۸,12054697,14757100,9655956,7720365,1513242,1290089,8315250,961925,1813686,4473969
کفش شیما دبلیو,455437,12054697,7527195,7193952,8315250,346512,9209819,4878943,186930,8577856
کفش صندل لژ دا,1346484,346512,11098794,15066799,282730,10069504,11615656,15319503,549513,539632
کفش صندل لژ دار تابستانی,1346484,11098794,5549883,9085030,346512,11358108,11161719,11410106,3080538,8313758
کفش طبیعت گردی زرد,13454493,13164840,15066799,12021769,9940906,183120,624673,16051918,183101,814435
کفش فوتبال خارجی,5134415,1494216,8018110,8362363,8313758,2009530,1431294,17154107,12961647,8017337
کفش فوتسال  FsF3000,961925,2552632,13096606,6565942,1068260,1532542,1431294,633069,1513242,2250588
کفش فوتسال مردانا,961925,2552632,13096606,6565942,1068260,1532542,1431294,633069,1513242,2250588
کفش مردانه هالیدی,2845984,1290089,961925,13203132,2552632,13096606,274675,367085,689260,13286051
کفش مشهد,6643004,12124841,11271981,11112937,347050,13085716,4529890,1946671,999220,12054697
کفش ورزشی برای سالن,5580167,887306,8986211,2845984,1532542,560818,961925,2552632,13096606,983854
کفش پاپیون دار پاشندار دخترانه,9085030,17977823,14757100,14067218,15307573,14415657,10934087,12961647,9889750,6760868
کفش پر کن,2924982,7964485,13370560,9792746,3514157,1063099,17314096,3045099,7293190,9993005
کفش پسرانه salomon,12054697,1953988,2009530,1431294,1378151,2984540,1409298,8275532,7809867,3225586
کفش پکینو,12054697,14757100,9655956,7720365,1513242,1290089,8315250,961925,1813686,4473969
کفش پیاده روی X1,13286051,7273764,11544782,1953988,2805377,9889750,17856528,8002859,7193952,3673743
کفش پیاده روی مدل Perfect,13601236,13286051,7273764,11544782,1953988,2805377,9889750,17856528,8002859,7193952
کفش چرم یلسان مدل دلسا,9347864,4543596,6733245,3588460,6643004,12124841,11271981,5441739,3045701,11112937
کفش چسبدار زنانه,4473969,8424976,7920702,11461192,7720365,802407,7273764,796954,540219,5953961
کفش کالج سون کالکشن,8128699,4284375,12047718,11461192,9024702,7901470,5812546,7944206,2595835,1066505
کفش کتانی   مردانه سفید,1532542,574207,1012345,1378151,6512192,1290089,961925,13203132,2552632,13096606
کفش کتانی nwubalans,574207,1532542,1012345,1378151,12054697,14757100,9655956,7720365,1513242,1290089
کفش کوه نورذی,395762,396033,681270,12054697,14757100,9655956,7720365,1513242,1290089,8315250
کفش کوهنوردی دخترونه,367085,178772,10205466,2240911,183236,6175470,855511,1129343,6175504,7015905
کفش.ساق بلاند,7920702,574207,192498,7761127,878577,1129343,13350621,11717943,10347632,2933915
کفشبند سفکن,100000,100000,100000,100000,100000,100000,100000,100000,100000,100000
کفش‌فوتسالجورابی,12054697,14757100,9655956,7720365,1513242,1290089,8315250,961925,1813686,4473969
کفوش ۲۰۶,3499111,162579,7021668,7128270,5622922,4397081,13968566,3984726,14065867,4836859
کفپوش برچسبی,12518784,10261729,916408,4968049,5558402,433182,168157,165896,6362797,12453314
کفپوش سه بعدی بابل واسه L90,5193462,214932,181330,224849,6762673,214930,10183508,10261729,9781333,7652491
کفپوش صندوق  جک J4,12518784,12441836,12462831,7515632,12164324,6997676,10183508,9319210,9105099,10261729
کفپوش فابریک ام وی ام ۳۱۵,5102788,7332407,826701,438429,4405075,8893396,5559951,13692905,305573,3896892
کفپوش موکتی خودرو بابل کارپت 206,143990,8456969,8054580,143608,4089012,12499009,214932,181330,224849,6762673
کفپوش ۲۰۶ بابل,143990,8456969,8054580,165896,12499009,4089012,214932,181330,224849,6762673
کفگیر برنج هخامنشی,11947253,9426987,3528392,4409876,11681405,5258933,13796222,1652570,3046539,2531210
کفگیر روغن گیر  استیل,3243004,5258933,11947253,9426987,1953615,777214,3528392,4409876,1568281,11681405
کفگیر مدل ذ 127 چوبی,11947253,3046539,9426987,3528392,4409876,11681405,5258933,2642961,4630196,706269
کفگیر ملاقه سیلیکونی یونیک,11681405,11947253,3528392,9426987,4409876,12282414,11689074,9064677,15290047,5258933
کفگیر ملاقه یا استند چوبی,11947253,9426987,3528392,11681405,4409876,17470082,9304019,12100809,5258933,10116615
کفی اتاق عقب نیسان،,3839766,296290,133187,180512,133172,7478582,4886795,14165122,12534060,12554568
کفی خوررو ۲۰۶,11256459,904244,9552512,3499111,7115304,4321877,162579,7021668,1345136,5555879
کفی سمند LX بابل,7652491,2957013,6997676,10999066,2929216,4607814,3640583,4481106,7890775,14876850
کفی شاهین خودرو,8297769,13279036,14500350,12325992,5157251,9575969,6942184,5209486,8275038,14553599
کفی فلزی زیر صندلی عقب  پیکان,4823722,11256459,7115304,6032410,1047824,5804075,7258062,4783176,7454085,921961
کل سقفی,8938625,8239214,1146652,9928892,1601894,4940985,3055850,6760814,722074,301003
کلا  بفتنی,100000,100000,100000,100000,100000,100000,100000,100000,100000,100000
کلاس گوشی ال جی,26246,215561,1257,7847572,7631473,14139392,9600229,897119,11852994,8391550
کلاسور مدل گروه بی تی اس,3042739,2670722,7357501,14821517,3893790,6156582,7517222,607449,283986,3927
کلاسور پسرانه,7797971,2718808,279853,7188846,3177599,482396,3489017,1828109,1062567,6898570
کلاه آفتابگیر کولر دار,6176744,14006784,3943782,8526671,10693961,3859880,2639830,8398404,3379229,6431053
کلاه آفتابی شیک مردانه,13644476,1518100,14756572,13152346,14866620,4297629,9987921,7082269,3379229,8539900
کلاه استخری جهت زنان,571948,7515186,12884600,8604117,8326812,5035141,1552186,3045507,8856459,8526671
کلاه اوکلی,1552186,3045507,8526671,3181715,13152346,5120331,1550067,13556455,13019454,5064040
کلاه ای سی وایکیکی,8957674,12097231,9954981,1364878,7466432,14145172,7798882,412370,8159256,1552186
کلاه ایپ,1552186,3045507,8526671,3181715,13152346,5120331,1550067,13556455,13019454,5064040
کلاه بافتنی بچگانه,5454761,13254387,12349726,9837930,10693961,12349662,6773575,10085302,13281334,3859880
کلاه بافتنی مدل زمستانی دخترانه,12349726,12349662,6371351,5454761,13254387,9837930,10693961,10085302,17892194,13281334
کلاه باکتزمستانه,1552186,3045507,8526671,3181715,13152346,5120331,1550067,13556455,13019454,5064040
کلاه بند دار پسرانه,3859880,4632584,8526671,10693961,12522765,6176744,13236883,8398404,3379229,6431053
کلاه تابستانی,11098794,11358108,5549883,1552186,8552325,3045507,8526671,3181715,13152346,5120331
کلاه تارتن بچگانه,9706186,3859880,5454761,1048427,1552186,8186728,11997584,1012345,3045507,7431446
کلاه تکواندو,10666783,321828,3040455,1595405,8874653,2497374,1552186,3045507,8526671,3181715
کلاه خزدار زنانه,13019454,9837930,17662197,2738494,883669,10693961,9542290,4264582,13254387,12349726
کلاه ردلاین,3181715,451154,1552186,3045507,8526671,13152346,5120331,1550067,13556455,13019454
کلاه شایگاه,1552186,3045507,8526671,3181715,13152346,5120331,1550067,13556455,13019454,5064040
کلاه شنای لاستیکی,749052,13786741,12986138,947963,1552186,3045507,8526671,3181715,13152346,5120331
کلاه لبه دار زمستانه,3379229,7467783,7820922,17185045,8526671,5703297,10693961,3859880,5541086,6176744
کلاه لنینی,1552186,3045507,8526671,3181715,13152346,5120331,1550067,13556455,13019454,5064040
کلاه مهندسی سفید,13556455,230499,1552186,3045507,8526671,3181715,12771801,13152346,7514224,5120331
کلاه و شال مشکی,9623006,10085302,13340581,6479947,9706186,1461793,11637189,6938605,11059103,804699
کلاه پسرانه لی,10912135,4632584,4206368,3859880,14869064,10554732,8501934,5454761,9706186,2871672
کلاه پنکه دار,8526671,10693961,3859880,6176744,8398404,12746508,6181661,3379229,6431053,11509788
کلاه کاسک بدون فک,1552186,9611795,3045507,8526671,3181715,13152346,5120331,1550067,13556455,13019454
کلاه کپ مخمل,10332379,7676222,9542290,8452901,11124441,2738494,5427924,8398404,3859880,4264582
کلاه گیسی زنانا,1552186,3045507,8526671,3181715,13152346,5120331,1550067,13556455,13019454,5064040
کلاهک دستگیره خارجی درب جلو چپ دنا,14157657,6392775,13196606,431367,7505617,977524,12180030,8381569,15231794,9984274
کلاهکپ پسرانه ادیداس,3225586,2738494,1085374,2933915,1494216,7697997,5415357,500666,8214116,7512551
کلاچ اتوماتیک اتاکو,1087254,887927,4862377,6847209,7631405,4862129,1097368,7826220,5262741,10674345
کلاچ برقی,13673309,4862377,1087254,6847209,7631405,4862129,887927,1097368,7826220,5262741
کلاچ پراید عظام,6436119,17637807,5768079,5062205,1097368,6435051,6435265,1808258,1760680,7290226
کلا۶ دوچرخه سواری,1496004,1496876,10849189,11348511,4257853,7294622,2474467,16874744,5961873,10974039
کلبد خلاص کد درب آسانسور,7367140,9673310,7322577,12453378,3485940,5717374,16130108,4931636,13951102,5139270
کلر بوک ۱۰۰ برگ باقاب,53617,9851966,14751687,17113088,12350676,10414946,16204164,3189791,5664022,7301351
کلر گازی اینورتر گری مدل t3,10457347,12711787,11386454,8523888,10894204,11408767,11334503,309830,2726511,1896044
کلرابی کوچک جافندکی ماشین,11476645,156181,14010886,3185092,591929,17085140,131646,9182371,173977,73969
کلرگازی،اسپلی,100000,100000,100000,100000,100000,100000,100000,100000,100000,100000
کلسور چرم,6819077,12866264,564551,6733245,15641477,5427924,6643004,594185,3259947,12124841
کلسیوم‌d,7467783,5116408,2572664,981600,794980,10289010,8363035,4984859,6517064,837213
کلش j6,6277532,11455615,5839832,8163672,100000,100000,100000,100000,100000,100000
کلمن یخچالی ماشین,138306,4901144,4328058,5274879,806089,806023,806140,2455571,1934400,13494305
کله شارژ USB c,10679178,1786026,1780247,537112,299983,14365697,12722869,108299,8684709,9174362
کله پلوس ABS,10710833,4954767,368458,933185,2233747,1621606,14664998,13128770,2678496,7957441
کلوین آندرور,6081809,100000,100000,100000,100000,100000,100000,100000,100000,100000
کلید تاچ لمسی,772363,1025823,9472415,494731,320285,381500,7297459,9445070,17484673,5381957
کلید خودرو فنری,162410,11743122,2764863,7512465,8338698,408640,5556954,6787215,8910937,219969
کلید درب ریموتی,12879600,2365277,6895860,4235617,1797827,6214633,772363,9382384,11388363,10740003
کلید فشاری ال 90,5068713,11968525,8491338,3595677,7173763,704354,10170550,5006635,12424201,4117177
کلید مردونه طلایی بازی,4518122,4475377,6262642,8182052,5696383,9706639,12871160,5920856,15949927,11318751
کلید های داخل ۴۰۵,10970047,8910937,7814413,6905273,2109417,10300837,12826260,5078838,679366,9141108
کلید و پریز تی اسمارت,9382384,16537303,435088,9567048,7724796,13886812,2809693,6895860,7174648,6214633
کلید چراغ دار چند راهی برق,539260,4908919,4354964,383835,1071003,16859043,435088,9382384,10915588,7359701
کلیدهای روی فرمان کوییک,8338698,13175971,2109417,7814413,10385896,13261389,6759371,6762673,565132,10687227
کلیر بلک کِیس فور اِی توِلو,6535145,2751858,7221868,1518566,13415761,4787696,53617,5032834,1786580,14217323
کلینیک ژل,12101402,12100062,14756968,3790582,2754683,13516129,1534108,2583317,11563408,82118
کلیپس بسته چند عددی,116816,90597,6556651,1590057,616505,61133,154410,16817104,7495284,10676895
کلیپس ساعت  کاسیو,302711,43497,1972541,6832437,8694963,2240345,3790841,8091050,104284,772755
کلیپس های سیاه,154410,116816,90597,7495284,10676895,1638746,12084407,6924312,616505,2112414
کلیپس پروانه کیرستالی,10676895,14311051,10229349,154410,116816,90597,7495284,12084407,616505,2112414
کلیک انجین کاور,6770083,13943115,3681664,7392683,13261519,9411171,2781492,5349193,14848042,14759505
کمد اتاف کودک,478858,9178029,6867028,2881768,6486005,448489,3398205,8067606,7091950,1126099
کمد بزرگ درب ریلی,828562,602981,8486360,9839290,3398205,8067606,1837601,3003351,7164970,6231522
کمد طرح کرومی,14324362,14757059,16813121,13661348,15982703,14207701,17718484,12497141,13637578,15489612
کمد فلامینگو,7164970,12046140,3398205,8067606,14145172,1837601,3003351,6231522,478858,12719180
کمد لباس  دخترانه  صورتی,9739545,8067606,10772174,7164970,12719180,6077100,3398205,6327528,5413236,9178029
کمد لوازم یهداشتی,3398205,8067606,1837601,3003351,7164970,6231522,478858,12719180,2881768,9178029
کمدیرونالدوومسی,100000,100000,100000,100000,100000,100000,100000,100000,100000,100000
کمربند بدن سازب,1785325,2074248,765976,13070262,602981,107982,14311925,15408139,16556414,10578732
کمربند بدنسازی زنانه,16556414,6440580,10190962,8071173,765976,1785325,2074248,8523079,13070262,602981
کمربند‌ نظامی,765976,1785325,2074248,5875063,13070262,602981,107982,14311925,15408139,16556414
کمپرس باد,12546075,12586823,3876063,3237213,205704,12065834,1438846,379621,6992761,4061084
کمپرسور 5535 کلترون,7425234,1438846,379621,146494,3234768,8054513,6064800,4842567,294570,12546075
کمپرسور اینتیمکث ۱۳۰۰۲,12362738,15414041,12298020,1438846,379621,146494,3234768,8054513,6064800,4842567
کمپرسور باد برقی _ شارژی,12546075,12586823,1438846,379621,3234768,8054513,294570,158073,12065834,4842567
کمپرسور پیستونی کولر گازی کوپلند,7425234,5865949,9306368,10457347,155209,8523888,309830,2848026,10894204,11196611
کمپرسور کولر ولئو,7425234,9306368,10457347,155209,309830,2848026,11196611,10947891,10894204,2846889
کمپرسور کولر گازی۱۲۰۰۰,7425234,9306368,10457347,155209,309830,2848026,11196611,10947891,10894204,2846889
کمک zola,3219595,7612355,7747911,7096097,17938163,6372064,10783503,13754764,3839766,1075980
کمک بکس 1/2,4533964,12488839,13525678,7368232,12381319,15165767,1863891,12337287,14782819,1923816
کمک در چرخه,3461612,15031065,8897333,1849130,9563117,444227,11655097,149716,518357,3219595
کمک عقب موتور هندا,1913608,10783503,6560493,7265386,1476125,4415511,8293232,10357877,996559,7172055
کمک فنر عقب کی دی تیبا,4432284,4408429,4463663,3839766,4441224,10783503,1913608,9780426,8293232,10357877
کمک فنر پراید ایندامین,1074795,1075980,4408429,9780426,1505330,5985237,7612355,7747911,7096097,17938163
کمک فنر پژوریگلاژ,7612355,7747911,7096097,17938163,3839766,1075980,4441224,4408429,1074795,12441267
کمیک باب اسفنجی قسمت ۳,5345214,995626,5928924,9563541,4574855,9588832,10280312,3997038,14540468,5950710
کنابخانه,100000,100000,100000,100000,100000,100000,100000,100000,100000,100000
کناره فرش طرح پیچک مشهد,10739444,347050,1946671,999220,11418399,10146144,4045700,499812,9750813,1730311
کناف کادو,8239214,4131783,4208525,12247101,12648083,8083000,9114819,13130690,14275920,761004
کنتاکتور,1109437,10531797,100000,100000,100000,100000,100000,100000,100000,100000
کنترل RM-ADU047,5129533,10758233,13538016,16971721,1874145,2773505,13274672,7561144,9147790,10930227
کنترل ایکس ویژ,4669957,1434791,12791486,2773505,13274672,7561144,6556217,5320165,9147790,24052
کنترل بی سیم آرمیچر,7758153,4338814,637473,12817900,897119,2413323,12774881,1743832,13804774,3382080
کنترل تلویزیون پانورامیک,13988849,13513770,13538016,13274672,10930227,10758233,12791486,5865442,9094859,14512098
کنترل دستگاه دیجیتال icen,1695565,7758153,1710707,402097,423594,5865442,472989,12518888,563823,5762323
کنترل دور متر ماژول,3378054,6595766,3255182,1710707,1491115,5968354,10457347,11196611,10947891,10894781
کنترل فرمان بلوتوثی ساعتی  مانیتور اندروید,14041181,8338698,14040712,444227,6184497,2859399,7799532,3798930,8431072,9563117
کنترل ماهواره استار مکس ماهواره,2956453,3888908,2773505,2702664,7144000,7652099,10730025,3498877,5004494,10744471
کنترل همه کاره ماشین,10064894,653921,69822,740245,11419558,14988,10017841,7184190,424094,313602
کنترل و برد کوادکوبتر,8227563,5429378,10157236,3181103,1699984,6800873,13369143,10561611,5278820,6761083
کنترل ویمکس,2773505,13274672,7561144,9147790,10758233,13538016,10930227,5129533,5865442,4669957
کنترولر شاک آنلاک پروتکتور,3500158,143761,11330901,15433,95807,100000,100000,100000,100000,100000
کنجشگ مصنوعی,828562,11149658,225366,6152199,549702,11330221,733463,4496965,14574080,892501
کنسول  دنده  پراید,2586938,16107601,2648343,10255443,13326788,1800133,6161608,3825801,9470748,12945048
کنسول pes2,12744393,412826,14947512,11602537,13942891,12804462,12500133,6257808,6843702,607269
کنسول بازی 400پلاس,14947512,11602537,6843702,607269,9561839,12804885,7192914,13041645,5256000,7998713
کنسول بازی پلستیشن۲,14947512,11602537,6843702,607269,9561839,12804885,7192914,13041645,5256000,7998713
کنسول بازی گیم قابل حمل,3024170,11341409,11602537,4995772,6843702,13359318,4528853,14318780,6257808,7383676
کنسول مبل چرم,412826,11233311,15457903,6142220,3981709,5385015,11227268,2970399,16752010,4032241
کنسول وسط خودرو مدل ۱۸۴۰,3407299,4032241,7050253,11706479,3825801,8223587,1040810,3079446,10970047,9470748
کنسول پی‌اس۵,482,9470748,10715109,10706737,1301248,6745754,12075751,12744393,412826,9585969
کنسولی پراید ۱۱۱,12920165,9027322,1660828,11077199,5656785,13530628,6524315,12890633,9384931,143580
کنکور کاردانی فرهنگیان,6377786,4323821,14022215,6771083,6196537,8287805,6011939,5124831,2492104,1963552
کوئرپلاس,100000,100000,100000,100000,100000,100000,100000,100000,100000,100000
کوادکوپتر کوچک,6222158,1122950,11476645,156181,14010886,3185092,591929,17085140,131646,9182371
کود,14980996,13604669,8991413,9020294,14060525,8162593,7576867,2748851,10730025,7523186
کود تتاکو,11209676,13604669,14980996,8991413,9020294,14060525,8162593,7576867,2748851,10730025
کود ضد قارچ و باکتری,5116069,4236441,11944672,11168297,13604669,14980996,401242,8991413,14060525,7576867
کود مایع جلبک دریایی,10296693,1892948,3534947,3813692,7523186,6965346,7576867,14060525,3575224,348581
کود مایع جنگل بیست لیتری,8241013,3534947,7523186,6965346,7576867,14060525,4516407,348581,14038575,9695099
کود ژله ای,1144973,5799800,17536916,5556727,713893,904244,749384,222399,8363035,14980996
کودک باکس,2881768,6486005,14812728,6184497,7799532,3798930,3120224,4157305,6556217,8431072
کودک عکس صندوق,6453152,6211018,495979,2921252,10254311,2543882,3887956,866146,7165982,6129574
کودگیاه آپارتمانی,9882300,4264439,9695099,348581,4307586,4424718,4020554,3602551,3605044,5608353
کور پولوکا A20,8470815,12664374,9614729,7324155,8123064,9026975,4882650,3101194,16998315,7774474
کوردلس وکیوم کلینر بتری,1575818,1713262,9515648,1967157,3303406,4344817,100000,100000,100000,100000
کورن مدل فرگرنس برنر کد فایو,904956,14141928,2516249,146605,3021411,8282123,12148285,4515403,7273908,5638233
کوره الحاقی,2939648,313602,10017523,8057538,12194222,14522041,7427113,100000,100000,100000
کوره القای یک کیلو,204452,2939648,3209497,799093,313602,7079570,597957,9649021,138837,7079926
کوره سرامیک,8057538,2939648,313602,633484,4494850,3074423,557051,9706590,379015,12989715
کوزه آبگوشت,9574519,12464202,100000,100000,100000,100000,100000,100000,100000,100000
کوسن پرندگان,2925572,8214116,5903016,5689525,6316207,10222322,532225,366121,15034899,5836054
کولر 24 هزار دوتیکه پاکشوما,5867668,5867074,5865949,6187225,2726511,9980728,7425234,11334503,12711787,11386454
کولر ابی سلولوزی,5210649,2787336,5347419,273192,542963,527018,4968240,6141650,8900256,8315267
کولر ابی سیلور,5210649,2787336,5347419,273192,542963,527018,4968240,6141650,8900256,8315267
کولر تیکه ۱۸۰۰۰,5191394,7906416,2938529,977706,13230163,11676603,6770839,5210649,8545127,4567852
کولر میدیا ۳۰۰۰۰,11408767,2547504,5364017,8271775,6553792,5210649,8545127,2787336,114628,5347419
کولر گازی 30 هزارجی پلاس,9980728,12711787,11386454,8523888,11408767,8545127,12177638,7425234,10894204,5191394
کولر گازی تی سی ال,10894310,15433875,10894204,704354,1652460,2938529,8545127,7425234,9980728,5191394
کولر گازی حنرال گولد ۱۸۰۰۰,5191394,7906416,2938529,8545127,7425234,9980728,6187225,5182865,704354,5867668
کولر گازی ۲۴۰۰۰tcl,8545127,7425234,9980728,5191394,6187225,5182865,704354,5867668,5867074,8523888
کولرگاز مدل الجی,9151144,14947512,5062268,3943782,5191394,2706820,10212975,10692740,11007251,8938311
کولرگازی 9000,309830,4017472,2726511,1896044,8276931,2744686,100000,100000,100000,100000
کولرگازی گرین ۱۸ هزار,1896044,2726511,2744686,4914193,12177638,7959507,7758131,9740519,8276931,7501115
کوله ck,12775440,12508152,9050061,4382133,1085374,1429406,2763161,12656357,12673486,11307395
کوله طرح وال,2763161,14089531,11433406,3283997,5117449,6253167,12234146,9389159,6231032,7220792
کوله فضانورد ونگوگ,1930409,17314096,14156185,9880812,12234072,12775440,12508152,11116973,9050061,4382133
کوله پشتی  دخترانه,9050061,1429406,9799668,9389159,8130199,5630320,12233264,14089531,8984751,5950710
کوله پشتی  کوهنوردی,14434344,2134420,10279378,9050061,4382133,1429406,12656357,12775440,12508152,1085374
کوله پشتی آل استار,12851490,8931782,9050061,4382133,1429406,12656357,12775440,12508152,1085374,14089531
کوله پشتی خفن برای مدرسه,12234146,12775440,12508152,2763161,12673486,11307395,8931782,1930409,5117449,6253167
کوله پشتی زنانه مدل آرتان,9347864,12656357,4382133,1429406,2094490,12851490,9362179,9050061,12775440,12508152
کوله پشتی مدلHw,9050061,4382133,1429406,12656357,12775440,12508152,1085374,14089531,8984751,12851490
کوله پشتی کوچیک مردانه غذا,4382133,12851490,10632942,9050061,1429406,9347864,12656357,12775440,12508152,1085374
کوله پوشتی دخترونه,13622726,12775440,12508152,9050061,4382133,1085374,1429406,2763161,12656357,12673486
کوله پوشتیساده,12775440,12508152,9050061,4382133,1085374,1429406,2763161,12656357,12673486,11307395
کوله کراس بتدی,277637,2706820,4089442,3730552,12866264,10774527,12775440,12508152,9050061,4382133
کولیس دیجیتال مارک می تو تو یو,61733,4550206,11008436,7593821,12856922,4438095,640036,327148,12356824,73006
کوولا,100000,100000,100000,100000,100000,100000,100000,100000,100000,100000
کوچک وکاربردی,6554501,11476645,156181,14010886,3185092,591929,17085140,131646,9182371,173977
کوکو ‌شنل,5926572,9700139,9161608,6853226,11152961,9163734,8541903,9451361,4659289,806023
کوکوپیت مدل سورین,6433138,1924807,800400,14947512,5062268,3943782,5191394,2706820,10212975,10692740
کویر تریلر اسپر پارتس,7478582,1463118,827879,9785473,10892079,10626358,184274,3254442,3729609,3754640
کویر موتور اقساتی,10892079,3729609,3754640,3525212,5080871,5081349,10626358,3254442,5855224,6214663
کویل دوفیش موتور سیکلت۲۵۰,8096411,7813142,2832628,2706820,13261519,10260791,996559,12774881,12217516,3797526
کوییک منوال کیلومیتر کاور,11404947,13261389,6759371,6762673,10687227,12219863,11851125,3730552,13763869,5410960
کِفخفوتبال,100000,100000,100000,100000,100000,100000,100000,100000,100000,100000
کپسول زنوور120,97486,586696,1079268,7847861,11097126,6735701,5664252,5343905,3572733,5062142
کپسول سون پلاس,11097126,9797238,5812546,7944206,2595835,12009083,687796,9988815,15502469,9457871
کپسول ویتامین e آرایشی,13364158,10006431,6735701,7308250,6754102,3537352,5189001,11097126,9478647,859931
کپسول کارن,3572733,3515115,5343546,8943078,7964485,3554505,15110674,1443507,7485631,13804808
کپسول گاز co2 خوراکی,7180920,1079268,1140187,3525340,14038225,728621,1067669,12305509,732708,937913
کی آن مادل پوستر,11161864,1859403,1558818,6850187,13569337,3080538,7734110,12761318,13946519,7775776
کی برد سر فیس,8242042,10157236,3181103,378242,6800873,13369143,735954,735953,2071653,10561611
کیبرد و موس 4TECH,4793273,6002837,10479780,7999154,9667215,3282317,1828319,10965551,5930508,6821038
کیبورت مکانیک,9706639,76689,100000,100000,100000,100000,100000,100000,100000,100000
کیبورد,2843881,10610185,8182052,2077105,5696383,9072561,9706639,1645794,7492207,1609964
کیبورد موس رددراگون,9667215,3282317,6002837,7999154,4793273,10479780,5930508,10965551,13086217,6821038
کیبورد و موس جی پلاس,9667215,3282317,11472661,11506025,4588415,3798930,12392676,7642446,4793273,9118043
کیبورد وموس  جنیوس,5810942,198407,1781642,4616,2843881,10610185,8182052,2077105,5696383,9072561
کیبورد وموس کابلی,7396534,2843881,10610185,8182052,2077105,5696383,9072561,9706639,1645794,7492207
کیبورد گیمینگ برای کامپیوتر,8290347,1609964,5593181,6496117,7094941,6575622,1913391,1655333,12532316,567646
کیبورد گیمینگ رد راگن ۸۰ درصد,6575622,5593181,6496117,12532316,7094941,7573643,6611660,6412337,4404801,2767413
کیبورد گیمینگ ردراگون,6496117,11318751,11126830,3283613,12871160,15949927,3282317,5593181,7094941,6575622
کیبورد گیمینگ مکانیکال REDRAGON,6496117,5593181,7094941,6575622,2843881,6556217,10610185,8182052,2077105,5696383
کیبوردبیسم,100000,100000,100000,100000,100000,100000,100000,100000,100000,100000
کیبورد‌گیم,5669988,7172933,11602537,12528544,11774357,13359318,7532175,8578639,8891663,2843881
کیت آموزشی سازه حرکت آسانسور,12453378,8355873,3000482,3773186,7069786,12296211,7830037,2647814,14593412,11202858
کیت آموزشی مدل رباتیک,3000482,7069786,12296211,7830037,2647814,8355873,3449739,3773186,12453378,3255182
کیت بازی هیت ویلز,8837723,9795665,9593956,9646741,14225514,14494381,261754,683854,2710840,16935301
کیت بوتان,11891409,3950734,10566257,3883028,6068180,3882981,5069126,9180283,10311608,540860
کیت تسمه تایم خودرو دنا,4117177,1745410,2725014,263790,10405688,3998323,4114266,12889866,9863906,4122899
کیت خیاطی  فانتزی,5233434,8186973,10311608,9782160,4827418,540860,811751,737527,7631405,7147625
کیت دستگاه قندخون,2394321,10311608,540860,811751,7631405,1097368,7826220,10674345,4801149,164918
کیت رباتی آموزشی,3000482,3773186,12453378,7069786,12296211,7830037,2647814,14593412,8355873,11202858
کیت رباتیک روبویونیک مدل ۲ نفره,3449739,8355873,7830037,2647814,3000482,7069786,12296211,3255182,5497765,15113204
کیت ماشین بازی لارگ  پارکینگ,16935301,683854,261754,3894943,2315399,8844118,7455828,9110721,8069225,472306
کیت موزیکال رادیو,8873557,11202858,337494,1626470,1079090,15309498,4675504,15180570,13853158,6544907
کیت مکش تقویئتی پژو,9223455,7826220,17637807,7631405,1097368,5262741,5768079,6435265,7487162,4077758
کیت ورزشی منچستر یونایتد دروازه بانی,973138,6116990,7553658,640156,7365384,7035589,717052,8068963,12283138,3179283
کیت کامل تسمه تایم سمند ای اف سون,1745410,4117177,6914027,4374531,2725014,263790,4114266,3998323,8815105,10405688
کیدز تی شرت اَند شورتس سِت,134261,729293,8522110,559882,9108471,14883440,8090073,845735,1659864,10849189
کیدز روم کلاک ویت اِسکارف بِر دیزاین,5096627,10969936,5669988,75932,1818291,75912,6830791,9880812,1924368,3974550
کیدز فوتبال شوز,7734110,6596396,6929531,2543882,12294078,5342154,3570769,11629160,8371040,9080362
کیس  اسمبل شده,12030029,15010171,7959507,11765611,9497381,8474138,225366,187591,10366444,11853696
کیس هدرد,225366,187591,10366444,11853696,1077362,6927431,114628,12577729,12658445,6455521
کیس وکامپیوتر سرهمس,225366,187591,10366444,11853696,1077362,6927431,114628,12577729,12658445,6455521
کیس کامپیوتر گرین مدل اآریا,7959507,10015130,3400456,8474138,3830917,114628,8290347,3778682,11765611,12030029
کیس گیمینگ مدل msi,3778682,14988,10918510,8520254,8225409,350169,5189,14090372,5128268,10831550
کیسه ابگرم,5714659,6755271,6170219,8859039,7247698,3663132,163122,1575818,11832293,7542699
کیسه بدلیجات کوچیک,6755271,6170219,8859039,7247698,3663132,163122,1575818,11832293,7542699,13154422
کیسه بوکس  آدمک,6755271,4242832,2084566,6916217,14036003,173977,4176147,12534042,1095732,9686682
کیسه جارو برقی بوش پرو,31852,2559448,4373764,3496519,3587005,26757,2404977,528434,8859039,2491087
کیسه خرید مدل قلب,13343888,4933374,12221615,13343245,2127877,6821038,17025073,13343756,13336124,11732737
کیسه خواب سونا,11832293,1575818,3285253,6755271,6170219,8859039,7247698,3663132,163122,7542699
کیسه ریاضی مدل بی تیاس,9483275,14089531,6755271,3773186,6170219,8859039,7247698,3663132,52457,163122
کیسه فریزر ابعاد ۲۰×۳۰,1575818,192276,2882917,5629235,7140776,10253112,589137,13786741,6755271,7234165
کیسه ی سفت,145237,1518115,265143,926713,983009,793203,6755271,6170219,8859039,7247698
کیف  دخترانه,12437914,8827352,5583001,17815021,4217641,6632614,11358267,6580689,3701566,5190171
کیف  پشتی بچه‌ها,695191,12775440,12508152,3643724,1085374,13416734,40971,2094490,2763161,12673486
کیف ps4 با جای هدفون,412826,317619,531443,17480967,12804885,544767,4244349,5551688,4545023,9053642
کیف ابزار مدل 4045,13730026,9103478,9893926,1080166,6575740,7065338,8481670,4196654,405912,5747445
کیف ارایشی شفاف,456337,1017460,604191,14324362,13467787,3782930,3257807,815931,1768109,9764007
کیف ارایشی لمه,13696233,8138323,456337,8136665,1017460,14411521,604191,5879916,3782930,3257807
کیف ارزون برای مدرسه,96416,752773,12234146,12775440,12508152,2763161,954175,12673486,12190557,11307395
کیف ایرپاد مودل کتابی,14472064,2675756,11042355,7237753,1658599,12640343,12419954,11652937,1580526,2813183
کیف بغلی مردانه,843847,12568138,10774527,1850862,9177210,7695005,14411390,3389477,11223338,6294267
کیف تبلت سامسونگ T561,6382060,5625587,3048663,6206347,3851079,8729265,6389978,7835147,9125167,14830905
کیف تفنگ,3759644,5032590,11209558,9330978,5621825,11697889,6790296,7362047,8235932,618241
کیف حمل کنسول PS5 اسپایدر من,6843702,4528853,14318780,13461348,6257808,12145368,9561839,7998713,7383676,5422646
کیف خرگوشی پشمی,13841173,14006297,10079503,9796369,7415649,7426186,6052946,8054135,6372758,8725218
کیف دوشی دخترانه اسپین مستر,7227075,4870425,14145172,13134598,10796599,5630320,11574920,7616089,2674926,9300325
کیف دوشی مدل benelton,11574920,13134598,7616089,2674926,7227075,9300325,7294241,14145172,10578487,5160907
کیف رودوشی زنانه مدل 1118,12468286,13284674,11343808,1144032,8133086,2151420,17590677,11124038,10520916,9371896
کیف روز زویی,12233264,9951863,4188595,15284231,10462829,10974940,215632,3057033,10140363,138119
کیف روپایی موتور سیکلت,996559,1476125,996546,6706357,1910538,9126936,8428516,5091908,1968037,14580856
کیف زرد,9583859,9499411,753330,6448085,6757157,6346380,6852683,10971175,13454493,7432686
کیف زرد زنانه ارایش,12920328,8093737,11747272,9748258,5679964,4286903,13467787,876180,2501449,3017645
کیف زرق وبرقی دخترانه,12437914,8827352,5583001,17815021,4217641,6632614,11358267,6580689,3701566,5190171
کیف زنانه رنگ دارچینی,2487461,2487012,7901470,2748203,10152239,14256381,5413454,12468286,1439902,6779705
کیف سامسوننت,9893926,12437914,8509775,10152239,14256381,843847,11747272,9748258,564551,12468286
کیف صندوق خودرو,2124120,5003108,7515632,12441836,143601,6997676,9319210,10183508,143606,8860964
کیف صندوق عقب,2124120,5003108,9735534,4238936,6997676,8860964,7096761,5241933,9911195,9531592
کیف عایق دار یخچالی,189017,5086784,16123266,12050377,11074308,4196851,143601,13149286,8798809,630223
کیف عینکک,9893926,12437914,8509775,10152239,14256381,843847,11747272,9748258,564551,12468286
کیف غذا دلسی,973122,3448058,7703611,10632942,869964,2781637,526527,9442728,10404044,1923549
کیف فلامینگو ال سی وایکیکی,14145172,8957674,7466432,1364878,12097231,9954981,7798882,412370,8159256,802011
کیف لب تاپ گابل,13082902,12656357,6742314,11274192,7033256,7199802,2144579,70798,11112306,1801870
کیف لوازم آرایش زنانه مدل مسافرتی,12920328,8093737,11747272,9748258,5679964,13467787,4286903,876180,2501449,3017645
کیف لوازم بهداشتی بانوان,2537376,5776870,2537381,7124829,6841791,209338,9446010,10960911,5392974,6841625
کیف لپ تابی برای گوشی ام ۳۳,11274192,7199802,2144579,70798,7033256,3528476,11112306,1801870,7521855,5822347
کیف مارال چرم,12866264,564551,6002837,869810,7195564,994573,594185,772864,7251353,769936
کیف مارلون,13343756,9893926,12437914,8509775,10152239,14256381,843847,11747272,9748258,564551
کیف مای ملودی برای مدرسه,13245538,6927431,96416,752773,13929076,8912525,12234146,455580,537291,11380127
کیف مجلسی سفید چرمی دور نقره ای با زنجیر.. گوشی جا میشه,11462027,6078390,5873413,14569480,8002404,14629544,7976209,2487461,760425,569723
کیف مدرسه ی چ,752773,96416,12234146,7480008,12775440,12508152,2763161,954175,12673486,11307395
کیف مول و کمربند,1785325,2074248,13070262,602981,14311925,765976,15408139,16556414,10578732,2279846
کیف میکی موس دونات,10965551,4793273,10479780,13086217,6821038,1828319,7290919,6616972,11199716,7121107
کیف نوار بهداشتی طرح مرمری,7124829,6841791,9086639,9262820,13325975,3693404,2127951,5776870,2407152,10960911
کیف نگهداری ویولن,7506143,5312149,525953,13372153,4261129,4791465,2394240,1826076,542546,3458009
کیف هولدر پشتی خودرو,2901096,1162793,3170102,12775440,12508152,1085374,2094490,2763161,12673486,9389159
کیف و جاسوییچی زنانه,1550434,788186,1059820,1457546,1112124,1882194,11255602,12920328,4744349,8093737
کیف پول با ظرفیت کارت بانکی زیاد,6737217,12437914,4105740,4210424,5583001,3828819,5873413,13929076,14411390,7687747
کیف پول جاکارتی دخترانه مدل,5814973,4799904,12437914,5583001,9365889,12634048,5873413,2240142,8449261,14324362
کیف پول دخترانه دختر کفشدوزکی,5583001,12437914,4982964,2716151,2927696,9778191,3701566,4816326,9098249,2554355
کیف پول زنانه طرح کاور,6737217,4105740,4210424,3828819,1550434,5679964,2240142,14324362,634765,12920328
کیف پول مدل پ‌کمون,6737217,12437914,4105740,4210424,5583001,3828819,13929076,14411390,634765,5873413
کیف پی اس ۴ عکس فوتبالی,5177810,9370,7813156,2536428,9585969,14081992,8207871,7396534,482,13556455
کیف چرم رودوشی زنانه,2151420,8133086,12468286,6294267,13284674,11343808,1144032,11124038,10520916,17590677
کیف چرم مردانه چرم آرا,7358979,3045701,14014431,5441739,12866264,564551,6294267,1645570,594185,2577240
کیف کارت اتیفون13,5831721,4549471,11680493,10649371,6830791,2212624,4793179,7241903,1937899,9661117
کیف کلاسوری آیفون 13,10898662,10073733,6781339,14566156,10343254,16194772,16483817,9947773,6680257,6927431
کیف کلاسوری تبلت هواوی,6392087,2012052,3453135,9007201,50375,408153,3048663,10058104,1037393,2793594
کیف کلاسوری سامسونگa54,1568408,6997202,512929,2012052,3453135,9007201,10898662,50375,408153,3048663
کیف کلاسوری شیائومی نت ۱۳,16483817,14566156,16194772,10898662,12590872,3596037,11853696,2258563,14819880,11840273
کیف کلاسوری گوشی G7 سامسونگ,1568408,6997202,11462027,2995939,4867366,8827833,11165930,11585530,12222869,4489476
کیف کلاسوری گوشی شیائومی نوت ۱۲ اس,11995524,3596037,8823098,3258412,11853696,11840273,14566156,2258563,7994727,16483817
کیف کنار رخت خواب,1575818,12293267,7668670,6292647,4051553,2999253,4844701,3083082,437099,6180333
کیف کنسول ps,4545023,4544783,11000988,412826,6257808,6843702,838819,12145368,4528853,14318780
کیف کنسول ایکس باکس x,9626909,7248029,4878993,6565366,12804462,6556217,9227768,2763623,7192914,9851111
کیف کودک کوکالو,7056115,6208094,1122015,2869840,6453152,5405471,1487225,8630516,4167846,6211018
کیف کولی ف,9893926,12437914,8509775,10152239,14256381,843847,11747272,9748258,564551,12468286
کیف کوهنوردی کاور,10279378,14434344,2134420,5562610,367085,6868419,765174,178772,5264549,8329320
کیف کوچیک برای جای شارژر و موس,10965551,5831721,4793273,6002837,10479780,7999154,13323415,9667215,3282317,1828319
کیف گوسشی A10,6252788,12018001,6972627,13079048,8513272,1967359,3875383,1159193,3029173,8667904
کیف گوشی,1568408,491719,6997202,512929,1037393,13215408,2012052,3453135,14819880,11840273
کیف گوشی nokia,512929,348142,15830110,1882481,3528476,8492347,9936574,5904494,3437,401
کیف گوشی ایفون ۱۳پرومکس,10898662,192637,10073733,1638676,13251635,2126582,6781339,4734311,10343254,8161925
کیف گیتار کلاسیک,55072,267438,3722838,866102,15325190,1503088,4057122,2969986,1490926,2961825
کیفرهارد,100000,100000,100000,100000,100000,100000,100000,100000,100000,100000
کیفکیف لب تاپ,6742314,4419202,17536916,5948450,6991372,10583707,12747349,10618588,9733549,9080532
کیلس استارتر دزدگیر,14501637,7920573,1904571,637473,11981269,5668263,646879,12667651,1157860,431195
کیلومتر ارشیا,10076719,11106490,10689673,755465,14157096,3815110,3253811,11246905,10742490,2288660
کیمدی رویال,17554025,16539311,17381762,17845107,17632730,17177349,14612250,17348642,16507839,17457514
کیمدی ضالاتان شاه امضا,16539311,16507839,16171326,17381762,17845107,17632730,17177349,14612250,17348642,3401749
کیمدی فوتبال رونالدومنچستر,17360780,16539311,17381762,17845107,17632730,17177349,14612250,17348642,16507839,17457514
کیمدی مدل امضا,16539311,16507839,16171326,17381762,17845107,17632730,17177349,14612250,17348642,17457514
کیمدی مدل جاکارتی کلکسیونری,16539311,17381762,17845107,17632730,17177349,14612250,17348642,16507839,17457514,17213693
کیمدی کارت 2025,17751721,17360780,17381762,17632730,17177349,17294257,17480397,17353965,17322627,17554025
کیمی ۳۲۳,8062621,4576766,12413536,13062040,5891015,14350372,7605704,16187751,13341550,3269571
کیو سی وای هدفونز,12686619,15030810,7230405,8313097,11591625,13287099,8532954,11648685,11591216,14275370
کیو پلاس کمرا,14476030,11591625,12775139,14608132,13287099,12686619,3454494,15030810,7230405,8313097
کیوت دال استایل فون هولدر,8995528,2901096,1062567,1944985,44848,2010522,3164744,11266930,12536422,14757686
کیک تولد کرومی,15982703,8332806,11098166,13380111,619874,6748998,757630,1808733,2712971,2841404
گاب گوشی شعومی نوت 8,7976209,5803476,3772284,5553798,7639432,10538026,10902708,9926456,7994727,7390635
گابلت بازی فکری,749055,8636262,17286872,10934228,10903361,9351509,6349644,8174051,10262401,10708778
گاجکو,1981986,100000,100000,100000,100000,100000,100000,100000,100000,100000
گارد a55 گربه ای,13234105,14312296,14754405,14645102,13717213,5000646,9587003,8463595,12057463,9617673
گارد r50nc,8570486,7960259,6279419,7774474,12804655,9940975,11477186,11158470,13524212,11458031
گارد realme gt master,13861668,17537520,14002894,5395417,10362197,15010171,2293190,14209828,13714164,14863402
گارد window آیفون ۱۳,14243935,11398248,10122262,7889793,11939877,15636808,6781339,10799470,10343254,14055187
گارد y7a رنگی,4304206,7415649,7604444,11247860,14511107,368743,50792,1693740,3548683,5699257
گارد آیفون 13 کاری,11398248,10122262,7889793,11939877,15636808,6781339,10799470,10343254,14055187,10827874
گارد آیفون مدل ونوم تایتان,12543132,2642961,11939877,15636808,10799470,10827874,10451858,10611243,14055187,12986108
گارد اندروید a23,9940975,9943343,6184497,7799532,3798930,8431072,12944358,8518300,9826552,2849057
گارد انیمه برای گوشی سامسونگ A34,12961639,13528435,11637620,15279663,12642977,9313889,11682207,14092151,12046774,12323073
گارد ایفون 15 نرمال ارزان,11939877,15636808,10799470,14055187,10827874,10451858,10611243,12662620,12986108,13367746
گارد ای۱۵,8570486,7960259,6279419,7774474,12804655,9940975,11477186,11158470,13524212,11458031
گارد برای ست poco x6,17432344,14326964,14467947,13847395,14716026,14151404,14883381,17981346,14402753,14982625
گارد تبلت t561,6382060,5625587,8570486,7960259,6279419,7774474,12804655,9940975,11477186,11158470
گارد دوکو,10646996,10229247,8570486,7960259,6279419,7774474,12804655,9940975,11477186,11158470
گارد ردمی نوت 10. 5G دور طلایی,13524786,11641716,13727848,14753411,14782433,14104137,14753362,11242909,11808436,14766903
گارد شارژ وایرلس s23 fe,13982222,14105863,13065873,13148210,13496875,13072622,14819671,14246753,13503378,14673891
گارد شفاف x4pro,13988661,10611243,7774474,7944333,7944449,12214987,8570486,7960259,5205149,11792316
گارد شفاف نوت 12پرو,10611243,14474135,14146381,14494540,14753411,13402069,11641716,14782433,13490588,14354432
گارد شیائومی نوت7,7960259,17981346,13525607,14753411,5488302,14782433,13988661,15738138,13490588,14236894
گارد فانتزی صورتی,12804655,11477186,11158470,12196755,13622726,14782433,13490588,12117693,14474135,13466392
گارد محافظ گوشی mi10t,13525607,7960259,7944333,7944449,13358306,7774474,12804655,9940975,11477186,11158470
گارد موبایل سامسونگ A14,14210521,13622726,12202215,16235048,11144908,13816908,12659336,11490357,13260181,10461064
گارد موبایلrealme50A,8570486,7960259,6279419,7774474,12804655,9940975,11477186,11158470,13524212,11458031
گارد هووای y6s,4362824,5145077,5932506,6696149,8570486,7960259,6279419,7774474,12804655,9940975
گارد پاتریک برجسته  برای شئومی,12068576,10280312,573942,17961048,5928924,412370,4661330,9036295,3997038,13580647
گارد چراغ قوه,12387752,13634628,9005933,10487720,4557690,2749547,4889975,6782659,4393555,2776580
گارد کتابی گوشی A03s,7944333,9627385,8912525,6997202,13692930,6617664,6732562,7237753,12640343,7960259
گارد کیس گوشی A23,9940975,9943343,13907283,12018001,8518300,14146381,10455143,10111833,8312675,11853696
گارد گارد گوشی شیایومی note13pro,7960259,7774474,12804655,9940975,11477186,11158470,13524212,11458031,11939877,10799470
گارد گوشی A50S,14034713,6239111,5136293,2540239,11629160,8941042,11629178,16411240,8432672,5083551
گارد گوشی A53,8136420,8265570,11819855,8501589,7406081,7960259,7774474,11748938,12804655,9940975
گارد گوشی a25,14017355,14903664,15180044,14252291,15434148,12748284,13215408,14355993,13981087,15662041
گارد گوشی poco m3 فانتزی,5488302,13580647,13524786,11641716,11494321,6645472,11808436,11717667,17981346,12804655
گارد گوشی v8p,7960259,7774474,12804655,9940975,11477186,11158470,13524212,11458031,11939877,10799470
گارد گوشی شیامی نوت ۱۰,13727848,11641716,13524786,11682207,17211507,14474135,14146381,10694984,14494540,12940209
گارد گوشی فانتزی سامسونگ A3,9159143,12804655,11477186,11158470,12196755,13622726,12117693,13466392,9387650,1154385
گارد گوشی مدلA10,7960259,7774474,12804655,9940975,11477186,11158470,13524212,11458031,11939877,10799470
گارد گوشی مدلa50,7960259,7774474,12804655,9940975,11477186,11158470,13524212,11458031,11939877,10799470
گارد گوشی نوت 10پرو,14474135,14146381,14494540,13402069,14753411,14782433,11641716,13490588,14354432,13727848
گارد گوشی پشمالو مدل سامسونگ Galaxy J5 Prime,9361291,2675502,13113689,282952,6052946,14090709,8391550,130295,7774474,3083455
گارد گوشی6s plus,10827874,13524212,14782433,13964899,8570486,7960259,6279419,7774474,12804655,9940975
گارد گیم نوت ۱۱پرو,14474135,14146381,14494540,14753411,13402069,11641716,14782433,13490588,14354432,13727848
گاردشیائومی A 1,15232363,1095317,4294804,12663066,2090334,557013,286011,3185092,7182933,9176763
گاردگوشی سامسونگ  a10,6252788,12018001,3029173,13079048,2260890,1537340,1967359,6972627,3875383,1159193
گارمین 72,3238360,12302650,2554498,9101986,10764345,6532677,12522416,890714,3060898,3246560
گاز خور موتور استوخانی,7365891,4950327,10894388,7917791,5245403,6997735,12618675,11543090,12779149,10597675
گاز روميزي البرز,944397,8456500,4182129,9445070,4563908,10471900,7118302,12779149,937913,3419880
گاز رومیزی کامیاب,12779149,937913,3419880,2753599,11626600,8318946,2097496,11888964,13673427,13804761
گاز سینجر فردار,7572142,12388064,12779149,937913,3419880,2753599,11626600,8318946,2097496,11888964
گاز کولر ۱ کیلویی اوزیل,8838922,14769556,8933199,4968240,317579,11727101,282816,5446799,278724,5812546
گازاسنوا مدل آدرینا,14947512,5062268,3943782,5191394,2706820,10212975,10692740,11007251,8938311,2639830
گازساده,100000,100000,100000,100000,100000,100000,100000,100000,100000,100000
گالون,549323,100000,100000,100000,100000,100000,100000,100000,100000,100000
گاو چییت,2678496,9320384,3321292,9390573,6156841,13880861,7561829,9045018,6856537,3283997
گاور گوشی A60,8623688,2043912,2847594,2806578,282237,12546851,625647,1547931,3622380,4952893
گتری و قوری دسی لوکس,4573977,3321292,8496329,1659259,4878943,15627975,3541573,8028610,9252152,4157305
گجت حشره کش,1680521,8983241,8822985,513668,567826,9937885,1467064,6219607,2419836,4929948
گرامر انگلیسی از دبیرستان تا دانشگاه,5262324,2828738,4647335,955687,12523693,5021172,3979038,7732009,3050864,80316
گرانترین سیم کارت,3890870,4791585,492431,75043,8616655,1638243,145805,1705521,2746,10614847
گربندن اسم R,3212987,5819230,12987634,5841717,14257875,10985441,3365847,13977264,8032608,9544629
گربه  واغی,6236121,3768855,3540612,11795283,3582917,4510377,4481700,4801149,860740,4577534
گربه ای که ذن یاد یدهد,6140203,12089424,13717213,5000646,9587003,8463595,12057463,9617673,1560539,6549059
گرد بر دی سی ای,3190654,8979294,2053588,8743568,12527987,4178571,1652460,3426338,12360909,13359951
گردباف,5130152,100000,100000,100000,100000,100000,100000,100000,100000,100000
گردبند  اسم ماریا,12904286,3365847,16336573,7038535,14821528,9455757,13343048,15761801,12671111,1689085
گردبند مردانه.,10635917,7108756,1290089,11459772,606382,890570,6439769,961925,4285398,13203132
گردمبند قفلی,3644582,6750721,7447605,773763,2015267,12669432,7785456,9063227,13709607,100000
گردن بند  برف,6433028,1441171,4490729,7906591,1723585,12542244,2308497,6446757,3269571,1489256
گردن بند M,6433028,2393637,8225657,1441171,4490729,1723585,12542244,9570967,11829136,4388902
گردن بند با حرف م موجود,12489190,6433028,9570967,11829136,1441171,4490729,14531056,1723585,12542244,2992341
گردن بند کیمیا,6433028,5034707,82573,1040332,1441171,4490729,1723585,12542244,2392153,9570967
گردن بندطلاپهلوی,1441171,4490729,1723585,12542244,9570967,11829136,4388902,10201221,6950565,6433028
گردنبد اسم خدیجه لیراد,3365847,16336573,7038535,14821528,9455757,13343048,15761801,12671111,1689085,10641993
گردنبند B T S,14230534,7066450,1020210,14219149,2432245,5711087,2016450,13828864,8279929,8770709
گردنبند انیمه اتک استیل,14909514,7904244,8384140,8572108,13770965,9786851,5762016,14804094,9739371,716418
گردنبند انیمه اشباح,9739371,9786851,2046421,3595884,6231066,3066530,9873944,7906591,6274414,608534
گردنبند بیتکین,7906591,608534,5083205,1068953,1002768,9593967,1556521,16336573,657657,1095832
گردنبند حروف ام,12496394,8270275,1913391,1886413,4509127,2932816,14267107,567646,6557750,5477812
گردنبند خندالو بیلی آیلیش,10058691,7676113,8355017,12558572,9994944,9786851,12960014,9806773,9739371,9850512
گردنبند دخترانه کارتونی لیوانی,5928924,12854812,10844318,11342834,10045773,11332669,11856664,10034370,10556052,11769043
گردنبند دلنار مدل هندوانه ی شکوفع دار,13371768,13005200,5102330,17536289,14255850,15165707,10562881,9641524,7906591,608534
گردنبند دوتایی باب اسفنجی و پاتریک,5928924,10280312,3997038,14540468,14406376,5345214,995626,9563541,4574855,9588832
گردنبند رزین پروانه,5366234,11342834,14243261,12258492,11342826,12854812,6334612,10045773,12275335,2432245
گردنبند زنانه حروف T,14230534,7906591,16336573,1325132,3212991,5228491,12194835,11589339,17536289,5094220
گردنبند زنانه پینترستی,7906591,16336573,1325132,5228491,12194835,14230534,11589339,17536289,5094220,14785300
گردنبند ساز,657657,663229,687196,13990802,13147836,13235104,5477608,11840984,7080417,10659153
گردنبند سط ماه خرشید اهن ربایی,9530686,306005,5228491,9851131,13455141,9448689,12939931,10085386,568650,7975822
گردنبند سه نفر,247660,12939931,13167520,3941575,937913,13121920,11088610,8465932,6154135,7906591
گردنبند طرح bahar,1068953,1689085,12275335,9207784,9593967,5094220,3328280,3933021,1125790,6406422
گردنبند طرح اسم سعید,1125790,1689085,716418,1039612,1445478,1040332,1689189,969418,2009191,16336573
گردنبند طرح دم عقرب,2762664,1068953,8073921,4374767,1689085,12275335,9207784,9593967,5094220,3328280
گردنبند طرح واحد پولی,3352967,997828,545029,2856287,3844616,1068953,8844118,1689085,12275335,9207784
گردنبند طرح کرومی,14324362,14757059,16813121,13661348,15982703,14207701,17718484,12497141,1068953,13637578
گردنبند طلا 18 کیا گالری,14785300,15912361,14672248,17577708,15124629,738024,738044,5094220,341951,2009191
گردنبند طلا آجری,10916034,5094220,14785300,11561432,12904286,969443,13000495,341951,8688514,2009191
گردنبند طلا اسم شراره,12194835,12904286,2009191,12057521,14974123,14969535,14977370,13391818,13837940,10984525
گردنبند طلا بانام جواد,13837940,9739424,7219645,5094220,14785300,11561432,12904286,969443,13000495,341951
گردنبند طلا روبان,14672248,5094220,14785300,17027259,11561432,12904286,969443,13000495,341951,8688514
گردنبند طلا سنگ درخت زندگی,969443,5094220,14785300,9836112,11561432,12904286,13000495,341951,8688514,13147836
گردنبند طلا مدل حروف,5094220,14785300,11561432,12904286,341951,13000495,8688514,969443,13465465,12863242
گردنبند طلا وتوس,2263097,9979939,5094220,14785300,11561432,12904286,969443,13000495,341951,8688514
گردنبند مدل دوستی روه,12549554,11769043,12258492,13245538,6791039,7545798,1024260,13325298,14540468,13379685
گردنبند مدل نت موسیقی قلابی,970451,11378133,6394152,14603315,11589339,14621297,14621679,11047327,4057122,5378489
گردنبند مدل پنجه,12300886,7388202,13682018,321828,13280719,5607537,8075123,6128576,7906591,8549674
گردنبند مذهبی مسی,7900737,13431892,7949615,6735488,7947331,6687979,5729749,13233331,13778709,1508629
گردنبند مردانه فول نگين طرح واحد ﭘول دلار,9207784,12697040,13156440,10848612,8280670,2076260,9593967,6196636,3328280,9398706
گردنبند مردانه مذهبی,9593967,9398706,3914219,6947046,5747151,5701899,9207784,3328280,5083205,8854601
گردنبند مردانه هیئتی,9593967,9398706,3914219,6947046,5747151,5701899,9207784,3328280,5083205,8854601
گردنبند مرواریدمروارید عشق,326100,10111279,14974123,13091349,8936330,2407543,2450919,325520,8339552,8054296
گردنبند مندلورین,8666126,5024031,7906591,608534,5083205,1068953,1002768,9593967,1556521,16336573
گردنبند مهره ای,7049449,889267,8770709,5438008,12854812,723895,1141733,1048946,14243261,835347
گردنبند مگنتی نقره ای,5438008,1095832,9641524,7545798,1125790,11736992,5447615,794980,14629544,4499121
گردنبند میشکا,626715,7906591,608534,5083205,1068953,1002768,9593967,1556521,16336573,657657
گردنبند پرفش کاویانی,12542244,7906591,608534,5083205,1068953,1002768,9593967,1556521,16336573,657657
گردنبند پسرانه خدا,889267,3778331,1555394,236664,2561858,3390986,7810186,7338292,12126072,139696
گردنبند پلاک یسنا,5094220,5719815,657657,835347,663229,716418,9709270,13391818,899210,326100
گردنبند کارتیر مشکی,757701,9641524,9530686,2944457,6420791,7906591,608534,5083205,1068953,1002768
گردنبند کودکانه مرواریدی,14256381,16720639,6554716,14679335,13384859,12947644,6185331,5260050,4131783,7906591
گردنبند گردنبند منشور کوروش,2610258,14144893,7906591,608534,5083205,1068953,1002768,9593967,1556521,16336573
گردنبندمدل فرشته وشیطان,4940985,7867932,1095832,7419193,9833806,4621203,1621699,7655830,7771001,14006084
گردنبندوگوشواره استیل,8456500,842691,4616527,3911995,4924987,552599,8754590,4182129,9445070,968220
گردنبندچشم  الی میناتی,10480335,12196553,7419570,1054461,800400,16736391,1120456,723825,100000,100000
گردند بندمدل مگنتی,759790,13943115,12623594,14541067,9641524,7545798,11736992,9403178,5831721,100000
گردنيند اسم بهار,13645820,969418,5261472,13344920,862511,11402645,477306,4937291,11373570,3365847
گردو کادو,4131783,4208525,4635943,12247101,12648083,1838867,13836558,8083000,12692262,9114819
گردگیر دنده رنگ قرم,7488407,5585111,7128898,8955389,172702,15470725,831772,4331855,1621606,933185
گردگیر مته,831772,4331855,10985094,7488407,8955389,5585111,14128745,2580767,15297206,11727101
گردگیر کمکفنر پیکان,3934654,831772,4331855,7488407,8955389,5585111,9839290,11132726,4823722,1094947
گرذگیر دنده ۲۰۶,2132669,15222255,172702,5505856,13526092,10479667,2783887,7488407,3294846,9540940
گرلز انکل بوتس وید زیپر,15210263,100000,100000,100000,100000,100000,100000,100000,100000,100000
گرلز بوکمارک ویت حجاب دیزاین,1104172,75932,1818291,75912,6830791,9880812,1924368,3974550,10631178,1633485
گرلز پن,9901089,10375343,2249102,3191239,7507127,1025447,1010639,5268387,1156639,3790582
گرم کن شکم,3170650,4137364,8721656,52753,4012539,12680909,870053,3606476,1104172,11859478
گرمکن ورزشی برای ۱۲سال,1439864,13301972,9456046,10059377,3740920,4185887,3400868,13153601,837412,8955487
گره باز کن ایروکس,11249452,13359277,6574559,8274157,1922967,2672678,7705977,4452962,1803663,16347160
گرین رایت,9287312,4905731,7959507,9740519,861406,2726511,1896044,7501115,273080,34184
گرین سیلک,10824962,7959507,9740519,2726511,1896044,7501115,273080,34184,3400456,119518
گرینفیت,100000,100000,100000,100000,100000,100000,100000,100000,100000,100000
گریپ استند,947718,5901901,3612578,5478456,16051918,7188425,3782930,3257807,2342736,815931
گریپ درسته,947718,5901901,3612578,5478456,16051918,8279720,100000,100000,100000,100000
گشوار طلا آوا,8917094,6840762,9838089,11612063,14010886,424094,14514981,9835817,11097126,7645771
گشواره صلیب میخی,8966653,9752721,11060860,5186840,9833806,13985468,13986631,2860406,4682310,1072595
گشوره تلا,100000,100000,100000,100000,100000,100000,100000,100000,100000,100000
گف پای پراید,2007653,598677,2234013,2182660,5378982,2760515,16971721,8215382,7334223,6593322
گل آفتابگردون,4496965,9747174,7956334,4439658,8737931,4089307,9700179,7295598,968607,3665333
گل اقاقیا مصنوعی,1646002,4496965,9747174,8737931,3665333,10375725,9508030,15121526,1084233,3127072
گل اوب,4496965,9747174,7956334,4439658,8737931,4089307,9700179,7295598,968607,3665333
گل بنفشهی افریقایی,13507309,4971666,14060525,4496965,9747174,7956334,4439658,8737931,4089307,9700179
گل بو کا,3935371,15129745,12895905,646879,8397846,10063253,8391550,3179083,3464453,7289290
گل سانسوریا,3127072,4821058,4020554,14060525,4496965,9747174,7956334,4439658,8737931,4089307
گل سر رنگی تق تقی بسته ایی ساده,7111920,14006084,10395721,11750546,12525326,717913,6978184,7531652,8754662,554649
گل سینه مدل لگوی رشته حقوق,1547423,1621630,988454,2152076,95006,2030253,8729182,16753709,7929551,13145967
گل شامادورا تافکو,9408316,9412499,9369558,3602551,10635486,4496965,9747174,7956334,4439658,8737931
گل فرفوژه آهنی,8833060,9067793,13717126,3875716,6928475,1590579,2022697,4496965,9747174,7956334
گل مدل خرفه,4424718,4496965,9747174,4439658,8737931,9700179,7295598,968607,7956334,3665333
گل مسنوی رز,4257429,4089307,968607,1084233,6330542,4615249,1096116,7630518,154410,556858
گل مصنوعی  بابا آدم,9408316,10635486,4496965,9747174,8737931,3665333,10375725,9508030,15121526,1084233
گل مصنوعی و گلدان رونده,3665333,1084233,15121526,3127072,4496965,9747174,4378092,8737931,451232,5717830
گل میخ مدل رز,4257429,968607,4089307,6330542,1084233,4615249,1096116,556858,7630518,4787255
گل نگین دار,6431368,742370,11433406,3859880,6435705,9362011,8231314,13154854,10229655,7706851
گل و گد,12669232,4496965,9747174,4439658,1084233,8737931,9700179,7295598,968607,109449
گل وگیاه مینیاتوری آکواریوم,15121526,1138667,9791693,5536763,2930956,440818,3330902,6213165,859111,1514664
گل پخش كن عقب چپ برای تیبا,16633807,2951815,1593759,6446757,2957013,8461270,4096476,5506836,8860964,3398398
گل کت وشلوار,2573602,1806576,626412,1333664,3046384,13325895,617708,422663,7556142,15641477
گل یه شاخه  رز,4089307,1096116,7132885,4257429,968607,1084233,6330542,4615249,7630518,154410
گلاب پاش دسته دار,7513454,2959261,1125449,6681201,2209409,10479698,790883,11209558,11697889,8000565
گلاتومین,100000,100000,100000,100000,100000,100000,100000,100000,100000,100000
گلاه ایمنی موتور سیکلت,6285581,996559,1476125,996546,6706357,1910538,9126936,8428516,5091908,1968037
گلد ریمد سولار استموِر گلس,6233264,3606476,4214565,7922395,7906416,7205752,16534430,4626315,8701936,5500776
گلد لیف اند کریستال,959286,173998,8348280,5809629,2182908,4214565,7922395,7906416,7205752,4626315
گلد پندنت ویت حسن نیم دیزاین,75932,1818291,75912,6830791,9880812,1924368,3974550,10631178,1633485,4214565
گلد کیش مدل برد,15521816,10157236,3181103,7922395,7906416,4214565,13369143,6800873,7205752,4626315
گلدان با گل بزرگ مصنوعی,15121526,1084233,3127072,4496965,9747174,4378092,451232,8737931,5717830,3665333
گلدان مصنوعی بخشی,451232,5186645,15121526,1084233,5717830,3127072,6990082,4378092,4496965,9747174
گلدان گل شیپوری سفید طبیعی,4307586,6978184,7125606,5221431,15121526,1084233,3127072,5720281,7188425,7956334
گلدن کراون استچو,516414,10101664,1725361,998156,5131123,499827,10618588,1486297,522199,3576216
گلدون  و زیر گلدونی,2560169,904082,503450,11695682,624926,3716034,170684,12603987,13963203,6696145
گلدونهای فانتزی,15216852,14793930,12344937,11283001,10853306,1429406,12698358,5424088,7845852,10693961
گلس  شیشه ی گوشی جی ۵ پریم,8391550,8589271,11461154,13430967,5480232,8068949,13401998,2275561,8558213,9463203
گلس  می بند 7پرو,980291,8227563,61733,8728636,9080532,1482145,145805,11853696,13599913,9515946
گلس  پشت گوشی سامسونگ a53,11819855,11498020,11505940,8136420,15662041,8466522,14355993,8265570,8501589,7406081
گلس 12T شیشه ای حریم شخصی,9858026,14050144,11932695,8122684,8260844,10947201,8111206,8255486,14862524,6841147
گلس Xanax’,8716143,8589271,8515925,8641948,3837073,13599913,8603573,8558213,12384425,9463203
گلس Z fold4,9463203,9277135,7279053,9937384,8176598,9491143,8002859,5197288,14884689,8519455
گلس a2,11601102,10275604,4385925,4496519,11375836,5345709,6287157,8716143,8589271,8515925
گلس antistatic برای s21 ultra,14419202,8515925,5381957,4367900,14348441,4339537,7886431,14862524,8330682,12693128
گلس mi 11لایت,8619645,8366074,8728636,8598558,15213679,9686380,11636446,9022790,5363631,15738138
گلس mi12 x,12296936,367085,11149658,6368593,9330978,142262,12689957,482048,7266005,11414941
گلس n 73,416524,4348727,13390498,14415657,9680638,1654753,9001613,1495626,12217894,3969694
گلس redmi watch 2 lite,8680093,7602522,7380557,8619645,8598558,14911876,9393108,10343786,15213679,13599913
گلس rt2,13599913,8716143,8589271,8515925,8641948,3837073,8603573,8558213,12384425,9463203
گلس ایرو ژل,585215,2754683,13516129,1534108,12101402,2583317,11563408,82118,2537376,3833118
گلس اینفینیکس  نوت 10,6582907,6404063,8366074,9067279,6424773,17211507,11830223,11928674,10694984,12940209
گلس برای grand A05,13947563,13530777,6148399,10886706,14090709,8240281,15024154,2980118,14277324,15138404
گلس برای موبایل سامسونگ a25,15662041,14355993,14017355,14252291,14903664,15434148,15180044,12748284,13215408,13981087
گلس تبلت a8 2019,8118539,8729265,7835147,8653138,9125167,8580214,6270270,1543638,1829340,4332189
گلس حریم خصوصی نوکیا,14050144,6936119,8260844,10947201,11932695,8122684,11023896,8111206,8255486,15595047
گلس حریم شخصی rebmi note 8,11932695,8122684,8111206,8260844,14050144,10947201,8255486,14151634,4835505,11715788
گلس دوربین f5,12242650,11928674,6836434,8518680,9463203,6404063,12254764,14410946,2768140,13785460
گلس ریلمی 9,12384425,5572422,12915237,10614847,14002894,14498008,9373848,13675000,5093286,10353248
گلس سامسونگ آ۱۴,6836434,8603573,9463203,8641948,14050144,9249898,13947563,11215544,11601102,3639615
گلس شخصی  a05s,14050144,8260844,10947201,11932695,8122684,8111206,8255486,14333378,15294551,14262609
گلس شیائومی پوکو،m 5 s,184924,8558213,7604444,3837073,8431072,13390498,4304416,11474078,3969694,8515925
گلس شیائومی ۸,8716143,7988240,8122684,11932695,8111206,9496468,8515925,11928674,8518680,8255486
گلس ضد خش آیفون 13,6965505,7652099,6781339,10343254,9947773,6680257,6882054,6927431,7032881,12684890
گلس فوسبال تیبل,8716143,8589271,8515925,8641948,3837073,13599913,8603573,8558213,12384425,9463203
گلس مناسب گوشی هووآوی,8589271,8515925,8716143,11928674,6836434,8518680,13958106,15662041,8603573,8558213
گلس میبرولایت ۲,8680093,14911876,8580214,4490294,8728636,8716143,8589271,585215,8515925,8641948
گلس هواوی Watch Band 7,11637376,8728636,11259203,74937,10784902,8860025,9422975,7652374,15554497,8517823
گلس وایت برد,8242042,4126650,6851000,7732009,9033285,6611660,10157236,6412337,520041,3181103
گلس پرایوسی گلکسی اس 23,31969,8520254,5883355,7946629,63831,8334051,13796580,314213,9167161,401065
گلس پرایوسی گوشی شیائومی ردمی نوت 13,14735824,14412468,13415140,14348441,14466435,11928674,14948744,14128927,11500217,6404063
گلس پشت گوشی شیائمی ردمی نوت ۱۳,14412468,6965505,14735824,13806390,13415140,15077168,8895120,14348441,14466435,14862524
گلس کتابی,7237753,12640343,2813183,587934,7389929,2675756,8716143,8589271,8515925,8641948
گلس گلکسی سامسونگ s24,63831,14486755,14469461,31969,314213,14194971,561419,401065,14466033,17210794
گلس گوشی 10a,8558213,6446207,12849009,8589271,8716143,8515925,13958106,15662041,8158169,8466522
گلس گوشی galaxy j 7 prime,7571853,11284083,8391550,2675502,13947563,8506314,13113689,12373966,282952,10886706
گلس گوشی note 11 s,14146381,14494540,10903141,10722131,9083865,13402069,8493464,8895120,11363626,8619645
گلس گوشی شیائمی  ردمی ۱۰ ‌a,8518680,6404063,8366074,14501589,8869738,557013,8589271,8716143,8515925,13958106
گلس گوشی شیامی نت ۱۲s,12557249,12990949,14958165,9022790,12428216,11999145,12365580,11840273,11853696,15054491
گلس گوشی موبایل شیائمی نوت 8,11932695,7988240,14735824,8122684,11928674,8111206,11500217,6404063,14412468,8368358
گلس گوشی پوکو ایکس سه,9039614,8824918,8986359,215561,12379255,7631473,8589271,7847572,8716143,8515925
گلسa 21 گوشی,10662801,5517534,163221,7415649,8941042,591616,8348995,14509231,6843443,8395302
گلسs23fe,100000,100000,100000,100000,100000,100000,100000,100000,100000,100000
گلسsuperD,100000,100000,100000,100000,100000,100000,100000,100000,100000,100000
گلسره کوالا,5629235,966594,3795522,5703249,11463490,6460591,100000,100000,100000,100000
گلو کوزامین,2818526,100000,100000,100000,100000,100000,100000,100000,100000,100000
گلوتامین یروویتال,7775776,17011472,8134818,6976321,7433262,9900262,100000,100000,100000,100000
گلوله های نرف,3265129,3265330,3166778,12708037,3219595,8286849,10548632,14574540,8087355,14092946
گلکسی اِی زیرو فور ای,561419,6535145,2751858,99116,7221868,11644793,63831,12838592,10892052,4787696
گلکسی ای ترتین فون,561419,8995528,1062567,99116,1944985,12588138,2010522,63831,10892052,3164744
گلکسی بادز2پرو,63831,13796580,314213,401065,8476689,31969,561419,377898,10892052,99116
گلکسیs24EF,100000,100000,100000,100000,100000,100000,100000,100000,100000,100000
گلیتر میرور,4181452,3148851,100000,100000,100000,100000,100000,100000,100000,100000
گلیم الماس کویر,6214663,10892079,3592012,10626358,3254442,3729609,3754640,890421,5855224,3525212
گلیم ماشین,3592012,890421,2044653,999220,9578637,9110721,2315399,12325010,8844118,8587723
گلیم ماشینی طرح فرش نرم,890421,3592012,999220,10739444,499812,1730311,220980,976059,347050,262253
گمین.,842976,100000,100000,100000,100000,100000,100000,100000,100000,100000
گن سرهمی پلنیذ,1610096,4810357,5162821,7572898,9061987,3893911,8023119,13369159,12163667,8523926
گن ۲۰۱۷,1610096,4810357,5162821,3893911,8023119,12324828,561419,320285,521085,314213
گهواره شادی,14053056,3696981,7330976,158566,714324,438452,8948840,2860902,3829727,1699269
گواش ۶یا ۱۲ تایی,4064721,1655174,4207004,5483508,616505,8268624,470122,666324,938922,5880436
گوجه فرنگی های سبز,2485582,4149665,2149655,8895878,13938765,2636755,5656137,5034707,17450264,537291
گوجه گیری,13938765,4149665,2149655,2636755,2140891,5205987,5024186,3135503,2485582,26666
گوریل بد شانسی,15313082,12295866,4169526,14457652,9445143,1718000,3369509,2949988,17845107,3692410
گوسفند حمام,6535145,9001111,11630643,7691559,455580,466066,5901716,2976227,774908,1605401
گوسواره لولا مخفی,14009347,6245149,6805009,4375624,15830443,4777970,7568714,9411876,12043381,4587844
گوسی ۱۴ التورا,9679149,5264862,5487496,4003038,2230780,4653509,13854737,6188612,6686726,364527
گوش پاک کن سگ و گربه,107681,8930873,4577534,979720,736874,14456404,14263482,4528161,7858136,13519086
گوش پاکن آهپی,8930873,577147,14126372,6578624,981926,1513702,533697,57149,9097395,1565823
گوش پاکن سپتنا,8930873,577147,14126372,6578624,981926,1513702,533697,57149,9097395,1565823
گوش گیر برای مهندسی,1513702,8531080,533697,981926,405960,17892194,17977823,6578624,230499,7197181
گوش گیر بچگانه هدفونی پشمی طرح کرومی,17892194,9371896,1513702,8531080,17664542,533697,981926,405960,10079503,17977823
گوش گیر زمستانی دخترانه مدل پمپی,17977823,17892194,17330681,8531080,1513702,533697,981926,405960,12349726,12349662
گوشاذه زنانه بنفش,2748203,13871715,10599126,1514008,10611401,17892194,604261,1955382,1098257,11557366
گوشت خورشتی گوساله,1761198,1760058,2148347,5049798,14467723,2767413,10120858,8735928,4885876,106999
گوشت راسته گوساله گوسفند,2148347,1761198,1760058,9001111,5049798,5478241,5344498,1761982,7745780,14467723
گوشت کوب مولر,14467723,10120858,8735928,106999,3587005,7111030,305811,4980704,9115881,943809
گوشت کوب پلاستیکی,14467723,10120858,8735928,106999,3587005,7111030,305811,4980704,9115881,4887699
گوشتکوب ماکسی,3670271,100000,100000,100000,100000,100000,100000,100000,100000,100000
گوشن کت,626412,1333664,3046384,13325895,617708,422663,7556142,15641477,4801149,3933746
گوشواره به اسم اوا,10855478,11612063,15094280,14985370,14010886,10464170,424094,14514981,16302939,14974123
گوشواره حلقه مشکی,10480997,17443537,13986631,930487,738044,8344086,5891778,1072595,1122123,3198163
گوشواره دخترانه آی ام,12961215,5891778,7845852,4682310,5097503,556907,3729553,10480997,1115690,9800468
گوشواره دور گوش,1873063,10464170,6578624,14477251,9293680,4280661,4682310,9480573,930487,8966653
گوشواره زنانه شیک ارزان,475517,9293680,14477251,4280661,9480573,930487,8966653,2860406,899210,13148169
گوشواره سه تایی کریسمس,938922,6596054,4207004,5483508,616505,470122,13682626,14477251,5880436,9293680
گوشواره طلا طرح سکه,1115690,12004587,14265961,11329050,12663728,13344920,4557413,12663531,4557717,3729553
گوشواره طلای نو,10480997,17443537,11612063,3030255,208976,2846485,3038837,3009257,4582181,11970613
گوشواره میخی طاا,8966653,9752721,11060860,9833806,13985468,13986631,2860406,4682310,5186840,4557717
گوشواره میخی طرحd,8966653,9752721,11060860,9833806,13985468,13986631,2860406,4682310,5186840,4557717
گوشواره پرسینگ اویز,14477251,9480573,12700122,2209733,8033239,738024,8344086,1122123,3198163,552599
گوشواره پرنگ دار طلا,4557717,9752721,738024,1115690,10799223,435849,738044,9833806,13985468,8033239
گوشوارهطلا دخترانه,14757100,5616229,1350873,8699409,5255132,1924214,15319503,9984477,9016025,4626274
گوشواره‌طلا حلقه ای,10480997,17443537,738044,13986631,8344086,1115690,8033239,7828165,7828202,12576663
گوشی  S13,8497198,625647,1547931,3622380,4952893,859,14349114,12990949,5662822,4823914
گوشی  سامسمگ A24 کل قاب ها,13466392,14565665,12673157,11315888,14082098,17792304,13206313,12372720,13975038,4241121
گوشی  موبایل,3622380,5662822,859,3437,4765687,4823914,9786391,13530777,401,13237992
گوشی 1403,11136536,14234612,14068241,14495355,14292205,13961466,15069967,13884190,15129291,10125799
گوشی 5210,2582223,625647,1547931,3622380,4952893,859,14349114,12990949,5662822,4823914
گوشی AA13,6223712,625647,1547931,3622380,4952893,859,14349114,12990949,5662822,4823914
گوشی Atp,7807071,625647,1547931,3622380,4952893,859,14349114,12990949,5662822,4823914
گوشی C53 کاور,13675000,14209828,13609766,13875577,625647,1015441,26246,348142,17252131,1882481
گوشی GT6,7371778,625647,1547931,3622380,4952893,859,14349114,12990949,5662822,4823914
گوشی POCO M 5,5838033,6305458,3969694,6929586,14326964,8688900,4885206,8149411,12094463,584731
گوشی a25 سامسونگ چنده,14017355,14903664,14252291,15180044,15434148,13981087,12748284,13215408,14355993,15662041
گوشی a۳۵ رام ۸ ۲۵۶ قیمتش چنده,14851182,14413968,15058232,16559392,14399184,14129480,6574189,12853385,14116027,17293037
گوشی e۷,10237616,3636273,625647,1547931,3622380,4952893,859,14349114,12990949,5662822
گوشی m525G,625647,1547931,3622380,4952893,859,14349114,12990949,5662822,4823914,8337213
گوشی poco m6,17252131,14540484,12747983,12749087,14162875,14565825,14782947,14644123,14883397,14267015
گوشی t۱۳ پلاس,14275370,14656328,12527301,13287099,11648685,9087079,13532245,14048785,10240877,10073733
گوشی آ  چهارده,1626470,13339182,1619296,806089,806023,806140,758079,774859,12226742,7143480
گوشی آنر ۷۰,10590984,5452756,8586890,12853385,4411527,10892772,10886566,9786391,17647594,9796369
گوشی آیفون ۱۰,6083419,13251635,6882567,4734311,192637,8161925,1638676,2126582,6781339,6576917
گوشی اس 21,9370,10662801,13158377,11923642,5517534,11363626,8334051,163221,636207,7415649
گوشی اسباب بازی مدل آیفون ۱۳,2540963,6781339,10343254,9947773,6680257,6882054,7032881,12684890,6779488,8739501
گوشی انر     ۹x بی,10892772,4411527,5452756,2511416,12499125,6532707,3765030,4977852,8586890,12853385
گوشی اپل ایفون ۱۳ پروپکس,6781339,10343254,9947773,6680257,6882054,7032881,12684890,6779488,8739501,9278594
گوشی اپل قیمت iphone xs,2144967,4593072,6083419,14274805,974392,9969986,10611243,974308,1165495,12986108
گوشی ایفون SE 2023,13251635,252852,9926413,9820263,8161925,4023448,14512408,8842022,15830110,10379710
گوشی ایفون کوچک  مینی,13251635,6882567,4734311,192637,8161925,1638676,2126582,6781339,6576917,10343254
گوشی جدید بدون نت,3057033,15325496,12092316,506035,14265961,475845,4529789,8135386,527242,868935
گوشی جی ال ایکسe20,26246,215561,1257,7847572,7631473,14139392,9600229,897119,11852994,8391550
گوشی در موبایل a60,8623688,2043912,2847594,2806578,282237,4823914,12546851,1145021,13602764,6995935
گوشی ردمی c12,625647,1547931,3622380,4952893,859,14349114,12990949,5662822,4823914,8337213
گوشی رم ۳۲,7847572,10310384,9651132,7970261,8718260,6265476,12461983,5749229,16414350,9474766
گوشی ساعت ظ,2572985,5545020,2396283,3083455,2260890,3191825,2205336,7750051,7324155,9755541
گوشی سامسنگاستوگ a72,9520545,4834527,625647,1547931,3622380,4952893,859,14349114,12990949,5662822
گوشی سامسونگ اس ۲۳ اف ای,13158377,11363626,11923642,8334051,8520254,8164385,9370,14503393,8869738,5883355
گوشی سامسونگ ام 55,8671752,4405075,5822347,14679714,797440,9762863,8330682,31969,859,36838
گوشی سامسونگ مدل galaxy a32,8688393,6836434,12664374,6239105,5547436,5089067,5813081,11797912,7944449,4531915
گوشی سامسونگ مدل s24 اولترا,14486755,14469461,14194971,14466033,17210794,14050989,14311467,14263738,14129480,14262166
گوشی سامسونگ گالکسیs04,859,5136293,9490803,9491143,1932392,11424321,8333179,3101194,16998315,11228484
گوشی سامسونگ گلکسی آ 02 اس(Samsung Galaxy A02s),6438146,4314484,13692930,314213,9627385,31969,561419,9370,10116775,63831
گوشی سامسونگ گلکسی جی 5 پرو,314213,99116,63831,561419,401065,377898,1053212,9370,31969,11494321
گوشی سامسونگs20پلاس,625647,1547931,3622380,4952893,859,14349114,12990949,5662822,4823914,8337213
گوشی شبائومی نوت11,625647,1547931,3622380,4952893,859,14349114,12990949,5662822,4823914,8337213
گوشی شیائومی Pcoc Cc31,3397286,10268467,17137557,1926451,7426186,12789392,10633491,12990949,14577010,17567737
گوشی شیائومی ردمی پرو ملاس,7203816,14958165,3876416,11159404,10878356,8141019,8688900,10694984,7373577,11606815
گوشی شیامیs65,625647,1547931,3622380,4952893,859,14349114,12990949,5662822,4823914,8337213
گوشی شیاومی ردمی 8. 5g,117414,8107063,14116027,6574189,9743158,14523169,7116243,5556127,5570927,14131581
گوشی شیایومی redmi 10s,5298345,7835167,5796311,8378023,6335260,4859301,5535281,17211507,9998533,5089447
گوشی شیایومی سی جی 64,9118043,12782977,7715198,6824436,326117,11947958,693723,12086669,1851696,4337355
گوشی شیمی نوت 14پوکو ایکس تری,11641716,11242909,12068576,8986359,11682207,14209762,9962550,2609471,215561,1054461
گوشی موباید داریا,12066178,17992293,14191430,3310976,625647,1547931,3622380,4952893,859,14349114
گوشی موبایل  شیایومی mi11lite,3622380,5662822,859,3437,4765687,4823914,9786391,13530777,401,13237992
گوشی موبایل A22,7479385,6372758,9171692,7762011,14441998,5950634,7066059,3818902,486750,3622380
گوشی موبایل اپل mini,3556611,11722455,6808488,3639977,11476645,7032922,104405,2396283,354069,174172
گوشی موبایل سامسونگ ردمی,859,5136293,1932392,11424321,3101194,11228484,16998315,4065469,9491143,7774474
گوشی موبایل سامسونگ مدل galaxy j7,1734256,98090,9361439,791053,6660785,5839832,4502643,7571853,321303,11284083
گوشی موبایل کپی ایفون,13251635,6882567,4734311,192637,8161925,1638676,2126582,6781339,6576917,10343254
گوشی مینی تاشو ی آیفون,2275561,13251635,6882567,4734311,192637,8161925,1638676,2126582,6781339,6576917
گوشی های ۳ لیونی,7106192,3721024,12817985,3183082,3532969,10602118,9393108,8695838,183989,313420
گوشی هواویpsi laet,625647,1547931,3622380,4952893,859,14349114,12990949,5662822,4823914,8337213
گوشی پزشکی اکومد,1547931,4952893,11722455,907973,3348511,5304337,6129457,14037723,1718585,7858686
گوشی پو کو X5,13278587,11594759,11717667,11505940,12255351,6836305,2253986,11153458,11294197,12760907
گوشی پوکو ایکس شش رام دوازده,17293037,6069316,14784256,215561,12379255,7631473,7847572,7195564,14413968,5185330
گوشی پی 50هواوی,9370,1257,8806823,10715109,10706737,1301248,482,6745754,12075751,9585969
گوشی کلاسیک a40,12169001,14653093,401,14003434,8748301,13537262,9828036,431195,15739585,9635098
گوشی گوبایل سامسونگ آ۱۳,859,5136293,9490803,9491143,1932392,11424321,8333179,3101194,16998315,11228484
گوشی گوشی مخصوص بازی,3283047,5132596,9986629,3207817,4479388,5926917,11679069,26246,4107592,10519102
گوشی ۷ سون پلاس گلد,10073733,7973084,6355888,11156711,9276066,569723,5812546,4309859,7944206,2595835
گوشیa51آ,100000,100000,100000,100000,100000,100000,100000,100000,100000,100000
گوشی‌55,14679714,6585334,4663785,8326311,7206351,7606003,16891674,13296825,2842162,1287
گولر گازی ۳۲۰۰۰,8545127,7425234,9980728,5191394,6187225,5182865,6826975,704354,5867668,5867074
گوی برفی انیمه,11255090,15309498,8339552,4169526,12926669,1489256,9051696,12640343,10311550,11662113
گوی تراش طلا,9950830,972667,17443537,11612063,15309498,8339552,1573576,1489256,8328373,4622727
گوی تکی گل یا پوچ,17286872,17085831,17085179,16546423,17616593,15309498,8339552,1489256,12100809,10311550
گوی شیشه ای فوتبالی,15309498,8339552,1489256,10311550,8338751,9153803,2080004,17751721,17177349,14612250
گوی مروارید طلا,9950830,1016349,972667,15309498,8339552,8344086,1489256,2191995,10311550,6503651
گُلد بابا (دَد) نِیم نِکلِس,3989214,13449849,9408316,10635486,2089139,2470801,7106135,100000,100000,100000
گُول کیپِر اِسپُرتزوِر سِت,100000,100000,100000,100000,100000,100000,100000,100000,100000,100000
گِرلز بِرثدِی ثیم ساپلایز,100000,100000,100000,100000,100000,100000,100000,100000,100000,100000
گِرلز بِلاوز اَند اِسکِرت سِت فور تِن ییرز اُلد,6535145,2751858,7221868,4787696,5032834,10152408,7699090,9952960,6748502,14263482
گِرلز بِلاوز سایز سیکستی,1016395,5066622,57321,15982093,14471723,12904616,8122486,5812779,5054450,12946769
گیاه فیکپس,7125606,5221431,14132756,5073393,4424718,4020554,3602551,3605044,4971666,7499738
گیبرد فانتزی دخترانه لنووا 17,7845852,1429406,11342834,14301017,10556052,5630320,7288906,9089076,7728180,9041199
گیبورد رپو,2843881,13882158,8182052,2696680,100000,100000,100000,100000,100000,100000
گیتار بچه گانه  ترح مکوئین,839813,1020800,2520167,173977,705153,4883013,1496004,4173214,555591,702522
گیج روغن موتور برای,6864861,1453431,861621,8806208,147516,9567498,4060266,202993,6944449,12586562
گیج فشار ازت,8229567,9557316,2555717,14319333,1453431,6864861,5075705,205704,10194342,1651116
گیر بکس وانت,12830552,10626050,4729870,15414041,2969980,7368232,15165767,8945874,2917060,12337287
گیر مو  بسته,2533837,7431248,9086146,7254757,533697,2176301,7386838,14163515,1534778,7107507
گیربوکس‌پراید,7334223,6593322,6105665,7294795,12890633,6459788,9780426,12456849,6524315,6461093
گیره  ام جی,1517385,636662,4629071,101399,7638502,2637958,6948558,6335164,5195847,646879
گیره آویز حواه,8511358,9715350,1144352,13081627,5011442,11287730,1517385,5762274,1407137,1122015
گیره روسی طرح لاله,12445445,4621203,5618757,2469946,6712337,12140763,8966653,11287730,1873063,14006084
گیره سر عددی,8554169,5011442,10553926,8511358,5762274,3090192,2406103,5765902,3564259,868521
گیره سر پروانه,1013848,2949925,8554169,11342834,1144352,13081627,14243261,9097395,11900976,8280670
گیره شلنگ هوا آکواریوم,4288693,2977515,4372486,9557316,408640,219969,4950239,8229567,2066449,737108
گیره عکس سه متری,323714,1035452,10254311,12318197,966594,196762,3887956,866146,2044653,8355764
گیره قلاده پیچی,14871576,7858136,8826326,8824586,10474848,5306585,961479,6435705,11322928,1144352
گیره مو رنگ سبز,1013848,865529,10860371,6631597,5765902,6503651,10553926,14006084,13325895,1602309
گیره مو زنانه چوبی,9365925,10860371,6631597,6503651,14006084,14679335,10387007,1013848,4858470,10395721
گیره مو ستاره,11750546,12525326,10562881,10860371,6631597,5765902,6503651,10553926,14006084,1013848
گیره مو طرح پروانه  مات,1013848,2949925,14006084,10395721,10676895,4858470,9089076,10860371,14311051,10229349
گیره مو کانزاشی دوشاخه.,14679335,10860371,6631597,5765902,6503651,10553926,14006084,1013848,1602309,917261
گیره نگهدار آینه,2561992,6526822,5619556,14079258,1144352,13081627,2537106,17403628,12181285,713831
گیره چوبی لباس ترئینی,5762274,9365925,2406103,9715350,1144352,13081627,14063205,6902160,5011442,10500732
گیره چوب‌لباسی,8726996,1662761,1817540,8132436,1610239,7755643,917220,3629964,5519452,717455
گیره ی چراغ ریسه ای,10562881,2061647,11070498,7844352,5069534,13462878,803587,9981331,419085,2864628
گیره ی گوشواره,4280661,145237,10562881,12525326,14477251,9293680,4682310,9480573,930487,8966653
گیری سوسماری,10553926,2008043,3564259,6099091,2140891,5205987,5024186,3135503,26666,672592
گیفت الفبا نشانه,14267107,12496394,13877869,5599114,6902007,4440027,8961486,11007937,4500400,4826653
گیفت باکس مسی,13877869,1908813,13431892,6902007,4440027,6687979,8961486,13233331,13778709,1508629
گیفت عروسی مدل خاطره,14046704,4500400,4440027,8961486,2249146,13877869,10699355,6902007,12467982,14267107
گیفت عقد عروسی,8961486,4500400,4440027,14046704,13877869,5832518,6902007,12467982,14267107,17426826
گیفت عقد ونامزدی,8961486,13877869,5832518,6902007,4440027,4500400,12467982,14267107,14046704,17426826
گیلاس سنتر,11851294,100000,100000,100000,100000,100000,100000,100000,100000,100000
گیلیسولید,7446965,100000,100000,100000,100000,100000,100000,100000,100000,100000
گیمبال دوربین اسمو پاکت۳,14214555,8509775,2873515,947718,3927,4621360,92087,12981178,3294846,1828722
گیمینگ پیس,7788990,7559080,7142116,11248112,6625780,6556217,5593181,11442145,7094941,6759548
گینریورویتال,100000,100000,100000,100000,100000,100000,100000,100000,100000,100000
یادآور و نگهدارنده قرص,5889807,3812340,3597538,7432879,5152888,9505521,5189014,7127873,12375903,5111291
یادداشت رومیزی کریمی,853883,13961466,4173722,9514931,729513,6735488,9785505,148036,8526110,8355017
یخدان مسافرتی فندکی,142554,4564067,13040232,12198072,14703809,379621,8054513,5990540,158073,6035044
یخچا ل فریزرایستکول,100000,100000,100000,100000,100000,100000,100000,100000,100000,100000
یخچال  امرسان,130809,3782325,3420119,130792,1993094,6884317,6884403,7234165,13652157,6048427
یخچال اسباب بازی مدل سایدبای ساید,3797133,130792,3361033,5632277,11314580,11853616,3823192,9561936,892744,11790946
یخچال ال جی سایز ۳۲,6394442,7847572,10933664,6940473,13944827,9659575,7970050,1652460,9660030,130792
یخچال الجی ۸۳۲,9151144,10120858,14005576,1482145,6884317,6884403,7234165,13652157,6048427,130792
یخچال بستنی دستی,12926611,9349079,8041694,4729006,15126651,9095355,451449,2899169,5941999,7066450
یخچال دوقلو تاکنو گلد,3793592,3216927,6048427,11246431,8527893,1829451,9080302,12649062,1603621,10638901
یخچال دوقلو رنگ تیتانیوم الکترواستیل,10827186,10840825,3793592,3216927,6048427,11246431,8527893,1829451,9080302,12649062
یخچال دوو 33 فوت,5632277,11313185,892744,6547871,9434505,6884317,6884403,12684920,6048427,8527893
یخچال ساید ال جی ۳۰ فوت ۵ درب,4348794,9076256,892744,10933664,130792,5632277,11314580,3361033,11790946,11853616
یخچال فریزر دو دارین,7234165,13652157,6547871,31830,6884317,6884403,3793592,3216927,12684920,6048427
یخچال فریزر دیپوینت مدل مکس سیلور,6547871,4062763,1603621,10472526,7234165,13652157,31830,6884317,6884403,3793592
یخچال فریزر ساید پاکشوما,11853616,3823192,130792,3361033,5632277,11314580,892744,11790946,4348794,9561936
یخچال فریزردوقلو  الکترو استیل,4968240,9229099,14764965,6884317,6884403,7234165,13652157,6048427,130792,6547871
یخچال فیریزر دوقلو پاکشوما,11853616,3823192,3793592,3216927,6048427,11246431,8527893,1829451,9080302,12649062
یخچال های اسنوا دوقلو,10638901,9080302,6884317,6884403,3361033,11314580,3793592,3216927,6048427,11246431
یخچال هتلی کوچک 5فوت,11198942,9761959,7294584,10527618,11476645,156181,14010886,9339202,49890,3185092
یخچال و پارس مدل,12649062,8527893,8553684,3295640,9956126,264611,7234165,13652157,6884317,6884403
یخچال ۶۰سانت,6884317,6884403,7234165,13652157,6048427,130792,6547871,9434505,130809,31830
یخچالکودک واقع ای,4016744,9302065,7706929,3475356,3229989,10324772,7619749,7660864,2417088,7477029
یخچال‌‌سینور,3793592,6884317,6884403,7234165,13652157,6048427,130792,6547871,9434505,130809
یخچخال فریزر سامسونگ,31830,190183,7234165,13652157,6547871,3935194,3295640,3793592,3216927,12684920
یدک سردوش حمام,5901716,1024629,4824156,1418748,11630643,7691559,455580,466066,2976227,774908
یدک شیشه قوری وارمردار,6755459,6793934,3414388,365831,4288435,10832056,4323264,7752269,8028610,1519801
یراق تزئینی کفش طرح پاپیون,11772808,5095462,6556651,1800278,6196636,4858470,14425829,13400326,6565942,17058307
یراق پنجره تاشو,11772808,17058307,5635159,3332088,10139310,15232363,6212262,11481780,6653298,6431368
یرق اضطراری,2383451,9110312,406178,9419771,8453861,13421932,8194495,735385,4874362,5624039
یروویتلل,100000,100000,100000,100000,100000,100000,100000,100000,100000,100000
یقه اسکی مردانه مشکی,7279229,12044854,10968638,17398361,2075646,1863815,17740013,13928307,9615532,773877
یلو فاگ لایت استیکر,14243741,16895824,161506,690731,1452542,5332441,5282679,14435236,3475356,7660864
یورولند آیرون,13015000,9505521,5664252,3209497,1661937,11795976,4134877,100000,100000,100000
یونجه,9263357,1907918,6940852,6863332,100000,100000,100000,100000,100000,100000
یونولیتی کیک,9516763,7121841,619874,6748998,757630,1808733,2712971,2841404,9953477,795328
یوویی دستی,4842105,14059985,4452500,3570769,10828044,595447,847989,5144437,1945353,10651467
یکسره رینگی 17,8636342,2610656,1787549,11772475,2882990,7722162,8739501,14399184,17210794,5356031
۱ سی دی پلی استیشن ۱ همه,5652871,9591547,9561839,12804885,13041645,7998713,4165937,4813079,6582050,13350576
۱گرم تلا,100000,100000,100000,100000,100000,100000,100000,100000,100000,100000
۱۵۶۴,100000,100000,100000,100000,100000,100000,100000,100000,100000,100000
۱۶۵۶,3115148,100000,100000,100000,100000,100000,100000,100000,100000,100000
۲۳ عددی استابیلو,304410,4863898,5883355,9167161,8527893,2453632,7234165,3935194,8069248,9561839
۲۴به۱۲,100000,100000,100000,100000,100000,100000,100000,100000,100000,100000
۳ چرخه,9563117,149716,518357,1849130,3461612,444227,11655097,15031065,8897333,9214840
۴۰۵ تیونینگ,9223455,7814413,8794936,9614779,1467744,1152961,11210315,6984499,7504341,17637807
۵۸۱۵,9061987,100000,100000,100000,100000,100000,100000,100000,100000,100000
۶۳ ۲۲ ۱۱,10877804,6248049,3180145,14713512,11543090,12684920,383320,4622727,6686726,3196036
۶۵ اینچاسنوا تلویزیون,2547206,3225041,797682,401105,7199110,11831294,14487286,797010,4563789,9859370
۸ راهی,635779,2263550,7359701,2262129,15147960,10020785,9382384,3008044,3818283,2585357
۹اس خوای پرنده,7539519,486750,10404044,6998190,9255949,9586937,4311087,7336680,13947085,148036
۹۸ت۶افقبجحپذفبص,100000,100000,100000,100000,100000,100000,100000,100000,100000,100000
‌دوچرخه کودک,13257718,2651073,699743,7460246,1496876,7584679,4866896,5961873,10974039,6276346
‌عروسککشفدزوک,100000,100000,100000,100000,100000,100000,100000,100000,100000,100000
‌‌همستر,3471245,4247931,6863332,100000,100000,100000,100000,100000,100000,100000
🥺🥺🥺,100000,100000,100000,100000,100000,100000,100000,100000,100000,100000
