query,pid1,pid2,pid3,pid4,pid5,pid6,pid7,pid8,pid9,pid10
ست تشک خواب مسافرتی نوزادی,9747702,11060860,9201855,4146139,5261987,9242187,304696,4000750,136984,347269
ضد آفتاب بی رنگ لاروش,10541057,3998803,448733,495528,4887787,8474138,495136,1364878,7601292,8531080
4060 8 gig,12401047,7775776,2275787,1482105,13942382,10958076,405946,349676,908356,1059820
6 iphone,10022247,9860681,9909708,608188,14271321,5407471,10403857,8694502,6548170,7874377
کاور تبلت       A515,12688957,144966,528971,12123252,5202043,7294795,14337860,3432901,13832741,8480468
", شومیز",6888770,5612312,2309345,901181,4614297,2958150,9097395,603143,3579546,11314580
2018A750گوشی,12449771,3865146,4882532,3098779,3645126,7857661,6909316,7096097,5420739,5388918
3nuovo espresso,3998323,1568408,2094624,8511358,13726497,13947570,6180333,48961,8532954,59132
airpod pro 2 type c,12543936,2893970,505309,5654096,5209137,7963042,10112729,4289432,607269,12552785
hermitage gardenاسانس خوشبو کننده,4826653,13785575,9304907,8488225,8737931,5129444,107982,5478241,4278971,9733549
stylish ماوس,394057,1438846,2944457,12431846,40971,4901144,12083895,9126478,4212044,1011401
اتصال چهار راهی,3179083,9611258,7107256,5408675,8771613,5366507,9705085,5382851,847989,542546
خودکارowner,2197659,432653,5545020,5119105,4063504,14245999,8372721,2097496,1132730,3189403
دستگاه موفر,1154351,8283197,2177862,8359706,6753256,7967010,3634502,2074248,5228491,13031790
روتختی مهمان,10237807,13340581,4616527,2055943,33589,8259803,4952671,1537340,13785575,9752354
سامسونگ a35,8234858,7117020,836894,13920852,4680056,12691832,9636699,2725162,7602918,9377384
شیافمی تیرپاد,5371740,400168,5241933,267438,9171060,5762323,5933449,6116245,13167520,7441638
هویه ۲۰ وان,3016831,5841076,5170003,9969986,10484612,142598,7325334,12095645,537668,14331365
چشب نواری واشی ترح کیوت و برگه یاداشت,5622402,5102788,3381620,889145,213731,8595427,10823021,876931,2702152,4032241
کاغذ پیچیدن  سیگار با فیلتر,4248271,13951460,2854783,12442344,2686164,172501,1070091,7720365,3323638,2031949
کاور گوشی سامسونگnote9,7833858,2701359,11314580,3434836,4488602,495136,3509610,7465654,8068518,274198
گوشی Rdm,8630516,1568281,11441579,52824,2986271,4010218,7294795,7836765,762996,14554731
A06,4141072,1808258,11796792,7919101,4070674,860400,144966,15534948,8612133,4386999
AWG,5228491,13639566,9237582,12062791,6653298,500264,499827,5753864,5620722,604261
Air Macbook,4353116,14257955,8497576,3701566,15284231,5895194,2982373,11652937,5436849,17351803
Casio G-shock,5335486,10867257,3400868,671036,2383637,13948193,3654193,11715642,9796828,570764
Ga_2200,416155,71623,525953,13504983,11491863,13947570,55610,1959209,13083554,4626056
M33Gشارژر گوشی سامسونگ مدل 5,483943,2238243,1616883,14608010,2915486,7964485,686339,5378489,959015,12549397
Oxford Elementary Learners Dictionary,9164788,7219736,3400318,171977,5548244,10977127,5449274,1516133,9591547,7670489
Redmi not13 pro کاور,2171115,10237644,12309780,1553498,5285459,11491863,1411709,8670721,9321700,10523389
Redmi12گوشی,12110498,7796412,264920,7814413,12095477,6580651,6392775,3541573,177299,2453547
Steelseries arctis,12986138,11548891,974348,6208094,10970047,9239327,11403849,15340740,9133186,5035423
TP4056-TYPE C,782048,9726998,10894781,16753709,1573576,602981,7999154,3426902,6331877,96819
ZenBook Pro 14 Duo OLED UX8402ZE-,7365384,7504753,11173228,5054403,2431669,8450908,5865442,5529084,3101194,1762114
e99,5236892,9502262,3922252,8282083,8498898,5404975,6593522,971006,500264,4107592
enhypen,13905556,10472470,9180751,13647786,9648403,4931849,702401,4682310,4661330,11476645
g72گوشی موتورولا,1079576,9538562,6819000,7575881,6206211,5419091,305236,9770679,7929065,684396
iphone 13 pro max512,2959261,4155832,9119757,11727101,7869818,7432265,12830552,899210,443008,4185887
tab s7,8186973,161506,4863898,4176124,4207087,921724,669351,3815621,4621203,777144
آبهویج ساز صنعتی,8275133,3405536,10513443,349676,9614779,559882,3731327,56912,15087762,14006784
آبياري قطره اي,13401329,5853721,6033622,2854554,9075233,12921564,2014710,7281442,2144579,1503088
آینه جک جی ۵,8297769,7697738,9747702,11295564,604326,3815621,13613146,5449019,6595121,6456374
ادابتور گوشی s24,13531438,3042739,3148813,11198942,6141650,358809,7747911,12047718,763971,8432672
ارزان تری لباس زیر,5182912,10874215,11509788,13260181,8143640,3797495,6737394,6229770,35021,12499229
اره فارسی ۲۵۳۴,14031452,2921252,6035037,4328920,8421822,8737931,9664817,11023896,13350621,10893795
ارگنایزر رومیزی,3237213,875262,9330621,2597127,8695838,2330465,5209137,2995939,11509788,7479385
استاد بازارها,2476616,13220379,8267157,10055914,11476129,4290740,5727653,5666089,14334481,13466118
استرچ زنانه,7106135,6975352,10571093,1054461,2763623,3373841,6645472,7574820,540860,268240
استم سل پرو,96240,685587,2032757,12376576,1452948,17642899,7513569,6167628,14884689,10189915
استیج ابیعروسک,15708070,7003011,4791585,13920852,8122684,3379229,11398308,936338,2205733,12047718
استیل درب سندوق عقب پراید,3524979,1524065,16998315,498576,8068949,10570478,7780046,5569495,8777045,9870251
استیل پلاک,4347082,8587723,761749,5449274,3516999,10878356,6718443,1432204,5551207,9682747
اسم عرفان اکبری,10551233,6876011,2898843,4718551,584794,9422975,11159404,14413764,95563,8408333
اسپرسوساز قوری,15118188,14112182,10946286,1480794,313420,5345214,416155,8481749,9291384,7221141
اسپری طپاسبت,8996055,9373848,385198,14090709,9380238,5427924,9294022,470122,13080560,11717667
اسپری کرید اونتوس,9764007,9336161,9837930,13013539,12950291,4624691,7348309,813540,1080986,4248271
اسپیکرWs887,172501,10977127,14204895,855953,716113,13933524,4314693,11000594,224849,11226032
ال آرژنین خلق اید,1496459,7360152,148036,7826220,9826552,9468485,467306,5874959,14029625,13518137
اندیشه اسلامی۱,235857,12721879,14821528,2716151,5855224,8658323,2933479,10707054,862717,13804774
انیمه oshi no ko,9550584,5821167,5615117,11246431,8279929,955878,13044008,5441418,10560714,13999587
انیمه سولو لولینگ تیشرت,7018165,652824,755465,14009423,4316801,14213476,13281648,521444,14274910,6731038
اپل واچ بچه کانه,12646507,596699,8387799,12553487,10122383,8159256,9382384,4207992,728168,6152199
اچار الن jet,14082098,11792316,466002,13224953,142420,13518846,1875365,2212020,154011,6561991
ایرپاد Sony WF-C500,12673805,9684933,1029949,10542440,8669849,2900208,3068716,14322527,3536593,2394894
ایکس باکس 360Camera,1837601,5260079,8483580,11675039,1930011,7670489,14057588,9221077,10351455,12418657
باتری برای تبلت,6035112,7018165,2404828,2930956,1819575,1117102,157448,665130,12921491,3446756
بارسلونا تگ,12110498,7898863,9997705,10446405,8910937,6136694,5836503,5426017,3786538,9561936
باطری قلم,13401329,13848972,4609145,14578891,868521,5170007,5776870,7324155,10017523,8970641
بانی بگ,14577768,1719126,3011771,4941927,12527301,1586166,5264418,11682082,393078,4341832
بدنه کولر,9253428,8497576,11752085,6905118,4914193,7205043,7108756,14219149,2561992,348142
برش میلگرد,14495355,184924,4241121,1615286,3812340,7427113,995846,3068716,431195,764033
برچسبژله ای خودرو,1568281,8771613,777144,13274339,744941,3447048,9839599,467306,6808740,5804075
بلن گوواکی تاکی,17845107,10351455,7989717,242880,15257467,8951540,1973811,7935982,8436769,5062268
بلورمحک,11098593,12739978,7268050,2404828,9380054,831292,7235784,9947773,1597971,7385077
بند ساعت هوشمند هوآوی مدل GT 4 46mm,9361439,1664086,11464521,148327,13266203,1441171,1829340,4917214,633507,17642899
بی تی آی پد بهداشتی  بی تی آی,8828520,1829340,2404828,9177103,892394,13091349,14312651,419085,9567048,12126126
تابستانی زنانه,1776517,7350088,6419280,426944,5941649,2170719,4925525,4258720,11400727,12152772
تبلت سامسونگ a,10757160,9943533,13323051,476376,4866896,16336108,6517193,14195212,6876011,3621770
تبلته  ایفون م,3592470,8481682,5753864,10467137,14574143,1622380,349671,9249898,10634104,730045
تجهیزات اسب   اسب,2197659,4683221,13737183,12428216,1029949,5630320,8073921,12849731,3423831,7576867
تجهیزات جانبی,14749791,11588770,2959261,869662,9060954,11840273,9075233,913351,839031,3593269
ترشیسیر,11872294,8898035,8386109,11362304,14565825,7380375,1663833,525953,4146294,152422
تفنگ ترقه ای کلاش,794651,4728336,348142,8963792,3117918,10768868,9947129,12543936,4323821,16027580
تفنگ تیر بار,7260100,12807344,734180,2783887,909949,11032647,8052513,545029,1492020,499049
تلوبگیزیون,12673403,2538094,183328,7533584,2689056,9389159,11029586,5450132,9593086,9189888
تلویزیون,8387799,8896427,4366176,11071862,2191995,457298,4502122,12351230,11334503,1080166
تیغه برف پاکن مدل ۲۰۶,4430288,9843525,8386109,5410960,5782821,12350031,9588977,5078838,1804262,9836112
جارو برقی پاکتین ۳۶۰۰,9550584,14032551,7796412,15196681,2693125,1770280,81373,842100,9371896,5026418
جاسووچی عروسک,3815621,12662591,3353596,4532802,10784475,2242479,11029586,9281658,11273164,11491863
جز دو sar,7922395,5360007,104631,5204175,728621,12441836,1117102,10636233,7291130,1499342
جی بی ال۳۱۰,7745780,797396,2747677,10423280,5717830,13644886,6851000,5129645,3691173,5080871
حباب ساز مجلسی,1850809,1914498,14068241,9513945,1786026,14370644,3110912,14217959,284267,5193420
حرارتی mini,13676387,71461,9588977,5700270,13340581,8480468,42785,6213165,816022,14023845
حروف انگلیسی ترئینی اینه ای,3245302,2682398,1688380,14199453,6330542,12708949,5077679,5389706,14472064,9567496
دئودرانتultra max,932459,6061721,8659374,2008349,6507549,14764965,11411415,1601878,9536146,10392279
دریل  ماکیتا کناف برقی,9665263,13430705,9540940,5957385,13229539,1023734,7919101,2610238,10442694,11852527
دریل برقی آچاربکس,1003107,14310946,4304895,9638669,384571,9752354,674036,10455143,7178451,8304319
دستگاه التراسونیک موش,2651073,8802883,12795710,14105350,814435,10774889,2970399,6580689,5085615,9979073
دستگاه سوسک کش Dr,607213,9339374,744279,5371740,6461395,8737685,1518404,12633409,235857,8648012
دستگاه واقعیت مجازی برای بازی,11969895,409618,2029719,8073921,13103817,7391150,10610185,15034858,10822319,12148937
دسگاه چسب حرارتی,6575740,8234291,2848026,2259182,10262401,6806447,9244901,975028,11141250,16023674
دمنوش ساز,7368232,11707656,13716822,5707099,955878,11035508,3353596,12344937,13939723,3326464
دوربین فیلم برداری دست دوم,174943,9222733,6801165,8658665,4309206,9700179,1150578,11362737,707962,12197331
دیسک بازی اسنورانر ps4,7295598,15319527,14037794,8933199,16670787,7393227,11593938,11157453,1467744,7554094
رنگ هما اکریلیک قهوه ای,8498898,644103,11249452,802407,6349467,959932,1441868,3464453,3570769,7106192
روغن موتور ماشین پرتکس,12362441,1569587,6859966,4891946,8267157,3592999,552599,10821081,27958,5027027
روی فرمان غربیلک قدیم,12795710,3238360,9743231,686339,490390,606382,10795084,10483411,8506314,854219
رگبار,6699387,14180980,5936108,6190722,10544590,763107,1499342,12071121,780798,9423172
ریزش مژ,99116,7644331,3287572,7990598,11552790,2993448,3400456,12077629,129694,67965
زنجیل نردبان,582429,1795756,9371896,8494071,2610238,3002651,669351,787233,3591118,14030491
زیلومسافرتی,213731,5821167,7219645,7306054,9243998,97486,7015905,4390181,10235306,3614592
ساعت هوشمند سه عددی,7268050,7354748,13985468,1513242,9380238,2854783,14596741,8495570,14333673,6296693
ست جاپای هندا,9636489,11968382,4306831,9714651,4107592,12868672,14219149,6779969,3254639,6520197
ستل آشغال,11348511,16035296,2103408,11112937,960381,12639452,2137174,13323415,14980996,10532492
سوریکاوا طلایی,968220,3644217,10148280,924058,1592884,10490287,10806235,7571853,552191,3634502
سوزن شبهه قالی,9869248,2364525,7349530,9807887,9339202,10310417,2648343,3497052,9260208,15073378
سیلندر قفل نولان,11723131,5855224,5181784,7279314,3307928,599786,3039913,9864060,1623114,9248539
سیلیکونیNokia g21,10827963,8670721,4228930,2610656,521085,14337860,5853104,3728454,9397341,5064582
شارژر  دی واری67وات,12014271,702346,5182912,9380220,11441579,12691832,3519765,2375395,123215,2893970
شلوار و لباس متور کراسی,15147960,8402429,1016194,9296886,2094946,10017523,10521208,4328920,12020076,11765611
شومیز ‌زنانه سفید,7306054,401105,12452964,2724761,15825827,7132885,7440533,552599,551022,14295074
شیشه اتومبیل,17553725,1350873,2838753,15761801,4489476,4855941,13875404,6955660,6498494,16693891
صندلی خودرو مدل f9 مناسب برای ال90,5131127,657178,14074201,5202966,73619,8826576,11000988,8237708,702401,2661622
صندلی دندانپزشکی,8081582,1828208,69845,4631112,9978291,177628,9569556,11443530,10261729,13644886
طی,13504571,1077019,814435,103095,9197280,3914219,2869971,2597212,5258935,9238765
ظروف سرامیک خام,7340419,264920,6482755,11161720,11752085,761645,12708037,7834490,13635201,11204388
عروسک بی‌بی,13024773,3726850,6288066,384261,16633807,549513,8276226,4586233,3515888,13031790
عروسک مامی لنگ دراز,831772,8692023,10335660,715347,26486,5746546,518357,2209733,1901333,8129752
عصای جادویی شعبده بازی,5740503,3408934,456337,12804885,9468485,3536593,13358306,8245350,16051918,10648392
عطرگرید اونوس,6425156,12506465,10289010,6163212,12194222,10157236,4228930,13929076,17058307,608796
عقاب شارژی که پرواز میکنه,10362197,4952995,8943078,13102138,8481682,82573,1625468,9380238,4470323,763971
عکاسی کیلیپسی,13763431,11332174,4791465,7334223,384900,9054363,4977877,11362645,11281765,7161046
عینک باترفلای,196762,5618453,11388363,842100,69845,13121363,7147369,70639,9249898,6299689
عینک کودک,530419,5035948,7958880,8370107,2516249,178772,9585121,13340581,7805647,3165952
غذای کودک صبحانه,1826170,3980308,10897293,4397081,51588,10275604,3809063,2969602,115561,9286195
غذای کپور,467065,8793354,8869441,12957372,7691,8191595,657178,12541409,9118510,12388741
فلش vicco,6963614,52457,8966653,3556125,723178,1479187,9786391,14724466,5720281,427025
فن ساز مژه,15959093,1514737,14494540,752467,9839599,113653,9395415,10904951,10708778,10247677
فیلتر صافی بنزین ال90,5984204,6205093,13364523,9806934,6754789,7788990,347269,3331675,5089067,6459788
فیلتر ورودی کولر آبی,771961,8823098,5827896,12760907,6323922,11999163,10335726,708556,8580963,14042335
فیلتر کف شور,12057211,13842343,5282679,5329771,4190115,10632211,3730774,14866307,2670722,9795665
قاب  گوشی سامسونگ A12,1115788,14109840,919220,8616655,10129178,5373322,2581733,9251888,1624566,13948193
قاب POCO X3 زنجیر دار,3225041,10661290,3896057,5323286,7067157,11840273,5058143,6252788,5258933,9051696
قاب بسکتبال poco x4,3110912,12950074,10602118,482,2534522,7356395,7929922,12607232,5857844,5102788
قاب دخترانه گوشی a23,4997418,15246177,4511632,13261389,9039614,2615017,4197457,13440432,14512098,7279987
قاب روی ساب,12120907,12573997,7820922,2744459,1813686,7999221,5382851,9062550,14337860,17035873
قاب گوشی شیائومی m6 pro,1515420,6997676,10392279,6136694,9237582,11591216,1066894,15165767,10771614,5406516
قاب گوشی شیایومی مدل poco f5,816670,777144,4321474,10617230,1663833,11682207,9022790,7612293,151394,2206978
قاب گوشی پوکو ایکس تری فوتبالی,296151,565994,7248029,518389,4443411,3614592,6823327,7944449,9632573,7533584
قاب ۱۲۸۰,2501174,9770679,12937088,12534060,8132070,2744686,4950327,5132167,11124441,14151404
لباس ابر قهرمانی,6213165,4742047,816135,5026418,68716,1968037,7505141,3563723,17097822,14762075
لباس جودو اصل,12520106,4369668,9611258,798880,9629625,10741729,2406148,9937001,7248561,9488962
لباس متور کراسی,10674241,7192914,5410960,12295866,167334,2714348,8793354,10912381,9726998,2949988
لباسشویی اتوماتیک مارک کوروپ,3815110,1621699,7111920,581672,426944,288078,13402001,8286788,7306054,5188656
لنز دوربین گوشی موبایل موتورولا مدل Edge 40,14822087,1524065,9164788,9958566,7956757,8794815,7742260,9979073,6240057,5082578
لوازم التحریر  مدرسه فانتزی هرزان,7303131,17210794,5961873,9662086,5130999,1658599,14973035,9389490,3548683,9970279
لوازم جانبی ساعت هوشمند,7365891,9008995,82573,4389124,8794815,3745959,2768162,8488225,3884717,9793563
لوازم جانبی گاز,11590250,6821872,632064,7761376,7246492,587821,6325240,2365230,68830,962411
لپ تاپ 10اینچ,8134818,388107,440818,3027828,631027,2525763,8991413,7619749,6427337,3046475
لیسا خواننده,1558485,7378417,8549674,11790946,14262609,14982487,192276,6087736,5696222,4405075
ماریو سوپر,8996055,11296848,12981618,12949181,8577079,12453471,83472,1085299,4738694,11551035
ماکت آفرود,2916857,4726765,9684933,4566029,9463740,9980852,13988661,1616592,2009191,3280349
ماگ مائده,5248502,482498,1914498,2468843,7246492,10527270,2485521,632064,9886623,11625433
محافظ note10,12652614,12987634,807523,5421011,431195,957800,10288925,8186728,966563,13070262
مداد جونگ کوک,12387366,8754662,908932,5054450,6213165,1477021,5282709,7732577,4261189,810426
مدال نقره مردانه,3179287,5622402,1514008,693887,14586070,12100062,10960911,17011472,4430011,3791190
مدل دیواری شب خواب گرد,6976256,16859043,1859403,11274003,3876412,3179083,5132167,757391,11706172,5551688
مهشکن پراید,11467012,11322928,2425682,11098166,4842567,889145,4826432,5205987,8656536,2257125
موبایل اپل ۱۵,17981346,5190712,2773505,877254,10618588,4842105,11256459,10272500,4582181,13906032
موبایل سامسونگ a12,1026521,5337409,14495355,7325334,13298516,13384382,4478021,996120,9484811,13504983
مگنتروبیک,4495195,11185198,13951460,14214103,1747689,1792412,15128623,276728,3612361,3250980
میز ارایشی,14050066,117568,757391,2832628,5616229,15627975,11989850,3592999,9807887,4495195
نخل آمریکایی,14194971,5095462,860400,9253428,5933449,11171072,2869971,13983929,2830183,5133583
نرم کننده مو بیول,4586233,5895194,11591216,2537376,384397,1609964,108540,52824,3325837,12552785
نمک بدن بایو اکو,6976199,513849,1432835,6450361,3221442,9334589,14186549,6984508,3404079,11255090
نور رقص,63831,3498911,699190,4793179,6803405,9362011,13917758,10566160,714324,4660654
نگهدارنده 3d market,14336571,5338175,5011442,5534645,11283001,11054007,881664,13848507,8895120,191576
هد بند,1487225,7379000,1512525,9984477,11360242,3111577,10591265,2394240,540796,7602918
هدست دخترانه گربه ای,13300445,8761808,3572983,10532492,7303131,7038535,7454369,12284171,9372061,4104881
هدلایت دنا توربو,13126767,2316014,576100,17015612,7816631,6807225,7920651,14309629,1569146,5703369
هندزفری انرجایزر,4470323,9976443,4679632,12299112,8890264,33674,11630643,5654096,1628655,9628882
هواوی نوا2پلاس,10451019,9654161,6460591,8408333,4877415,5178689,997096,2743922,815931,8577079
هوداستیل سامسونگ,13211709,7185932,2579717,6736549,13945893,11261279,2290116,7278168,6999050,12076186
هیالورونیک اسیدB5,827203,4182709,8133642,2920090,9283347,12637319,11699162,3452323,7317800,9268477
و شلوار بیرونی دختر نو جوان,1584733,2560236,5036141,721359,16187751,2382422,544767,545029,9969986,4486352
پایه دسته,8511358,9863317,14321650,733765,5337409,6118411,3860138,10656375,1760908,9356340
پایه کولر یخچال نیسان,13538016,59132,10650567,3017645,11103849,7165982,1554506,630081,37261,4225984
پرتابگر ساچمه فرفره های انفجاری,5073393,8982851,8094333,12254721,4344817,3884717,10288925,7295871,5497765,6450361
پرولاکتین,10110079,14205631,9414390,9843525,6940473,5890321,1435319,3666815,7133888,2487676
پلیستیشن ۵ شارژ,7178451,11404306,11948548,384261,8338133,8688900,76982,7198042,14209086,3331675
پماد جانسون,10358668,8384140,228268,624926,4852451,684396,6175504,7306054,4105740,12746508
پولبیبر,12047718,7975836,279853,4661132,3202248,133187,842691,4924898,3054003,540796
پچ ضد جوش,8329320,3554456,9411876,12492669,11098593,5696383,12297407,13172847,25959,9915584
پیراهن شلوار دخترانه,3379854,1828208,7954927,6556299,10426374,9428054,14320127,8156579,6458182,11162265
چاقون زامندار,2921252,4996641,17981346,13349064,8794815,8815105,7961102,5165276,17294257,2199154
چراغ emergency,325143,7293937,9229172,363346,1101531,963026,14479735,13924135,12535621,265143
چراغ راهنما آپاچی 150,6823515,3500394,9797238,11077209,4646894,839813,13969562,2581733,8387799,12064951
چسب الومینیومی براق,12628511,10464170,9478226,4542839,12886626,7742260,8033239,12166354,8215708,5409265
چمدان دخترانه طرح بستنی,8531009,12455954,419085,14478692,5129444,2758594,400168,9478647,1430706,877192
کارتل روغن,5175141,2261333,1910538,6818217,394057,10761877,17113088,736874,17969085,5268387
کاور Poco x5pro,2662413,3548085,15147960,7706929,285041,1734063,13644566,16793428,11394257,9693280
کاور برای poco m6 pro,9752354,9338530,4003038,269151,13324355,4270359,9676345,412826,10670241,2046840
کاور برای دنده تارا,4964326,9786391,16320519,5972745,9478226,14720281,3426338,31848,811751,16531727
کاور دخترانه Mi 11 late,1157087,10769991,12830142,14299332,7213087,10451019,1664086,2764863,5357021,8257978
کاور گوشی مدل قاب ناب مناسب گوشی انر s8,9941383,1017501,14032131,11060860,4104881,1144060,9139656,13518262,5443698,8334051
کاورهانر7c,539062,13933524,8239214,6997735,8646801,11111095,6752724,7759822,22978,3587147
کتاب خلافت عباسی,2926552,2258357,8315267,7232637,5025540,5132167,10839890,15029694,13807569,13579808
کتاب پادشاه پریان,9164788,5620722,24775,2848026,4374767,2258563,13344920,1708587,1529575,3941575
کد Ch-100,10164226,11679069,2100510,14794205,17567737,814435,5926516,14385221,2710686,955878
کفش اسپرت شیما دخترانه,5662396,14583873,1505003,4405075,12934720,9629367,10857130,407488,14049507,1476154
کلاج کوتور,14488282,3139324,3812340,200466,14554743,3275535,3598654,453777,10725406,80150
کملیون 12,5699257,4155832,9686380,5941999,643764,6152802,12363287,8792479,9706010,1868597
کنترل تی وی ایکس ویژن,6296693,13612974,963026,826701,1144060,7593002,1991068,1516651,3942786,7891241
کنسول ای کسباکس ۳۶۰,3287572,13518846,285041,6500978,877668,7857661,104631,12387366,6958247,9276214
کوبلن,9128967,702401,2171400,2801580,5304337,1056100,7674470,613239,10999888,63831
کیف حرز امام جواد,534402,8598954,8176598,10345721,5067566,4385504,9314740,933185,1645794,368602
گارد redmi 9,7032881,1505641,10288460,6975559,9886572,425857,41099,6693613,10661112,6136708
گاسونیک هواپز,6105808,3333664,7086864,12775038,10650567,544744,8929380,6744529,1904571,1122015
گل گیاه,5064040,8367504,9540902,2023379,14141928,9897042,12349662,13579136,10652816,3539005
گوشی  ردمی 13 شیامی,9793563,7257502,4725165,4486220,3054003,5231049,4616,8347046,9490267,3569970
گوشی موبایل شیایومی ردمی ۹a,2744686,7802622,813540,10059377,2701359,12607232,2921252,14176170,3183048,777144
گوشی موبایلA10s,4197457,9705085,13514411,55352,5749229,7616089,20559,2627010,112897,4502122
گوشی پوکو x5pro,3705686,4424783,6998190,4851682,12299112,5865442,12341846,11511469,528137,10541057
۱۰ قرص زینک پلاس یوروویتال,4564067,10538809,2014710,2588590,7273908,416155,3400868,13085614,6529981,11717667
* ساعت,13040232,7428555,3183048,10312343,12258492,2664209,1422486,11097713,9585121,2042181
",اسپیکرRJB",5618276,14050066,14194971,14135022,880639,8616817,11625433,12461983,5785486,8519455
",سوزن",3926163,267559,6562545,3209596,70474,4418722,5261180,11404947,3614592,3679832
",لب تاب HP",12056902,1770280,14344908,464362,8866541,892472,3329993,97486,2268047,1050226
",پوکوx5",11160874,637957,3860138,13938626,4792905,9362011,7414717,521085,2411284,15121526
",گوشی",2177862,618241,13379612,11969895,7016098,943846,9403178,3824225,3693380,1017501
- پیچ گوشتی شارژی,5148230,7021668,82093,5119153,14226632,456337,8842052,7211105,6435265,8368529
-casio-f-91ws,14519554,11840984,3490827,11246905,13716822,2152076,3786675,269151,671737,10177280
. ویتامین زنانه,11070523,3654193,6823515,6807225,626446,2716707,12009083,13358306,10061052,8580963
.ویتامین بیوتین,10665659,191576,3976530,7601292,13618602,712594,9706010,732825,7808672,14128574
0053,4984375,3424623,10379710,9502262,4014257,7308250,464362,11089001,7361950,9330621
1 Lilium travel mat,6343668,4885697,9478647,6779969,10472470,4358875,9338530,4536071,12123595,533354
10 عددی فوم رنگی,977524,3596209,5423191,11456874,13376228,11593938,9221077,9970279,9738989,11769387
10-meter seven-color LED string lights,4146294,11227268,6586909,9976443,6438146,14519554,4310713,6053278,6526990,15489612
100-liter water container,13848507,10844318,11246431,5160907,8804482,1161679,4088765,2373857,3027097,10530718
1100party box,10799443,51588,936338,11560128,15118188,16531727,4448013,14472064,12656609,877357
111153,2840245,10644422,11717943,7357314,12078880,11361274,5426875,7835147,9872277,145838
1170 دوو,5403418,16546620,4027344,11360242,8372721,660941,1416631,9864060,877357,1108894
11th Grade Kheili Sabz Math Book,1050226,2839217,1023734,7066450,3876412,17942912,908,8536946,157424,3548683
12 Liter Samovar 14,1119610,4396103,13947570,5189,1968037,3288310,8827722,12683475,1039612,8778416
12 ولت 500 میلی آمپر,1688380,6128576,16483817,10612566,7096895,7791972,5285459,6943577,1011401,9022790
120 by 60,2388884,1515290,2882917,1792412,8353565,6427337,9300325,196762,3593269,4244349
1200empa,5698028,7506143,942712,4244981,491322,6854553,1428539,4875708,2420241,8180402
1200nokia,2052436,8329320,512798,9586937,6805009,7374449,12311903,5740503,12518784,6061721
12V air pump,6227495,11490088,9648403,8330682,13160534,8975182,11506193,9291384,728927,12557249
12V red LED,9540940,17060887,8398404,80316,6482755,8488225,5205149,7107507,5165276,17484673
12t pro حریم شخصی,7732577,8077717,5907296,11743122,2012052,2832628,4309206,966563,4920984,1699984
13719960,11602537,15213679,2842162,7262444,13028920,3765030,9384920,9478226,2032185,2015247
14023,7697832,1476125,3721024,16112946,14382816,7461831,9720229,567638,8066024,739779
14galaxy a,11626547,7877923,3830917,10311550,8162593,1730180,3780778,368602,9567496,13225463
"15,000 Stick Print",8681180,3471063,449113,12299894,8968351,4704767,11457161,5688544,2753599,5857844
1650کارت گرافیک,3050864,205739,9772859,7758131,306998,5330152,14274910,8009061,6818217,12914437
16gb 3200mhz ddr4,6535357,6323922,12249900,3598654,15534948,943502,5148050,785023,12602365,1763589
16gb veangence,14977026,15165767,10939946,11960134,9086639,10737095,10903361,8994914,2166223,1609964
18وات روکار,15595047,9745335,797880,12981618,5261987,8774462,3782930,3002651,7847346,10172799
19V Laptop Adapter,15045013,7273908,9699869,13035118,6984508,3950345,6755271,4005690,6891483,10542440
2-tier dessert stand holder,5630888,3410956,7814413,12575332,766062,5483508,9999118,2315399,1989272,5149251
2.4V rechargeable battery,17097822,528971,9434505,8675578,8929380,1016395,9588977,1668788,13471564,9861910
2.4g wi,14271321,428256,7611671,11156711,3245302,90520,11089468,6214633,16736391,14241455
20 kg used kettlebell,2009191,10985290,5555879,4348656,1901333,6593322,7379000,12029059,4450185,4049858
20 liter water container,11124441,7859766,7791972,13569337,7521904,1094947,8391149,5255608,5085615,12097231
20 to 12 Converter,10999616,10526032,222399,14441410,2196258,8860964,6365957,10190962,893475,9962261
20-watt LED lamp,2415001,4644853,13518137,9851966,9073973,12508996,13733790,8047249,738077,842691
20301 اسپرسو,14050989,3539343,1586166,14199453,14112919,5333376,1501452,10806235,11141250,545029
207 جا عینکی,7436272,12981618,7653577,5727653,513786,6731038,3876416,14554743,15027444,6141650
24-hour lip glitter,7585894,608534,3654193,12124805,10974840,7834490,13716822,8166873,14866307,7356395
25 ابنچ,10979517,619874,7994727,482795,4742047,4876888,2840245,3750835,8984756,6190722
30-volt power supply,9029360,639574,2872550,12363287,13240386,7375515,10057487,3062680,5148230,7275212
321200 مدل,10598469,9269465,2222566,6274414,766062,379758,7706929,8792479,14866307,584794
32g مموری,9944694,7930094,5419091,6408344,646667,10186767,15534948,596699,3941575,2063886
4-piece honey-colored table set,13602764,8338133,5930020,14041181,6853124,8754590,13579136,14891147,6482755,8418553
40 kg Mahak scale,1629774,3111577,3305777,14574494,9544629,3471245,14793930,2351415,7836235,1077362
4000ESSENTIAL ENGLISH WORDS,11227268,3623050,5173333,4995311,11637009,6335260,13148210,4165937,728927,5144437
49 A,4134877,1125449,1072595,5639174,2793594,12350031,3007039,6835557,2212054,8422052
5 kg paint,5111291,5820108,467853,17027259,7971987,4397081,4737240,1932392,12062791,6991372
5D floor mat for Peugeot 206,7884372,9125167,14898338,4309206,13804808,379679,8395302,2279846,5065763,9681293
5v usb rgb,12633409,6744529,384314,146494,586696,3225041,13533011,483943,3666815,892394
6704e,937828,6460591,9542290,12114587,10238864,68830,1121434,8267393,9719731,7479385
7 تخم,11706172,8792046,184274,12196553,13133550,6012268,6992761,1547931,9337800,3988597
7-watt recessed halogen,2547206,3828058,4489476,1476154,1724979,4646894,6237630,3861346,17294257,2926894
7-year-old Toothbrush,4682127,14162487,12337287,7684242,687603,597980,3083455,276319,4905454,9843310
888s بائوفنگ,10638348,6076259,653921,585720,12560872,178762,3170102,962411,9172828,7220792
950 کفش,10132814,14898338,12965991,8891940,5385015,71942,10283219,2825893,10231475,5947787
976روز در اروپا,10302972,3500477,9251713,4534159,4810218,9249898,3400868,3378428,3252733,685587
A05سامورایی مدلA.محافظ گوشی,9839599,9380238,3686492,4937291,3515888,713831,10923236,7378417,10416315,12461983
A25سلیکونی,2856810,12656284,10635917,2241690,11868389,10768868,1932080,10591134,10591265,9060954
A325g,712594,1093270,836586,7337056,6229102,8963792,13158414,10220255,11116973,3387748
A4 HFD Paper,8577074,10493947,1420638,733582,2258784,4887454,14312651,7499349,995846,10968638
A7 mohafez safhe,272857,13276121,1468629,5064814,3426338,717455,10611401,7676113,1641465,2941244
A7 کینگ پاور,3640583,1475443,6915883,12166354,2838762,3551682,2106573,1770347,14312651,8472321
A73 عروسکی,14565825,7844091,8317899,6463431,16669316,3588460,543,11308070,14020596,2700176
ADEC Bird Drops,160392,12029059,12420468,4575062,5688544,8450908,3390986,155209,1461793,9174362
AHLPA,9636699,12326145,37948,13518846,674062,387077,7314195,5182103,2858093,9810520
ASUS NUC,9872192,3735641,2767191,13224953,7349530,12575332,148036,15595047,10970047,11336522
Abs سنسور,1020704,8486799,12946769,1016559,172614,80694,638338,14679714,2094624,3686859
Acetone A01,209947,9752354,7663882,4747762,7139307,2916857,5373611,242880,13027898,365831
Active waبند ساعت هوشمند,4201913,10090799,11479607,15284231,9086639,525953,9851966,933185,9048521,8061397
Adaman Metal,5756007,8368358,10589713,935451,1111878,15290047,3735641,9855378,8330682,1677625
Adult training shorts,9215556,9167161,5235259,13128770,879091,8544546,10374499,11361274,2817052,9976443
Adventure novels for teenagers,2873515,374011,14346547,684205,7086864,13461620,10030958,4005690,1443507,9944694
Aiko,1887326,4529789,1468500,2920090,7237753,15319503,14883397,6073201,17591730,1825326
Air freshener drops,4887454,4626274,10510261,2046840,8351078,961925,11244895,13502179,7901711,9052518
Airfryer فیلیپس,4826653,7486201,4216970,59380,2067611,12884600,7637524,2388884,1609964,4583999
Airpod pro2 second generation,14105863,8714816,532225,10527339,6435888,9695099,8487318,14782819,97115,5551688
Airpods M10,6458182,2768571,4007035,806227,8053291,7754712,10351598,6152199,11338881,9987921
Alinware laptop,8044249,4549471,17647571,9917529,6159749,2079564,845735,4268583,12672505,10720932
American captain,3548683,796229,6761083,5449274,6266760,5436725,12152772,17088276,8823098,9614779
Amini spare parts store,9427392,9124465,10059377,9684933,4851682,3820358,5055853,12031578,8270275,3307683
Amitis Rio Collection women's perfume,5599114,13715232,1668788,14333650,150119,6829003,8529398,1609964,5111291,831292
Apple Sticker for Computer,3627522,7455828,761749,7124918,8073670,1677740,1112124,12889866,14190688,3329216
Apple iPhone 15 Cable,36838,4260861,869662,3150946,8739501,707962,13133550,7504341,8523079,1290089
Ara leather women's shoes,9875795,9652949,1845153,1688380,12447072,677563,10685206,2360509,10217337,381254
Arc6,12588138,9695099,4189613,4113547,618869,689260,9216197,8670721,1915548,8163672
Arike Sunscreen Cream,936338,6812434,4607814,222871,7340116,836894,13877857,2250588,13728402,15986310
Arsenal boys clothing for 12 years old,11721766,212535,11558606,17351803,14982487,3238360,12546851,162410,5343249,12813282
Artificial Sansevieria plant pot,7770517,1732746,5188656,10061052,305573,1145291,2383451,1156848,3294846,329253
Artiskin 20-piece lipstick palette,9520545,8293985,551270,7808672,3998323,10860107,3101194,2523554,7954927,7168123
As+,612594,2509472,12170248,4905454,3055850,2081882,513849,9788096,14156185,10618688
Asba doll,9713027,1452948,242880,8302742,1651504,4323821,8912519,13519626,14326964,4071139
Aser Aitro  V15,721987,4875708,7745780,13853364,4268372,69845,11064523,12217894,10100238,14096421
Ashowits,4270359,6578624,52824,2721355,10251101,3565413,1006905,12664128,7745780,7644288
Asus 4-cell laptop battery,602111,17647594,770458,11042355,15949927,6781339,7332981,8143640,8659443,11551035
Asus DUAL GeForce RTX 3060 OC 8G,5193462,10217337,7294795,10633491,7563592,14579086,6365957,3701566,1024260,10771614
Asus max pro cover,608188,10392705,12217894,4666683,3423831,11070523,2706820,752022,3519439,12926611
Asus x515 ep,11107134,8421261,551022,7770517,8081582,8122684,8567079,10558674,6843443,9491143
Atomic sunscreen,281447,5070528,8693975,1016194,3307928,2064685,1290089,4288435,2842162,143761
Atuo,916408,6225235,82127,2712971,2100510,12454100,11419580,7566698,12282641,8050293
Azerbaijan Wood Distribution,13728402,17025073,11532754,6243257,14030491,6993065,4908919,12633409,12836062,12673805
BELACPYNK,4886795,909949,9976901,3500901,7734110,7596488,1663833,12849731,9525590,410177
BPI مکمل,10722131,13466118,8141377,428256,15436428,6791039,14010607,11150542,14037794,8890436
Baby Dryer Set,2137967,7987018,8511358,5333465,3559480,7035312,13728402,9364733,17647594,7338066
Ban Pipe,6532707,4511632,8463027,5500667,7495372,444227,10017891,12387366,1967953,796015
Baneh luxury face powder,106674,12282641,4013119,11069323,7268050,1680521,1761476,112897,6148379,3040455
Bank Bahar Azadi Gold Coin,6139064,7140776,6327528,9260890,2390325,10111583,576100,12647595,1112124,16797079
Baseus headphones,1761476,581101,4825795,8789224,913831,9434505,13237105,8883926,8402429,3825594
Basic dumbbells,10260791,14263738,13629361,11699162,2160141,1505530,5325285,12303596,9342140,4369697
Beatele s24 plus xundd,13012373,1491115,12830142,2522912,808546,7009820,2838762,7402345,11217296,3773186
Bebiland baby bottle,2668036,12463754,1634779,6657649,269306,6331516,4452530,6631597,12531760,1468500
Belt,7061153,10220255,2233703,6450361,8963792,3550905,13224953,10304716,6135391,695191
Benelli motorcycle throttle grip,3730774,1705521,12747983,3212987,8605280,4854361,14344908,55352,3098913,12153023
Best way,3519765,1454599,2025154,5152752,3381620,2505460,7556398,157972,6748254,3786675
Bic France pen,7426186,6331516,4819160,356804,1575818,4433578,10288460,12117693,14453589,4986463
Bio builder synthetic biology in lab,8326812,12216494,5276317,13983929,8122486,1030285,912948,14024753,12506843,389247
BioAqua Facial Makeup Remover,2854554,9684535,2129272,9647229,165896,2260890,2821156,6613130,5205149,12628511
Black Car Body Polish Wax Sonax Polhclor Volume,281133,7802294,3452323,7274780,2734184,1140969,3548683,296051,14985956,5366991
Black Spray,13733790,5726740,1420638,2808706,5058143,6770083,13174538,6425156,544767,11640402
Blackhed mask,10591563,12520106,7913417,1093270,10726910,571948,13041645,12920165,4362497,7844352
Blink Max branded mug with handle,9377230,13379612,2873857,5333376,5362159,4747762,10839890,9010242,1492020,9677180
Blink Max half cup,7237459,10972745,7324155,12602622,7494692,7460260,10597675,12773727,5060451,347269
Blue full-length mirror,334514,12702443,5406516,6247336,3404079,10418959,9752354,101735,8366074,13784427
Blue umbrella stick,6745919,14257955,4681587,11699162,8293249,1563662,3731327,10162415,7294241,4725165
Bluetooth Finder,387077,10612434,10903141,4319256,3773186,651025,13737183,27956,16072099,11795976
Book for 8-year-old,330843,14608010,4005690,7596488,2008043,1512525,977697,14357221,14109840,17647571
Book: I Wasn't Afraid of Anything,13985468,10479780,7478847,4887699,9478609,14574143,7359701,8900054,885682,1709177
Boss 400 welding machine,7596488,2476616,5148050,1029075,8098125,2095608,14596741,6090666,9935382,9538562
Boys Size 55,56912,50675,144966,4885876,8225657,13283717,775333,12109643,8087355,3564259
Boys animal stickers,859481,6946867,1533016,6013513,8133086,782048,2308497,7009820,3762603,10088444
Boys bracelet,2842595,10538026,576371,10304716,4060266,4826653,4107592,9086146,2538094,14757100
Boys' Xbox,10518512,8012550,6211018,147439,2124125,1825326,9372677,13526092,8900054,8669736
Boys' mayar (brand name clothing),5223293,6830539,9864678,15055116,1623114,482498,3204480,14466154,13504571,6943577
Brick toys,8293249,4640838,6693613,12453877,683854,4248271,11405801,4139554,9909994,9436586
Brilliance 320 windshield,9943533,6296693,458555,13466118,12031578,11765611,14843838,4585575,7640848,379200
Bulk dry dog food,6823327,4241121,6107940,474279,8819237,1795756,1652570,68830,4419091,777769
Bums t-shirt,9378758,1070089,8011488,9520539,2846889,2666771,2310389,17088276,3237727,602307
Buy bracelet and ring,11491863,7706929,177628,14037794,13266203,1931645,4395571,12443301,2819510,14135524
C to c کنافی,4104881,616284,12283138,2689056,8365337,6850079,12516025,11025870,9827862,11474073
CPU 7700,472989,17145362,82937,7475432,7297459,11145265,11216802,476011,10566257,9244901
CPU گیمینگ,1518115,410177,12637319,6069592,12009083,303880,602981,2383451,9851111,9868374
Cabinet panel with sensor,7588506,11372593,9842660,1130511,5117308,8955487,2809693,10740002,1257,640031
Caman honey skin cream,10597675,7032881,1719126,1584875,8397402,12987634,4929072,10034337,12311903,1416631
Canon Hinge,7371634,5586007,10275826,3408934,202993,7855730,3812340,4887699,4641312,7501115
Capra 1 (vehicle model),4661132,8895848,8884664,317579,6582726,3889673,17085140,9665329,5083435,330734
Car Camping Tent,11161719,2061569,363896,341677,14554037,9833806,2830753,5823722,5831949,1991068
Car String Lights,8789858,9542290,9378158,12498534,11000594,975028,14326964,15319503,16633807,12323073
Car cleaning cloth,4147872,11281765,2457948,6338303,3825594,161506,10077614,13364523,1718585,8093927
Car rear text/writing,10598469,3998323,12443301,8370228,7278168,5685312,155209,996559,12884433,14333673
Car speaker 405,2411284,11255602,4704767,11336547,8244011,7843027,3805248,2887055,869662,2560236
Carbon violin cushion,4544783,6869543,855953,6356674,14315407,14008542,3305777,801751,3165952,870862
Casey Jones action figure,4726765,1837601,13274853,1760290,2485521,2696573,181330,16040039,10389840,4734311
Celebon مشکی عطر,2209409,11405801,5941649,14763533,8450908,7591304,7036283,8094333,7930094,15028893
Cepiderm Eyebrow Cream Price,9981331,408153,11236294,11404306,10458925,7498101,9530686,3183048,13942221,3628695
Cgl150,12282998,17470082,3277497,9824297,2645301,5699051,2032757,2118749,14271321,1552131
Chassis flute instrument,1753907,11581465,10621046,10490287,3860138,15321687,6363775,7987018,652824,7884372
Cheap headphone,9872271,9306368,1692778,10958076,5840935,1496876,4964326,1624566,12999394,8677650
Cheap stone pattern carpet,7701298,1558485,3428211,14334481,3792937,14250473,6753202,1116925,697280,7955083
Checkered fabric tablecloth,10396351,5205826,8069225,6033622,5841076,467853,266499,4337355,7290673,586696
Citron HDMI cable,522903,9377230,14574080,2095608,11790946,3372647,6712337,916313,5337932,7094941
Cize topical gel,1486568,5589097,172501,7047648,4157305,5297748,12534060,770259,10860371,723825
Class room of elite,9970279,1127047,1480950,9180751,2240142,7888690,14471723,7556398,11106492,337494
Clean wall,5865442,13848972,12143102,4134877,904956,14360660,6796444,10821081,4097330,115001
Click motorcycle battery price,7368232,568650,973138,4216113,4621203,6461093,2342736,130176,12957372,9244048
Cmra,6327528,10061052,81373,11435290,13102138,3971425,14690036,4044799,3515888,744279
Co2  سنج,5901390,721359,6836305,330734,13204440,13113689,7132885,1070091,7282833,11398900
Coat-style towel with halo pattern,5410960,12229027,8775614,156097,8883926,11717943,9208271,151394,12233629,4999495
Coffee mug for Khar-e Dand,12243728,2696573,10709261,13133550,9717198,6959175,2097496,5261987,6391068,425857
Colored Paint,1740203,6974618,6389978,4499873,4640838,6363775,721359,12506843,23134,9652949
Colored Spoon,1645794,14554743,587934,11510814,16336573,623352,12198705,11772475,6013983,9603981
Comfortable sofa,12457774,5947787,113653,2110368,10396351,691040,9397341,17423036,5651845,7279314
Copa mini,5840935,5285459,12546851,6976256,1683564,680665,99127,13174538,14214103,9681293
Copper cutting air capsule,7926499,5119105,12535621,8943078,7566698,14894786,3208664,1924146,2294408,3689934
Core i7-9700,2137273,3408934,4725165,5165276,1863310,12433865,6929586,1518404,12830142,8771500
Cosmetic kaolin powder,8468225,11610493,1789517,139696,14160172,4246562,578192,5618757,6744212,8123753
Cow Design Kettle and Teapot Set,16687691,5904494,9474398,5865949,2283053,13842343,10396351,6035037,7890775,9513010
Cross design wall poster,7490531,6035112,11124441,139696,147439,7632776,679366,1664086,12452964,9893926
Custom photo thermal mug,2661622,3540612,10459614,9716931,11228484,712594,7802294,6163212,3561465,6335627
DOOGEE phone,8317281,787233,4882532,6404633,3038837,12233629,4172151,9110721,12656613,9147790
Dad gave me water,942712,2316014,10103649,13033548,7324155,1580572,11394257,190423,2644760,2030253
Daily purchase accounting notebook,2258563,10878356,1760680,6558638,55072,10725406,7100817,9026799,3596037,20388
Decorative socket switch,532225,9943343,8685101,5127858,847112,483943,4999495,645879,12229635,7591088
Dell Laptop Case,222488,11330221,2009191,2152938,657934,2074248,12891981,12673403,13117448,8215382
Delta control set,2945525,10634104,11313296,371256,5264549,752022,92226,5228840,474279,3402196
Dermatom facial cleansing foam,9752354,2805018,10903361,10583707,6463431,7324155,482396,348142,6902160,7922395
Dermi Deco,5595567,5463310,2781637,6500727,9667367,4419202,1443507,14180980,11547843,7947395
Dietary vitamins,13999587,13507309,2227589,6744212,3405536,11704036,581101,10676179,1859403,3420517
Digikala box,2956453,880906,2387365,15094280,6508907,909730,5961873,7436770,3305777,11681449
Digital Inside Micrometer,2571099,4801149,8869441,10796599,11403849,3571386,6459788,4391448,12667651,9879686
Digniti,8632233,205704,1144060,13359318,177628,2873857,2094664,3157420,4506119,6276346
Dog flea solution,1503088,7360152,10709261,971829,147439,10480997,13357606,7246492,7954638,12849731
Doormat,5984226,4137141,8535502,9716931,981922,7195939,910553,2075425,5241933,9863317
Drawing notebook notebook model,281133,8315311,1645794,865368,2490223,3054003,669307,13133550,11019537,729439
Durable women's shoes,277950,6992761,1158687,7354748,308442,5064718,12005190,14052859,9389490,11173228
Dvd برای لپتاپ,1036482,11424321,7820922,714324,7916430,6423408,7354748,9944694,11046651,6593322
E-Tab Toy gearbox,7701298,8688393,12670804,8337966,2008349,2407543,485090,3961887,10183601,3784786
EARLDOM Wireless Wifi Display,6753202,10161806,6851000,13948193,7171641,6605848,1622791,687603,2112414,9080322
EMKO Espresso Machine,10475216,6116990,777689,15743868,10823021,6821872,4887787,14336077,7188425,9584036
EPIC ADVENTURE,11729357,7861160,11029535,10340665,10035800,14165122,12625697,9604701,7102362,11578992
EST motor,10222322,11476645,12054697,12997079,943846,10520790,10387007,11372593,1047021,6343668
Earldomاسپیکر,12899343,2516249,13237992,17015612,3403213,9222733,7432217,2653959,50792,2047207
Edam 13 phone,7414717,6377946,4437935,3299334,4968240,14045908,299236,4049858,6582726,9828833
Edge rounder,2110181,3859841,1161275,13969562,7876949,7930094,691099,1144032,8523888,5811498
Edje40neo,7497665,6214633,9928540,14413764,6456374,1989272,6417834,13615941,13002646,6622267
Edun,2275787,5066318,14176713,81887,8331727,11281765,3434836,12573997,6838826,3587147
Egg crate acoustic panel,10864424,513849,4500400,2572985,13117448,12535621,13324355,13929076,7687466,5700311
Electric Persian writing trimmer,924058,8267393,4801614,7224236,3710387,7357314,10544590,4318526,1998521,668165
Electric meat tenderizer and grater,8856459,6180333,13939723,10903141,12944358,10347632,12436834,2382422,10641993,4348656
Electric nose hair trimmer,408760,468478,6787332,3559480,11602537,3904812,13225463,4622727,11947958,5550069
Elephant design doll,462996,12708037,2945800,5004494,2983747,80708,7796412,12076737,1877280,6560493
Ellaro Cream,623214,3919055,3782930,14862152,3083082,12445779,5066622,6976717,9695428,2404828
Elvis hair cream,1817540,6107282,1004021,1626901,2333256,2945261,2420241,5350930,12349726,4640717
Embossed phone case for A10,9169544,1651116,11137693,152123,629090,3880381,6371952,3550869,8701936,4137141
Energy-saving candle-style lamp,1110715,400168,13951460,12686706,15028893,7640481,9257304,7812626,7947685,11851125
Esp8266 برد,2140580,8453861,7274041,14065867,5790627,10140363,10996549,9290682,7501115,4589312
Espresso maker 2031,6554716,8806823,1029723,15989810,2561992,13028920,6459788,2588590,2149655,3690229
Etime Backpack,14947512,9073973,794980,7571853,82169,11270596,13635201,1045063,9075233,12414641
Evil eye cloud model bracelet,4345700,7428555,9269465,543,8516352,1581825,12337287,2895961,1491939,10776118
Ewhit tissue,3297315,11419550,3033133,3618324,24775,17443537,17664542,3028345,7323361,625647
Exalis flower,8368358,408153,10248995,12693128,3471063,7930094,10904951,6371134,9147929,514988
External CD ROM,550445,2414238,12600106,11116517,11204388,11165628,16858588,577147,7393072,12950074
F9170,8461297,15068848,4495382,5264418,877254,3286166,11357204,14679714,2283053,7145828
FF 22 perfume,5083435,15920872,8802883,1501452,2603992,11408972,3426975,9567498,433357,3022844
Fab Lab,9244048,1695565,9593462,14024452,11313296,2339955,1496459,10898538,15290047,1077019
Face Camouflage Wax,11217197,2238243,17792304,14479735,8133086,9151144,13073651,9079304,9021822,9589386
Fantasy Memory,11456874,69845,5245403,11824655,4386912,11311087,11357204,7506039,755465,279853
Faubulus perfume,5092438,8267393,8938625,2660180,111606,8578639,966215,13083849,12416760,10183601
Felt prayer rug,6872675,499049,3593269,2718808,11361274,9089232,9255949,15247016,14271352,13185064
Fend power bank,7761376,7835167,4952893,2109417,4430011,6078390,2714348,4354296,8337405,11273164
Fifa2019,7926499,3330902,3500477,7985095,7125366,9568957,9668361,2238243,11288948,453777
Fine-tooth chainsaw blade,1864688,3882961,7440533,2061569,12163667,14086563,7619749,11989850,490549,2176301
Fireproof tent,7512551,4495195,10697178,12285836,9561936,717052,5139942,5597635,4419091,8552999
Flip flops,4645582,3083082,14212796,8838317,11706172,6880140,12673045,5337932,11769387,13709607
Flip5,9403178,2090561,5240881,1120456,6980916,9216197,8329320,9976443,5750777,4061084
Floating marble,11227268,11465854,4470323,9446010,12554568,12277034,263737,6243257,5274879,8949246
Floral jeweled brooch,11876002,5119153,5557830,2858093,17470238,7857661,765174,10253376,5189,1806932
Florist Green Tea,6090847,12090299,11777691,13363407,936338,7634670,12998878,10487720,8225657,4096476
Forearm muscle building band,10100238,1584616,389052,2779773,12282641,482396,3255182,1163645,11765611,12560315
Foreign flowering fertilizer,4495195,773877,10730025,11256459,8432672,16455986,2614137,831292,15340740,5226140
Formal dress journal book,7844352,10388992,4661330,4489668,17537520,2873515,172614,20474,63831,638338
Four-section divided plate,12673403,157972,10392705,10526032,1585520,6072525,3307928,7970728,1924146,8824958
Frontline,11315279,14007389,11145265,6461093,2166223,15318307,9264770,323611,15069967,1953011
G12دوربین,10849913,13943953,3706469,4189613,13045848,10538809,14042335,12445779,3861346,2584390
G23,12083895,38932,4139554,1612355,12294345,24775,333942,11441964,5371740,13735302
GBL 800 E,2375395,5235672,5436849,15258075,785436,12506843,8275133,4113547,8537836,6325240
GNMULFLAPDK,7699090,961300,13033468,7956757,3046384,2604096,8183334,14105831,2196302,8949246
GTAV6,8344086,2330465,4014257,5160907,963026,14105350,9629367,210803,2537376,3404079
GTX1650 Graphics Card,10349066,10638348,8391149,482396,13278587,4869901,2074248,55691,5333465,1584875
Galaxy 6 vlaasic,2552982,4294581,6424957,4573008,1621699,13656897,12488839,6392126,16613440,10487720
Galaxy Fantasy Ball for Bedroom,2055943,115001,2831303,2023379,12884600,13240386,4419202,7917791,3287572,9001111
Galaxy S20 PLUS,9004905,4793179,10077614,7734681,1850862,4825795,5144437,1823585,6896633,14262609
Galaxy a 52  گوشی موبایل,2414671,5337409,8312675,5199389,8730255,11162265,4321877,7922580,8900256,5992012
Galexi zed fold,10632942,7165658,3500901,14577010,8677650,215632,11575630,5329771,8886721,10556052
Game of Thrones Decorative Dish,799177,5762016,472358,48690,4629071,649522,2627010,11392513,10451019,3011771
Gaming Console Model KGame Stiklite 4,3688118,8658743,189571,2015247,341951,3689525,7964485,2885887,14380342,4547127
Gaming wheelchair,378044,10332707,4452530,5245403,101056,7330976,276319,945581,7232503,7662665
Gan 3 fast charger,3398369,2960094,6223265,5762016,12536422,1045063,9382384,4032241,10519102,3710946
Gas capsule 230,2241846,13656268,8718260,4044799,1070635,12844284,9013302,11625784,16620811,8536946
Gas pipe box,2457634,3437,50718,9370,4359657,989332,4978798,15257467,1897763,4006952
Geforce gt  6gb,11019537,1570634,5568535,120258,7898863,13786741,646719,10120510,14243261,7248561
Genia shampoo,6012977,12518784,9286195,2678496,6175504,5005362,1452948,9362011,6391068,7016098
Gillette 3-blade silver,111707,9268477,8778416,557201,845735,738077,11042355,14494381,691099,13117072
Girl's bed,7940220,8422631,9591547,17311931,9326693,10598469,4522712,7338944,2999253,9493098
Girls Water Bottle,2898843,9345320,4804290,12050377,8765904,11330901,9708003,1519801,3294846,2487012
Girls crop sweatshirt,2378379,532966,13624405,6660785,3723264,99127,544744,518694,8423503,2732077
Girls fluffy bedding set,3046384,1714761,12243728,3633322,2006069,14466154,4196851,10129178,7338066,3637389
Girls' Papa model sandal,2504677,1651116,3749050,6156841,10881540,10500732,432372,202375,13152830,8128699
Girls' doll toy,7454085,11132726,2289837,13024773,6554847,12310300,8586965,5831949,134955,12503760
Gizi Miguel citrus juice,8397962,2505836,12086278,3016058,10649152,2779773,12056902,8498898,1112597,2873857
Glass fruit bowl stand,2289837,5193420,5820108,8799078,10615202,11948548,7086864,1760680,9793563,10426374
Glasses Lens Cover,4952893,12152329,749052,296151,10636233,8174589,2767668,845735,2129272,190713
Glorimi GS1 PRO,4325093,13880861,57321,3545064,14607379,1510875,4964326,7535129,602359,1887326
God of War  دسته,13710651,10903141,438429,286918,6431588,3954961,84636,5109328,6653378,8567079
Godox softbox,6158866,3810323,582429,6305458,637473,7417615,12091506,5285459,14132342,7515632
Gold Plaque,6744212,1480950,5865442,349676,7036283,416524,12202419,487357,2945525,3265330
Gold gemstone design,13842343,10742490,5630320,12662620,7781648,3643724,10022247,13359318,7835596,11835776
Golden Book of Mouth,10446405,3757788,4155832,11532754,5005084,12522411,10740002,12094463,11699162,4474955
Good will,576371,4547127,14348920,1922447,5622922,4506119,9296886,2110368,8312675,11723341
Gopro13,8494071,7523186,1425618,10404044,10769991,13430967,4210424,5347861,174943,7393227
Greasy Design Soot,152422,960381,6383690,1023734,3782930,55691,4571148,1510875,11362645,1037470
Green Arrow,591097,12290041,2509472,384397,11419580,9969986,2522912,11090329,11474073,12586759
Green Mouse Model 301,6595635,4189613,14064817,782048,9434505,8326812,10359413,7956122,10729281,13083849
Green Ozay knitting yarn,7882390,8431072,6413628,3383776,13502179,9962261,499827,14360609,7345740,1778968
Greenhouse shield,3481212,7581955,12420468,868716,11473694,5884397,10599126,5720281,1120456,10347632
Guitar decorative sticker,6774949,657178,4999495,8461270,8234858,1519801,4675504,7680985,4057122,12659336
Gummy candy necklace,9422726,14799817,9674839,14883397,511859,5349411,2581733,9860681,11722455,797508
Gypsum by Kilogram,9872209,5350930,4180871,1609964,6706357,7908031,10272500,946160,7022529,12202771
H11 headlight bulb,5845932,11368177,6429971,1470935,16112946,11069323,7935982,343482,78001,2249102
HDMI به لایتینینگ,1016559,4258720,8387203,9264770,3786538,13150307,6461093,11525184,6170219,865529
Hackers,13615941,11625576,12821919,6793934,6205093,10985290,6335627,4017472,6823515,359882
Hair trimmer with one blade,10930227,1048427,15087762,4323264,9308907,558843,13728402,476011,402097,3859880
Hair_X,12204734,12363287,2753599,7797971,8259803,9623006,844531,2392148,8815105,202993
Hami Leather Bracelet,126151,14690036,6800616,7165982,814508,8685101,13003487,456337,3397736,1122123
Hamilton juicer,3320722,14262609,2101667,5264418,9695428,996546,7432265,1959209,8985053,11032647
Hanadi Hair Mask Argan Oil Volume,955878,1571159,15967853,12943759,14663227,3326464,1050226,12534060,11682472,9567498
Hardon shredder,5240881,6884317,1015441,7178449,9570265,4424783,9788096,8463027,8631215,2289856
Head towel wrap,10638348,5091399,4257429,3221442,9349513,2094664,11244895,7229796,4301569,9341782
Headlight cleaner,4314484,11704661,644103,15302238,4390181,7091950,9964641,4230579,4571148,56743
Heart-shaped pin with Demon Slayer Shinobu anime design,14315407,15772253,4931849,5956223,13103817,5276317,12760388,4087377,11989700,5337409
Heavy duty  پولیش خودرو,3068985,5679964,2085571,12417844,1329243,4629071,10984536,591097,12530933,6360785
Henna perfume,7436770,8386109,4519838,10064894,12229027,9079562,182309,1562421,5285459,10351455
Herbal Tea Meadowsweet,8494398,2980913,11498716,8928495,6610727,464362,14151404,13827589,6699387,861621
Herbal hair gel,2279846,7432686,11708249,709463,12709456,6563344,11482375,9659575,10767789,11097126
Herod Mobile Phone,11705509,11000524,7248561,8802883,892501,12461983,5131127,11434306,10654402,12359875
Hkporomax,10836611,438452,7394608,7574820,9178314,16709388,6161608,2109417,612594,4885876
Hoco HyGEL Clear Screen Protector for Xiaomi Redmi Note 13 Pro Plus Mobile Phone,814435,3011771,10346293,7144000,8203862,8449627,8033239,15126953,14607379,13827589
Honor X9a,3110912,845735,9618503,14866307,13880861,814435,10620011,14209762,4978160,276728
Honor magik v2,7065338,738077,6060757,1457325,9108448,199083,4286480,13102138,14378102,7655336
Honor x6 کاور,423594,557987,4289432,12601366,957790,3063351,1115788,5338291,7422785,13413731
Huawei Y5lite phone case,6371952,14763098,12773727,13677379,157448,2227589,781227,13716822,9005713,8714551
Huwaei y9 Prime قاب گوشی,13634628,371256,10618588,7550613,12233629,5059161,3207817,9676345,11249452,6913718
Hydrating and Moisturizing Cream with Sunscreen,11419558,816670,251724,12325010,2514163,833899,10571093,6092284,2848026,537668
Hydravid cream,892181,10974840,54419,12648952,7536027,2708994,9665329,3209596,17642899,6754789
Hylou watch strap,13027898,15502469,7213087,8163672,4201913,4268583,10463243,7947635,8842052,2161098
INGCO voltage tester or phase meter,4314693,8737931,5679964,6966279,126151,11137693,3332088,14243261,4952671,11098794
IPAD MINI 4,5199389,587934,4832192,1139189,16537303,4956004,4718551,10654402,7715987,1550981
IdeaPad 3,7847346,5503358,11025870,400168,4882650,13518137,12235594,11007937,7035312,7844091
Imidine facial rejuvenation tablet,4905582,1885744,626446,7631405,5890321,3080538,11137407,10217111,9809991,10062088
Inclined desktop pad,9161608,2391271,4615249,14038806,6991372,1609964,1125449,3330793,10262137,13469479
Influence is your superpower,12618675,11509788,2661622,13504571,12637319,6461093,3705686,9623810,2293574,11706172
Intel,2538094,3150728,839813,7561144,2842597,3689525,5519812,2894923,686339,8516352
Intel Core i7 13700KF,2149655,1496459,2419368,13274672,9629367,3329216,12376576,10638348,14437943,4246562
Inter milan,9555021,11778310,2190909,5994231,11410049,12181285,1944269,7612355,305810,1932080
Invalid text,6500727,12203063,12804885,10390791,11467012,1874470,9570970,13349064,14380342,7919101
Ipad covers,172516,36838,1467744,968220,3537350,1104172,8391149,4280661,11593938,4244981
Ipad pro 2nd gen,6223265,5117308,2682398,10796599,2554355,2242479,6744212,5589187,16755280,5202966
Iphone 15 pro لنز,224150,4631698,14696,1499342,9677180,6209833,10110079,26666,6010088,11813652
JETT Energy,6566014,11958261,6860798,5123200,6793934,5364951,8497576,14803529,8395146,6228161
Jelly mold,10703295,16835001,262253,6289222,4369668,11607769,11676603,5170003,137047,8577184
Jewerly,513103,785535,9222733,5306585,8494072,12890633,4818336,3500477,4616527,17286872
Jill Beauty,995846,665130,1874610,13804808,9565016,8096411,13639983,8191595,2351153,10808695
Judas tree,6654067,9126823,9315706,11274760,3330902,12926611,5814248,11551035,4297629,12164324
K6RTM3,3890870,2364781,9798133,4322738,8618394,14644123,6602710,1077019,8432672,13080560
Kamyar Blood Glucose Meter,9733549,6260612,8359706,7510865,4546262,10148366,11698854,11011909,10392279,5109551
Keyboard switches,6500407,10563340,11421030,2177862,9086223,13525678,10081971,3926163,11393731,10655608
Kheili Sabz 10th Grade Humanities History Book,10217337,1099779,4707890,156181,14553599,2310389,1590579,718132,13964709,560818
King mac,4109459,12900943,8886721,495439,5616229,9427392,10517307,14019592,11103849,4165937
Kitty coat,1621304,6330542,7963042,9866526,10612029,2943388,5281087,6090993,10839890,11097713
Knauf tools and equipment,3000679,14577010,482116,384444,5403418,5005407,6166323,2724761,7032222,389422
Kodex mini shot camera,9588977,968607,525614,9136299,693325,12117693,1140660,1368162,847989,1577264
Kood organic fotos,10885725,15290047,10214171,12235594,8835397,12644844,11245945,2294408,13132232,1863815
Kts 1475,7050231,5407471,20474,14453371,1011401,6197922,13551569,7444423,3768855,745924
Kwc zoe,7816428,6456374,1030285,10094197,9664454,104511,1519801,472358,14151404,9377384
L90 Hood Door,5890764,2986975,6243257,3730774,1998383,10235306,4235617,3067219,17479499,358187
LAN to Type-C adapter,1054461,8391414,14079258,11610493,3580571,8880977,11643491,5823722,1851696,7888690
LCD huawei p8 lite,2159526,813564,169240,435451,7956277,4270359,9021296,5593181,11455959,13644886
LED off-road fog light,6884446,7096895,12965291,980807,10670241,6323457,5652871,5129444,2767413,186039
LED پرنور,1079576,8430508,11447064,761749,81323,9008995,12442344,7199110,7577455,7993648
LEITULT_2,5796311,7990655,5254220,13369143,8943078,3781711,10828044,4626315,10646502,8110066
LPG liquid gas tank,3998803,105263,3942786,7248029,3500901,4046257,609325,5060451,4959376,10544675
La Favor Sunscreen Cream,5080871,6180333,14203413,3994804,3369509,109512,3570870,3011771,12561858,1498412
Lalique eau de parfum,4486514,379200,999262,3683822,296051,7152359,33857,14398280,142420,7922600
Lancome La Vie perfume,12359875,11910180,10082054,4826432,9976443,7963042,13709490,411716,10599126,11342444
Laptop gaming,9980852,5792790,1999745,1510875,3315334,8134818,5344498,3943482,12351230,2256187
Large decorative vase for living room,10345721,6526327,7038768,7644288,9715350,845953,13323415,3271100,11640402,2276162
Large microphone foam,3810323,96240,109633,15309498,1030285,4337355,196351,9546468,13325975,5762262
Latex paste,1725361,8639614,11724481,1809169,2914569,7066144,7171641,12230709,17423036,3252733
Layton ادکلن,12149756,8463027,11465854,13431040,328565,9743231,143601,3500901,5408675,2476616
Lcdگوشی نوکیا ۱۰۶,13798541,693325,13099858,2930956,5994231,3237213,16797079,179460,6924312,11795283
Leather gear,9809991,3333664,568650,4331855,468478,2436338,14333378,7003011,1026521,2830753
Led daewoo 48 inch,14655793,323611,2448796,13976650,11723131,13463142,8646801,14193478,8302742,3893790
Led ۵۰سانتی,9147790,7125366,1792089,2604338,8163672,7684242,60107,8450192,8339552,3570769
Lego Ninjago Code,7487162,7787605,8448494,7813142,4854648,8695838,408640,2441995,374119,9732812
Leko Refrigerator,2130522,997096,9719731,4852639,157424,916897,9623810,3039913,1139189,10094197
Lifan X60 headlight glass,8988196,2025154,4157305,14402753,9747174,8523888,13569337,10111279,8271644,6211018
Light bulb hidden camera,3464453,326492,6294267,14453371,4096476,42991,6780397,6248479,741348,3236541
Lite 13,2528095,5235259,12541409,683854,14581595,11643491,2718808,1958658,13525678,13832741
Livo Max Accessories,11224344,10172799,8503217,9886623,6760814,3087539,8234858,15319527,8896427,3945686
Local/Traditional rug,4165937,2817194,9652451,199623,5436725,6838467,6585774,4583031,6506441,2069596
Loop Breakfast Cereals,13322394,7847866,8580963,14586070,12662591,13099858,9964641,2240142,616284,6805009
Lube Purchase,639574,3426338,1551517,785436,589137,3454494,5500776,2675502,10977127,3117918
M7poro max,15126651,3496519,6003185,12694048,12249900,6935322,52753,6587059,2509472,15743868
MGS Double-sided Pan,10521208,6602967,844531,410800,6587059,1628655,901181,5874073,3706469,5344498
MIMI Motorcycle,12416760,8884664,16633807,7283591,9004905,70325,6435133,14803529,12670804,6853124
Macaroni diameter 1.2,794651,3784568,14578891,2535703,7379247,4331855,622748,11491004,80150,16971721
Machine-made carpet 1.5x2.5,3628695,4486220,3994804,365831,699190,6204956,7432686,5426868,8338133,9944694
Macro pad,1768109,6141650,3592470,4122281,7174761,7167500,4506710,6500978,2428808,8132436
Maedeh silver necklace,9780923,5618276,10722131,6116245,13325975,9445070,9075233,6742314,6290786,1059820
Magic TV 55 inch,9238765,2406148,14271321,7330976,12804462,15316254,8873557,13259598,17093058,12946769
Magnetic Eyelashes,2675717,13786741,6943665,109512,1484777,13717213,4887454,2603992,6061721,530419
Makeup Remover Solution Two,476376,7291130,537379,1699984,1881792,179951,14045908,2171761,14009423,5717830
Mammad Goli (a Persian nickname/name),162509,12795710,7843326,8395302,4178571,847112,6853124,1601878,3055850,7035312
Mapking water tap,11034432,5223293,2648343,14192992,7970320,2279846,9200427,2351153,8777045,7553898
Maral 12% oxidant,839813,13431040,3085247,12957372,13353223,2522912,794980,544744,12535268,5873413
Marwan Khair Sunscreen,7699090,1524065,9229172,16620811,3726850,16537303,582429,943502,2414671,942712
MateBook D14,7191359,968831,2654791,59380,10210459,3786675,7861160,467853,14525482,8068521
Mavi perfume price,10914314,8421261,6356790,10479780,6448047,11152854,5004533,11276364,2388884,314213
Maxider Car Wheel Spacer,7969300,12662004,7586528,4452530,14151404,5056646,3341501,3138852,3123964,1602832
Medical hernia support belt,8683837,9723331,3404079,12198705,14176170,15027444,8994914,1563637,13876480,2262280
Medical needle-nose pliers,1003999,11348511,7102362,1714950,9588977,12558561,3184295,9747174,12560872,479520
Medical کتاب,6566208,3340204,8365210,70798,14008542,307095,2936817,2092880,1927521,15307573
Medion دوربین عکاسی,6374504,3294846,7213087,3614592,2419836,14275920,1047824,12190959,11637871,117568
Men's Sport Shoes,13709490,7125606,2351888,10688144,197421,356507,10633491,9918604,9097395,738077
Men's fabric clothing set,8685101,6781339,13278587,13763185,13274339,6446876,6035037,2849057,13164394,171977
Men's sports shorts model 312,12181285,649278,1860173,73856,10322404,5948450,7230201,1720958,11347199,2196258
MenschenA2.1وA2.2 انتشارات جنگل,6576917,5762323,12344937,7601292,5466323,13121363,341682,5119153,13656268,7577455
Metal picnic basket with zipper,633880,35021,2257675,9979410,3784786,814435,8970641,13709607,26486,1505567
Mi Band 8,833899,4481106,11156711,7591088,2833159,10527339,2841775,4481700,9686380,2109104
Mi13موبایل,4862129,12942068,9805389,11695665,358809,6152802,6331877,11346338,604261,10336591
Mini Max Chopper,3644217,9380220,5026076,3698986,586696,585720,4850572,2842595,2849057,7612293
Mira Electrical Cable Flexible Model 2x2.5 Black Code,8945874,11161719,3679832,381254,12247887,16130108,4514009,10952084,7275002,3755533
Miss dioor,1079268,6946867,1973811,880906,1738232,3465817,2617328,860400,1505330,10602118
Miu Miu women's sunglasses,1931645,2406148,4753019,733785,728927,3757788,6394152,8283341,2257125,11077209
Mobile,12064951,487357,9329759,4885697,4886795,9489581,6595121,3551682,6164269,14851833
Mobile Phone Connected CCTV Camera,2776377,9336161,10463243,12807344,2359809,4323821,8068949,3238403,1091098,623214
Mobile case A25,10996552,1138667,6206772,8271644,124806,10811977,8815105,1586166,2170719,887927
Moltafet rap,80150,9278594,14633627,3046384,7475432,6970871,12666445,1998383,10260791,6075796
Monster Energy Drink 500ml,6054997,9846474,349671,14334481,7582077,8988196,766062,733582,1514664,4920984
Motherboard B760 Plus Wifi Tuf,2190909,6854553,9709614,4621360,77165,5407471,8083996,2415001,13217179,2215376
Motion detection,12217516,138306,9780426,3417603,1048014,10392279,2552982,4515379,6905273,8133604
Motorcycle fuel tank and cover,14295812,13661348,10774889,1140660,4744930,5987137,5131127,8685101,12309780,8136916
Motorola X,2743922,4547675,8852035,14264177,55072,5679099,5708150,10885725,8693975,6851681
Moulinex appliances,5071561,16669316,8318670,2091251,1860173,646667,12492669,3993549,6605848,14693608
Mp5تفنگ اسباب بازی,2256187,786933,12910731,14092151,7191359,145838,14131504,3993549,855992,5726740
Muddy Overcoat,4452531,173542,10146144,15257467,12050377,6681201,9208067,401105,1138304,7947635
Muliti daily,8132436,1026521,6424957,4897005,17537520,13094132,12325992,6807225,11019537,1333664
Multi-purpose travel knife,4304206,212446,13003487,12283267,6870884,10463243,3540635,3792052,8552999,7431580
Multifunctional cooling,4544783,12719812,396213,8136665,4583999,55352,13804646,6833688,15534948,185902
Music box,2124125,180395,7125209,8772003,8112340,9941383,12637319,9597396,3323638,10812826
Mvm550,1946671,9897042,14032551,6436144,7266005,10881540,3382496,13518846,14204895,10822302
My Model Liquid Lipstick,2767668,4978798,452359,1464377,7414717,1742756,11026740,9755208,13527881,12363287
My mood,5133583,12684890,17480397,2902421,8794936,6323922,17145362,2103408,10090799,13968566
N100 محافظ پشت,14263738,4792107,8968351,12303596,6992761,11330221,6524315,7847866,1745551,14064257
NA 180,363896,6535357,1768109,4321877,4565345,12229635,6427985,3686859,441365,389052
NG Pomegranate soap,4288693,6148399,3444158,2966648,1595405,7730595,916324,11236294,3840587,1505641
"NV\,A STDN",4595538,3974550,14326964,9197280,5133301,9872271,1586166,6736549,13318293,12131211
Nach pots,4566029,4914193,537379,1605401,8927059,227680,4117274,7147625,12123595,1924146
Nasho Shopping Basket,1030285,3423831,14586691,4887787,762716,5420778,997096,8609452,6330542,8922676
Natural abaya leaf plant,299236,7547365,550878,4569256,1959209,13676387,3713750,13237992,472358,11968382
New Home,4986463,10306216,10634104,6851912,2976227,14476967,12124805,1722737,9106893,1734063
Nike Tiger Shoes,14724466,2137174,15627975,3554456,428020,200466,8751512,12398907,8819237,15966458
Niwa vacuum cleaner motor,4499873,15028893,7640848,11596055,10173363,1626043,4535049,2819510,9419737,11640402
Noavaran Narieh Waterfall,2838762,1753907,3904812,10638723,3405536,9330621,6744212,5831949,11690142,1085000
Nokia G21 phone case,3891080,3232487,3572983,9567496,3264348,5726740,5143645,5622922,1505003,3041030
Non-padded bra,3815764,5620616,11606815,5243806,6356674,9652949,5522277,9493098,10708778,7173763
Nord n10 قاب,9222733,12020425,5111291,9875795,7221141,5306528,17553725,741055,4338814,2126582
Note 12 Pro 5 G کاور,12939789,11490088,6136674,14453589,807595,5632277,2429494,13105650,3465186,915219
Note 12 pro + se,8330682,10959853,1101531,6135391,8713891,1037109,12285836,2533881,13452326,14566156
Notebook full of drawings,665130,7670489,9357873,3179083,16336108,7136299,11778310,9738989,3792937,2357214
Nothing phon,11392513,7797377,12087708,379758,741130,9108448,5396489,569376,1538121,6348578
Nova coffee maker model 149,2920743,3383776,11852527,4087377,4027344,14090709,7428555,1740203,892181,103641
Novin leather women's sandals,54695,1744686,8011488,877192,1128977,5274879,2970399,9053136,7947635,9505521
OLIVES,1023734,2487012,68716,8766133,13068451,1613260,8988196,5373611,4223955,2949988
OLaLa,2869840,2171400,9542290,13999587,54419,11098593,13781222,12305674,3408934,4251866
OTGانروید,5109328,11475040,14606650,8285771,80316,8517823,1546996,959015,11103549,11043427
Oil plus کامان,10676179,8982851,4585575,9126478,17553725,12935923,12559255,1634779,2969980,2227589
Old electric razor,6092284,3332801,14472064,7533365,7107507,1025472,11101125,7291130,3383776,1621699
Onikuma B60,6158866,6078390,6090666,15319503,14014663,1162793,8631215,974348,9217198,1809169
Ordizei Eye Contour Serum,10720932,17210794,5845932,4970277,12233216,9648168,2186330,811751,9976901,10334174
Original Nike sports water bottle,3265330,11441579,9419737,12535268,7248029,689989,6574559,463273,8834256,3152704
Original dishwasher detergent,17048438,11171380,6197168,7174761,1804837,185902,10434325,5333376,11410049,8134818
Orvibo,8612133,8930636,4015327,10389840,423594,13673427,4586233,915219,13416734,6935286
Ostrich neck,4993916,14180980,2262280,2706820,803587,9615843,7640481,13691969,12373966,6575740
Otg فلش بخ type c,8279929,13231718,13710651,9362179,11494321,5347861,6419280,5027766,8890264,14471723
Outmeel،‌,8236672,2825893,457298,2763623,1112133,7781648,3414388,11294304,14112919,9020294
Oven Stand,8754590,14435236,3927967,3797526,1127801,7758131,11699458,15318307,2958150,12905727
P#5,2744459,12588040,978692,11410049,3164744,8491338,165896,3332801,14135022,9979410
PS4 controller name sticker,4726071,13220379,9866526,714324,11911364,14324362,4318526,9009983,7997167,5804075
PS4سونی,14181093,7394608,5976140,3882961,340779,7467783,2861067,570764,5503358,6929586
PS5 controller shock absorber,7184806,7035312,9747174,10894204,8000168,1037109,1760985,7862940,589998,9136299
Packaged Satin Lace Top and Shorts Set,13602764,1454599,12062791,2090561,8671400,9463740,7495372,5568535,5407471,7435146
Pap1201,326100,2133970,8339552,9795665,2961825,2110368,5699257,568650,13161928,2744459
Paper size 5,13709607,15126651,10275604,13782957,2476616,6806905,9780923,9682747,9020454,13576150
Parab Teflon pot size 42,11695665,11689074,6435888,6850079,14656328,3809063,7585894,11418399,8516352,12233240
Pardis 120 Wall Shelf,9296886,11888964,9981331,7940220,181535,7926817,791053,1569146,13620175,2316014
Pars Shahab 70 Watt LED Lamp,8183334,11509788,7541011,1714950,8929380,70474,1513183,12294078,10434136,3781711
Parsikar correction pen,11748938,16736391,445937,13593631,9403178,12543936,184924,12921564,8884275,7729464
Pasha wood stain,449113,5716984,384571,7206667,9342140,14478692,10518512,9105170,9169334,2309345
Pearl bag handle,4925525,8589994,5258935,8869738,9878812,12249900,10697178,10912381,7505141,9493098
Pencil eyeliner,3046384,3914219,2716151,1930011,12297407,752467,1420638,1072595,4492680,2907018
Persepolis Classic Jersey,4065469,16286253,12851647,9242187,6996746,4463663,10355916,3181933,947718,7571853
Persepolis Design Mug,959015,876180,1163645,1496459,788542,3896892,4359657,2333861,12109643,5581620
Persepolis lighter,14586691,9937001,5589187,1949737,3556125,11135079,155877,16455986,689989,4314484
Personality Theory,7780046,6932884,13628250,13939525,1849719,8708852,5551003,9073973,6792674,11165628
Peugeot 206 Glass Washer Fluid,921724,801751,5487496,10438847,6172464,3234768,1047021,716113,13402001,730811
Peugeot 206 SD floor mat,1871957,12109643,1071003,9063227,7729949,1626562,3315334,7771001,8237708,2748851
Peugeot 206 armrest console,3225041,5031075,892501,17633615,11433406,3398398,10463434,669351,8912519,5258935
Peugeot 206 front bumper grille,2701359,3624415,4395535,14263738,833899,13735302,81887,13259598,9260890,1553498
Peugeot 405 shelf/ledge,17553725,7577455,7495284,4184949,4185887,1137514,3039913,7755871,6976256,11995524
Pharma foundation cream,3390678,2915486,6446757,1108894,11362304,4452530,4877971,3907654,11505940,4316801
Philips 7000 13,11944757,847112,9427392,6998499,7836765,101056,4147872,1160809,1850862,14112182
Phone SD8 RAM,6411263,7365891,12310300,7533365,13531438,12899343,416524,16040039,9622549,6152102
Phonemo,13126767,10231475,11868389,13402069,10901262,8468225,10481951,1104172,14010607,75270
Piano bench price,14586691,7506143,12686706,4660654,8577074,3033133,124806,8531074,685587,8587723
Pink zara,4338814,8494071,14203413,17601869,2547504,6731038,4238492,14234612,1543627,3420517
Plant Fertilizer,8806996,7833858,12503760,134840,1529575,12126072,980807,6450361,7533584,13514411
Plant LED light,8912519,649522,12637319,4535049,648468,5503358,363346,15961661,5823722,4319256
Plastic chicken wire mesh model,6463431,1699984,5119105,17512480,816135,6884446,12090299,10676026,7340419,428979
Poco X3,10719782,11457161,8900054,3405536,10405197,5813649,17751721,4783176,9174744,17607188
Poco c6,542963,13454932,2826482,983854,5152752,8898035,978692,9362179,396213,10652816
Poco m6 pro قاب کشویی,6752724,4306831,12229027,4997418,5102788,12552785,1020704,7544531,10220255,4124800
Poco x6 poroگوشی,4532802,13624405,7976209,8949562,4448013,3211073,6116245,11689074,9941383,217019
Poly,7720365,3550905,14207701,429720,10747132,9593462,1740320,419085,6718972,8467382
Portok خودکار,716418,8128699,4146139,3218826,892501,14540468,3269571,6926013,3690229,7154852
Pot holder,3123964,1094947,202375,12359875,728026,7791972,865368,3553600,6252585,1897704
Pourhomme,9372677,623214,7295871,15966458,2124125,6064579,4495382,12540137,14038575,3098779
Power Module,13098387,6229770,13343245,4589312,932459,2364781,4226290,5159983,6148399,9422726
Power bank 20000,10287333,4235421,12601366,13656509,3768855,4302571,1740320,3232487,6696145,9665263
Power bank battery 10000mAh,10462829,1649577,12719812,2776377,15400948,9445099,11064523,10146144,10589713,4061084
Power outlet,5366507,251724,1776517,3462515,1157087,6616972,11729962,11407210,6791039,13430967
Pride 141 trunk cover,12680909,6580651,6958247,17406399,1088721,12659336,1117102,3702757,13869378,728026
Prima Lilian blanket,6073201,7379172,1683564,11695682,14150938,14799817,3258151,7248029,699190,9060954
Pro one R100 pro,11098794,515038,1537340,14009141,4256269,9546468,13380111,13964899,6554847,7959398
Protective Case for Samsung Galaxy A05s Mobile Phone,13954687,4565345,3471063,10025189,1768509,11517957,3017645,7884372,12436834,14308846
Pufferfish plush toy,1949737,267559,8515333,1162793,9126478,7290673,3255186,224150,11589339,490435
Puma boys hoodie,10247677,10404044,1435005,17548788,13080560,13463142,1457325,12817985,6223265,8220841
Qcy whatch gt,11479607,7967010,13639983,8198325,7780046,7824158,4818336,7955821,2627010,239854
R g مرطوب بدن,7780046,282730,11128040,8844118,2939544,13986631,8950594,4076941,10045773,11588770
R2032,7035312,4117177,6780397,6975559,11443530,2725449,4294581,775333,2307028,724480
RELEMI mobile,9979073,7136299,499827,12576663,12884433,1093618,8669046,959898,3506503,68830
RTX 500,381254,7975836,10617230,12185047,13986631,10288193,6880140,11019537,8578639,5426868
Ram 1500 car model,3634502,6164402,396033,8162593,13174538,2109417,7142851,5132596,4108417,10603317
Rana Plus steering wheel keys cover,9029360,1808733,468936,5112407,4506710,11273164,13105650,8898035,269306,4971284
Rapido Engine Rear Shock Absorber,4933374,10737095,3271100,11476129,12068731,6748502,5170019,8900054,1127801,1497226
Raw camera lens,7294075,7275002,2491087,9959461,4929072,7247698,13615782,9789567,199083,13781222
Re   ddlamond,1795756,2196258,267237,974348,1552186,14466033,4124800,6230137,631598,10651467
Readmi K70 pro,9857792,8283197,5301082,8658323,12457646,1905089,2934337,68695,8215382,4155832
Ready-made white putty,12496394,5820108,12453314,11348511,5907296,909042,1016194,5483508,7084646,9215637
Reddragon mouse,12904616,10087528,393078,2407152,312368,5148050,4063504,7060891,5089067,674036
Redmi 1pc,934862,10156991,7954927,69845,9505521,674036,17537520,5710882,2406262,9478609
Redmi Note 12 Pro 4G phone case,8910937,1760680,363346,6129574,9563117,5068713,5595567,2053912,2710686,6562526
Redmi Note5 Pro کاور,11995524,997096,5551207,13951460,14354432,80237,968220,2962922,48961,3890665
Redmi Poco X6 Pro 5G phone,9561936,2212054,7644331,7565716,6166323,11071862,12884600,6323277,12836062,8751512
Redmi nn,5403851,9906836,4488066,1868597,13917758,725032,5269360,866046,717913,5066318
Redmi note 11 pro plus,8627776,13530777,12290041,1153178,9695099,8465932,1029949,13197805,6748468,1070635
Redmi note 12 4gشیاعومی,5159983,8941911,512798,8355873,12821919,3400456,9169544,5597635,8754662,6823515
Redmi pad es,9132888,5070528,13847395,12708037,12375156,4565345,3612361,7917791,14645,9201855
Religion of Love book,4916098,11947253,10442878,5482819,48690,12180030,1504171,10451858,2597015,1110715
Remote iPhone Door Opener,1071003,11424616,10688144,8794815,771961,803587,5843481,6239105,269151,7612355
Reno10,649522,7592410,10941341,4631112,11173228,2789485,765991,4609145,72088,8367504
Resin ring making mold,9741936,1592884,13163447,1016559,12553170,9167161,14214794,13716432,99328,347537
Ring light F,4134877,1140969,14144893,2262835,5874959,9542290,1161679,5449019,123067,7365384
RoHS پاوربانک,9563117,1776517,5366234,1414797,8203862,3368623,80694,1944985,6419280,9231800
Rock music accessories,4810218,17647594,1016559,3998323,272669,1581825,14890627,11625576,9589386,513849
Rocket Car,3332801,4402895,6076259,3679832,4791585,7367110,10498856,3724793,13412906,8659443
Rocking swing chair,185902,4353116,8527470,868716,5436725,7048378,10194563,11727101,9283347,5085833
Roja model,1624566,12680909,179951,10061052,7423741,5205826,14152346,3246519,2560236,10463434
Ronix angle grinder 3165,7632776,8242042,1734063,4681587,16576316,6693613,8995528,15027444,6843443,1861018
Rope maker,15895722,7553658,10587391,7564833,8425139,2839557,3532676,2364525,3452241,7340462
Rovensburger,14195212,5129645,7505141,26757,8714816,4366176,1798672,4565345,2182660,7162291
Rtx 4090 ti rog,3229372,2359809,13164394,6996746,4354296,8527893,6906343,1857547,7503155,333942
Ruby necklace with sequins,9659575,3177340,5027766,8766222,9719761,7063890,15340740,913351,8537836,2842597
Runna rear turn signal light,7994727,5073943,1897704,8223587,8527470,2407543,3993549,10857322,6069316,2926552
S2-FE phone case,4260936,11362737,3867621,17177349,3423831,1968037,879091,7514224,3550505,11334503
S2023 fe سامسونگ,8387799,1768483,11263738,702346,981926,12665229,9935382,12506843,3745959,308517
S21 Ultra,9686682,81323,12373966,13504983,1428539,9917529,172614,2414238,2058772,10620011
S23FE کیف کلاسوری,6211018,50792,7728675,10085302,14089147,260265,11198942,2999253,589137,12573997
S9 Ultra tablet pen protector,741348,9128967,16721016,14105350,12443301,6939250,4440247,12286879,11706172,7697738
SKMEI waterproof watch,4409667,9384920,4015327,16687691,5019972,9017025,10959853,1422486,9772859,8387092
Saipa wheel center cap,385198,4291477,3596209,9549667,10541057,12414641,4583031,4151594,7781648,12667651
Samand car cover tent,3809063,7432265,2552982,2205733,2561992,5727653,274302,7910536,15772253,154011
Samand flashing hazard light,14568223,14019592,4995373,13950082,1829693,12294463,13278798,9645982,6838467,67965
Samand sport brake light,15096900,8163672,3320896,12930590,5622402,1984456,456522,5845932,285041,5382851
Samsung AC S Samsung ACS,12398907,1004171,5073393,4344817,6574559,13238409,10644422,3778331,6940852,814435
Samsung BAR,10661112,8487318,794980,5857844,9378158,13303554,2516249,6228161,1516654,8492349
Samsung C,9359293,3914219,2092880,8988196,10456796,11358108,8293985,6154135,3027828,8688393
Samsung SE4 Phone,17607188,2826482,13142006,10860371,4321474,12673045,2636930,9377384,12189253,15118188
Samsung s20پلاس,11511469,1765774,14985370,10985290,9054363,6245149,6577114,5136293,2529858,5396467
Samsung s24 ultra case,7221868,8169830,8277238,2205733,2260890,4244981,9938759,340779,552599,3068071
Samsung vacuum cleaner parts,11435290,9952903,376930,13640746,2414238,14655793,13963533,4830134,2415653,3818328
Sangpop,10217337,6090847,7152359,4952893,8714816,2159526,9446010,10335726,364752,8578639
Scaerltt2i2,5297304,4349344,1689085,10691718,13341550,54419,9525590,10273269,2525763,10432400
School cutlery holder,2333256,6013983,10947891,9807887,3359298,7624321,1826170,55352,1901258,4408429
School hand soap,3812340,7967451,9269104,12463213,42991,5298345,8708852,96240,12487138,1140070
Se 2023 گارد,15436428,3277497,2900208,14275920,10941341,10611243,12806230,2432245,919220,3884717
Self tan,668821,2375395,603611,5210649,147439,7093648,8474138,3721024,6252788,76628
Setare Sorkh,365831,13298516,9965789,12152772,1153178,2748851,5395458,13786741,9970279,9583859
Shalvar (traditional pants) cotton,11214778,160034,17111036,6821120,14052859,777689,3083455,286137,11676603,1428539
Sheep cheese from Halab,14182497,13717213,1004021,4441224,1467660,5597339,13656268,7498101,162579,8134818
Shoe polish,3013565,14176170,14621679,9183864,9979410,1828722,8513506,7053063,2956453,8517823
Short Nirvana,10930227,9999118,1515290,15595047,1048427,12455954,13283717,14042335,12722869,15196681
Simple phone chassis,8665806,365831,1666656,2357210,9434505,12745641,10490287,842691,269306,14320127
Sinbo Rice Cooker,14065867,5236984,329253,1645296,6779969,9147653,7596488,3185092,7184806,7956277
Single Motor Fan A@E,13906032,7808672,1932704,4816942,7161954,5936108,5316473,471534,7751621,1968037
Sink faucet extension,3689934,8070256,7631473,6860798,1761476,11590250,1767570,4925584,8365210,11019622
Size 6 Wrench,9051704,3758086,4546262,11948548,6335260,1602309,3003351,14032131,5119105,9740033
Skin tone colored pencils,6035037,12198705,10946286,4415290,16234113,1563457,5696383,912948,12496394,48078
Sky شمع,17381762,2171115,5855224,6152802,6265787,2842597,475703,10418510,5749873,185902
Sl-720,6826356,1930011,14322897,8245350,13727168,4294581,3981709,329253,11511469,10578732
Small Sun headlamp zy-6,2746264,7943088,6736549,4941308,1804262,1489256,1145291,12407843,880639,13349301
Small decorative bottle,1508629,5545158,2406262,12868672,9748258,9932602,13835855,537668,1020210,4256269
Small desktop griddle,12427672,8481749,8171818,13224953,7697738,16998315,8823095,5251269,6099091,347269
Smart watch,10587391,12214987,9319210,532966,17751721,5274047,12588040,6091941,14922341,1683564
Speaker,1949513,13951102,9044427,6230942,6826356,12018001,4236441,11649541,2826482,2209409
Speed wa,546124,3387748,8018435,745924,790960,7709371,4419347,7205752,677319,8507591
Spider chandelier,3067219,14484598,14240532,4231446,13321487,2679897,416524,3307683,10022247,7306054
Sport rear hazard light,12934720,5190712,9445070,6928475,15205385,1825326,14720281,14515458,2587235,6653298
Spring organizer,11505940,9538562,962101,2085571,12760388,82937,11336547,7561829,4386999,631598
Ssd m.2 250,5384390,12956290,5442074,277950,12708949,11088610,1023734,1097368,14079258,9493098
Ssd xpg,10055139,10886706,7340116,4373764,4474955,7847710,9094968,3213581,1991068,6553359
Stapler 1170,4428968,10676026,5360007,4995311,8955395,5752183,13982222,9435157,9178314,13677379
Star Wars design night light,3157420,632064,12190959,5904494,9937885,7048378,657657,7691559,12233216,4323821
Star-shaped Sequins Package,7855805,877897,828562,429105,12388741,10860899,671737,12375903,1501452,11548891
Stone Hand Statue,4970277,6556651,9614729,9319210,3204480,6294267,8708852,848151,37261,3551682
Sultan Sofa,5004494,4204893,11188019,6893620,4391448,9593967,1459602,8422631,10720932,1084233
Sumsong A54,4887699,8529398,8658665,7670489,8828520,13576150,10934228,10308844,59446,3782930
Sun tattoo,4146294,8702467,16027580,7115304,4304895,9126936,3926163,7930359,3265330,623214
Surface Laptop,534592,5551688,5561794,630393,269151,7083260,660941,7635706,10747132,12899343
Suroz lamp,7884372,4305079,11159404,3825594,174943,476376,7392683,13282374,4478021,7055116
Swiland,10737095,42785,2543130,3540635,2015247,6107200,9439376,13841267,3889239,17456185
Sx8 typec,491322,754380,3632996,13164394,978692,2746114,11457302,11023896,596699,2980913
S۲۳ اولترا,12500133,13551569,4546262,915865,88643,13639983,3618324,5407471,2870931,7655336
T11 هندزفری,14766903,10466890,7787605,3241307,112379,927004,8718260,4261129,7465654,1115423
T8 Jack Rear Hazard Light,51924,1110715,10082054,7260100,17837434,2129272,13033548,15034899,9330621,4262763
TEMPERED,12375903,9636489,3326464,12069630,1075108,3257964,13947776,4642638,4107592,11404947
TUF Gaming FX506HF | i5 11400H | 16GB | 512GB SSD | RTX 2050,11595254,85086,9004108,11743122,5874073,7375515,9233353,13507309,9947129,8012550
Tab s8,14740537,1454764,14030174,7106192,11435290,267237,7582077,2708994,790252,10767789
Tablecloth on kitchen counter,328565,7820922,9237582,383320,1150578,11111095,5633731,11404947,10094197,8866541
Tablet holder/grip,5753864,10615202,797508,8368548,11071862,1159678,5776870,6779488,3513813,879091
Taj Al-Sidi S23 phone,9463740,433182,8516352,1414797,770458,8054249,9072561,6768238,1856417,9357873
Technocracy,4499873,4661132,11465019,8673314,1520528,1734275,2509472,7371634,10612029,1441868
Teddy bear candle mold,7776983,13947776,5349411,10226912,6427985,7021668,6167628,921124,8312082,1084233
Teq Aghi (a type of snack),145838,10970047,1484777,4963821,6830791,5152888,532966,12522411,12648083,614009
Test book,7407820,3596037,13260181,721359,11456874,8494072,12506890,11098794,11704661,8320625
Text Sticker,7976209,5948638,13085716,1515290,4057964,7793333,7492512,12939789,12164030,7437726
The Rabbit Itself,5892803,1420638,6591032,13364788,1837601,5528497,11707618,2859399,75129,13323415
The Raven King,16546620,12894905,5696222,1127047,4546262,7172945,5904494,4099036,9508030,7812216
The connection 3,8376289,5936108,5750777,5119153,2031949,12957372,10674345,9027322,12527301,16669316
The fellowship of the ring the lord of the rings,12522765,545029,7729949,296151,618241,4512980,6293939,7695557,4744930,9008995
The lion king,13644886,13024773,5668263,2392148,2432359,190423,862717,8491338,11269336,9796558
Three-prong Adapter,8519455,11340226,433357,6850079,3654193,381500,137047,630081,4622688,2313052
Tiny t1,10058591,3713750,1709177,2933479,12057211,7373577,832740,17088276,428020,9954981
Tiptop electric socket wrench,4048051,459395,8044249,7000516,11433406,14151404,1499342,16376250,9243998,3382080
Tokarak tights,11441964,3768544,728621,790252,303259,8723324,17553725,9962261,4852681,12363313
Toner صورت,6602710,1810798,880639,183989,11721686,8338133,2900208,763971,2935649,7167500
Toothbrush with medium bristles,7715987,11675039,7976209,5984204,1742756,1519836,199623,12709456,7118751,1432204
Travel kettle model,836586,5055853,4642638,9147653,3398205,10521208,4202907,7359701,12463754,14891524
Tricofer tablets,13526092,3080538,7200364,3366928,8941911,10217337,12218381,513103,11042355,8950594
Trunk for aquarium,9700179,10379710,10368784,919112,14848042,11224344,2597212,4209856,11699280,6593322
Tulips citrus juice,10599126,14326964,1519801,4641312,602981,11090329,13964709,5793021,4270359,191291
Tuna Pharmacy serum,9772859,6663320,12401047,10217337,13402069,6603008,12086278,4424783,8197472,5062205
Tuna fish (flavor variant),13710651,10856427,7533365,869662,14568223,5727653,12299112,8498898,23134,9577321
Turntable 617,152110,2821694,52412,512798,11851294,7913417,2061569,12921564,14947512,11697889
Twilight Pony doll,7517005,6653378,10103649,11509788,2932463,8725423,10952198,4385504,7167500,11294304
UItramax T99,154397,3998323,3718358,7990598,602111,159941,12543936,1874470,8578639,5803998
USB 32,14525482,978692,7232637,11410958,14312014,5483508,10085386,16531727,6164269,14360609
USB ا USB2.0 To SATA Converter,3218826,408760,11948548,13343245,407488,8422631,5025436,9645982,5557830,616284
USB-C to USB adapter,8132436,12586759,408640,217019,15980268,5025540,1673404,11082522,5366507,9772859
UV Light Screen Protector,9842497,13531438,1874470,13804646,12420468,7770517,1738232,1857547,8229659,4834974
Ultra Boost,879091,3904662,13465465,10996549,5528497,1070635,12535268,883904,13094132,11752085
Ultra box,10406553,8739624,1029673,14973035,17443537,908932,14980996,303880,613239,438452
Ultra evo,822322,11373570,2215376,14721045,337494,11932261,9234629,9764007,3935194,12520106
Unicorn design wallpaper,103641,13726497,13579808,1167986,1722737,17093058,4557717,6827885,13622794,11840984
Usb مدل میکروفن,5111291,3424623,7847710,71461,3627522,4314484,6170219,9835817,1345136,3289173
V 15 پرو گوشی,10442878,10934087,10958076,14032131,15034899,13455141,15165767,2702152,3575155,13533432
VENZ CAFE,9886572,8197472,186930,3911995,7670489,11630140,3353596,13626990,578192,1626043
VGR Hair Trimmer Model V_290,10958076,7340343,13676387,10110079,781018,6787990,5707099,2949117,9842497,11241363
Vgr v 282,5483508,8708852,3828058,7365384,7192556,482498,13504571,438429,10186767,12077629
Video power cable,1502558,2159526,282644,11699458,405912,11124038,10063253,2587235,12813282,14024452
Video touchstones 3,13467787,10480997,1378151,9334589,10857130,5719815,1944985,12673045,9434505,12458926
VigRS,12744393,9237582,6906343,14195212,1857547,3402196,192637,9071525,8563832,9244901
Virtual power strip,6002837,10610185,4417108,586696,11361274,183989,5410960,14132342,7504341,14043492
Vitamin D3 10000 Tablets,103641,5428339,11971046,6202050,15967853,12163667,10282482,5182103,14822087,749052
W26 ultra,6827885,13415140,14250473,12588040,1518404,6257808,6446396,854219,3935194,52824
WS13 ULTRA 2,11840273,1067669,107982,9935382,1998383,490549,2406148,6745919,10860107,10620531
Wall mounted shelf,385198,10536713,171977,11145265,5413236,1581825,3265733,23859,13691969,9842660
Walnut screw sticker,6562545,2330465,2041020,10513443,284046,5019972,11256459,4057122,877897,187301
Warm dried fruits,2290116,282643,9430343,10923236,3353596,815931,1017455,451154,6915883,191576
Water Squirt Gun,10048426,9864060,9669100,1534778,9545062,26709,12084333,5620278,7118751,692320
Water-resistant MDF,8675008,623009,3140001,205739,7362047,11593139,7729570,11999163,539062,7991742
Waxing paper for hair removal,4920984,4089442,5351047,4954085,836232,11228484,7535192,791053,5408675,996559
Wd 44,12775243,206083,631757,6488097,8587723,6257808,8132070,4122281,5420778,2442889
White skincare routine pack,910280,1620325,3364154,12218381,2364781,5891015,3929091,11337905,4251573,2749547
WiWU قلم,3671737,7178451,1537340,8259803,5350250,11330882,1457546,2856776,11940994,1484777
Windows tablet,4842105,10058591,7778595,8616817,11636446,13343245,1435005,4216970,14213476,3400868
Wireless G Bluetooth speaker,996546,4108417,10651437,2970399,6936033,3539005,4890217,2429494,3246560,8312675
Wireless mobile gaming headset,3993549,13299223,7330976,7653577,12499125,7857661,4417108,10697178,6826975,14803529
Women's Gray Shorts,42785,14336571,15318307,9208271,8804482,9863628,178762,7729949,7766073,6292388
Women's fabric and felt clothing sticker,222488,6854837,7983850,9439376,14188564,4233240,14326964,6891483,3166341,11419558
Women's formal abaya-style manteau,8432672,2787336,4704253,186067,80237,2103525,12417844,9445143,2716151,8827833
Women's protective underwear,4565345,7272855,3308291,15761801,8766222,2109104,14094091,9239327,2406148,7198042
Wood drill bit,12282641,15595047,7054953,2365505,2109104,11772475,2351888,10959853,8050238,8271644
Wooden Ronaldo statue,14115658,10946286,411716,5173333,14126372,4182709,5253454,4516244,11340226,7742260
Wooden full-length mirror model w,472989,4850572,12097231,40971,10132814,3875573,12749087,2678496,7866153,13809364
Wooden handle taser cover,12172280,759520,14866307,17815509,8469468,2268047,83472,10674345,10884328,7644288
Wooden level,14724466,1474518,9434505,4356887,10040064,12600106,6475537,10277141,12747983,6748998
Wooden pen holder,9319210,267559,1608330,12648952,408760,104511,7278098,13518846,6266760,11392513
Word Cool fragrance,17981346,3571386,8421261,12684920,6779969,7847866,12499229,1881792,785535,11729642
Wrong paper,10860107,10920318,11431834,9222733,11464521,12806230,11681449,12739978,409154,2872550
X series ساعت هوشمند,812887,11475653,10776118,8714816,13103817,9719761,5243806,892472,468422,10610185
X3LITE,6293939,917875,6148399,7478847,11000988,464143,10217020,653921,10661112,10683941
X3light,981922,11795283,4905582,4260861,9585121,14064257,7018165,5152752,7127833,6913718
X6 pro,1683564,14380342,14333673,1984456,13945893,4105452,13015000,1740203,4952671,6884317
XT 16GB GDDR6,9516833,13081627,4063504,16998315,860400,12401047,11441579,923971,7544531,410596
Xiaomi 13c mobile phone,8949246,1595358,10886706,4322738,6064579,5228840,5779434,4181452,7990655,689989
Xiaomi Doco C65 mobile phone cover,4423957,12326145,3541573,4366176,3943782,6744212,3945686,10094197,2258563,3037894
Xiaomi Mi 11 Ultra mobile phone,12436562,12546851,11368177,17278326,1795756,4506710,13163447,8169649,10238864,12086942
Xiaomi Note 13 Pro Doll Case,2275515,6517193,13276121,1083193,1708587,12337287,831483,7631405,5665364,8589994
Xiaomi Redmi GT 3 phone,5202043,7197935,1882194,13727015,2407543,143608,3889239,428979,3087141,1499342
Xiaomi Redmi Note 12 Phone Case,8257025,8315250,8129752,9943343,7379172,8134818,968220,5274047,12395584,1512525
Xiaomi S9 phone case,7797203,11891856,2898190,6946094,15534948,17450264,540796,880639,8517823,9664454
Xiaomi poco x 6,564551,12775038,13240386,1112124,3722838,214932,7129303,12974267,9647975,8665806
Y7 2018,3138852,4542839,15147960,9706010,4289432,9493098,671584,7167500,8658323,14586070
YSL Libre perfume,6154657,13132232,8355017,3255182,6276902,7174761,8859039,7684242,11336522,92087
ZY-W647,5054450,9667367,3765030,728621,15096900,14052039,10426374,3778601,2887055,11475653
Zanti 24000 Air Conditioner 24,2251277,2423504,1860173,1117102,5478241,3288310,13784427,10685206,6324209,2230780
Zenteneh Canoni,3074423,14577768,11786180,9308907,13266648,745924,879091,10974840,1819575,10553926
Zy -t150,892181,7816631,9174799,5112626,11971046,13676858,4033451,9886572,937532,3330793
a 54 ۱۲۸,12487138,589137,11722455,9928540,4238561,657178,3658747,340424,7300449,2177862
a 55 gooshi,7128270,2767191,3308038,7362047,6941354,12496394,7631473,14220422,10749548,3840587
a25 با شارژر,14477251,4878067,13587558,4425039,9815559,666882,9875223,4671970,7843220,13875404
a2برگه,6955660,5262741,2262835,10761877,1692778,13954687,14213476,12624658,8339552,13245538
ab limu gir,15347992,12662591,4886374,3904229,8315250,14054239,14243261,9647975,9994878,4196851
abajour senator,8395302,979720,1651116,12461983,6448047,6256896,5615117,13274672,623214,1033928
ablimo torsh gir,14271321,9478609,11920312,127102,7645751,8348402,6779969,59132,6943665,1136176
abresan darugar,5243806,14322527,3211073,2046421,7032222,8476668,3633322,14402753,96423,5442074
abro anastazia,1132730,1117102,7706929,652824,5668815,563823,9700179,8421822,3821449,367085
absardkon mini,11107079,6500407,8465932,3229372,6061721,10618688,2993448,7695005,3904662,4428968
absardkon nikai,309830,25959,2289856,6825028,2648343,285259,9953477,1792412,6197168,8391149
abshar shokolat,14633627,1612355,14958401,3398398,155209,14759505,8900256,8988196,7488509,10120510
adab tour lamp,11443530,806140,5330152,5862804,5051624,12866569,7814724,5338291,26750,12020425
adams mooyi,7199110,1130511,11715642,10761877,1972289,4054354,7814724,2718808,1875365,7505141
adana,3833118,3325837,831292,8052513,6241499,12431846,4231446,6166323,10302972,3218980
ahan roba 70-30,1606824,597957,797880,4929072,14157096,5189014,9573460,9647975,5668815,9457871
airbad x3,14321650,11568979,6781339,12499125,4890217,1860173,7084646,8824653,3208664,1740320
airpod mi19,12100062,5875063,649509,9178314,6827885,3632996,9021822,10839017,9700179,5127498
alvin va sanjab,1795756,1050835,5604877,207314,2212161,6013983,2873984,26757,190423,1882194
amper damasanj 12volt,14205631,4887699,9178314,9621656,6069316,7348309,11198942,294012,191291,14020596
analog Ps5,10878356,11769387,11623178,9341260,12878488,5404975,2758594,1930327,14421004,9565016
angoshtar gorbeye siah pesaraneh,3926163,12084333,12383241,13951101,10999616,2926552,2744686,1441171,7657613,5956223
antifreeze supplement,14651486,4444018,12981618,4647335,4372912,7652099,5519812,1641465,5932038,8069225
apple watch iphone saat,428979,4909879,14579086,5839476,4119072,1584616,3341501,3525340,14425829,11398248
aquarium roo mizi,482666,7490531,3166341,9327243,7715987,3875383,8248596,496620,12071121,16336573
arayesh walkkon,11388363,180912,559882,4792107,1454764,6803405,12230709,1075108,727852,8859039
arcopal 6,7275212,129694,6032410,2920743,8445425,9863906,8806208,1538121,10783503,4783176
arcopal gerd lab tala,13626990,9719731,14541067,7963042,5598466,9351509,6827885,9549667,4170530,14476967
ard gelitinous,16656476,4000750,669351,5182103,12950291,1593759,12549397,14555784,5253454,315578
armicher bandandaz,741130,10396351,228408,14186549,155877,13879779,1568281,13255175,6455521,828562
aroosak barbie dar model haye mokhtalef,3550905,7612355,6582726,7118751,5487362,937532,5622402,10649152,4956709,3063351
aroosak ghashang va ziba,7612355,8488225,5662822,10479780,11724481,9614086,4289403,12877469,5144437,960381
aroosak haye taskhir shode,8852035,939238,467306,10290622,602199,3911995,7205752,172747,16576316,190122
arusak dokhtar siahpust,2212161,3550869,3390986,862511,5639174,317619,606382,9629367,1426823,71942
arusak model kimono,7357501,11630643,341951,8476668,6830539,5865442,9585121,557987,7915316,2597015
asbab bazi aroosake pelastiki zire 6 sal,4356887,224150,596699,671737,16432146,12450379,3465186,1585425,4015327,3258412
asbab bazi baraye sene 12 sale,7876949,12535268,216366,13627720,5062142,467853,6774949,54145,23859,15347992
asbab bazi hula model jabe abzar,4197457,5439069,638338,926580,2355599,2610656,2144967,202375,8812442,7303131
asbab bazi mashin hame jash baz mishe,3644217,2307028,9570265,2719011,534402,10930347,7060891,1482145,11277102,1848206
atr boss sefid,3461150,115561,7436272,882871,13832741,6562526,8580963,13436618,631598,11424616
atr libre mardane,26486,11872294,13237105,14240532,1597971,11398248,3150728,6433138,5907296,2701359
atr odm,4419347,3027828,9237582,11447064,16320519,11026740,810426,7698593,4783176,14523987
aviz steel,10350155,2982373,10633491,8834256,364527,13856310,15028893,11105977,7591304,3013942
avize ye,13278798,587934,6461093,7051551,10605416,2268047,2902421,9468485,441847,7591916
avizone shelang,1768509,10570478,13933524,7140776,9357873,1047824,10665659,5963977,14008542,8880977
ayene barani,7435146,4583999,6963614,472306,12488839,14105863,1763589,914077,8774462,11681449
ayene dare dastshuyi,13948193,4249798,14309629,3306409,15982093,9252574,466002,4063077,7587493,961925
ayeneh model ALF-3,2596634,13466392,4006952,12180030,11792453,10226912,12124805,3007039,7935982,12120907
aziz perfume,12100062,1047824,637473,230499,7222721,8236672,12149756,4117177,12290041,6152802
ba chand million ast,5345214,794980,4452658,12819153,6984508,8737931,623009,6225235,9623810,1546996
babel carped pride,923971,6197168,7793333,3768544,10550567,3264348,8149411,8225657,8293985,55072
baleshtak neshiman,6129457,22978,10347632,1446443,6365957,8452901,8255486,10462363,7111030,9652451
baleshtake nakhon kari,5182912,1514008,11971046,3271100,11026740,11841668,11506193,4590811,12212151,8077717
band khanegi taki maxider,11625433,9089076,2986975,1049100,6943577,14821528,2945261,13152830,9164788,11872294
band sony 1651,4982964,1918189,13968566,1432835,432372,14181093,6148399,2856810,8276226,13880861
banki,2636509,7359906,12920165,5236984,607449,7178053,6810419,14064817,14469461,7967010
barchasb a4 akkasi,7958880,7954211,839031,11103849,7722162,15761801,14982487,511859,5549870,3515888
barchasb arm glx,10111583,1932392,5070528,8812442,14783795,12549397,186930,13431400,9615176,11698854
barchasb cover iphone 12 pro,4197849,6661078,3245722,4925584,4056938,1163645,2505460,7480008,12957273,8472321
barchasb divar barchasb divar,11275113,3536593,4953123,4488602,8671400,8257025,4328920,5202966,4819160,13416734
barchasb feleyi,3772284,1989272,2986269,9086639,5707099,9909708,1097022,227680,11581465,10170605
barchasb kart model shab por setare,7529183,12373966,9033409,13412906,11188019,6195938,4270359,14843838,4138822,12673805
barchasb metalize printer label zan hararati,11033708,1516651,2505460,11407210,14793809,7490531,12946769,10140363,1435319,9764007
barchasb model HSE-OSHA-1171,3063106,12708037,2144579,7330976,3019317,2951264,5936108,3246560,552307,3612596
barchasb poosheshi monaseb a12 mark iran,7357501,10553926,4405075,10903141,9177635,273192,3246519,158566,7612486,5799080
barchasb ps4,16755280,12454100,7372199,12212988,4270768,13013539,589137,12700122,9628316,2801580
barchasb tiba,12836062,2016450,649278,4374767,1641465,4433459,685446,15278817,12662620,2895142
bast loole kamarbandi felezi,7640481,1036482,13865602,14413968,11311087,9609031,8511358,5067566,571948,966563
bateri saat 3 volt dc,4395571,13568527,11682207,1958831,9147790,5662822,1095732,3225041,13156440,16693891
battery 4 seluli hp,671737,4616527,80694,4006831,12528544,2744686,499827,6574559,17038129,1502558
battery lithium ion 6800,6423408,2194673,5901390,11588770,5148050,8397962,10386289,10587391,10742490,10719782
bazi euro truck makhsus laptop,12506843,11227268,17536289,4683221,3202321,2014465,11281765,9048521,12376576,2058772
bazi fekri,13121920,5165276,12285836,5790627,9700707,7816428,12444156,7855730,9201855,8618394
bazi fekri ajor sazi,2388884,2126582,9781991,2809693,11592601,202682,10835201,7947635,591097,12830142
bazi kari bekam,1724979,524407,7200364,632064,13082050,939238,9868344,12561858,7406081,10082995
bazi lapo,167410,6526327,12498534,7480008,42991,1168656,8648012,8384140,9984274,461904
bazi ps5 gta v,6136674,4167846,14008542,10351598,363346,4256612,7348309,3998803,3212987,11911364
beres model okhtapoosi,425857,12886626,9108448,17039636,6005120,5652072,1789638,7916430,2999253,987316
bezel saat samsung watch 4,5240881,3688118,499049,1848206,3934246,3713495,1056100,11196611,4060266,7151427
bluetooth earl,14132342,1119610,10676179,68830,12575901,599786,2698211,5366507,4878067,5592158
bob esfenji kaghazi,9724039,5947787,3067219,14151404,8174589,603611,14386438,2763820,1048427,842691
bokhar shoye lebas,1790557,12163667,4207087,9388540,14091628,11914277,7278168,9717168,6859966,8506314
bokhari lam,4242098,1569587,12428216,6567845,212535,597980,13950898,13781222,5618276,13085782
bookmark mazhabi,8054513,693887,2394894,195015,1108894,187723,8337966,7178451,829181,7836235
booster anten television,4190115,10644422,968607,4238561,13358306,325143,2492887,9861910,14751687,1848840
bores harati kimi 1320,3801395,10570478,587934,4276790,14281859,105263,3303406,2242479,493952,5652072
borose gerde doctor morning,394057,7235784,17443537,7959398,10873922,16687691,2883420,5123200,957790,143601
botri ab kafe,6904486,7512465,205704,11840273,222399,7547365,1496655,12450379,7295598,10781225
box kado nozad,657374,3779119,464080,9921696,12595243,608534,12047718,12222680,9269465,11361274
boxe nazm pegah,8387744,6936264,12120907,11457302,9053642,1849719,267237,464143,1733659,472306
bozi mafiaye,11188019,5202043,10055139,671036,4914193,1029673,2394989,2986975,276319,13274339
brasil,8515333,6801165,2055943,13343048,9614729,4049858,796229,2783887,9827862,3820358
c.class feshari,81555,3289306,25948,8772003,6792674,2275787,3694804,10961693,8912519,2206978
cambridge vocab for ielts,880451,13876480,4167846,7240398,3591118,3381852,9108448,81887,8718260,13369159
cap ghahve saz dastgah satia,3896057,9250165,7746824,10251101,14402753,3689934,5903516,258247,7706929,9290682
capsul picnic kuchik,2002493,17637807,3828058,13254387,2841404,2949512,7079570,8047249,6159749,7161046
cart hafezeh gooshi a5,70798,877357,5664252,8693975,1633485,9621656,9664817,11373570,7703175,7345465
cat sabz,12309780,2257675,14274757,1107630,9377384,10091060,10161806,725292,6210801,2215376
cd gta 5 bazi ps2,5839832,3784786,14009141,2973194,3087539,7407820,13379612,8869738,5283135,6986157
chador nafare 4,3572983,8589994,5846463,5080871,702346,723178,3192810,3786538,7264632,12695788
chador namaz,5236984,9645982,5170003,242880,11103549,3408934,4344817,7967010,2149655,8129430
chagho angoshtar,10457347,5930020,11467012,7761376,5521775,8710128,12558561,4310713,1797827,777769
chagho gerdi,1956056,14037794,349676,487503,3404079,6712244,3644217,10526032,8675578,99127
chaghu ahromi khashen,4765687,14439591,2166223,428020,1002768,3987504,629090,14292205,3592470,2279639
chand rahi bargh dokme dar,5325285,14766903,3189791,14554731,5025540,831820,471143,806023,7247698,6823515
changak pankeh saghfi,11283001,7195939,3882123,9557066,1029075,799177,13461620,3164744,13804808,2833159
charkh dande aghab jelo docharkhe 20,13879779,1093270,381254,5091908,1428539,13085782,4726071,8730255,14150938,1350873
charkh khayati zhanome asle zhapen 802,268240,2079564,8680295,667278,2689056,6099272,892394,13391818,2829818,2547206
chasb PVC mdf,2203392,6610727,152422,368602,4496519,5659020,11029586,455580,7674470,5826102
chasb ghatrei va esprey,9527609,7477029,1740320,5330152,10048426,3144782,11249656,13098387,3515888,3815764
chasb three m kaghazi,9216197,13639983,11630140,12554568,544744,5262741,12131211,1693740,721987,4443411
cheshm masnooi heyvanat,8032608,2993448,5839476,959286,6002837,6661078,11019537,7674446,142327,12152772
chipset,12656609,10514238,12532616,3896057,437766,5616229,4682127,7922395,6653298,5529084
chizhaye saghaye negahban,4261189,759037,54145,269306,3465817,2428808,3179358,5941649,3839766,111606
clips parvaneh crystal,3027097,7662665,490549,14898338,10210459,3926163,6984508,11362645,1491115,11394257
clutch brake handle,431367,10985094,6448047,12647727,3517431,6986157,3228627,11090385,9979073,4064721
cn16,12021769,1652570,5072040,2383451,7684242,7593002,14043492,11255216,2801580,5258933
collagen go,3980308,1137514,2744686,99127,6316207,999981,2378379,10214171,3943782,12213603
combat disk,1785325,3981709,396213,2706820,5027027,4251573,4522712,5420778,42785,5700211
connector,11071862,612594,472358,10722982,4675504,7359906,8688393,13147836,11117061,4661132
cook paz,11989700,7983359,6463431,12530933,1120125,6750721,814508,14972695,6593322,17039636
cooler 500 sepehr electric,111707,1153178,2604338,616505,10275604,3855570,160034,2714348,11210768,589998
core i5 1400,4886374,395762,11246513,2675502,14042335,2767668,2663954,9022790,2920090,14478692
cover air buds 2 pro,10948118,206083,1649577,14360609,17039636,16336108,151725,7287514,6254543,2830753
cover airpod GT 1,49349,2241690,3337746,3721024,12662620,5885141,8180402,10261729,13847395,1763712
cover doorbin model R,9785505,8276226,1884917,3880381,2152076,266499,7013482,10676026,429105,1734256
cover gooshi A50,4017472,13323415,11261279,3860138,12417844,2552157,14059985,8187878,5028427,5843481
cover gooshi Daria band,522903,1015441,1455168,10999066,1060996,13148210,8517823,5604877,3540635,11510141
cover gooshi model samsung kif dar,10638509,3876412,142420,1827485,8777045,1641465,3211073,8823098,6290252,7612355
cover mobile dokhtarane googoli Redmi note 11s,8366107,2839217,657657,10747132,494104,6213165,2511416,7124918,1428539,13231368
cover model redmi 9c,11410963,3694804,15147960,8864536,7876949,108540,4642638,838154,608796,14271321
cover s 23 ultra cheriki,12819153,7808672,108540,6889826,7917791,109512,1153178,1022396,2859399,4461026
cover shafaf poco,1130185,14763533,27830,7820922,8395302,273192,12760907,260265,14096721,9627102
cover tarh louis vuitton gooshi a32,13848972,4321877,14096721,3598086,15636106,15325496,2941363,9676345,1122015,3222791
cpu 3550,55691,2584390,1144060,556663,8922676,10554606,12554568,182309,9961030,7644331
cream door cheshm derma lift,144154,11103764,15087423,1541231,14333650,10560714,794651,9937885,1905130,17633615
cream dore cheshm BC,5127498,6266760,5404798,8817686,8257978,597980,15937518,977697,865529,1428539
cream jujio,11242972,6343668,9200427,17470238,8164723,10517307,6327528,10445604,622748,10290303
cream powder fit me phyton,5085615,4982964,4822207,9588977,6054997,14220127,8730255,3246524,4529789,4795557
daftar hyung,9868369,13514411,1809232,14336077,5298345,2577240,7730595,14348441,6547871,9986629
daftar kelasori gol,1722604,7844091,167410,882871,14065867,14586070,9800297,12600106,4254832,4323821
daftar yaddasht batman,480743,9695428,4354964,8367504,10544590,7577455,8675578,67965,12407843,356804
dampayi heyvanat makhmali,12592698,1581825,2028711,1030285,3305777,9080322,9135138,13343048,4995311,11019622
dane haye yonoliti,3598654,14188564,14554576,4297629,9396692,4362824,8515333,14488282,7180419,10490287
daneye miveye avocado,11141250,8804022,9585969,5057153,7431580,10035800,5651845,192276,835777,15073378
darooy salmunella,9277692,1718000,3452323,3397736,2259182,10554606,11423012,3036946,551270,4489668
dastan ketabkhaneye nime shab,8135591,314213,515848,14494381,11548891,8083996,6906343,781413,13677379,9677180
dastband tarh khaviar,70639,384261,3550905,9439568,249941,8688393,2854925,3550505,3815764,4630526
daste application ps5,5679964,6170447,8245350,10011361,14822087,12122174,8267433,8163672,648468,9291384
daste hocky,272857,1955382,11354540,2388884,14257955,8501934,7334223,17512480,258247,9101426
daste larzeshgir filmbardari,7799532,13278798,10909098,8122684,8326812,4455409,11723341,8882003,3464453,5373322
daste ps5 ghermez,6061721,12802226,12886626,9138535,717760,214257,349671,3085247,117568,3470463
daste rozhgune,10560714,2936817,7922580,315488,11137693,16755280,942712,13325298,623637,2418637
dasteye segah,7291130,38820,498576,4726765,623637,7051551,4890217,9577321,15316254,2474467
dastgah carwash sharzhe arva,11519492,3658747,11362737,1144032,905385,14596741,11392513,438351,10898538,9379002
dastgah feshar khoon,7493128,968220,12375903,4933374,365831,138837,499827,11074308,996559,12090699
dastgah feshar sanj grammer,4852639,12452046,11643040,8004308,12084333,5261472,2809693,9419737,7178449,4315264
dastgah joosh mig va mag,5093286,4244349,9654161,5366991,999262,10769991,13518262,14096783,7362047,717760
dastgale lak khoshkon,8595427,3417603,9663993,104631,3871488,14645,10874215,10073361,11124038,4874779
dastmal relly softlan,5862804,6661078,15034899,11097126,6893620,12104111,607213,31644,8984756,14568223
decorative dakhel khodro,7987904,1970039,6214633,374119,6989297,5855224,1560539,11748938,11588770,14819880
deep sens,10958076,2672678,712400,9843310,10835201,3306409,5132167,5597635,5717830,1070089
del vostro 3500,12940098,3500901,8230805,13969562,12356824,5283135,6265476,1606824,1426823,11419550
deril 10 otomat,706778,1333664,10388992,109835,2668036,4137141,11221056,11512116,8666873,6371134
dis mesi tarh barg,4621360,1689189,267237,6035112,6435888,7219645,13322394,8476668,1989272,1498932
dis mive khori jcc,12152772,1563457,5161662,12153023,12806230,9899588,1072595,5325285,15595047,9772865
disk charkh jelo lifan x50,15636808,4646894,6946094,202375,8494071,13519086,10701126,4786483,14644123,12100106
divarpush model kando,3426902,167334,689260,5264549,8282083,428979,6062855,3123964,8257025,99328
docharkhe beem,12180030,14346184,3696981,614009,11362645,808546,2067376,2442889,13856310,3604636
docharkhe daste dovom 26,4878067,2849057,6574559,9233353,637232,12773727,9513525,974348,9567321,3209596
docharkhe ghermez dast 2,408640,4016639,2066449,7655336,10554732,6206347,145212,2902421,4408429,436241
docharkhe size 26 diski,4822834,11055808,13245538,7301613,6990645,2197659,9886623,7495121,6448047,9069160
doo za,9097395,1475443,17589456,10272500,26486,13224953,10351598,10226912,3330793,2854783
dook khali,2850289,14346588,2830753,1538119,6348578,1811853,10703295,7436770,2839557,971006
drill pichgoshti boss life,448489,9009983,14891626,9586937,11035508,5807161,14271321,755465,7791972,7925806
duffle bag and suitcase,5364951,6520197,16613440,10172799,7844352,5561794,2012052,2666771,4230579,10823610
easy rapid fesharsanj,12889866,2670722,88643,9071288,1099779,1688380,12215001,3109712,11362737,8068518
edg 20pro,2981561,9360788,2536578,4096476,8267157,8491338,1513242,8752810,12096837,6841625
edo perfume mark joseph,12950092,11705509,2028711,14275370,544767,7951437,10538026,3376676,1447978,8754590
eklil noghrei aluminium,897119,3257807,6774949,9664817,8320625,11482375,348142,5036141,12838592,5202043
epson perfection v39,367085,11196611,9174799,8312082,596699,8467382,3548085,170684,12444156,9036871
espray rang separ silver,1075108,12541409,7161046,5085833,4288935,16721016,3756468,14055948,9094968,14023845
esprey dofar milk shake,12172885,687603,6323457,3961887,6774949,2429494,9296213,7278098,1734256,3050864
esprey mardane media blue chanel,4015327,13906032,8895120,156181,559882,12795710,9607570,10064894,14749791,3426975
esprey shostosho lavazem electroniki,1127047,2949117,12662004,2487012,10063253,5550069,13357606,6913718,12643128,4013119
espricho,467306,4705655,11729962,5266126,5679099,10815671,359882,11274192,1117959,13634628
esteper pride nimeh enjector,8422052,7816428,3341501,5143645,1533016,97756,4209856,4054354,14566156,3016058
etod se dahom,8326812,15966458,7913417,7178053,12075125,1959209,6633877,14219149,11498020,2859399
eynak Proticion,1651504,12402803,964898,9457871,7178449,646719,6413628,2666116,8133604,9806934
eynak aftabi Jimmy Choo,6427337,13950898,5716984,6836434,6248479,10210459,7367110,3265733,7535129,4822207
eynak aftabi zanane,31744,379343,556663,959015,13983929,12751996,2792992,787425,453777,9438140
fabiano garm bala,2357214,15514368,8122486,1662761,6424828,200770,5193462,202375,9780840,6838467
family frind 6,2255843,645879,559882,7595752,14019592,10385896,3038268,7086864,5831949,2275787
fan k electrici,2339955,7441638,1874610,770458,9806934,13080560,12074006,2025154,10304716,10837007
fan pars khazar,11637871,14769556,10742490,540796,8890436,6851000,7536027,8272088,6469883,5799080
fan radiator pars,111707,9250533,5004494,13013539,3556125,7190400,7728675,10651437,595379,16633807
fan silvercrest,13172847,13367746,7997167,1080166,10481951,7036283,3464453,576821,6975559,9879936
fan zir dast nakhonkari,6989297,11711364,13266648,3705686,11360242,9994533,177299,7118751,2793838,426944
farmoon deraz vase docharkhe,159941,4678062,8449627,742799,6323457,9214719,11851294,10067768,5812779,5460742
farsh 4m metri,8665806,5587260,9364733,2413323,8141019,3506503,2873857,7917791,11333471,6809572
farsh mashini 115 dar 75,11104578,12532693,404652,10133630,13454932,9197280,10901262,12455954,9647975,915865
fer sandoghi pico,5632277,8671752,186067,6855429,2854554,11575630,10073361,8469468,2153646,3718358
ferez ab bor,733765,6348578,5152752,15147803,10361389,4145803,11089468,9786391,12454100,15294551
fesenjan zanj,4207992,1486568,9435157,11029586,9796828,13644886,6163723,8908327,5441418,9362011
filmhaye irani,9105170,3929912,6406422,5092438,2906550,8808913,7091950,8531074,4511632,11274192
filter tasfiyeh hava tiba2,5892737,10472470,14081992,7142116,10823817,314213,12219863,12081725,7375515,202405
flash 32,6554847,10396494,12433865,13897697,408760,17015612,9126823,10701126,12461983,10649152
flash khor dvd,8234858,4565345,463273,14852587,13281581,6790296,2973284,9578637,7379172,5050942
flask hooshmand koodak unicorn,10972745,416524,11334503,10857322,3358668,9542906,5112626,7237753,5188656,13364523
flying vest,7493128,2031949,3598654,12293267,8444265,3329993,13188635,2474467,8531009,4492680
forche dastshooi adena,3048663,4043035,11914277,459395,12428435,16644032,5064040,771961,6310212,8328373
forushgah hedye,10432400,5890321,5793021,7826220,11835776,7000516,3241307,4631112,10466890,5318554
forushgah vakil,6129574,1860173,6830539,14413764,6443194,798880,1481699,8771613,11467012,4793179
freight,6906775,11460512,9597396,4286480,4512980,9652949,13147836,7145828,96240,11337905
galaxty tab,8730255,10467137,9422726,449113,2294497,6197922,12204734,14017564,10111279,12914437
galaxy pods fe,10434136,7180922,1614021,8925030,288078,365831,2152938,3054003,5665364,70639
galaxy s23کاور,7345465,6107200,1705521,3818283,14659658,90520,546625,14435236,4878067,10061052
galaxy watch 40mm,13218038,7836765,7517005,946926,13954687,8611971,6602710,190423,8619571,794921
galexy j8,551270,8789858,9189888,831292,8077717,10275826,14209086,9567166,5268387,14096721
game night book,9135138,214841,4989781,9583859,4206221,9516833,6853124,3692410,2365230,430950
gard gooshi samsung a22 general king,9221710,7745142,6818217,1020210,6433028,13502179,269306,8823095,7060930,4489668
gard gooshi xiaomi 65c,7442287,2644760,10287333,695191,11434306,495136,17015612,5060451,10500732,2074248
gardan band tarhe ronaldo shab tab,8111206,1984456,7819136,3997038,9246246,14441410,5235672,14340995,6488097,3809063
gardanband leon,3855570,13113689,6781339,7858136,14583873,11098794,12064951,1927521,589998,12624658
gardanband majmoe baste se adadi model rooh,6991694,10977036,1030285,14105831,11275113,9921696,7970728,3346510,10691915,4782055
gardanband talaye dokhtaraneh,12553170,11077209,7776983,633507,16709388,12680909,13644886,559882,6293939,9970279
gardanband terme esme setareh,5143645,7083260,3079364,6578624,12532616,3849615,11920312,13988661,2061569,5482819
gardanband va angoshtar dastband set,5700311,919972,4953306,12090299,7108756,7432018,1015441,5251269,9567166,13343048
gardanband zanane model ghalb anatomi 02,8529234,614009,8806823,7117020,265143,11149658,10445604,12869215,13154422,5599387
gardanband zanji rey,5306585,6139064,4585575,3591118,4314693,12894905,4153002,8667904,12229635,314213
gargo,4514009,6653298,11348511,12877469,9005713,3839766,12573997,1637989,5803476,9839599
gel,827203,5616229,1510875,3387748,1826170,4366604,13969235,3403213,1122950,6152199
ghab dastgir 206,10129178,7140776,859931,13220379,8387744,2191842,14243261,5785486,9073973,106999
ghab dokhtarane gooshi samsung a10,14894786,11000524,4793273,3246560,5622402,12688760,12871160,117568,11560128,11708864
ghab gooshi A30 S,299236,3956184,721987,9329759,13929076,13027898,7512465,9022790,1573576,7847710
ghab gooshi redmi 12c mardoone,6577114,12819153,1467660,8685101,1414797,1145291,2267012,7301613,3825801,13045848
ghab gooshi sticker coffee,6554716,2746114,7698593,561419,10126465,2006069,8949562,4415511,1587710,4242098
ghab goshi poco x5 pro 5g tarh kaz,3287572,1998383,12447072,732825,7371634,4532245,4902284,10881540,294570,6563344
ghab mobile Huawei y5qrime,3496519,14843838,12648431,12844284,8869441,3437,2599596,630393,3206052,14343367
ghab shisheyi eynak,533697,148327,962411,12254721,9645029,536476,6482755,1640291,14346184,10898538
ghab va glas baraye gooshi oppo a78,6374300,3689934,10690988,9357417,5744373,299236,876629,10984536,7426186,4816942
ghab zheleyi sade gooshi redmi12c,9434505,6996746,3896892,7874377,5436849,9294022,5703443,7662294,4310710,1057587
ghafase asbab bazi mahdkoodak,6827885,5857844,9593086,4104507,4547127,7054953,14191430,2962922,13128770,5612312
ghahve saz elita,6374504,7592410,14090709,7824158,433357,2133970,7715882,7793395,1505330,11704036
ghahve saz kapsul ghahve,565132,11490088,2453547,3627522,10538026,3797526,1886413,1151425,11841668,14749791
ghahveh saz 5394,4744930,10620011,12652614,2775237,2585994,11498716,3400272,12202419,544767,12436562
ghaleb beton hayat sazi,936338,314196,7963042,1489256,4954085,84463,7079570,12216494,2310389,3340204
ghap gooshi realme c33,11580930,1468629,112379,1655174,2383451,14860361,17815021,1581825,3758086,2976227
ghap gooshi redmi 8,10920318,3691173,14574540,8975182,9676345,2525798,8994914,5031075,8429124,2507944
ghasr poni,13951101,14428253,12807344,7934152,1484777,7162479,6801165,7954638,7115304,4532033
ghazaye mahi bi,9619427,3828058,3444932,10554606,5078838,14763533,2430131,3572983,343482,7047648
gheychi barseloni,11792453,273192,13203408,6035037,7797971,2675756,8693975,13384011,9237582,9632153
gheymat dastshooyi farangi khodshoor,2028108,671737,14862152,9475069,10404044,8899824,11909673,3382701,912948,10413327
gheymat gooshi 12,13469479,13278587,9545062,5274047,964677,12532693,579617,3384926,2382422,12057211
gheymat pankeh saghfi taha ba loostr,4852451,1760985,8798809,5846463,4408025,8402429,8928495,19295,3424623,10451858
gheymat touch lcd gooshi samsung s23ultra,2171761,7504753,9585121,1017501,2686164,5443628,3238403,6752724,8234858,13044008
gheymate bande kharbozei pionerr,2009530,214257,3229372,2888891,7184432,2759870,8108879,4178571,11558570,9815559
ghors anahil,8275133,3859880,14091628,6915883,3382729,8050293,3537831,8802883,12455954,8523888
ghors notrax protein,1809169,7884372,4893128,3017645,3265330,2310389,1496459,8765520,15436428,2186480
ghorse hindi zood enzali,649522,10641993,8836225,337494,12652333,1680521,2670722,3181786,162410,7990598
giant 1,6500727,530419,8812256,8598558,8041694,13581904,1875365,10661237,4117177,6007873
girande bozorg sal,13367746,6975352,12942068,1913391,490435,138844,3444932,6163723,2525555,3553600
gire dar yakhchal,9108448,1468629,10253259,8963792,3154318,8248596,3367562,8823098,7380557,13897697
gire sha bandi moo,2983747,2875868,6425156,14030491,4876888,2967739,11255216,5306585,717455,3257807
glass nut serving bowl,9795665,410596,6975352,8041694,4626056,9538562,2100510,4173722,2933367,7517222
glass saat adventure,4109459,2461046,8873557,8328373,1438846,2926894,17536916,8746196,968607,15318307
glass saat hoshmand wach8,5702624,7107256,3219595,6206347,2191995,1505408,8503217,7332981,4986492,7761376
gooshi Galaxy Note 20 ultra 5g,9484811,11042962,5071561,8688393,13533011,16537303,892472,13323415,2676218,735088
gooshi a04 zarfiat 64,10544675,10856427,11029586,6323277,4933374,11108015,2870931,7179227,14566452,2909460
gooshi galaxy z flip1,12376576,15302658,15836024,919972,3875716,4430011,2511416,123428,8068518,6808740
gooshi htc one x nine,478133,6092284,13906032,6935286,13152830,1661937,7278598,811532,760425,15659202
gooshi iphone 8 no,395762,7798882,154011,7513447,9958566,5632277,6854837,1810798,9294022,9870251
gooshi ke asar angosht dashte bashe,6605848,9793563,9434505,9622549,4347082,8071173,8197472,689260,718577,919972
gooshi samsung A34,12643128,10538870,5364951,13466392,7729464,10434382,9615843,9879686,60107,12214658
gooshi samsung galaxy s22,7375515,2978266,7230201,2095608,1897704,6904486,2465131,11246431,8423503,794921
gooshvare kawai,12775038,9384931,1905130,7281442,3008807,9796558,9882049,5064582,9648721,8968351
goroohe bts heyvanash,12163667,347269,764033,17088276,9632573,2041020,9928892,7593002,17647571,5285459
gps ۲۰۷,2309345,8392552,3813429,730045,10635382,2732077,3305777,12871160,12910731,946160
gt7 proساعت,13363407,1593759,5189,13141511,3997038,7365384,12453471,4251866,13105650,2934337
gtv-50rq752s,4729870,7248029,10856427,10513443,8910937,7440533,4917171,13530777,383320,14095647
h\g \k,3692410,4309206,11165628,8986359,1017455,2839217,9900864,9839599,15114946,9131125
halghe cross,1526337,5123200,13082050,2050108,11124038,10751064,5930508,1026247,3033133,6212262
halghe sine,908356,14135323,878724,26750,13219202,7460260,6958247,7886575,5895194,2501174
hamto 829,2916857,8191595,498576,514988,1849719,6431666,5889381,126882,6827885,6876011
handfree sa,9835817,12350676,12212151,2432359,2860902,14292205,15087423,14663227,7724759,13917758
handsfree cover handsfree,5409641,13527881,5521775,3519402,13220379,3376676,1742756,6103339,11519492,4631112
handsfree sefid,4415866,10655608,9540902,14398220,178772,8685101,2485521,10999066,14894786,1441171
haner 9x,8561802,1127718,6350909,8774462,9333587,2969980,11023896,3068985,13586694,3839766
harland store,9244048,11410958,5054450,81887,782048,7920651,8436769,10097967,12664128,16859043
headphone bisim apple airpod pro,16835001,12647727,13615782,6327689,7755871,2587235,914077,16112946,6500978,738077
headphone model b04,3623050,14009423,10459614,9269465,7550613,6220344,5865442,82169,13413731,15325496
hedset gaming gh-03,95563,367085,6324209,272669,11813652,11089001,4742047,752022,12998878,7330976
herbasense arden,11944757,6946867,5261987,3382729,12498534,427025,4071139,9976443,14554731,1150578
honor x9a,8880977,10615202,2577240,1029723,691099,4536071,4995311,3907654,13266203,6712244
hoodi meshki dokhtaroneh set,1513183,6782659,5196771,11088610,88643,5070528,4105740,1590579,2191995,2249102
hoosh hafeze 2 ta 3 sal,9898703,15186788,11974174,1119610,11852994,3511923,1130441,9632573,8765904,2887055
hosn tark,9586937,1050835,6417834,3702757,13224953,14055890,5127099,7780382,11578379,5804075
hp2500,5664068,1863310,67965,5904494,1107630,10839890,1617886,11255602,11637009,4416503
i6 Airpods,3323638,16023674,414587,1946671,3408934,4097330,2487012,6547203,14390411,6107940
i7cpu,9979073,1695565,4145803,7858136,4189613,534631,848850,550445,8122486,8544546
iPad Air 5 folio case,4385504,5306528,10133630,11588770,4354964,1998521,15186788,11727101,12363313,5266126
iPhone 13 Pro Max mobile phone,38243,4931636,2381178,11372593,1071003,8823095,1150578,1811853,4448013,2834962
iPhone 15 ProMax phone case,11813652,155209,11418399,8774462,5196771,10860371,6712244,550344,12598258,503450
j beats dampaei,11074308,3889673,5210649,9347369,670162,15029694,14822087,6875862,14821528,8198325
ja ab va ghaza sag,13969596,4968240,9793716,10467137,4607253,5592965,10985094,4517402,6926013,916313
ja adviye kabineti,9411876,12939789,6812434,7229796,1882481,1724979,9086639,7922580,4348794,2010553
ja flashi doorbin akasi,3882579,277950,2212020,451149,16027580,2672984,1931645,1827485,2355599,10875835
ja ghashoghi pelastiki dakhel kesho,13816908,2190909,10784902,412370,4914193,11311087,5024683,2387365,4354946,9700707
ja kelidi kamar,4718551,7402345,9264770,15302238,5050942,2825886,11137693,6461093,5190171,6593146
ja'be baks roniz,2746114,184274,14008542,13467787,1870307,3405536,11616787,4658327,1804262,4235421
jakafshi istadeh kam ja haft tabaghe,10161806,13991427,3408934,2854783,10390791,10546457,458555,14346184,13364158,4020554
jakilidi silikoni uni,15986310,1438846,14519554,9632573,13904421,14160172,5799080,491719,12868672,598780
jamadadi kafsh football,1897763,14793809,7173763,96819,14512098,11772475,17969085,2939544,4824790,697280
jamedadi roomizi tazini dokhtarane nojavan,9843525,2856776,11778310,7477029,9201855,6181661,2901148,1489847,2211341,3398205
jaroo barghi asbab bazi,2779773,14141928,9357417,2124125,10844318,12071121,2302424,558843,2882917,1128977
jaroo robotic eufy,9480573,177299,2751858,10120929,13454932,3453135,7734681,940240,9527106,680665
jaye tigh baraye eslah,930487,1114234,145838,11347199,5865949,2759976,3551212,7268050,5592158,8859039
jomle angizeshi faregh,9700179,10886706,183989,12106618,12488839,13717213,14014431,11506193,5056646,12170248
joosh boresh,8028610,8798809,4742047,13828983,499827,7444105,1870101,1029723,8267393,14498545
jorab mardane 12 adadi sagh kota,909949,5587465,10015130,13389998,1552186,9037666,5698028,22978,13083849,542546
jouroom model power bank case,2746264,816135,7354748,14398384,9677180,10466890,509122,468936,3706469,3257964
ka,8267157,9729133,8367504,10481951,7279314,8864536,8230805,7262444,5409641,3185092
kabel USB be AUX 3.0,6241499,9749301,429105,127102,4448013,14006297,13082050,7096895,749119,130176
kabel micro usb huawei,9703599,6206211,10527339,4320112,165896,1792412,378242,901181,9632635,12671574
kabel tabdil do be yek jack 3.5 milimetri,15390774,361048,11349887,14583873,8732036,1693740,2152076,6855429,5304337,651025
kafpoosh 5 bodi,154011,10632942,7290673,14089147,433357,5157397,1915548,4487521,12014271,448733
kafsh bachegane(size 35),787425,11108015,4506119,2951264,6913718,6851912,10361389,7363437,815931,7370724
kafsh eskate ba tajhizat,1490799,4855941,6136708,374678,14074201,11467012,107982,14769556,9279178,12720711
kafsh kalej mardaneh sport makhmal ghahvehi choob kebriti,7799532,5635948,10680006,7094925,346512,5421011,8235932,3452241,9010850,4396103
kafsh mardane charm siah ara,9105170,5005084,6882567,161524,13174538,14271321,3183082,7990655,752022,6976717
kafsh pesaraneh khoshgel,10034337,11275113,7324155,4147872,6206347,385198,3179358,9981331,71942,3415050
kafsh salon bachegane jorabi,542963,681938,7465665,9667367,790960,11967777,11682207,2041020,5059161,1513242
kafsh vans badi,13266648,3875716,3587147,6248479,2734184,4288693,468522,674062,7455828,3884717
kalbas asrane,9544629,463273,14151404,17484673,2838753,1714761,13637578,1333664,7902972,16027580
kanape khoob,4089442,15205385,11296848,12177638,5403851,6435051,3098779,9183156,3016694,8682841
kapshan pesaraneh kudak,187585,73702,4631112,3408934,13141511,3851079,1136176,10116615,3893423,7561757
kapshan zanane arzan,2763820,11332174,7038768,17589456,12164324,1093270,7248561,5651845,9178314,11333471
kapsool gaz,5011442,4862129,4341046,2920743,3424623,10742703,2357548,11948548,7554094,8065760
karbon maye,677563,3818328,5720202,9238765,2223115,11721766,13706806,3919520,10479780,6241074
kare badam jif rezhimi,3875573,7944333,3451396,773877,12363313,7697832,9520539,10304716,134955,11427562
karteh ditband,10612029,6650714,7139353,320657,12305674,11207726,1057587,9022790,4207004,2267012
kashi tazeeini qajar,7855730,8372721,9699869,2132669,8951540,571768,12854812,8478946,6905118,5633731
katoni zenoone original,9953477,3888213,6274414,11336522,2528095,3988597,6645472,12779149,14010607,17085140
kelid ghato vasl mini ferez ronix,7407820,2839217,10133351,11872294,1623114,5655690,13220379,8864536,9786391,5373322
kelid shasi touch,8000168,11866878,1054461,260265,8513848,384444,5556727,10110079,10312343,807523
kesh o tire kamelen,4963821,1099886,158528,144154,10871908,14894786,2986269,467306,10082929,5741169
ketab accent,13163447,9277692,14199778,8208392,6774949,4793179,4798605,4119072,14512098,7542983
ketab akharin jadu,7644331,11394257,637957,3402196,482396,1514664,14690036,10674345,11456874,4268583
ketab aks maryam kazem zadeh,4985247,14009141,364889,9418623,1617886,10821081,384571,267559,649278,11188019
ketab dastan pitel niber,11772475,10082995,9027322,6829003,14468998,598780,7556398,10374499,1093270,5930903
ketab moamele gar monzabet,881530,8563832,10374499,11595254,1512525,8695838,3670271,14043492,9089232,6958247
ketab rang amizi bozorgsalan babakhanloo,482666,9020294,22481,3309641,12522411,1932080,11809430,3358668,5152888,6970871
ketab tafsir noor jeld yek ostad gharaati,462996,14065530,4725165,962411,13327900,5196771,8229659,10546457,2492887,14456404
ketab time,6239105,3839766,5762815,12639452,5031075,12890633,15593973,7184432,738077,3691173
ketab va sepas hichkas,17590677,6446396,13533432,14187695,14179735,1461793,855992,12305674,99116,17423036
ketab yek eshgh yek dorough,2222566,2375395,1827268,6779969,4989781,3888213,11765611,11928674,11145265,6197168
ketabche jadavele mohandesi,12673270,4977840,5196771,134840,7350088,964286,3303406,2581733,1668788,6139064
kharid memory gps dena,8429124,8368529,1511968,8884238,5710882,584794,400168,9708098,8618394,4452658
khaz baraye miz morabba,3890894,315488,3219595,12937088,11505940,4590811,14509327,12552785,1616883,315578
khord kon plastiki,5549883,11675039,2944457,3919520,4105452,6807225,14262609,1054461,3451362,1776517
khorshidi va docharkhe,4542839,7566698,2387365,3050864,10638509,5089563,14344908,2731192,3500477,3063351
khoshboo konande maye lebasshooyi,4443411,6419280,7751621,14054239,6966279,11606815,16895824,14656328,8488225,7344545
khoshbukonande ekolayzeri,2555717,689989,924553,1760985,9069160,946926,7518451,8852035,7431580,4151594
kif kooli laptop president,12249900,7619749,3237727,2069596,10385896,811532,1534778,286688,13626990,6817528
kife zanane,1585520,9715584,485090,565132,2830183,14495355,17792304,7178449,11424321,10635917
kodama,4146294,296151,8513506,2007653,7106135,11593938,10058591,11111095,2448796,8688393
kolah eymeni khargushi,7571853,11465854,4048051,6853124,13644886,1973811,13073651,10957908,7372199,6830905
koleh poshti fantezi dasteh dar dokhtarl,10758233,10985094,8988196,10811977,3627522,14050989,2572985,17590677,1558485,4575062
koliat modiriat va mohandesi eymeni,10034337,7290594,1136555,2833159,14322897,2205733,9615176,186067,10462363,586696
komak kia,6152199,8400781,6129574,10445604,5519452,2895142,6240057,11999163,8804022,7926499
kondom zaban,13103817,14435236,15113204,4793273,6766561,5930020,7553658,6884446,1048014,6424957
konsol logitech,11249656,2941244,4276790,9026975,6100632,2406262,7929922,8984756,10472652,6633877
koochooloo ghalion koochooloo,7775792,13455141,124806,883904,14862152,13716432,1973811,7436272,905385,3786538
koole poshti kat,2432245,1693740,429720,833899,13969235,74325,8686817,10159708,3640444,11778310
kore jonoob,11778310,1708587,405946,725032,13781222,12020076,761645,7975836,170017,7212482
kot o shalvar set dokhtarane zap,7944449,7232503,10458925,11070523,749119,1075479,5298345,308442,4566914,3041030
krem dore cheshm bio aqua,8836225,2959261,3780778,7645751,1378151,486417,9314740,9011955,12059223,13353223
ks 550,11859478,11578992,2092880,9662086,5095256,3047128,3537831,12680909,9628882,12197331
lamp edisoni 60 wat,8518680,11288948,3325837,3451396,3855570,12057211,6158866,2872550,2949117,8365940
lamp fabric paye 9012,15636808,11625576,6791039,8746196,9017177,6803405,3393158,14024753,2279846,14023845
lamp halogen LED 7 watt afratab model AF-PS-7W paye GU10,5061921,9833806,10923236,3929091,101056,3048830,921961,5831949,10566160,7464696
lamp kam masraf shami por noor,4117177,2215376,15118188,1122123,7129303,11840273,5330152,11157453,5700211,693325
lamp khodro 10,6889826,13251588,12326145,527018,7240420,11872564,6593322,4970277,6100632,12220101
laptop lenovo legion y520,9882049,961300,204608,3987504,12062791,12431846,1476154,4897005,4207087,3447048
lasegermez,5941999,7991389,12693022,59132,12464920,1857547,551270,15115718,13323051,5236892
lavazem yadak motor kavan,11079523,6154657,2675502,10238864,8598558,1486568,14488282,12362441,12899343,9120939
layi abshoor,12821919,1637989,7102362,3721024,10532492,10082995,10651437,5276317,13402069,6054997
lcd note 10,8970641,6129574,8186728,3861346,9080322,2841404,9621656,3358668,13466392,3393158
ldeapad gaming 3-15IHU6,2406103,6547203,13134598,2849057,11354540,3209596,2743922,2976227,429720,11695665
lebas khab mardaneh,4344817,6457930,12773727,329253,14141928,13587558,190122,11463490,10620011,7035312
lebas se tike crop kat,52753,9716931,8943078,833899,2220861,1514737,14274757,7375409,1489847,2177862
lebas shoyi LG automatic 8 kilo,9033542,2842162,15114356,12290041,3915183,9330978,668821,11891409,7814413,3984726
lebasshui dogholu pakshuma 9.6,5891015,4836859,254080,13945893,6796444,17398361,287451,11636446,5930020,4624691
lego bob esfenji restoran,559882,8215382,6136708,5282709,5231049,1581825,1901333,5536763,604326,334514
lego marvel bozorg,3706469,10651467,1020800,11409541,2714257,3988597,8586965,607213,717455,9735156
lego mashin jip,684205,5707099,3384926,6069316,13349301,8370228,7521904,8489421,10514238,13281581
lent tormoz disk do charkhe,10676026,8129430,10903361,6073201,4783176,5407471,6633877,2394989,3245722,8267157
lip gloss lavazem arayesh,14821528,9781991,12104111,2586938,6252585,14864302,8461297,5679099,5266126,2067376
liulan do jedare gol khoshk,7797203,9083865,4584106,394057,4256612,1048427,9075982,11711364,4985247,14162487
logo sarbaz,2962922,9722881,11562239,10612029,329106,11568979,7269213,5424088,17294257,16320519
loostr model cheragh aviz chobi,2993408,932459,5285459,6069592,11441964,10689673,12417844,64316,11351156,14009141
losion moo 12 kare,2382422,2014465,11944757,6425156,4057122,10651437,815931,13798541,7262444,9919695
lotion shaindar unicorni,12789392,9944694,10677636,12180030,13153601,12123595,881664,7723998,6210801,3447048
lustr aviz open ashpazkhane,4390181,3039913,10462829,6240057,4098932,11589339,7357985,515848,603143,9780923
m88,4149665,8465932,1792089,668165,4967179,8461297,1490182,4352555,11455959,12522406
maghzi fandak pride 131,5901901,6270270,113181,3778601,12212988,3686859,2144967,13841267,15502469,4087034
maghzi pak kon fabercastel,3581552,455580,9388540,9984274,11431834,10824198,8849022,5197288,3373841,11433406
maharat moalemi,251724,12499229,4522712,10648392,6633877,9216197,6324209,3899873,836586,285041
mahsoolat orin behdashti,2725449,828633,12760388,14382816,482666,9555021,12892691,330843,1482145,6170447
mahsoolat vitalayer,6324209,6144723,9717168,5926516,5321832,9126936,2832628,844531,10999616,7776983
maket saat,8522727,12094463,8636262,709944,161506,364889,12633409,2781547,10406553,10454509
makhzan ab 400 litri arzan,2373857,448364,12557249,74325,6180333,594909,2044653,2849057,6870884,5408675
manga shekarchi,10621046,11058313,5085615,6576917,589134,765991,1848206,5339885,11711364,2993702
manto elsana model sadia,2976227,1080986,7724759,16858178,6500727,13153601,12844284,14092151,10112729,6092284
maseh badi goldan,6170447,19295,2746114,4598909,4566029,6732562,49393,9839290,93061,10901262
mashin bazi khavar konterli,9667367,1826170,7533365,6745951,581672,15489612,6732562,3328828,12402803,1621606
mashin ghahremanan,12647595,3195329,11721686,10536713,41099,4266141,10836360,81373,13215408,5419091
mashin konterli sharzhi,7128898,280271,10517307,11958261,6905118,685587,2552982,971006,2559335,7947395
mashin police controlb,14271352,10406553,13349064,677319,1999745,552307,9894892,12490009,35299,4935468
mashin zarfshooi sonia,4353116,13634628,8659374,10247677,12305688,6330542,9491143,7108523,3698986,8315311
mask halloween,11362304,5932038,7275212,8259586,7954211,4301569,908,1802368,5874073,2998855
mask moo free sulfate,4210424,12450379,6782659,2487012,917220,3509610,9717360,7102362,10275826,1097022
mask soorat anonymous,9378158,13838424,4189613,750182,5160907,1953011,7819136,6453152,5720281,7454369
mast yek nafare,560818,9388540,9756715,7644288,5085615,11111095,1722737,2171811,10275826,11558606
mat temper 58 gater,996546,11398248,498576,14023903,3408934,95563,13005200,1819575,10781225,8836315
mate izar,14531056,4421343,3713495,8529398,9026799,2315554,2597015,8179314,1710707,11238413
mech band shena,7204175,14186549,7246492,117568,2941244,649515,3635153,12095645,9567321,11609497
medad madam ol omr,5350930,3165952,9909708,7989717,13853364,5060776,17443537,6827885,12163667,7379247
mediaye mahiran,7618225,10651437,9743231,12826260,10458925,3588460,14277291,11266518,8452901,438351
mesvak oral b model advant,9662086,6293939,1730180,11247860,576100,6653378,5175141,14891524,12710813,2357548
mesvako khamir dandan,2588057,5840935,8616655,10189915,190423,3471245,5984777,10288925,979954,4033451
mi band1,14645,796954,11047327,630393,136984,7083260,16336573,5785116,8423503,9422975
micrisd به SD,51924,751919,8971127,6990645,10912200,8330682,9736657,11989700,10231475,1634779
microsoft seven,7174761,7350088,5077679,1491939,8910724,9053642,8636262,7185932,6731038,1757699
microsoft surface laptop 4 i5 16 gb ram,10641993,4566914,8387092,13639566,3471063,7561144,6170447,7224236,4563908,3950345
microusb type c,16026610,4419347,4792739,8009061,6206347,6593522,12987634,6946094,17336734,1138667
mikrotik 750gr3,7954211,12096701,7145828,483943,9846312,12417844,2771659,5879916,10097967,4170530
mini fresh jouice,184274,1584808,9329090,11106492,14554037,1049100,2029719,3554456,177299,433458
miniator computer,13626990,4511632,9562492,4369668,8849022,2597127,7118751,8789902,2023379,6696145
minimeter hava boresh,3330902,10821081,6986157,10985290,10959853,6229770,12004169,10864424,8714711,3888213
mino deler,7983566,7437726,13027898,99116,843847,4528161,144966,7272855,13841267,7728675
mit changeh ei,82697,3778601,11108937,281447,8632233,11464521,2809693,178762,14009141,1859403
mix plate toopi,7521904,10649152,133187,5668815,2050108,4952995,7506143,9242187,14659658,3027828
miz vihan,15045013,1545322,5077679,11989700,5240881,7220483,4890217,14862152,6712244,8749280
mobadel PCI be M2 MVME,4522712,4062985,389247,6928475,570764,10998475,14763098,3147621,5378489,9446010
model ghab gooshi a10s,6955660,3330902,7161954,1946671,11465019,14144893,12054697,8764944,9827862,4433459
model mx player hamrah,699743,438452,2783887,17981346,6821120,11607769,5409641,14413968,7856934,11443530
modem sim karti LTE/4G,5196771,2408697,10462829,305236,7340116,10742490,115001,12069630,13203408,13676115
modul M38,3644163,5066622,11361274,9250165,197421,511859,13963533,7378417,10432400,6975559
mohafez ab dar,8792046,2599596,1474518,8215708,1703895,82573,349676,749052,7843220,5173333
mohafez bateri khodro tiba,7455828,10551233,3400868,8577074,14090709,3400318,495837,543,6520197,425857
mohafez daste xbox 5,544767,5666461,646461,1826076,5193462,5139942,13507309,811751,7720365,2993408
mohafez doorbin xiaomi Note13,13849949,6932884,12854812,7249192,463273,10162415,52457,7662294,14150938,7161046
mohafez moche dast model,6105665,3139324,7165658,8285771,6836434,2066449,3658747,8329320,1050226,101056
mohafez safhe a34,14782819,3379854,3383776,6164269,8122684,14398280,932459,4396103,6482755,7350088
mohr nakhan model 01,5067566,1923816,4405075,1582864,4360062,6595121,10025189,16755006,5202966,11119109
mohr ostokhani tarh mohr chini,12300886,5948450,11459772,11967777,603143,4577534,14387651,8561802,5102788,7802622
mohrehaye bazi,1928758,7192914,12709456,3516999,12640343,12233629,9882049,13521833,9952903,8297769
mojasame chobi barbie,3531299,7901711,4153002,10691718,980807,5633731,1158687,14065867,10067768,528971
mojasameye clash of royal,2877154,8882003,23859,8486799,5709489,1093618,7190400,13318293,9833806,5362159
monitor 5K,2603992,430494,5255608,3218826,8478946,11716692,9607570,10334174,2106573,8526695
morvarid pasbi,11249252,9843310,11411415,11149658,80237,11398308,14017564,120258,13083849,5507303
morvarid riseyi,3919520,6152802,158566,6742314,7546522,7799532,14354432,6735701,5396467,6935286
motor 5 asb bokhar,42785,2753599,13918199,6602710,6821872,1498412,7729570,73856,419298,5065763
motor bargh fusion,251724,12453314,161506,9723331,5011442,127102,14333262,2776377,7637524,2507543
msi rx,579617,4122281,9513525,13094132,8950594,4452658,10979517,1024106,5398310,37261
mug jadid mardane,12325992,577147,5277264,14279802,11324355,743370,2431669,6105665,3561465,5846463
mug juli,2856776,3993200,1787549,9994878,2960094,9839290,2351861,8772003,14544185,2326749
mug tarh esm banafsheh,6975559,820863,6243257,11124038,915865,279853,513103,480704,11330221,6766561
multisim,7835167,4108417,5253454,6413628,4854648,13068451,4302571,13237992,848151,868716
music box fanoos,1157860,10641993,10528127,14042335,2555717,3110912,6139064,10961693,5604877,13626990
nabat neydar,12884600,11104578,4734311,11277102,1533016,12055540,14581595,15294551,5432465,12884433
nakh rangi bara charkh khayati,7600457,1489847,1897763,1368162,9614729,733765,10685206,10852536,4826432,533354
namakdan jHd,7674446,9897042,8694251,5586007,5875063,1036482,12528544,14116165,410036,16669316
navar sekeyi tazini,11699280,1157087,6078390,4584106,3358668,1378151,4569256,813540,7325227,10693590
nazhe makhsus zoruf,2215376,4911290,544767,13533011,193342,2821694,13809364,4863898,12590872,7432879
negahdarande sirup,11150542,15233659,8842052,889648,14574080,7546584,2171400,7994727,14036003,2090561
negin aghigh shajari,2191842,6431588,6863297,6327884,564551,477164,1425618,16546620,1457546,7290673
neutrogena hydro,6996746,4954085,6830905,4033451,15115718,9879936,6274414,975028,9611795,9005713
neveshte mashin,9860401,11283001,14315407,2408736,13235104,8141019,3218980,157424,3330793,716418
ney haye pelastiki estickeri,660941,4189613,14325572,13147836,14271321,10011361,1144060,3144782,16336108,8778416
nock espresso saz,9021296,14782819,14943019,1677740,13440432,9799940,14638250,10140363,2008349,10670241
note 10 pro پافر,8430508,8982851,5782821,7440533,14050989,699324,14141928,1487349,7591304,11630140
note 13کاور استارباکس,4373764,1037393,7221868,3784568,14333673,11090385,1991068,8136665,6980916,5197288
note13pro 5g,11119109,13149286,9174744,4041666,9886572,1689085,8769143,4212044,7559080,961300
nothing phone قاب,1127801,1645222,10624539,12120757,9377384,467306,11786180,5443628,80237,11690142
odkolon khonak,2079564,4297629,3500394,8799078,11953252,12233240,1639303,5236984,5018045,14822087
odkolon zerjoff jtc,11002739,3048569,14860312,837213,11609497,15307573,13604669,6154135,8215692,5129444
ood sooz mard ler bakhtilari,1486568,11512116,801751,12126072,5719815,7235544,13514411,794651,781018,14299009
organizer vasayel,7201615,564551,8096411,3605044,123428,78001,2094664,15400948,10237807,6202877
otoo ByBabyliss,7758131,190122,6888770,5719815,11228484,3315334,4704767,623352,4344817,13121363
oud isphan,9855378,5078838,8527470,3593269,14819880,8397962,179951,14326964,676111,1135071
p 25 i,8143640,8900054,11826104,6884446,480704,9289318,4182709,14274757,608534,1913391
pach gosht barghi ronix,11109796,14860312,1467660,12341846,3382080,1144032,214257,4167728,5703443,6853124
pack jay mayei va espere,11856664,14336571,873126,1620325,6946094,2873515,3824225,16613440,741130,4964326
pack sticker anime sheytan kosh,14343367,9807887,6330542,9872209,6809572,1695565,14234612,5139942,9986629,15636106
pad panchar giri,4954085,859481,9333587,14030491,9659575,7506039,5726740,408153,12522765,193342
pad tarh ronaldo,8127544,6180333,17607188,4454387,534530,13358306,5228840,5054403,5004118,5926917
pak konande dast general clean,5813649,10902708,10546457,8834256,9278594,5371740,14275370,11716692,3254639,3469722
pak konande poost seravi,9716931,9527627,10146144,9609031,4397081,7338292,4500400,9652451,11411164,1127718
palto zanane barooni,981926,4063077,6107200,619737,197421,2583317,4878067,9684535,8669046,8506314
panbe septoma,25959,8868046,12583851,552307,4585575,15115718,6657649,8384280,9861910,15966458
panel hooshmand cooler asaneh,518694,623352,8445425,26757,76284,14540468,4792739,2945261,1595405,4221217
panel jelo tiba 2,12258492,56200,7462044,12886626,251724,1032542,10498856,10894781,979954,4982964
papet dahtaraneh,7698593,733582,3516999,8766133,6443194,14566156,6435265,9052476,514988,5555879
parafin behdashtic,8675578,9033542,14331365,7124829,1516133,9600229,10661237,1538119,10589713,6586909
parde keshooei shishe aghab,13999587,698981,7241123,546625,14141928,2845294,8453861,10387007,76284,14186549
pardeh 4140,1629443,7066026,8580963,12324455,9126478,4532245,2962922,908932,14788207,7631473
pardeh hogwarts,3955712,7947395,5080871,5662396,1740203,10120929,14162875,3890665,1514737,14152346
party box جی بی ال,6004161,1034194,15118188,451963,10934228,995846,5814248,8472321,14030491,813564
parvaresh hamdeli,549513,2960094,14656328,5618453,5709489,495528,8890264,13149286,3378428,795328
paye kahvare kodak,7338292,6622267,7038768,5152888,2864628,11221056,11974409,11989850,14132756,726125
paye television spart,409154,1551517,9838220,7835147,6091941,1563637,13085782,527018,3933746,1585520
paytakht 3,12202215,8271644,1138667,14749791,3257964,2432245,11152854,7513569,12662591,2507944
peeling vitamin c balance,7540371,7365891,6506441,9815559,325143,12633409,4458966,7874377,3229372,6348578
pes 2017 برای پلی استیشن،2,14271352,1520528,5403418,12391533,657374,12802226,315578,4289403,11427562,5148230
pich do sar rezve filter roghan,1130441,6184497,10091060,1426823,14580646,8665806,11723341,6013513,14759505,10923236
picture,6742314,13299223,13463142,839031,2094490,2326749,14531056,7139353,3249394,11920312
pirahan bedoon astin zanane,2453294,4225984,99127,3734565,2870931,5907296,11308070,9180751,8951540,6473213
pirahan sefid yaghe gerd,6349644,6310212,842100,200466,959898,2313536,15001598,981926,649509,5662396
pirahan yaghe gerd englisi keremi astin boland,5984204,16755280,1595358,7111030,6181661,458555,8804482,6007873,9221077,2587235
planer tarh grouh emso,8318670,2732077,169973,4048051,4415511,2501174,534631,10661112,7117020,3598654
player ram khor,10694984,13132596,2092880,3871768,3087141,11419550,9045018,9217198,3369509,966215
poco x3 pro خرید گوشی,2421535,12575332,12282641,11695665,5073393,482116,11682472,3755533,632064,2854783
pocom6 قاب,6681201,4819160,6768238,7605704,13027898,12506465,2428872,9478647,816135,2926552
polopaz koochak,4486514,10280312,10653856,892472,7750051,14295812,14391334,13358306,723178,9695428
poly zero,274302,3929091,1139189,9239506,1881792,13945893,2190909,104851,13619045,4417091
pooshak bache molfix size4,13196606,5202043,8736641,1848206,10442878,8835397,2196258,12527301,4941927,12647727
portable power cable,4184340,6836305,3291393,5425836,13283717,723178,9515648,6170219,10544675,4869901
poster anime black clover,11349568,14052039,11623178,657374,7991389,5343249,4417108,5366507,786933,6924312
poster divari yade,1430706,15258075,13947570,4466558,14857729,13568527,7165658,10556052,5190712,70798
poster mohafez shakhsi,15636106,585659,2487676,8487318,1655174,5297748,10040094,3735641,7396949,837412
pottery making machine,9215556,9539928,3457566,7494692,4642638,13763869,8793843,2177862,5812779,15233659
powder gainer bioxs,10597675,1626901,946160,619874,1573576,883904,10901919,2196302,10944728,10273269
printer g 4410,869662,640031,4430288,939238,1703895,4458966,4587844,4546262,7624816,7295871
protein mpi,6857848,3041030,7969736,3612596,732825,11682472,2547504,8141377,10240052,9747174
ps2خرید,4842567,12197331,528137,12802226,9786391,17048438,2069596,8169649,10751064,6770083
ps5 رنگ بنفش,7348309,7954638,2760515,429720,718132,7375515,959015,4032241,467306,14095647
puzzle chobi tarh manzoome shamsi,13035118,5297304,1828208,865368,10530718,4646894,2051041,164820,56912,12573997
rado,763107,7278168,10694984,449113,3271100,1144352,12326145,4919301,5424088,7241123
ram verity 32,279853,916313,14131504,13340581,11106490,3160022,8141019,8521561,11433406,796015
rang acrylic 6 rang,532966,8991413,6360785,7340343,14132342,9110312,6706357,482498,12560315,12660368
rang moo sormeyi,1441171,5507303,9986629,8685101,11149658,7674446,585720,5744373,2407543,12999394
rang pelastic 2 litri,14257955,11029535,835347,1163645,2212161,11827932,712594,537379,11103849,8293249
range mu dupier,9358671,6310212,7899721,6860843,3881239,2474467,522903,14274757,13727848,3054718
reciver tv,803587,48961,808546,8087355,3390986,10583707,13402001,4051553,6474778,7393072
redmi  11t,11813652,3634502,12943759,1602832,3389477,486417,7151427,3728454,11974174,946926
redmi note 12 f,13737183,12773727,3545064,15837828,9220839,646719,9586268,14346547,8680295,6424828
reyhaneh gardanband,8934618,8898035,1804262,12293267,2552449,3027828,9480573,14391334,9863628,608796
rhyme,13986631,717760,15761801,15128623,16752010,10615202,7775792,13185064,7314195,2110057
rish tarash biberos,2846889,12062791,6838826,2873857,10385896,6356674,9356340,3899873,1446443,4765687
ritter,5561794,384397,253294,10346293,9527106,1487225,781018,9584036,715340,207314
rk کفش,2627010,4609145,5261987,11795283,3181280,5558420,1136176,13951460,12662591,3140001
ro takhtkhabiye 4 tike,3149841,5301082,9110721,1161679,14578891,3028345,10958076,2008043,3241307,607213
rob anar,3943482,6905118,9684535,1486568,7537782,4380808,11474073,8387799,2536578,4532033
roghan pak konande bad az epilasion,12926611,692320,4309206,1457325,671036,6170219,2850289,7734681,27956,15087423
roghane motor TU5,7889284,487503,14580646,8577079,367085,4836859,4419202,14074201,4500400,8474138
rokesh sandali saba ghermez,5688544,997096,193342,463273,2342736,7877923,14334481,8917094,995846,4294804
roll kaghaz shirini,3904229,10260791,7926817,7142116,13644886,11357204,15514368,120258,6843702,9525590
romina ojagh gaz,2941244,306998,10875835,3219595,5410960,107982,9652451,42991,10251101,6585774
romizi khatereh,3540612,13384011,754380,6772505,13969596,169973,873126,10346293,8736641,797508
roofarshi dor keshdarmakhmal abrisham,10387007,5056646,2137875,12575332,1452948,7775792,15069967,6650080,13161928,9708098
rooposh koole poshti,7445177,9075233,14608010,2749547,4354946,5409641,2278496,7884372,11463490,7016098
roosari abrisham khal khali,494104,5568535,10148280,12449332,2094624,13639983,12153023,14868576,4546262,358809
rooye baft zanane size bozorg,3855570,2191995,11856664,1568408,7166735,5005084,11223338,5209137,9300325,8176598
roughan motor sefr 20,3539005,13070262,9561839,11368177,8248596,9079562,6582726,11841668,6404633,419298
roughan sanaye,14478692,8468225,7492512,120258,17664542,381254,596699,7201615,5655690,4119072
rozh lab maye aklili,1851303,12092316,8282083,8009061,7990598,5652898,5536763,10159708,4007035,10484612
rozh lab shomare 307,3524979,13003487,6835557,13278622,8718260,9260208,8793843,7432217,6631597,8190969
rozh mat shine,4354296,5285459,410800,7734681,8071173,7955083,6613130,6135391,5441418,944925
rubik cube y,296051,9054363,13098387,6578308,6475537,876180,14754405,9931729,5519452,6228161
s 23 اولترا قاب,349244,544744,13530777,5592965,2130522,2285284,8669849,3358668,8368529,5025977
saat T18,12698831,515133,12838592,9781991,325143,10823021,14089147,4258720,11851125,15247016
saat active4,2074248,5926516,381500,6556190,2693125,384900,3511923,502687,480743,15306465
saat digital romizi projector,11705624,7576867,528137,5996903,6561991,312368,930482,11630140,6105665,73619
saat dokhtarane gheyr asl,458555,11382166,513786,10551233,10725406,3741049,144154,8397962,4307586,5443628
saat hooshmand sport watch ultra 8,14199453,518389,3560857,9788096,11196611,13240386,6562476,14348920,13150307,6012268
saat hoshmand ji tab model GT3 Pro,3123964,860400,13430967,9237582,773877,7813142,6854553,7053936,10649152,3062680
saat hoshmand xiaomi model Redmi Watch Active,8519455,217153,11548891,9314740,1030285,8945874,7999154,6548170,13188635,2259182
saat kar digital,12998878,2212020,1859403,11676603,12889866,199083,6062855,438429,305810,1036482
saat londville set,11311087,7876949,803587,11089001,1666656,5132596,699252,3166341,8465932,189770
saat mardane esport portar fdar,2779773,2776377,448733,14271321,8884275,8665806,5595959,9815559,435451,5170019
saat mochi bache gane GSHOCK,5025977,631757,7535192,7021668,4707890,6356674,831820,6270270,1809169,5413819
saat mochi digital,13804646,581672,5085833,50675,7188425,734314,410036,12215001,8472321,734180
saat mochi violet,10044979,12120757,11274192,1558485,1724979,2842627,10201221,8187878,389247,1627285
saat mochi zanane date just gallery alibaba,11640402,14457840,8519455,6435705,6556651,13322394,8376289,913351,5956223,12131416
saat saat samsung,870862,8183334,2419368,262253,9445099,8472321,9200427,214257,13172847,6181661
saat skmei 1818,2743922,995846,8800744,1150578,9315706,7515632,657657,8710128,1455168,16072099
saat zanane sefid,2469861,11431834,6035112,5811498,551270,5890321,4931636,968831,3098779,585659
sabad nan,2106573,4153002,1140535,7379247,2094664,3701566,441365,12109643,13778709,3624625
safhe kelach motor honda 150,4842105,2351153,943846,11150542,482116,8450908,7460246,6092284,2916857,144966
sak varzeshi chikaho bulls,3025131,8330682,6367861,2666771,9484090,3507554,6455521,14757100,14333262,304696
samavar asbab bazi,9178314,12180030,924058,3385777,8596417,12180114,10120929,6556730,1828208,5656137
samavar e nasb,5831949,790960,14043492,12749087,1552186,7125606,7003011,1424203,7361950,8483580
samsung ram3,13726497,259278,380267,887927,6433138,3621667,2842597,7954638,13611567,12553170
sandali arayeshgahs,6580651,14413764,13691969,11207726,7991389,2241846,5168003,12016209,6475537,4230579
sandali peykan vanet,4626056,7533584,904082,1923667,7033494,586696,8764944,1435005,3488445,2092880
sandali rahati mahi koodakan,12299347,328565,14219149,6156841,7035312,6742314,671737,4242098,9954981,1828722
sandali sandaliye charkheshi kadom,2680052,7248029,15837828,4305079,2404828,8494072,8392552,10189915,177299,8627776
sang angoshti,14321650,16693891,12739978,551022,8891280,4909407,1660828,12560872,7012003,10333025
sanjagh ghofli van yekad,10282482,11042962,750182,6429971,7344545,2309345,1573576,83472,6993065,14574143
scanner kodak karkarde,7978816,14279802,5102938,200466,1111878,10571093,7624529,4495382,11277102,10701126
senseptive,178772,5378489,1864688,5362159,7866153,14633627,2581733,7922600,12457646,10985290
sensor cheshmi rah pelle,1722737,14344908,14057588,3048569,12817900,2821694,3332801,712594,17185045,9614086
seri almas,7235784,7964485,13113689,1161598,13676387,715340,13041645,14014431,493281,4826432
serlak ghoros hollandi,9272294,4242148,2901148,12020076,7709648,9136299,5255608,5089563,9011955,7432686
serom poost asb,6423408,9380054,8084947,2423504,3644156,7432265,3327411,180912,5093286,8381569
serom vitamin c karite,2779773,3016831,64316,14199453,1496655,2428808,762996,7393072,6054997,14214103
serpich lamp do adad,5936108,7065338,26246,4629071,8632233,11704661,6210801,2161876,11562239,11228484
servis ashpazkhane pelasco,7278168,8423792,7796412,9732812,1734063,10423280,4486352,9086223,4266141,11525184
seshvar 3377,5152888,12866569,11082522,6681201,6554716,13440432,6324209,9147929,11117061,1884917
set achar yek sar takht,13283717,1655174,589998,2779773,9695099,3437431,113653,11351156,8166873,16023674
set blouz va shalvar mardane hirad,2132669,4842105,14947512,6156841,5891778,432372,5948450,2587235,3258412,8218017
set lavazem tormoz aghab motor cycle,12520106,9947724,13954676,5528497,5193462,10571093,3378428,7444508,8136916,6742314
set lebas varzeshi pesarane 6 tike,3656144,12428216,70639,5054450,8395893,623352,8975182,1084233,15302238,1072595
set nozad,3297315,245396,7814724,7213087,12092316,1927521,5126221,11007995,750182,1149791
shalvar fil elizabeth,9141108,1809232,1628644,13531141,3320896,10741729,14410946,3068985,11607769,9851720
shalvar li abi yakhi dokhtaraneh,10548632,13709699,4124800,515848,7798882,3382496,7640848,586696,10878356,12965291
shalvar nozadi bi,1868597,8710128,3559480,13128770,8339552,5466323,8182052,11592187,728621,11777691
shalvar zanane sade arzan,7118751,7504753,1628531,2302424,12305674,48961,13835855,3497052,9938759,2982373
shalvarak jin pesaraneh,4167728,15257467,1020800,14638250,3320722,12680909,5168003,519162,2719011,7691
shame tavalod R,3400456,50675,6210801,7947395,8391149,11403849,14023903,7884372,7232503,3849615
shampoo badan ove poost khoshk,1457325,13828983,5050942,3890894,8376289,5150034,12152772,7601292,2675502,65292
shampoo dar ma kin moo,10217111,912146,9133186,13215408,15319503,13968566,1457546,1515290,10709261,5298345
shampoo moohaye charb,9567166,2830183,791053,4546262,2230861,1080166,7512465,410596,7588252,15511163
shamshir tirkaman separ,5549883,8397962,12215001,15290047,4905582,8891280,7340116,11698854,3706469,4057964
shane mashin shomare 35,7289290,10774889,2597212,6787215,5055853,6780397,480743,9859965,10996549,8917094
sharjer 67w xiaomi,7994727,255406,12634048,5762262,3117918,2854783,8370228,1629774,860740,7828202
sharjer fandaki viva,7780382,5874073,13856310,14343367,930046,3307928,7788990,13898090,6413628,11676603
sharjer gooshi redmi 7 xiaomi,3381528,10709261,12592698,1157860,591097,143580,8366107,10159708,1789638,3511923
sharjer simi PS4,13231718,2333861,12680721,9673893,7066026,8312675,6510095,11637871,5442074,14320127
shegmal,9171060,9101770,10103649,394057,11852527,14295812,10418510,3612596,6455521,13100447
shenavare kouler abi,7368232,14556961,7805647,10289010,17039636,31688,3072164,11643491,901181,3548085
shir dosh nozad barghi,1763589,2064685,333942,6148399,651025,12090877,13369159,12744393,7948519,9791693
shir dush hamam pichi,6645472,7165658,4180871,3656144,9875795,482116,3519439,7365891,14467723,8949433
shir mozgir,9843525,400168,10757160,6032410,2568772,3125401,5655690,286918,13266203,5890764
shishe aghab mazda3,4630526,11840984,8141019,11330901,12427672,631757,9329090,826701,5036141,1168656
shishe bozorg jelo mashin peugeot 405,5143645,8449261,946160,8794936,11708864,3211073,178772,6195938,14204895,2101667
shokolat fandoghi parmida,4481700,1633485,2461046,13349064,1125449,11348511,6500727,11695665,1553498,9700707
shokolat gerdaliye fandoghi basteyi,10661290,5698028,732825,3398205,9281658,4354296,10532492,8033239,5338291,405946
shokolat jabeyi baraka,400168,11441964,1132730,960381,3320722,180912,4765687,4597703,13185064,6936264
shostoshoo soorat kofi,7471158,6529981,848850,7684242,10677636,96240,10768868,10630704,274302,12890633
sidi makhsus bazi computer assassins creed,12549397,5333376,6154135,1569587,837412,1958831,762716,6561991,11636446,9208067
sigar kelasik,7865355,4934765,5862804,6752724,12710813,3332088,7340462,3890894,7954927,13343048
sim 2 shakh,7915316,15989810,8898035,384314,6448085,4522712,1615286,76982,13399395,3644156
sim HDMI va DVI,3002651,8605280,2275787,5396467,3050864,5656107,5612312,4322738,11563408,3598654
simi beraylango,4146294,9389490,2793838,2103525,5338175,14555784,2949512,9748258,5161662,4810357
"sini, 50 tayi sharbat",4297629,15147803,8497576,6099091,3550505,9260890,649522,14477251,3068071,1560539
sky house,9797238,9764007,9562492,3545064,14032551,5941999,8836315,999220,451154,4289432
smart cart reader,482116,10977036,48690,6681201,6257808,14456404,4801149,7300449,6053278,9567321
soalati ke bacheha miporsand,14214103,4238492,2415653,16130108,1496655,714324,7063890,962411,4546262,9705085
sofre chahaardah masum,771961,7866153,4630447,12243728,655912,3773573,8245350,10148366,597980,3042739
soot kesh iso mashin,8951540,761645,12667651,4893128,384397,730811,9986629,13156585,389422,3974550
soozan diabetkhoongiri,3797495,2842597,596699,9676345,692320,11116159,7602522,3327411,2825664,4099036
soozan pride 141,468522,5778111,955878,10985290,5717830,7874377,169240,106999,12310300,4010218
sorkhkon bedoon roghan gasonic 757,2213318,12096837,4314126,8237708,4656769,4181452,9260890,7173763,3875716,5720281
sotien dokhtarane,11505940,885682,3598086,4122281,15294551,9362011,571948,14151404,1487349,490435
sotoon chador mosafrati tent,8186728,10638348,14391683,1563637,8632233,3531299,6460591,11968382,14608010,11891409
soundcore icon mini,5719130,5865949,10897293,5668263,12085945,3500477,9738989,9027322,773877,9393108
speaker Bats,288078,7505548,6076259,14299332,1586166,296290,7185932,5080871,13827543,7324155
speaker ewa,1809169,202682,2725449,486750,7922203,2732077,2682398,9174362,115001,8387744
sportop,7461461,6277532,475845,2965700,12950092,9005713,4924898,9878083,10615202,7788990
ssd cp,13002646,15197364,677563,13321487,13461620,5592158,4744930,2926894,8365337,8714551
ssd لبتاپی,7930094,12172280,2817194,12813282,1827485,13656268,65292,7734110,8081582,10649152
stand gol zarbdari,4306831,9905265,5024683,6136708,3017645,8467382,12644844,1422486,3027828,9772859
stand se keshoo beauty,14190688,11340226,2171811,6770083,1538121,2768571,1537340,104262,13727015,1808258
sticker barjaste tarhe fazanavard,410177,11349887,12744393,38902,770259,7127873,10261729,8924210,4428968,787425
sticker laptop anime tokyo ghoul,5413236,4889984,7062154,8960641,9570265,6331516,3144782,4854648,4754715,2375395
sub band,12247139,10389840,157972,2393637,13301972,2698211,3033133,37686,12558572,1110843
support loole pelika,10302972,2602908,4386999,606578,13770069,5587260,14754405,4728336,9931729,6338303
surface go,5189014,681938,6653298,11914277,7213087,7835167,2205733,158528,4512195,4340475
surface laptop 3,3679832,7816631,13431040,7926817,5366234,4301569,8004308,14980996,8527470,9937001
t ۹۰,8860964,11137407,7709371,6791039,6603008,6561991,7619749,14390411,14360609,2790099
t13  anc,11995524,9361439,14308846,10815671,13692930,5762323,8685101,6496163,9101426,2596634
t55,6819000,2074913,11089001,11410958,721987,8665806,1619768,14360609,11410049,56743
tabe vok graniti size 24 arous,8494071,17470238,6830905,3042455,9364733,14410679,10984536,11872221,2842597,6605848
tablo dekorative talakob,1127801,10451858,16112946,9118510,192498,8667588,2230780,10047735,4009351,6766561
tablo kaghazi sefid,1740203,5497765,1516664,5024683,4661330,9237582,4170530,162410,6435888,2830183
tablo neshan khoruj,6265787,5410960,4088765,2957013,11997868,5028427,1422486,1746928,917261,1481699
tabloye mercedes benz,569376,12806230,2028108,13716432,971829,5157397,933185,12779149,1860173,845953
taghviat konande system soti,8312082,1140070,3514157,13224953,1514664,539320,14007389,6263638,7172933,7691559
taghvim khers,455580,11552790,2725162,10112729,2840245,7967010,4883625,5796311,189571,964677
tajhizat janebi parastari,2933367,1072595,828562,1048946,8659374,9419737,7963204,4201913,14555784,9174799
takhte charm kari,4006831,13676387,14274757,10335726,4582181,616284,646667,9086639,13167560,10420928
tala,3444932,576821,2457634,9809991,13156440,14386438,5839476,106674,755465,1802368
tamp chehel gis,6582726,349378,7876949,10287333,12324455,4286480,3218980,7951437,1659259,12957273
tan poosh koose,9591547,8910724,213731,14531056,4852681,3229372,8387203,1742756,11852558,8366107
tanab varzeshi size 10,5035948,1663833,1651504,14176170,9180751,6892322,14413968,2351153,2032757,571948
tapper cake taj king,12379255,16166965,11137407,3728454,8017337,8334051,5463310,12557249,1117959,9872277
tarash cute tarh mive,7018165,12258538,7643866,7374449,7480008,2388884,8453861,10737352,14359691,11750358
tarash fantezi tarh doorbin,4009351,5549883,5025977,5221431,2651073,3337746,8096411,4645582,14554576,7670489
tatto ba esprey,8448494,4964326,13950898,1720958,3246519,7165658,468522,3792052,1768509,7208436
tayer va toop monor chahar charkh,8245350,2042181,10674241,2406262,1593759,10590984,7235544,913831,3154318,6843443
tejarate gharne bist o yek,12122174,5119105,6367861,4529789,4338814,7436272,10857322,12530933,10701828,1140070
telefon bisim panasonic,12708037,974348,13299223,11137407,706269,3855570,5071561,8492315,3177340,696912
television e di electronic,3781711,2257675,8873557,2636930,876931,10618588,759037,13615941,1577264,6526327
televizion bozorg,14271321,12844284,7816631,6859966,3572733,7444105,7771001,10148366,12575332,3756468
televizion sony 50 inch,7247698,1612670,2845294,962411,2919754,11405801,4417031,7747034,4909407,4009351
the power of one more,180937,2555717,187301,2701359,11699162,584095,14651486,10418510,162579,13777064
tigh eslah surat banuran,10100238,31644,2894923,10186767,6517193,16895824,13964709,556663,9978291,4964326
tighe khorkon model 6 tighe,2161876,10253259,11589339,179460,1641465,1516133,8163672,8523888,10653856,5487496
tishert surati rani,3689934,3252733,26757,7178449,8481682,6553359,623214,9089232,489695,4190115
to do list bts,3786675,14883397,3540612,2469861,16522900,989332,11971046,552570,10560714,2873515
tom ford OUD,2028108,2758594,12318197,10875835,9872192,7919101,15114946,3683822,9861910,13363407
ton mahi 250 garmi,349244,9706126,9136299,390870,13070262,9752721,7600535,312368,873126,2873857
tor handball,6932366,9243998,12506890,2014710,16576316,9979073,1511968,13504983,152422,6760814
torkmeter 25 foot pound,8193958,8397962,14086563,838154,11872564,4544783,13838424,14425829,552599,15511163
toshak zenithmed,4909879,7038535,4793179,8541903,11435290,7013482,14036003,7812216,4616,2941244
toste,4433578,15233659,12170248,6905273,11315279,219969,576100,9065602,5420778,7365891
tp link mr100,13905556,11082522,11419558,7948519,2792992,2315399,9785505,8910724,26486,5274879
tsco tm 2018n,657374,6808740,8737685,14606650,7027586,8688900,657657,7038535,14471723,9733549
ultra max 8x,10066747,5545158,12076737,3246519,2568772,804739,409154,13031790,806023,133187
va249he,7834490,11795283,9119757,9953673,12363313,8400609,589137,10737352,10887699,7219736
vaks takhasosi rang tireh khodro,14498545,212446,6270270,518357,8387203,12417844,2609936,11254905,665130,619737
vape argas GT,19295,6054997,795328,1790557,4294804,8891280,807859,11236294,9242187,8293249
vasayel docharkhe simano v brake,1474518,11362304,5727653,5568535,2902421,8929380,1158687,9089232,15196681,12349662
vasile jashn tavalod,8169649,7364490,1623114,6148399,6976717,2455351,1621304,3997038,1768109,887927
vaziri lebas,10275826,7291130,5407471,12586823,267438,5620722,923971,14162875,11361274,148036
vg27aq3a,6053278,398852,7891241,10311608,8280670,11098166,1504171,444227,12088288,623214
vitus 15,13213147,5436725,3945686,923971,14793930,1064939,12926611,8509775,156181,12078880
wire asli isakoei,13504571,381254,6061721,1944985,5378489,1290089,14219149,8215382,9764007,13961466
witcher موس پد,12920165,569376,831292,4494850,13969596,1570634,1861018,82093,9979073,763107
xs panda,9699869,4007035,4917171,8859039,282643,15252247,1151448,6308150,551270,4641312
yakhchal va freezer fylor tarakomi do darb,15121526,10157236,1033928,9520539,7926499,7454085,3081860,9557746,4044799,10618588
yaragh konande dashboard,7865355,12990949,6935286,1057587,8376289,349676,12789773,5205987,676111,10944728
yaragh yaragh dar hayat,5095256,1732149,5188656,13215408,1120456,4443411,6556190,521121,155877,10542440
zan mohsen,7523186,10551233,7963204,3144782,4027344,10500732,723895,9567496,8688393,5382851
zanane model delina,14783795,576821,1492020,11419580,6827885,12683475,598780,4982964,10340665,795502
zanjir gardan nissan,2468843,794980,11043427,12104111,6699387,826701,8891000,346512,8141377,13254387
zarbegir darb khodro tiba,6875862,8461297,4371738,13827543,9943343,1827219,7983566,14644123,328565,10432482
zarf arisan,4223955,1115423,6963614,12950092,7166735,1740203,2016450,7999221,1923667,9208067
zed lak faghed charbi,9296886,12164030,9584036,10566160,2764863,9632573,7775776,6135391,697280,8021519
zedaftab rangi pixel shomare 2,11841668,11729962,2608053,12672505,11419558,4586233,4597703,6500727,8577074,3238360
zeh separ aghab nissan juke shasi boland,5068713,10839017,14421004,1157860,3400456,6136674,4417091,14351770,8461270,14064257
zerehzar andaz zarafe,8435633,8632233,10912381,5333376,14862524,2980913,4671970,10676179,12419954,11563408
zhile o shalvar,3734565,3780542,6348578,9069160,7644331,3382496,10542440,12197331,13798541,4452531
zhilet eslah,3221442,11510814,5409265,4244981,10290303,880521,3686492,7820922,7206667,15339692
zip kif,6963614,13150307,11456874,1508629,14176713,3875383,274675,1747689,702401,3481212
zir livani classic,13364788,9567498,6475537,8430508,12212151,3359298,13929076,1066894,5143645,3884717
zir payeh goldan,942712,1563662,6092284,5581620,14490208,7423741,14065530,1119662,4238561,7332981
zirpoosh short,11129004,4661330,5666461,8737685,6800916,5443698,5597635,7521904,4924898,471143
zoghal khod sooz kababi,500264,2980913,2351425,1514664,17449743,10034337,12458926,2710686,258247,8671752
zoghal motor fan peugeot,15128623,6566014,14151937,11595254,657934,579617,667278,262253,11368177,1886413
zoodez,11509788,6338303,11689074,4184340,14421004,12069630,4170530,5168003,8774462,10347632
zorofe chini khareji marke do gozan,11682207,2089470,9632573,2002493,4176124,2707188,10722131,1722604,10235306,539062
zoroof crystal star max,4396103,10710833,5666089,2854925,8701936,9896560,5696222,9976443,9700179,9389490
zoroofe arcopal,9735156,7956122,766062,4141072,4184949,2753599,13671627,2194673,5853104,3149841
zz,1633485,15258075,14089147,6252585,285259,11914277,10260791,51924,7032222,3540612
İPad Air,12428216,10661237,6208772,11610493,603611,12992663,7495284,7729464,8827722,2289856
،هواپیما و قطار کنترلی,17590677,11007251,9052518,606578,13298516,3402196,835777,2840245,3621770,3307683
،کارواش,13717450,623352,5597339,12543936,3891080,9542906,326946,2719011,13281581,11517957
ءروسک دخترانہ,7434537,3796868,7102362,3696981,4204115,411197,3390678,11382636,13781222,14219149
آب تیمکس,16693891,515848,11588770,8739501,8922676,6435265,11098794,6289222,8106665,689260
آب میوه های سن ییچ,7467783,7022529,14213476,460463,1368162,2873515,12804462,423594,5005362,6352215
آب میوه گیری سوئیس پلاس,14095647,716113,4862377,6392126,12300886,6211018,8215692,14554037,649278,616284
آب پاش تایمری,4892096,9609031,205704,12284171,1602837,10235306,7587086,4566914,368743,13401329
آبجو طبی,9293603,15068848,5282709,12826260,2973284,8519455,939238,9935382,1501452,2571099
آبرسان درمالیفت برای پوست خشک,5823722,97486,3612596,9680078,2514163,11781177,5853721,12455954,2487012,2958150
آبرسان دمودکس کلینیک,5373611,916408,1708587,3786675,9249898,3749050,378242,1551517,16633807,12536422
آبرسان هیدراکتیو,11349887,9928540,8627776,1510875,70474,9953673,8183334,2660180,9645029,1699984
آبرسان کریس,142598,2648343,373336,2917060,2529858,8133086,11463490,9161608,1621606,9752721
آبرنگ الکترونیکی,2222566,14788207,4892096,9504309,10414149,10611401,882871,5182912,1806932,3431953
آبمیوه گاسانویک,8118539,12760388,6748254,10097967,9645982,15197364,11560128,12633409,52457,1157860
آبمیوه گیر لایف چند کاره مدل,6762673,303880,7435146,9463740,9319210,73006,10220257,1107630,4460787,14759505
آبمیوه گیری wmf,2552449,9086146,2046840,6631597,3265330,4417108,13065873,14094091,38932,12487138
آبگیر لبه در پژو پارس,9364524,13142006,3437431,9062550,2140580,15659202,7916430,8318670,10828044,419298
آبگیر مرکبات هاردستون,5159983,12233240,11636446,887927,8293249,11347199,2055943,2149655,426131,4207087
آبگیر‌شیشه‌استیل,7595453,7948519,185902,8141019,1621630,2895142,10909098,3452241,8804482,486750
آتاری کانسول هولدر,2032185,13085782,9648721,11404306,5126221,699743,7888010,10289010,6139064,15284231
آتل پای,2289856,12573997,3536605,483943,1887326,8695838,8355873,14362168,5689525,10442878
آتین بی سیم دریایی,3778331,6841625,8929741,2171761,8930636,4418722,4666683,7350088,11347199,6997735
آجارچرخ,7751621,7279987,6706574,7290594,3768855,4374531,1020995,8516352,11421030,13224953
آجیل اعلا دربار,707962,6431588,4901144,2809693,12536422,10164226,13412906,12294463,8658743,106999
آجیل خوری کریستا خورشیدی,11249252,532225,7865355,6839209,8366074,6750721,9357873,632064,831292,7199110
آدامس ربودیان,555310,448733,14214103,6696145,9438140,15087762,1602832,4207087,5599114,5018045
آدامی تری,11557366,3446756,467306,242289,9174799,9051696,2856776,1949513,2763820,16858178
آداپتور Sd,60107,10521206,6807225,4640838,81373,13969596,4362824,7758131,777769,5956223
آداپتور برق اسپیکر,463273,10388992,10288193,4244349,2893970,7285915,8334051,15627975,9866526,10282482
آدمک جاسوئیچی,6680257,14109840,930487,284634,9126030,8004738,5748923,9959461,2599596,11648662
آدمک رونالدو,5251269,3308038,9395415,7591304,12890633,947718,10462363,10930227,15096900,9397341
آدیداس بالشتی,3607248,8107171,4529283,15297206,14008542,2161098,3041030,12779149,4278971,428020
آر جی بی موس پد ایتی بای ترتی,4165937,10805661,996546,3340204,2845294,5148050,6904486,1519836,14556961,513786
آر سی کار ۴۰۰۰۰۰,7780382,3452323,6613130,11042355,11872221,1710162,4341832,1622380,13778709,7066450
آرایش پاک کن کاسمکولوژی,7734681,5689525,13281648,7192556,3768855,2501174,2767668,8480468,412370,7750051
آرتیما,174943,1048946,99696,4991935,9053136,80150,106674,2085571,11944672,5178689
آرم ام وی ام رینک,9677180,10413327,6595121,10475384,11752085,12504445,12673403,3500901,1457325,13728402
آرم روی فرمان ال 90,6419280,4532033,1623114,88643,1730180,631027,827203,7971987,8032608,5357021
آرم پایونیر,330159,2728942,13622794,2907018,6003185,4658327,7270861,5790627,10649152,8173637
آرم چسبی عاشقانه,14160172,10240052,4264439,1030285,1149791,2525798,7371634,9118510,485090,8312082
آرم گلگیر جلو موتور سیکلت طرح اسب تک شاخ,10677636,930487,14391683,14581595,36838,13804646,274198,12433865,4596784,9136299
آرمیچر اره عمود بر ماکیتا,378242,980807,4862129,1874470,2627010,11734482,284267,14176170,11336547,10804858
آرمیچر پمپ هوا آرمیچر پمپ هوا,3564259,11025870,15307573,15247016,11055808,4954085,12558561,2387043,11171072,14439591
آرک پیش ساخته,9673893,6163723,5417052,13656147,9810520,82093,8856459,9301361,2214031,5283135
آزمون آزمایشی,8883926,5548244,10536713,13401329,198120,4437935,5025436,1968037,1843483,4905454
آس تی کرز,7184432,6891483,7559080,5131123,6496163,15104501,10653284,9964641,12684890,2191842
آسان ریط,7889284,736488,8912688,9341782,962411,13580657,7203816,582429,860400,13586694
آستون صنعتی,8481682,8461297,3627290,11637871,8267157,8938625,16035296,14128574,495136,1459602
آسمان ابر,11263738,179951,1714761,11906988,10404044,2242479,8620945,10116615,5364951,15128623
آسیاب‌مخلوط‌کن,2428872,10062088,12950092,7494692,2920090,6296693,572256,12488839,329253,11698854
آشپز خونه واقعی,10839017,151394,2873857,868521,9505521,7232637,398852,11457161,7890775,3889239
آشپزیار مدل تخمه پوست کن,9944694,9772859,6305458,7493128,6335627,4225570,7495372,9249898,11681449,1452542
آطل گوش,3805248,13706781,9632573,4273719,11362645,5820108,5024683,2771659,8293249,4181452
آفتاب گیر  فلزی سایبان,3446756,6976199,3258151,8824653,3432901,286918,12746508,1454764,82573,296051
آفتاب گیر ماشین برای ال نود,1829693,8618394,797880,743370,9250165,14848042,3993549,8912519,6274414,1653131
آفتابگیر ال90 درشت,7240398,13260181,6163723,6095671,13412906,15806224,4288693,13121363,11974174,7350088
آفتابگیر خودرو مخصوص شاهین,8481682,2381178,14515067,2682398,6854659,2882705,11419580,6940473,717052,5070528
آفتابگیر شیشه جلو 405,13436618,3882579,8873626,10358668,12180030,3462515,3773186,1806576,1704612,1054461
آلات جنسی برای سکس,10498856,1504171,2734184,562382,1422486,7847861,420288,10651437,8408333,14181093
آلبا سان اسکرین,9053642,8922676,11433978,15966458,13507309,1930327,6002837,9475069,5082578,5301082
آلبوم های انیمیشنی,38820,4301569,10610361,2194673,8282083,15347992,5762323,14199778,968607,10887699
آلبوم کلاسوری a3,13627720,916408,3026760,5357364,6231522,3412806,4492680,8186973,7036283,1080166
آلت می,2144579,4273719,7876949,788542,4197849,10795084,563823,3779119,8955487,3528392
آلفونس گابریل,9738989,8702467,171977,860740,2842595,6335627,4165937,12349056,1664086,8912688
آلن میل,489695,8764944,3507554,6350909,3258151,1827268,3791190,404652,8646801,17443537
آلومینیوم گاتر,9178314,11721766,2555157,7295871,5131123,7282833,3289306,652824,1837601,3470463
آلوکس,9878083,10040064,7266005,2533881,5683107,3922252,646667,14074201,10689760,565994
آلیس چای آتش,6237630,3170102,11421317,1505330,410596,14094091,2326749,2381229,8338133,15115718
آماتیس عطر,124806,56743,9515648,14502462,5134415,8605280,10618588,5339885,464080,12373966
آموزش جامع پاور بی آی,101056,6118411,17470238,7990655,2843881,7012721,2428872,10034337,2732077,167334
آموزش فارسی عمو فردوس,8156579,11419558,74899,13920852,6854837,3657318,2728223,6940473,12910731,82093
آمولی  فتیر,9965789,890360,6830905,124806,7640848,1787549,571948,12958743,8053291,13587558
آمپ ام بی 4190,263790,532966,145838,487724,5095256,9652949,13431040,5592965,187585,757391
آمپر روغن رومانی,14209086,1827268,279853,2978266,5615117,7612486,813564,2206978,3636273,7203816
آمپلی فایر D,11646607,11557366,7219736,8778416,5407471,161506,917875,9614729,13905556,12101460
آمپلی ماشینی,5696383,629090,4644853,8198325,787233,1057587,6553359,919220,1603825,3818328
آمپیلی فایر خودرو اینفینیتی رفرنس,3234768,2850289,3935194,11374157,6853124,5699257,2177156,1505641,2406103,17304884
آمپیلی فایر مینی مخصوص مانیتور اندروید,1505567,4167728,10442694,3181786,16546620,216366,9684933,9214719,4341046,476011
آنالوگ آنتی ریست واچ,3782930,16858178,1763589,2926894,5004533,833899,14608010,1584733,8068521,14220422
آنتن تلویزیون جی وی سی,1518404,14453371,9781333,7605704,14310946,13260181,6450361,14484598,1581825,7788990
آنتن تلویزیون پاور آنتن,10914314,8394489,401105,4089442,677563,169973,7533618,8021519,2846889,12020425
آنتن سقف ۲۰۶,16432146,2351415,8793354,11245945,11382166,14037723,8780629,718577,728026,9089254
آنر 90pro,2883420,2475940,10064894,2645301,1692778,807523,9246246,1144352,3308038,14024452
آنیل چاینیز سروینگ ست,3198163,1499342,1675658,1122015,9422726,12496394,7876949,1593759,5700270,13145967
آهن نمره ۲۲,2599596,4268583,7824158,12114084,12531760,11734482,7983850,4304895,10288193,9695428
آهنرباى مايع,3008567,253294,6293939,2525763,3372647,11689074,491322,11342834,13150307,1144060
آوار تعویض شمع خودرو,8823095,55691,1491939,5664252,1624566,11786180,15316254,13083554,2533837,7653577
آون توستر  مدل مورانو,2536578,9133186,14257875,4544783,312368,14257955,3381528,7865355,8806208,6801649
آوون توستر داتیس,6748502,5465929,814508,2022697,6299689,5700311,9520545,604261,13954676,12318197
آويز پرده,457298,7521904,2241690,7593002,906231,7172945,744941,7232503,633387,3257807
آویز آلبالو,16592579,859931,10277141,212446,5465929,1570634,6406638,210706,8215382,6349467
آویز تبلت فضانورد,11475653,12453877,761645,7478847,13013539,10162415,7495284,1844063,4310713,7127833
آویز جلو آینه طرح پژو,14471723,8739624,3560857,4564067,4886795,1503088,13215408,1719126,6801649,1459872
آویز خودرو طرح پر کچر,3289306,11029586,10082054,4952995,915219,13082050,436821,2536578,11162265,10010228
آویز رم مدل نوتلا,6991372,12131416,5236892,2061569,9380054,7306054,14883397,2987852,4887454,2469861
آویز سقفی,10148280,272857,6740296,1897704,686339,3417603,3561465,13033548,2152076,4489476
آویز سویچ مودل فرمون,2212020,1430706,859111,912948,9627102,8909113,9051696,13969596,9341782,816022
آویز عروسک بافتنی,15034899,11367985,4510377,7106135,3765030,2845294,9708003,267438,11580930,8895120
آویز موبایل طرح حرف نون,334514,4953306,6770083,532966,4349344,6484699,6135608,4366604,13431400,7564833
آویز موبایل مدل توپ,4671970,7206667,11724481,5209137,7697832,8828407,716418,1661937,10217337,7173763
آویز کالسکه و تخت نوزاد,9889442,2744459,10587391,182309,3545064,3241307,6827885,16336108,1626043,14502462
آویز گردنبند طلا,2839557,2675717,3381620,6181661,7235784,10237644,6231066,3063351,9585969,4968049
آویز گل سرامیکی,8548321,2856776,8612133,333942,9776588,808546,10952198,14793930,6206211,5744373
آویز گوشی بلند وپهن,15961661,10812826,3882579,13274672,12664128,16234113,4190115,2397717,7559080,657657
آویزکلید pvc,1718000,983009,9504309,14220127,6324209,8812256,13068451,1425618,1119662,11047327
آپتور دوربین,1054461,6243257,5707099,1874470,3183048,2067611,9215556,7295871,4057964,12673805
آچار تخت و جغجه,9839599,38243,10082929,3378428,7444508,7128270,4415290,6327884,1760908,161506
آچار تخت ۱۴,13281581,9200427,2571099,707892,6448047,6946867,3382496,159657,330734,982993
آچار فرانسه4,7924960,11082522,11517957,9870251,551270,6876011,1082147,4006952,5739874,8616817
آچار فیلتر روغن ال ۹۰,2667217,3517431,9623810,7211105,2137875,5762262,8714711,917220,5753864,12956290
آچار قلاویز,12527301,7559080,7360152,8688393,10821081,1138304,10542440,11042355,761645,313420
آچار پرفکت توولز,8108879,9622549,14116165,5229257,108299,15707925,443008,17423036,9527609,10677636
آچارفیلترتسمه‌ای,13002646,9555021,14348441,17113088,7147369,14210521,13070262,1570634,8881982,3050985
آچارچرخآلمانی,299944,6435051,8277238,12660228,13514411,13245538,9786391,11698854,5319481,16040039
آژیر  امبولانس,4306831,1673404,9418623,651025,6331516,7488509,524407,544744,3255186,4260861
آکوا,971829,9542290,13274339,3325837,7179227,3570769,15641477,2009191,5091908,7550613
آکوا سفید,9327243,11630140,13379612,11396255,916408,8318946,539647,1677625,8176598,9914387
آکواریوم با پایش هاش,10999888,10392705,14194971,429720,152123,4506119,428256,8236672,5865442,3629964
آکواریوم مدل k500,6838467,12490009,1414797,6753256,379621,9054363,2758594,959898,4310713,15113204
آکواریوم کوچک با اکسیژن آب,6884403,579617,13835855,113653,2258784,11968382,8312675,7151427,3181786,13784427
آکوامارین بول,968831,7778595,1461793,8675008,10332707,487724,787425,7978816,8530198,1620325
آکیو اسپرسو مشین,7287514,8218017,12085726,14514895,14522041,10957908,6506441,10322404,82573,7373577
آیس برلین جرمی,9086223,10335660,14168666,10999616,11070523,5258933,9086146,3713495,7633230,190423
آیس کریم شاپ,6060757,7553658,10904951,13727015,6090666,2140891,4842105,981922,7054953,157972
آیفون ایلِوِن پرو کاور,7297459,10822302,2882705,2670722,855511,5253135,753092,151394,10396494,460463
آیفون تصویری آلدو پنل داخلی,4214565,7260100,9919695,11295564,6760868,7624321,4957468,5129444,2783887,490549
آیفون تصویری کوکو ماکس,1459872,9011955,5987137,4621203,1710162,3062509,11511469,9422726,13325975,10689760
آیفون ۱۲_,5749873,7670489,11481780,6735488,312368,308517,7565716,7715987,329253,6613130
آینه بغل اسپرت موتور سیکلت بنلی,10336591,919112,9524821,9475069,5068713,5261180,368743,15489612,252103,4934765
آینه بغل تاشو ال نود,11270596,6099272,305810,12722910,670122,9810520,3426975,9937001,7422785,8873626
آینه بغل تیبا ،۲,9953673,2885887,5350930,6461093,3178498,7172945,11094223,12449332,10161806,11362737
آینه جیبی اکلین,3266048,14757100,1760680,9868369,7375409,10878356,7791972,5597635,11348511,6554716
آینه دکوراتیو سقف,3904812,2510748,10282482,5593181,3148813,13031790,13150307,2279639,3423831,6526990
آینه شمعدون قدیمی,13102138,6349467,6012977,7987018,6446396,174943,5836503,1613260,15837828,3559480
آینه قدی کشو‌دار,12560872,11971046,3782930,2061569,8816886,2126582,2191995,3627522,1768109,10237807
آینه موتور هارلی دیویدسون,3033133,10261729,521085,7970320,6562545,4437935,9806934,8186728,3245722,14065867
آینه وسط پراید۱۱۱ استیل,8169649,2986269,6602710,552570,14891147,693887,14295812,3321686,6801165,349378
آینه گاو خمیری,14413968,6578308,11023896,2978266,7944333,11294197,8381569,1152961,4424783,5347419
آیپاد T13X,7274041,16376250,882871,6859966,4362824,183101,576371,10654402,13634628,12547362
آیپد 10.2 کاور,10108761,8933199,9944694,942712,296290,15636106,8886721,4270768,13947570,6875862
آیپد ۱۱ اینچ,5549883,8909113,9342140,6316207,10520916,115001,901181,9877650,604261,180912
آیپدپر2022,4007035,11572853,6431053,5922059,935619,4608283,6261040,657374,3266048,4822834
آیینه بغل راهنما دار ساندرویی,2394894,8351078,3202092,836586,7492512,11947253,9341260,8771613,1640291,137047
آیینه سنتی شیشه رنگی,361048,6245130,4990008,14292205,14271321,6976256,10129178,3537831,2668036,7971987
آیینه شاگرد,1718585,630393,4546262,13340581,9398706,2860406,9979073,11505940,410596,2406148
ا سباب بازی هاگی واگی,6408344,10073361,124806,602111,3179287,1726561,2686164,13849949,3177340,810426
اب برتقال گير,1104038,71942,13637578,12356824,12414641,214841,513103,5536763,162579,5078838
اب هویج گیری,306998,8467382,12152772,294570,7462044,781227,2949512,1778968,7766073,7465654
اب وبوراکس,7922580,3525340,10676026,12373966,9221710,7518451,1502558,10648133,6448047,5592158
اباژور مدرن طرح ایکیا,4661132,6872675,13581904,13726497,749119,12143102,1032542,8050238,5054403,12886918
ابتدای ایسوز,2064685,6214633,14556961,1953011,3003351,7983566,1407137,1827268,3067219,5549883
ابر شستشو خودرو,9438140,7517005,11392513,11590250,4428121,6531055,12884600,9715584,3536593,11159404
ابردستگیره,11064523,9151144,13251588,2283053,12104111,7374449,5519452,7232503,2998855,9180751
ابرسان سیمپل مدل,495528,2839161,7983566,17177349,753092,11196311,12229635,7330976,14958165,12362441
ابرسان هیلایف,9554045,387077,4532802,797290,10776118,8536946,12900943,7791972,693325,4931454
ابرو 405 اس ال ایکس,4985247,1529575,68716,1722604,2552061,6424957,7588252,6718972,14346184,7734110
ابرو چراغ x33,7805647,4260936,255406,11474073,8259586,8108879,3570870,556663,8927059,8849022
ابروچراغ جلو هندا,7084646,777769,3578808,16336108,239854,7581955,14580646,8951540,585720,11424616
ابروی بالای چراغ جلو ۴۰۵ مشکی,1626043,3945686,4105452,7695557,7012003,282643,852676,7834490,2703757,5930508
ابریان کامان,2194673,9980852,9835817,5116408,14413764,11070498,13367746,8402429,7054953,3320896
ابریز بانوان,7091950,14243874,14351770,10514238,1482145,8467382,51588,7835596,5700424,1999745
ابزار تلمبه,14146381,11592187,629090,1569146,4396103,1642892,3275535,16310340,96423,9830425
ابزار شوخی  مارمولک,752022,9870251,1122123,3038837,4145803,3528392,4460787,8118539,13175971,9000958
ابزار كرون,2781637,286688,6631597,11224344,9079304,8972866,15536181,4197457,381254,1006905
ابزار مونته سوری,4862377,5277264,11707618,9169334,2993408,8218017,9567321,8793354,5366234,4246562
ابزارشوخی مدل خون‌ مصنوعی,14720281,10941341,4181452,13117072,944925,1480794,8073670,8368548,10455143,4062985
ابمیوه گیر سیج,12889866,11064523,13514411,10676026,3074423,5941649,671737,10832056,3976530,760425
ابمیوه گیری چند کاره مباشی,9032772,9418623,13154854,12553487,12760907,8367987,2441995,14413968,3017645,6245149
ابمیوهگیرصنعتی,3400318,757391,11381904,7203816,8359706,9229172,7955821,314196,14031452,9010850
ابچک روی سبنک,7065338,9039614,7432686,6810419,9377384,7293937,9110721,9741936,12937088,8143640
ابکط باگس,10737352,646667,13098387,11711364,1825326,7715987,2608053,8468225,230499,8134818
ابگرم کن گاززمینی,12247887,1768109,13255175,161971,1958831,6455521,1922447,513103,4466558,14555784
ابگرمکن 200لیتری,3152704,576100,7546584,12299347,364527,10961693,11971046,12218381,7742260,6429971
اتاری آرزوی دهه شصتی ها,13274672,3083455,2675502,184924,14089147,1416631,14541067,2233703,8873557,12050377
اتاق ال جی وی,759037,2969602,11409541,10040094,6325240,2915486,11457161,723895,10844318,14793809
اتاقک دوش حمام,10653284,14077482,6770839,3325837,165896,2262129,9234629,912948,649278,17294257
اتاق‌های پژو ماشین,7703696,7758131,6748502,2397717,964898,7946573,6958247,2507944,651025,999220
اتای پیکان,376930,11932261,3716961,273192,295751,4500400,2792992,11106291,5865442,5351047
اتبرپاد,6202050,11405801,12720711,8222387,17420991,564551,8826326,127102,2355836,9732811
اتصالات لوله اب پلاستیکی,14531056,493952,10805661,15034858,395674,10122383,1070635,7657613,2956453,12334337
اتل ‌پا,55352,6154657,3796868,13514411,8567079,1546996,20474,4027344,5255608,4226290
اتو بخار بلوم,12673805,10952084,1581754,2094624,6228161,12691832,16455986,1140070,5657434,9513525
اتو بخار خانگی جانتک,8488225,11481780,629090,8285771,6438146,3246560,12976560,10769991,8693975,8478946
اتو ذغالی دکوری,7556398,5071561,9478609,13533634,12508996,6946094,13717450,440818,1907918,5589097
اتو فیلیپس لباس,3013565,5930020,9561839,11322928,6223265,8598954,6909316,7510865,2842595,1002768
اتو لوازم خانگی,12946769,3954961,480743,9502262,107982,7124829,5159983,111606,669351,17837434
اتو مخزندار ترك,13298516,17037730,6868419,486750,2118749,13238409,5026076,5460742,17470238,9260208
اتو مو  dsp,1634779,866046,10368861,6231066,14262609,14274757,2877154,2209733,6329182,12363313
اتو مو فرکانس,2012052,14494381,6605848,13778709,6105280,9609031,712400,2882917,1032542,5152752
اتو مو و لایچی,1407137,10974039,943502,2008043,3890870,1439902,6292388,13710651,1127718,6002837
اتو ویکند,12004169,5064814,2945800,2604096,10828899,13770069,828562,11241494,101735,5984204
اتو پرس ژانو,13715232,7574820,13099858,11695682,3534947,1515420,6148379,964286,13809364,3157420
اتود,3622380,7595453,10914314,8802883,9647229,968607,6091941,6547203,6433028,112897
اتود 0.5 زبرا,1048427,435240,1857547,142420,10082054,2768140,14390411,9384931,10860899,184924
اتود 0.5 گوسفند,1905130,15912361,10521206,242880,17035873,3570769,8548321,12056902,11249656,4444018
اتوسیلیتری ترک,4419347,13514411,14370644,14135022,1056100,1077019,3286166,2419836,10709261,2645301
اتوماتیک بوق درآر موتور,4748512,11974174,7857661,16286253,13415140,5338291,2028711,8187878,4536071,10350205
اتومو v 520,1491115,97486,4704253,14544185,9536146,2132669,3083082,11704036,13620175,17025073
اتوی مو  ح,5061921,3046475,8193958,6830539,14843838,8680295,1350873,8229659,9244901,12349726
اتویلگن,7181587,5297304,10304716,2801580,7106192,515038,13784427,1989272,9021296,9147653
اجاق سنتی هیزومی,532966,14086563,13628250,11107134,7687466,15989810,3624415,13384011,11999163,4514009
اجاق گاز تک شعله حیاطی,8587723,183328,11568979,5396467,16620811,15114356,4626274,11283001,2525555,8423423
اجاق گاز صفحه ایلیا,3125401,2615017,651257,202682,9089232,8435633,2418637,2310389,9360788,7869818
اجیل ژاپنی,2095608,7412355,11690142,13717450,3469722,16644032,6984508,1552131,14088436,2351888
اخرم نرم کننده کلاچ ال نود,14135524,7888010,7213087,3310047,2186330,781227,12447072,12652614,11145265,1620325
ادامس طرح باربی,790252,7595752,14299332,4823914,5231049,7274041,6413628,8408333,69845,11088610
اداپتور شارژر دو کابله,6807225,13715232,12443301,9877650,202405,4765687,7798139,8331727,3488445,8834256
اداپطور شیائومی,13145967,7404404,7062154,12090299,8267393,8941911,486417,7638525,14344908,551022
اددوپرفیوم,17718484,8746196,539062,6781339,10796599,9379002,12672505,13763869,6997676,7032222
ادكلان برك,6350773,11462027,5598466,12055540,14094091,14388923,9969986,1651504,11734482,3038268
ادكلن جيو آرمانى,306998,12662591,7462044,2608053,5742706,10823817,2191995,8071173,1621606,7624321
ادمک شطرنج,7797203,3328828,4374767,3718358,5366234,341951,5728155,3524979,8132070,518389
ادو پرفیوم مردانه اسکاره بلو شنل,12114084,8070256,177217,12311903,6335260,12356824,10893795,794980,9384931,6838467
ادو پرفیون مردانه,8994914,364889,15127930,9068845,11410049,12542807,2743922,1645222,3368623,10968638
ادوتویلت boss,12946769,4122281,8970641,76284,4192569,525614,5707099,12722910,7108523,8498898
ادوپرفیوم آزرو,3294846,5264862,4251573,7021668,4818336,2986975,349671,693325,716418,6136674
ادوپرفیوم نیو پرستیژ کالر مدل Lancome Tresor Midnight Rose,7812626,13140719,3083082,7618978,144966,9045018,7533584,1029723,2887055,3790582
ادویه  فلفل سیاه,10551233,4704767,13879779,11128040,4867366,14566156,13518262,8028665,5655690,7834490
ادویه بلغاری,394057,8486799,11575630,12696009,6197922,645879,3643724,2552982,245396,4575062
ادویه شرکتی,10120510,1571159,490390,16026610,16693891,934862,4244981,55072,10806235,8387731
ادکان صندل,13629361,9623810,202375,11505940,8028610,3644217,7645751,1591871,12258492,7323361
ادکلان black ink,718132,9327243,12254721,14891147,3496519,1471612,6461395,6002837,757630,9881235
ادکلان مردونه کلوین کلین,7195939,1760908,3550505,267545,11071024,8376289,12233936,10726910,113653,1476125
ادکلان میگی لاو,373336,12619125,142262,6577358,12149756,6105280,3325837,1104172,619737,2392148
ادکلن 542,7198042,5436849,6935322,6145047,1825326,2962922,2882705,13504571,8135591,11868389
ادکلن KEEPIT,11238413,261051,9699869,8937638,13968566,52031,4437935,568650,3818283,702346
ادکلن اسکلاره گود,12659336,384444,11019537,4495195,7142851,7179227,11342444,13200706,671584,7467783
ادکلن الزهر,2887055,3249394,6882679,12664128,2808706,4197917,14357221,14703444,4354964,13804646
ادکلن اونتیوس,5807161,13118786,17470238,9393108,1626901,11421317,12453314,9474398,2097924,10674345
ادکلن باسانتال ۳۳,8710128,11510141,971829,9866526,9260890,3955712,1060996,11002739,7340419,3245302
ادکلن جیبی دخترونه باکارات رژ,16576316,5932038,9125167,11089001,14676761,14109840,9793716,10952198,4340475,7108523
ادکلن جیبی زنانه لیبره,7224236,6231522,7407820,951506,13344920,5410960,5269360,14024452,8716895,724480
ادکلن دانته دنیا,9704028,12318197,1489256,8609452,4216113,11781177,12214658,12164451,2406148,7505617
ادکلن دخترانه خوشبو مدل خرگوشب,2413323,3536593,7206667,41099,109512,9359293,6092808,4204893,7142851,475703
ادکلن دونار,12619125,721672,9677180,619874,1610096,552599,11580764,10082929,438452,9349513
ادکلن روونا اسکنت,4351903,13430967,2006069,3042739,10148366,12662004,12694048,187723,10563755,12576663
ادکلن شالیز آبی مردانه,10725406,191846,347537,964898,11089468,6269908,8802883,4792739,5904494,3716961
ادکلن فلوراگوچی,5703369,12634048,13239760,13856310,13142006,9513945,13167520,745924,196762,9700707
ادکلن قصتی,180937,597957,3179358,3498911,11090385,7695005,7596488,9984477,4060266,2817052
ادکلن مردانه خنک و تلخ ۵۰میل,11362645,8507186,9360474,12560714,7793333,716418,5325285,10186767,1475568,9938759
ادکلن مردانه سوپر لاو,25948,3181280,1104172,983371,5285459,8729182,9281658,2604096,8315267,3915183
ادکلن مردانه کاپیتان بلک,1329243,4254832,95563,10538870,1974618,31848,14379315,14214794,8671400,3381620
ادکلن مردونه خنک,3782930,1432204,9600229,1974618,5196771,10946286,126688,7917791,6252788,6825028
ادکلن نارسیی,2222566,14757100,9905265,2915486,8526695,10742703,565994,2917060,3722838,1780834
ادکلن پنسیس زنانع,12571887,282644,13827589,7363962,8985053,5632277,9051696,3536591,8106665,10615202
ادکلن پورن,4787255,8267157,9436586,4517402,1519801,9569556,10725406,5283135,14676761,187723
ادکلن کوتون  زنانه,2895961,7901711,11314151,8368529,14603315,8494072,11827932,9732812,10776118,1722604
ادکلن گلو وی,10677094,13836558,5892737,7787605,1610239,26246,3772284,6998499,6371952,11351156
ادکلن ۲۵۰ میلی باکارات رژ,8688900,10279663,2132669,12445779,3040455,2560236,3322371,3265733,9796828,5152752
ادکلون کولواتر,15400948,13924135,5080871,12364793,1970039,17013373,8988196,10708778,12318197,14131504
ادکن دیور ساواج,1602837,4886374,6404806,15379121,395762,2753599,4871471,9390955,1949737,69845
ادی داگ,2921252,12016209,10035800,5679964,5005362,13838424,7133888,2360509,9493098,14180980
ارام پز،پلوپز,12391533,7722162,806227,4197457,681938,4238561,15436428,802407,7232637,104262
ارایشی,692320,14112919,7016098,10898538,3860138,9895237,14052859,1655174,109835,5345214
اردو طرح میوه,881530,6080148,4328920,3716961,5091908,7125209,2006069,12920165,946926,3048663
اردوخوری سرامیک ترشی,11852527,304696,12490009,3976530,12123252,480704,4176124,9101426,17060887,14210521
اردور خوری زیر استیل,7145828,1026247,3265733,1075108,6197168,7504753,4871471,8766133,163122,10214171
ارذهحلوا شکری,13514411,2682398,8908327,48961,12492669,14783795,499049,7566698,8267393,15912361
ارزون ترین گوشی جدید,6974618,17304884,6498494,7970320,13629361,4433459,13709699,15578494,6557691,4105740
ارسک مارمولک,7847710,1709177,6614627,8800744,6356790,17015612,14176713,8408333,8577074,12892691
ارم تویوتا چراغ دار,16051918,467306,4671970,14922341,14220422,7108756,5404975,13364158,9508030,13804774
ارم جلو پنجره ۴۰۵ طرح فرانسه,10520916,14195212,13631449,8353565,3072164,12774881,23859,1162793,11682207,8297769
ارمیچر لباسشویی,9397341,10100862,10067768,12778555,143608,5782821,11246431,910280,7364909,2581733
اره بنزینی ام پی ام,8596417,1496459,6323457,13412906,4892096,13611567,3255186,4793273,3237213,5140235
اره دستی تولید کره جنوبی,1047824,10162478,15001598,5901901,3403213,11616787,975028,5814248,419085,9351509
اره دستی مجاری,8448494,9051696,7291130,6247153,4528161,7371634,13784427,7592410,11002739,3849615
اره زنجیری شارژی باس مدل life style,14857729,12940098,10835201,2664209,8988196,566235,624926,13580657,4851682,1560539
اره عمودبرچوب کوچک برقی,5011442,2516249,769897,8627776,3367562,4862129,5615117,10172799,430950,1119610
اره چوب تبدیل به سنک فرز,7766073,3595884,12299894,3452241,3309641,3833118,4842105,7295598,13431040,10463243
ارپات دو هزار,490390,3038837,7432217,6356674,11196611,3329216,4355056,3713750,155209,1060996
ارپات ساده,268240,9248539,38932,6116245,3635153,9570970,14194971,7990655,167410,1015441
ارپات شیائومی,16006742,6994897,13237992,7698593,2869840,464362,4500400,2670,9248539,12459822
ارگ پی ۷۰۰,11129004,7904244,14271352,9011955,12258492,5654096,11443530,2373857,12884600,13727015
ارگ کیبوردی بچگانه,13879779,1874145,9326693,4941927,4952671,6427985,987316,14351770,216900,17015612
ارگانایزر تب شرت,13842343,10972745,8293249,7349530,4288435,7924512,1806576,2941363,12649782,3493675
ارگانایزر پلاستیکی طرح کمد,380267,6197168,17536916,10290303,10077614,3054718,848151,9708098,3236541,1093661
ارگانایزر یخچالی  کریستالی لیمون,14471723,9797238,3722838,2773505,10390791,3150946,9623338,753092,9542906,7856934
ارینگ بطری,1804837,10638723,3118113,7729570,12518888,9445143,6413628,3882961,12680909,16693891
اریکهه,5664068,4642638,807523,6431053,4147872,6107200,5779434,7033494,2825886,618241
ازلاعیک اسید,9979073,10848612,8023119,7670489,14210521,11682082,6135735,5335486,8828407,4931849
ازمایشگاه شیمی بازی,12445779,14471723,10742703,222871,37261,7932823,5425836,14337860,1140660,11171072
اس اس دی ۲۵۶ گیگابایت,513177,13282306,266499,5620616,16204164,8162593,10396494,5705932,9591547,6335260
اس ام‌دی ۱ متری,7922580,4963821,4032241,12428435,9291384,7012721,2900208,685446,14151404,3178498
اسبا ب بازی ارو سک,1070635,286137,2385260,4139554,13985468,12020076,4301569,13880861,7611671,1467744
اسباب اشپزخانه kitchen,5189014,7154304,3889673,5064814,4141072,2534522,11464521,8402429,3322371,3050985
اسباب ب. ماشین,12461983,1628531,7498101,5615117,12334337,11646607,3389477,3716034,7563592,9557746
اسباب بازی,8537836,2898843,12582151,12453471,1486568,10120929,14720281,13238409,8836315,4113547
اسباب بازی  توفنگ اسلاگترا,4017472,3365847,13929076,9877650,15115718,4549471,10648133,7985095,11748938,3951436
اسباب بازی  سگ باتری خور,6360785,14566156,4869901,3515888,1930011,3550869,15843973,7306054,55352,14484598
اسباب بازی  فود بالدستی,174943,1153178,8682841,1637989,3461150,12588138,109633,4452531,3048830,2357548
اسباب بازی آموزشی مدل موبایل,2357210,3644156,2046421,9958430,7165982,2716151,295751,31688,6210801,9979410
اسباب بازی ادم کشی,8468225,11108937,2858093,6073201,12662004,8516352,14209086,17286872,699743,2523554
اسباب بازی انیمه اتک ان تایتان,495837,6613130,11103764,11593938,14032131,7790253,790252,274675,5385015,31688
اسباب بازی برای نوزاد ده,695191,1720958,168079,8449627,13628250,11111095,12639452,9611795,10386289,12914704
اسباب بازی تفنگ ساشمعی,8004738,12202215,16320519,7094925,288078,2759870,9881235,482498,14338296,8531009
اسباب بازی جنگا,7191359,12813282,7380375,693325,14531056,7221868,9723331,161971,7826220,14607379
اسباب بازی خانه پسر,8883926,13133550,7952832,1638404,9488962,3027097,4113547,7970728,10737352,1117102
اسباب بازی دشک بازی,5821167,683854,12212151,14203413,804739,8384280,1368162,411103,10668656,13349301
اسباب بازی ربات بزرگ کنترلی,445937,8834256,9863906,14133879,2501174,10763058,9403178,12364793,3110912,10579283
اسباب بازی ربات ۶,9648403,11221056,7142116,368602,6460591,329106,374678,1518115,12056902,1810798
اسباب بازی رپتور بلو دایناسور,12334337,3640444,13105650,1006905,11270596,5874073,1613260,917261,17381762,9665329
اسباب بازی ساعتی ماشین,7248029,14275370,6206211,12546851,9243998,5189014,1414797,8176598,2023379,7922580
اسباب بازی سرسره پنگوین,9695099,11558570,10887699,2850289,370531,5700270,6718972,3066530,10288193,980807
اسباب بازی سگ جیبی,341951,12490009,2869840,7920651,8766222,10253259,7595453,17450264,11042355,9886572
اسباب بازی شانسی ال سری کوچک,6713474,2753341,7814724,862717,7022529,5652567,779044,10611243,12965291,410596
اسباب بازی شوخی پرنده تعادلی,2103525,787233,5417052,745924,10638723,6290786,224382,8968351,505309,7295871
اسباب بازی طرح ژیرسکوپ,14180980,666882,15113204,8578639,12693128,5549883,4241922,6208772,10120858,6260612
اسباب بازی لباس جنگی بپ,430494,3540612,4528161,9593462,202682,7240420,519162,5335486,3460347,6293939
اسباب بازی ماشین تسلاه,2387043,6732562,10061052,11675039,4448013,1085299,6170447,99328,822322,2663954
اسباب بازی ماشین دنا‌,17470082,921724,3353596,7843220,10739828,1608330,6712244,727852,7510865,6091941
اسباب بازی ماشین ریز و کوچک,13528435,8307641,2898190,5726740,14351770,11361274,4354946,1016559,108540,4901144
اسباب بازی ماشین فلزی لاماری,5280625,9183864,12664128,123067,13832741,8519789,1130441,534631,12806230,7728675
اسباب بازی ماله دخترا,10648392,7488509,440818,10173363,2309345,4990008,10749548,12854812,13384011,2969980
اسباب بازی مدل سوت بلبلی سفال,10767789,4941308,12673270,4917171,10047735,14771408,5599114,6891483,51588,1079268
اسباب بازی پک  قهوه سازو همزن باطری خور,475703,2453294,7747911,4622727,9740033,8561802,2702152,12463754,2190909,3679832
اسباب بازی پیانچ,3929091,7199110,4138822,4982964,5963977,4909879,6935286,8244011,112897,6460201
اسباب بازی کشی گربه,2767191,8259586,9001111,8891000,4286480,12014271,10189915,101735,13997922,2973284
اسباب بازی کیفی,9669100,7774474,2971948,4570342,7731917,4185887,26486,8896427,9237582,12696009
اسباب بازی ی کلاس,3179358,3572733,1053271,55691,2013405,13431892,13461620,5089563,3101194,4244981
اسباب بازی ۸ سا له,2333861,6438146,5753864,1984456,4675504,13440432,6164402,1039612,9965789,2118749
اسباب بزی پسرانه,4477129,3784786,9557066,6206347,415439,14645,5282679,3027097,13354498,11241363
اسباب پایولو مالدینی,3860309,7545746,2831303,8276226,14191430,2759976,6446396,6391068,5892737,14204895
اسبابازی ادم جنگی با تفنگ,7745142,1022396,6830539,3855570,4867366,3218826,13344920,11047327,2877154,11997584
اسبابازی مگنت ومیله,6613130,8702467,717052,8050238,6327884,4098932,1539197,5258935,5127858,13982222
اسبابازی پسران,8609452,8366107,7248561,115001,584095,13327900,3981709,35299,2909460,4236441
اسباب‌بازی  دختر انه,12324455,8996055,12043381,4366604,7554094,13950082,1970039,12683475,2943388,13158414
اسباب‌بازی انگشتان,13380111,7797203,2258784,5071561,1457325,9709270,1039612,7843220,14843838,6510095
اسباب‌بازی خیلی کوچک,646719,5189014,159941,876931,3998323,10126465,8900054,13213147,13519626,13804646
اسباب‌بازی دخترانه لوازم آرایشی,1795756,13514411,1459602,14759198,6080148,2943388,11238413,9700707,6998190,8823098
اسباب‌بازی شکمو توی توی,6826356,8927059,3179537,222488,10289010,5901390,8836225,17137557,428979,17553725
اسباب‌بازی‌‌قرص‌جادویی,10886706,8794936,3063351,12235594,2420241,1141733,12152329,14241455,14057588,3340204
اسبازی دخترونه کلبه زیبا,11410963,919220,9172828,909730,1776517,17048438,13083554,1602309,1826076,3696981
اسبکر چنداست,14852587,1438846,12090299,608796,11476129,5827896,12229635,2776377,10414149,9296886
اسبیکر خفن,1516133,6562526,8476023,10722982,8869738,3833118,5338291,4819160,472306,4492609
استار علیه نیروی شیطانی کیف پول,10959853,4197849,8567079,13467787,12230709,5127498,8206881,1585520,6793934,2092880
استارت پرااید,37686,6323922,6500727,5799080,2009191,5487496,11640402,13531141,4911290,2355836
استارت پژو۲۰۶,4173722,10527339,2055943,10828899,3042455,10984536,3383776,4097330,5261987,3755533
استارلایت لیدی,2603710,8881982,11681449,7595453,8129430,8732036,4353116,2523554,3882123,13782957
استامپ نلخن,5466323,429105,5987137,13041645,5666089,10231475,9220839,4013119,7478847,8636262
استایلیش گلسز,1020995,3632996,13550999,14007389,7338292,12043381,7083260,12558572,197421,1617401
استخر بادی ساده,9086639,9788096,1617401,6801165,6806905,2999253,11157453,5018045,7140776,6981524
استرابری فروت گامی کندی,795328,4180871,10148366,62441,598780,1688380,6507549,3050864,16414350,3604636
استرنال هارد یک ترا ادیتا,13349064,14023845,7198042,1439902,3942786,7755871,13716822,1129343,9260208,13856310
استریت استیچ سوئینگ مشین ای۲,913351,1653093,9221710,17470238,4487521,977697,9776588,14679714,9647975,9463740
استعوکینون,10362197,15772253,14191430,2009530,3889239,6062855,5091908,3305777,2407152,14574494
استقلال برندد ماگ,12453934,14325572,160034,13528435,11427562,2242479,8110066,4139554,10253259,3309641
استند استکاج,7955821,9654161,9665329,11699280,4986463,728621,5753864,5984204,9842660,105263
استند اشغال تفاله قهوه,3147621,4475955,505309,7517005,3453135,8917094,6433138,11246905,5874073,14203413
استند تفاله گیر سینک,5362159,4661132,6563344,2381229,184924,412370,7983359,8018435,4897005,3309641
استند تولد عدد 65,14862152,41099,4354964,6463431,11315279,10751064,17718484,14131504,3825594,8023443
استند تولد فوتبال,4989781,7325227,12190959,10710833,7490531,2701457,1099886,1605401,9484090,5689525
استند جا ادویه ای چوبی مارک لیمون,2387365,4201913,13943953,1037109,13357606,9020454,2586938,12453934,9682747,3452323
استند دیواری فرفوژه,4532033,1989272,3164744,9516833,12956290,10527339,12602365,3333664,5070528,2315554
استند ری آتیشی,6212262,8149411,8949562,13907409,852735,14556961,9167161,1714950,15627975,6435265
استند سنگ طرح قلب,2351415,3997038,2725058,9372061,5618276,12672505,13281581,8802883,7553658,8824958
استند موبایل پاناسون,5091908,10644422,3423831,4201913,12618675,2744459,2262129,3331675,6999050,704994
استند هد ست,3592192,2176301,10572753,876180,10701126,3523514,10587391,8582515,602981,777689
استند وان تری تو ناین,6265476,9861910,4810218,730811,9045018,10262401,8172433,4640838,14882746,341951
استند پلکسی,561419,13274672,4878993,5119105,10015130,12565176,5750628,330159,5182103,3184247
استند پلیس,8527470,11457161,14243261,8000168,5497765,123067,5319481,8395893,136984,8792046
استند پنبه و پد آرایشی کد ۵۱۰,15610484,13167520,1907918,491719,4645582,7278098,11778310,99127,6869543,3607248
استند کوچیک برای لوازم آرییش,13167520,10015130,10527270,1637989,12376576,11778310,10170605,3098779,7521904,8353565
استند کیک فروگاهی,8567079,734233,1857547,6808740,9475069,9327243,8529234,15980631,152110,7461461
استند کیک ماین کرفت,684205,5709489,12449332,7323361,980807,9895515,2846889,9842660,1159678,1016395
استند گلدان مدل هلالی,5549883,11398248,10100238,4498563,11928674,33592,8465179,1426823,9436496,14985956
استند گوشواره مدل گربه,644103,7475432,7142116,5664252,11088610,4302571,8461270,468522,2315399,8344086
استندارایشی,13002646,4209856,6327884,430950,9706126,7955821,1167986,8804022,709944,13950898
استنده جا ادویه چوبی,3329216,3528392,6510095,2604338,2986269,2008349,12455954,4013119,6807225,1097022
استوانه شیشه ای هفت سین,13699053,12527301,5428339,4765687,1584875,5662822,2966648,8694502,38902,8355017
استوژیت,646461,2140891,3790582,9536146,9565016,7920651,15961661,10946286,495528,9304907
استوک طرح  آدیداس,7608860,3280349,15118188,14523408,12646507,5420778,8632233,6391068,85086,14176170
استپ عقب خودرو 207,4444018,12633409,7192914,6450361,770896,3457766,3537831,5984204,14275370,5941649
استپرموتور پژو ۴۰۵,4535049,11591216,2945525,475845,9106893,485090,3420517,1664086,3050864,880451
استکان بلینک مکس مدل آنجلیکا,618241,873644,4244349,7244370,427025,9943533,1513242,482498,8267393,1629443
استکان دسته دار ایرانی,7946573,6206211,16720639,4138822,191576,15316254,2171115,3893790,6446757,177628
استکان شیشی,3860138,17177349,5026076,2103408,10131996,14009648,9436586,467065,2436338,6427221
استکان قدیمی قاب دار,8775614,8023443,11377769,8498898,1025472,11580930,11830223,480704,10217337,14385221
استکان مدل اسپرسو خوری,917875,1615286,11396255,54419,6547203,1608070,5343905,4573008,12224131,14638569
استکان نوری تازه جدید,5417052,3713495,5696383,10355916,14891147,2882917,4344817,606578,11337905,16537303
استکان کمر باریک  لب طلایی,4064721,4855889,14152346,15096900,11630140,11830223,1072595,10977127,14193478,8425139
استیرک ناخن,71461,11246431,7746824,2206978,686339,8159256,3499111,1159678,11960134,3666815
استیل ارشی,1819575,170684,5077306,828562,14522041,12350031,14193478,10941341,10442694,8595427
استیل درب دار یونیک,2110057,7985095,9422975,7379000,606344,6278780,9009983,7174761,5126221,5549883
استیل سفران,9807887,3865146,9051704,13431892,5657434,14350372,6981524,11332174,1508629,10952198
استیل وایپر بلید فور پراید کار,1154351,7279314,5779434,15379121,6061721,8934922,1808733,7952832,4049523,10368784
استین انگشتی گیمینگ,3994804,4238561,11254524,12619125,5720281,5095256,4405075,1959209,8694251,10498856
استین عرق گیر بازی,6327528,6946094,3810323,2925288,13624405,4207004,3461150,11824655,4675504,2160141
استیک امبرلا,5407471,304696,9395415,10633491,1496876,317619,48961,11699162,13167560,9873944
استیک زیربغل صابونی,11765611,3245302,11404306,5719815,11682207,4099036,252103,7799532,5226140,1050835
استیک نوت فانتزی,4827418,4569256,9540902,13012373,13415140,6535357,6750721,1828722,17443537,3875573
استیکر  قرنیز,5173333,2357548,14466033,4141072,401105,5840935,11698854,4855941,6962428,749119
استیکر my computer,12522406,3367562,12204734,6263638,4323821,2529858,11443530,3229372,12647727,11625433
استیکر yin yang,12219863,901181,2085571,7293937,499049,10523389,15489612,2959261,2710840,11418399
استیکر آرایشگر,568650,6681201,7432879,12886918,11314580,996559,10985290,3701566,4176124,12214658
استیکر آنیا در خانواده جاسوس,649522,274302,646667,12453877,1850809,8536946,2753599,13656268,48961,2047207
استیکر باسنی,11090329,10047735,9356340,9567166,14466033,13266648,6815361,962101,320657,384397
استیکر برچسب سیگار,17039636,6460591,7546584,101735,13715232,9380238,14092946,9001111,178762,2887055
استیکر تزئینی آشپزخانه,13786741,10186767,3723264,11578379,7533618,1928758,10648392,3283603,6762673,9747174
استیکر تزئینی موبایل ترح گربه پسرانه,9052518,6208772,6161608,17381762,1519801,7504341,12297407,13898090,14214794,12075125
استیکر توتفرنگی,7761127,13781222,4041666,15514368,8398100,6731038,11315279,8659443,411197,10799443
استیکر جنسیس,8445425,8924210,545029,11723341,143761,8276973,4502122,10282482,12212151,5152888
استیکر دیواری شیشه ای,10827963,942712,14334481,518694,1677625,14042335,1868597,6152102,13939723,13141511
استیکر دیواری طرح گیمینگ,12337287,5360007,6876011,11723341,14214794,4105740,880521,14176170,8943078,2421535
استیکر دیواری کودک طرح فیل,741055,8873557,1492020,2888891,14385221,2609936,5170007,868521,9947773,12100062
استیکر فتوکارت سونتین,550445,714799,7824158,4417039,4510377,475424,8331727,8093511,3540612,9979410
استیکر فور پی‌اس فایو,8636262,4348794,1563457,7455828,3271100,467065,7221868,7983359,5261180,3323638
استیکر لپ تاب طرح no bad wide,6526822,919220,10059377,891524,1127801,6807225,5027766,14566452,5071561,13156585
استیکر لپ تاب و موبایل گوفی طرح سریال فرندز,8402429,9516833,4173722,13735302,11649541,8474138,12949181,7340419,5551207,8149411
استیکر لپ تاپ 3 بعدی,3462515,10996549,3359298,5210649,4819160,602111,12172885,1505567,8071173,230423
استیکر لپ تاپ تاپ فرانسوی,17590677,7587493,14437943,1626901,2842595,9017025,4704253,8083708,5664068,15533994
استیکر مسی لپتاپ,816383,10752446,3303406,5505856,1704612,13947776,1125449,6243091,7947635,9894892
استیکر ناخن و نوار طراحی,9729133,9360788,5280625,9037666,153508,14017564,10538870,12709456,93061,5707069
استیکر نسیه ممنوع,11498716,142327,17981346,11007995,1070091,616284,1581825,5143645,16620811,11207726
استیکر چوبی مدل ایم,13274853,299236,12286879,2028108,15372734,3038268,14020596,14131504,9147790,8714816
استیکر چوبی مدل کره زمین,3381528,6252585,12523693,3810323,14257955,14151404,9786391,2747336,6554716,8701936
استیکر کارت بانکی دو تیکه,7775776,4822834,6158866,8754662,526527,3954961,12958743,6352215,12590872,286688
استیکر کارت طرح ابر,14441410,468522,9513945,5223293,6929586,12871160,2194673,9889442,859111,2364525
استیکر کارت طرح هویج,6092284,8968351,1930327,12463754,7275212,1864688,7635706,433458,2993702,11254524
استیکی برنح,962101,9260890,13239760,5423191,7847861,11351156,2223115,6324209,1514106,10648133
اسلحه اسباب بازی خیلی خفن,540219,2895142,9709270,8108879,9875223,3072164,10466890,14165122,5347419,1048014
اسلش گشغد,8577184,3545064,71623,12341846,9830425,7364909,8963792,7697832,4223955,90520
اسلو دان,5025540,3671737,17642899,11410049,9736657,14502462,12546075,801751,4124800,3499111
اسلیم ۱,791053,3797495,1140535,8271644,6875862,3221442,8232361,788542,9080322,9124465
اسمارت واچ  lw 203,1457325,1464377,5652567,13251635,10556052,13196606,3900675,3191825,533354,12634048
اسمارت واچ ویت هدفون بی,9781333,197421,2434476,183328,9174799,640156,527018,8718260,7373577,4704767
اسمال بلوتوث پرینتر,8128699,13879779,1874145,10553926,5903516,2205733,9864678,670122,10957908,4725165
اسمال تی وی فور گیمینگ,1942334,4146294,3184295,13656897,7165658,7454369,9086223,7505141,14185470,5325285
اسمال چیزل ست,10571093,9947773,14360609,5335486,7273908,4887787,589137,7444105,5551207,961448
اسناد رومیزی انیمه ای,644103,1516133,6241499,10374499,9427392,5836503,8693975,6963614,5413236,12950291
اسنس پرتقالی,10728359,3057987,3446756,8368548,1828208,16797079,6744212,13261389,5357364,9445070
اسنک ساز چدنی,757391,7645771,9089076,8963792,9568957,9478609,4454387,10648133,1720958,8128699
اسنک پز راسن,2508215,3321686,13254387,6223265,7983850,12894238,9470748,341682,3417603,2315399
اسپاپ بازی  بزرگ و,977524,11000594,371256,7798997,11000988,4417039,3389477,12693128,2682398,2330465
اسپاگتی قطر 1 ویتامین تک,4288693,1016194,8498898,7108756,6631202,2249102,5855224,38902,1474518,1718585
اسپایدرمن بالون پرایس,1613260,9276686,1144060,12935923,4996641,7869818,186067,537668,2835534,8050293
اسپبکر پارتی پلاس ۶۰۰,9622549,166234,2294408,12751996,3881239,2670,6245149,16432146,11948548,3540635
اسپتر‌تیبا,7487162,13733790,7847710,4512980,5004118,608655,996559,6080148,4670204,2758594
اسپرت  کردن ماشین,4957468,8347046,8481749,381500,2760515,608534,2523184,197421,2668036,6496163
اسپرت ۴۰۵,14554576,10438847,15216852,7093648,9086223,10923236,6265476,11505940,13324355,412370
اسپرتی پژو,15247016,14851833,9693280,996559,4071139,8057538,1569146,7788990,11591216,13568527
اسپرسو تمام اتوما,11108015,2765082,6460201,5136293,12203063,973138,482,15367789,2012052,436821
اسپرسو ساز مارک ماکسیمان,10040094,14112182,410800,12419953,9764007,1718000,1918189,14279802,9385254,7798283
اسپرسو ساز هامسول,7600535,7631473,11625576,2074248,2161876,264920,9863906,13504983,12337287,3275535
اسپرسو ۳۵۰ لواک,7125366,12535621,204608,3398398,11630140,915865,7802622,11511469,13644886,254080
اسپره برنزه کننده,13969596,8808913,12220101,5717830,12504445,5907296,429105,71942,9736657,9980852
اسپره شفاف کننده,17647571,173542,14308846,12164451,9457871,6793934,13156585,14380342,1157087,13027898
اسپره پلیس,6533827,7563592,10546457,3179358,7192556,2090561,438351,1080166,9869248,1016395
اسپره ی خوشبو کننده ی دهانن,3731327,4575062,472358,3919520,7547715,7144000,9260208,8891000,13462878,5188656
اسپره ی مرطوب کننده,1634821,4341832,12920165,5719815,14240532,11888964,5269360,13103817,8229659,1817540
اسپري تاخيري كدكس,3782930,1450945,7266005,1047824,10968638,187585,4322738,2009530,2222566,3534947
اسپری victoria's secret,10396494,8394489,13274853,11071862,3782930,3561465,8065760,419085,12375156,11270596
اسپری الکل 70,6065680,13134598,619874,11124441,51588,1523112,13224953,11349568,1477253,11625576
اسپری انعکاس کننده کادنس,13673427,9589386,974348,3635153,7904244,10615202,923971,7495284,5696383,1498412
اسپری بدن انجو,37686,6438146,7844091,2751858,10742490,7106135,1623114,4435713,10345721,5111291
اسپری بدن مادمازل,6902160,138844,6100632,6365957,3428211,10189915,717760,5976140,10556052,6065680
اسپری بدن کودک بوم بومز,4294581,3517431,7274780,9729133,177217,11137407,14199778,13875404,15966458,10914314
اسپری بدن کودک فیکورس,10467137,4608283,9895237,9384920,190423,429105,9937001,3528392,12214987,4747762
اسپری بدنه براغ کننده,3389477,1622791,12592698,7203816,10368784,4124800,4087034,5689525,14160172,5345214
اسپری برای عینک,15294551,13785575,349671,4228930,8934618,2290116,6488097,3809063,12196553,471534
اسپری بیسکوییتی بیول,9716931,7188846,6602710,494066,6163212,11247860,2476616,7914100,8577079,4488602
اسپری تا خیری,6891483,12094463,4681587,10347632,9239506,9022790,3066530,2708994,3025131,8431072
اسپری تمیز گیاهان,11457302,1980226,11626600,4416503,5152752,11716692,729439,2465131,6090993,4495382
اسپری تمیزکننده چرم خودرو مفرا,7471158,7828165,9647229,9484090,8398100,14990284,14091628,9565016,440818,8800744
اسپری خامه برای کیک,8453861,4816326,14851833,5987137,8203862,10132814,5700211,212535,7213087,7174761
اسپری خوشبو کننده power,7781648,4113547,12402803,6290252,3514157,7616089,8900054,2171761,6712244,880451
اسپری خوشبو کننده بدن مردانه سیدونا مدل Bad Boy,1645794,9886572,7626899,59446,12463213,1632582,11704661,4302571,7640136,12804462
اسپری خوشبوکننده هوالوندر,8507186,5251269,84463,11071862,10088444,9648721,11002739,10546457,4660654,14739156
اسپری خوشبو‌ کننده ملحفه,1474518,1580572,11476645,162509,5210649,4510377,11435290,10253259,3454479,10253376
اسپری دیودورانت سورملینا,9673893,13942382,9197280,7723998,12344937,4124800,11314580,8900054,13024773,1440386
اسپری رنگ سپر خودرو,2533837,7954638,12100106,7219736,511859,974348,7545746,10133630,13985468,14179735
اسپری رو داشبوردی,4270768,749485,637473,5432465,9329090,1928758,2917060,5762323,1452948,14271321
اسپری فوم لاستیک خودرو جی پی,7944449,14109551,607213,5836503,12202215,2461046,12911007,14490208,8913983,8929380
اسپری قیر پاک کن پاور,306005,482795,12910731,14525482,759037,195015,964898,5148230,9105170,10133351
اسپری مو بر صورت,2831303,3554456,6851912,14788207,11840273,11342444,7495372,407488,12558572,8577079
اسپری موتور رنگ,363896,133158,8511358,1496655,8070256,3085247,13521833,4479388,10528127,7306054
اسپری موتور شویی  بدنه,6562526,8900256,9863628,13504571,4221217,2008043,7978816,890570,8083996,4076941
اسپری مورال آپ,9764007,8317281,7241123,8141019,616284,12522406,3321686,13634628,5813081,4487521
اسپری موی البورا,11906988,224382,739779,9919695,3123964,155209,2259182,6288066,5005362,10635382
اسپری نرم کننده و ضد وزی موی سر لروکس.,12444156,427025,7612355,738077,14277291,14325572,12920165,614287,10358668,3437431
اسپری نیو استار ویکتوریا سکرت,2759976,205739,681938,9719394,13733790,1438846,3881239,5668263,15980268,11207726
اسپری واکس,12694048,7585894,873126,4532245,4852451,9419737,5747445,7208436,3183082,146494
اسپری واکو متالیک,12506890,15216852,13455141,10170605,3306409,7465665,596699,8339334,14009423,13340581
اسپری چوب واک کن,2199154,11958261,10617230,2391271,4626315,13832741,13514411,8943078,7847866,5063472
اسپری کفش دکتر,4360062,6838163,13709699,11204388,581101,4479388,3366928,425857,2841775,3881239
اسپری کودک سگ های نگهبان,1780834,1626901,3634502,550878,15127930,3971425,15278817,6762673,8123753,15641477
اسپریprestige,12670804,691459,619737,9164788,6806905,6419280,6170219,662613,13204440,12595243
اسپشال ورک کلوز,14192208,2610656,307095,13727015,6827885,5062268,2536578,2930956,6500978,515038
اسپی اکالیپتوس,4054354,1004171,4866896,5752183,2870931,5190171,2840245,2907018,5054450,9717198
اسپیلت نه هزار ال جی,3016694,1112597,13964709,5395458,2831303,7240959,1426823,476011,12217894,2689056
اسپیلر,877254,7866153,4374767,9665329,9738989,407488,3046384,5426875,11876002,964898
اسپیلر  مهمانی,744941,1798672,9983214,11932261,9628316,48078,730811,914077,3382496,15949927
اسپیندل موتور,7325227,11944757,15095964,7954638,62441,1998383,1885744,11097713,5054450,82937
اسپینر ۸پر,9588977,3696981,14453371,7422785,9615843,6460591,2872550,2511416,12683475,11199716
اسپینردستی طرح مرد عنکبوتی,2825886,224150,9438140,7940220,674036,12950092,15121526,528971,13778709,11000988
اسپیژن کاور فور آیفون فیفتین پرو مکس,11970874,8817686,12069630,5245403,9611258,13167520,1489847,14566452,124806,12282998
اسپیکر  ۱۲۹۹,16286253,8365337,5740503,493281,7781648,9965789,9428054,3183048,2333861,16187751
اسپیکر 1327,7111920,6940852,2525763,511859,7362047,8860574,996559,7812216,8384140,12541409
اسپیکر maxeeder,8823095,3876416,8465932,5261472,9864095,1516651,1829340,304734,64316,8190969
اسپیکر zec,7766073,6975559,8666873,12878488,9674839,82169,5885141,12062791,17351803,2783887
اسپیکر بای,8931122,4704767,10404044,7488509,6383690,7798283,2534522,3368623,13227880,13997922
اسپیکر بلوتوثی  T&G,13163447,5469265,1435319,7432265,9269104,13579136,15213679,7843326,12297407,103095
اسپیکر بلوتوثی بیدار میکروفن,2617328,11928674,15115718,698981,3359298,2351415,13325298,5936108,8581051,7142116
اسپیکر جی بی ال 310,419085,1407137,12686779,4121114,1673404,584095,7190400,7666578,13809364,847112
اسپیکر زد کیو اس ۸۳۰۱,626446,2441830,2196258,5384390,8714551,304734,5926917,4704767,8759938,10860899
اسپیکر طرح Tsco,8873626,7742260,13002646,1813686,4104881,216366,12914704,7798882,7180922,57321
اسپیکر عقب پارس فابریک,2644760,8658323,5228491,836894,2152938,3880381,1491115,1759545,6500407,586696
اسپیکر میکرولب فونیکس ۵,5589097,5487362,12952974,868716,2748851,7050231,12536422,2407152,7703175,11157453
اسپیکر همرا با میکروفون,4734311,1474518,11405801,2939544,10649152,13073651,8315267,8667588,7301613,4684626
اسپیکر پرای,6456374,8890264,8769143,3550905,8548321,4386912,8084947,5420778,10206229,7814413
اسپیکرGRECITNiCE مدل GTS-1523,10088444,12104111,1689085,5589097,6177461,5277264,5337409,80237,623214,4190115
اسپیکرsoaiy,8866541,8835397,14024753,9785505,2363856,11047327,7546533,12359875,761211,3135503
اسپیکرایستاده,7890775,6526990,4909407,8096411,712400,8713891,7495372,2124125,7332981,1452542
اسپیکرملنیتورینگ,2505836,8384140,631757,3446756,4446783,126882,13237105,10189915,5297748,8531009
اسپیکر۱۹۰۹,10434325,966563,10058591,4146139,6603008,26486,4810218,7587493,5700424,6791039
اسپیگیر مدل گلون,6854837,8860964,7958880,11047327,1140070,781413,3889239,5333465,10901919,1411709
اسک صورت رینوزیت,3710387,12965991,3306896,9869248,9947724,13035118,12096701,3570870,9875795,7507127
اسکارف تو خز,14089667,10116615,17351803,464143,10815830,1534778,10451858,2404828,11069323,9860401
اسکراب آووکادو دکتر اسکین,17449743,9824297,10518512,907973,14234612,7709371,1438846,833471,8435870,892501
اسکراب زنانه داندانپزشکی,8513272,15114946,2746114,9824297,111707,1625468,5438621,3781711,7795622,8949246
اسکراب صورت کیوی و خاک رس,832740,2152076,8244011,11459772,8884664,8355017,1048014,11019622,8912519,12760388
اسکراب عصاره خیار مدل veventeh,9380220,10634104,10308844,7588506,4141072,13982222,438429,11708249,6559677,4566914
اسکراب مکس لیدی,2307028,7592410,10857322,296151,10894204,3904229,8502630,4978798,5189,8824958
اسکراپ بدن و صپرت,3002651,13615782,7790253,8951540,5891015,3907654,8339552,9629367,6981524,7732577
اسکراپ شیر الاغ,11462027,14115658,4288693,5149251,4608283,2672678,13782957,96240,770259,629090
اسکراپ پوست رینونز,13103817,9546468,13809364,11640834,9005933,1734063,10784475,7378417,649522,3592470
اسکرودرایور تول,2351861,9953673,13692930,10999888,12639452,9377230,4577534,13188635,968607,12561858
اسکلت گنگستر,2208667,4261129,330159,511859,8523079,5948638,367085,12774881,11706172,839031
اسکلتی اینه پژو پارس,558843,6554847,4933374,7643866,14354432,7118751,5236984,4233240,3592470,12806230
اسکناس درهم امارات,2842597,999220,124806,1563637,8598558,5839832,3797495,5659020,6946094,9357417
اسکوتر برقیی,4149665,511859,8422052,4876888,2838753,10304716,10737352,7144875,12560714,9189888
اسکوتر سنگین وزن,8869738,12110173,577147,8659374,4323264,3644163,13384382,4878067,10120929,1907918
اسکوتر لوک کار,5136293,7162291,1968037,10458925,777144,10484612,4212044,13950898,3376676,623009
اسکچ بوک ورق سفید,3400318,12091506,3644217,1080986,457298,14860361,11410963,2102520,912948,10275604
اسکیت برقی ناین بات,3690229,6796444,12220101,12774902,13035118,8749280,6787990,1116925,2206927,9020454
اسکیتدست,15068848,8804022,11777691,2734184,2525763,12708949,4957468,8315267,1020210,647792
اسگوییت گیم لگو,8948840,8563832,380267,10320748,13622794,1699984,11210315,4206221,8541903,11888964
اسین کوتا مردانه,76628,8472321,1616883,11071862,14309629,728168,12997079,5119105,6075796,8673314
اشراف زادگان فقیر,13726497,14262609,12299112,3013942,7135168,5901390,3179287,7118302,7142116,12419953
اشپز خانه واقعی,13364158,12148937,13568527,669307,10996549,12122174,4816326,2382422,2666116,3889673
اشپزخانه کودک,13141511,1468500,859931,13240386,807595,3768855,5417052,6974618,9647229,209947
اشین حمل ماشین,6962428,537668,11441579,11173228,104511,13918199,9782160,5703443,6801165,3592192
اصلاح بدن dsp,1035800,6327689,9278594,448364,12373966,8804022,6531055,1614021,5727653,4516244
اصلاح صورتی زنانه,10757160,11637871,1486568,1562421,13431040,6248479,10930227,190423,14415657,576371
اصلاح کننده انگشت شست پا Tech Love,10957908,6408344,12101460,4366604,9377384,696912,11246431,7935982,9276214,6976717
اصول حسابداری جمشید اسکندری,4408025,2492887,10272500,13134598,13804646,12050377,4201913,4783176,6575740,12283267
اصول روش ترجمه,2242479,717455,5089563,3943482,2775237,12461983,8011488,12598258,10688144,12911938
اعتماد به نفس یک قدرت,12442344,13699053,3208664,4990008,6327689,691040,17942912,1628655,12258538,12683475
افتی شیب مردانه,9010242,2009191,8701936,14354432,1775829,6835557,1091098,5941999,3286166,7656850
افروز,919220,3706469,12143102,368458,7165658,3429963,11119109,13027898,10538026,8789902
افزایش قد آرژی پلاس,6118411,7518451,6389978,99127,15380581,7451334,1057587,7379247,3389938,1475443
افعم در بازکن,12297407,3519402,10985094,14032551,3517431,8230805,7644288,9561936,10164226,5357338
اقای ماجیکا,1683564,8746196,4145803,4013155,14568223,5068713,6230942,3654193,693887,9503596
ال آرژنین ترک,8817686,3821449,7172055,4649136,4683221,3299334,2767191,9695428,9542290,215632
ال ارژنین 2000,7542983,4278971,2664209,13117448,9345320,14029625,13094132,14187695,8671400,3861346
ال او ال مدل گرلز هندبگ,9054363,7715882,2725162,8507591,10217020,85086,12202419,8257978,3042739,12595243
ال ای دی cob خطی,3598086,13804646,4607814,8381569,2051041,11475653,10836611,7087016,14274757,9398706
ال ای دی rgb,12662004,9167161,942712,9382384,13024773,10034337,13639983,12884600,6459788,10998475
ال ای دی ارجیبی دار,202703,9807887,468936,5632277,384444,16035296,4559139,13737183,9075233,2537376
ال ای دی جلو دوچرخه لامپ,4601661,11360242,968607,7166735,10011361,5205826,919220,7205841,816670,1130185
ال ای دی شمعی فلامنت,10596165,9071288,12721879,6496163,14554576,14017355,885682,3236541,13709607,8794815
ال سی دی A5 2016,1066894,3576216,7455828,534402,3265733,3400456,10483411,3540612,150119,4931849
ال سی دی سامسونگs23 اوترا,6940852,10206229,12583851,14456404,861621,16035296,13357606,11249656,4621360,7730595
ال لی   دی بلوکی بلوکی,10418959,1808733,467065,306005,3497052,1487349,3255186,4964326,7861160,7180419
ال کارنیتین الا یوروویتال,10087528,4570342,3257807,151725,2759870,8285100,2302424,2973284,11171746,5537905
الارو رجوونیتینگ کریم,154397,3154318,4645582,12275335,860400,1054461,7192914,11236294,8492349,9053642
البالو خشک مزمز,17942912,9544629,8820530,2171115,602111,13455141,10475216,6854837,14541067,9237582
البوم نایلونی عکس,17185045,1552131,4890217,159657,2186330,15372734,1059820,10290303,2399631,8883926
البیومین ۲۰,428020,242880,12442344,14359691,816383,14402753,2871672,842691,11362645,543
الماس خراطی,5095462,6383690,1804837,12350031,13735302,1513183,9563117,9855378,5705932,3361033
الماس مو,13528435,1582864,3911995,13217179,12532616,12212151,9796828,312953,13514411,3500477
المنت بخاری متری,6172464,7436272,7474345,3713750,12775038,9239506,12458381,14188564,12204734,9578637
النگو تک,5599114,60107,7670489,13254387,3022844,12076737,14018731,3579546,554983,4842105
النگو هندی با دستبند هندی,552570,1030285,197421,12100106,6932884,11089468,8612151,5333376,7036283,4656769
الو و ال,7127833,10131996,1034194,3849615,438351,6135391,11618796,4049523,10656375,5665364
الکتریک اینسکتیساید ریفیل,55072,8695838,245396,4470323,5936108,12117693,5127498,11098166,5487362,1563637
الکپتر کنترلی,9276686,13763869,17992293,5657926,6339428,7553898,9508030,773877,1632582,14194971
الگو زنانه طلای ۱۸ عیار,4043035,9895237,15937518,10073361,328565,861621,7022529,12530933,14182497,6236121
الی و دوستاش,2568772,7917791,3554505,9493098,1083193,1490799,31852,607269,8688900,8925030
ام ایت ایت پلاس بلوتوث هدفونز,17553725,9717141,865529,4167846,7139353,8077717,4823722,669351,4104881,11116973
ام فور,1640291,7260100,5360007,2672678,6882054,10040064,734233,11198942,1516664,500264
ام فیفتی کمرا,12546075,12467982,8896427,7301351,26750,14324362,12836062,213423,5632277,3328828
ام وی ام استیرینگ ویل کاور,2666771,7732577,11354540,13581904,2675502,10661237,8068521,419298,5131123,6602710
امبرقفلی kdk,7139307,17311931,8972866,1708587,14721045,3026760,12020076,10958076,3511657,1792412
امبرویدری فبریک ویت نامبرز,14336077,10010228,6136708,1490799,707962,4270768,8777045,8293249,3881239,7638641
اموزش زبان ب کودک,4827418,9249898,162492,3074423,5903516,5005407,602981,795328,5266126,8312082
اموزش پيانو,5843481,149716,443008,52824,4832192,7283591,5901390,4355056,532225,3791190
اموزش کمانچه اذر سینا,1628531,73619,12380068,7797377,365831,3624625,1942334,8578896,13283717,16336108
امپلی فایر گیتار کلاسیک,567638,96240,5165276,14379315,10220686,11246905,3358668,3507554,7195939,3528392
امپیلی اکتیو,11723341,3701580,7467783,5190712,1553498,1075479,7373577,4997418,3371358,9987921
امپیلی ۶کانال ناکامیچی,7373577,3060549,3825801,7125366,2760515,12075125,9695099,1524065,4419202,9959461
امپیلیت دو کانال,5323286,877668,604261,4968049,11424616,9999118,7943088,5112407,11911364,10251101
امیزینگ لست چنس,9315706,9953477,8431072,1496876,180937,3701580,7547365,4833378,10610185,3550905
امیلی فایر بلوتوثی 12 ولت,6211018,6175504,2838762,5487496,728927,7561829,333942,7272855,10432482,6325240
امیلی فایر داشپوردی,5586007,8198325,2654791,6699387,8868046,13983929,2430131,2776377,14299332,455580
امیمیشت,6280450,10884328,6148399,806023,1563457,10077614,14292205,10680006,2415653,795328
انار تزیینی,9843525,35021,2949512,12696009,1144032,759520,6966279,8934922,14141928,3867621
انبر دست تمام عایق سایز۱۲اینچ فولادی,12447072,3110912,3393158,2840245,8169830,4816942,1119662,6755271,550344,13237992
انبر دستی مسترتولز,12356824,7987904,7188846,13399395,10217337,7497130,1161679,4529283,7930094,3621770
انبر قفلی 4,8891940,408640,12944358,12498534,8864800,1508629,1139189,614009,11795976,3103299
انبر قفلی rico,12202215,8523888,10648392,11835776,638338,13629361,14439591,8718260,6808740,3118113
انبر کلاغی رونیکس10,2100510,12745641,10190962,14388923,4683221,11033708,10064894,440818,736488,11457161
انبردست 8 کنزاکس,6940852,2916857,5622922,3447048,1944985,10085386,7307739,12436562,4893128,12563933
انبرلوله پرچ کن,9427392,5115533,831772,7605704,7093648,11717943,1798672,3976530,14425829,6158866
انبور آرماتور بندی,7546522,3745959,15001598,14402753,622748,5683107,9632153,1958831,4878067,1140070
انتن ATRON,14494381,11942039,7512465,281447,8481749,330843,8498898,1138667,11592601,11090329
انتن آهن ربا,5102788,14042335,7208436,10064894,5119105,286688,8523079,5866703,12277034,964286
انتن خودرو برای شاهین,3550869,13566198,5109551,6737394,3390986,9781333,13692498,1602837,4869901,7053063
انتن ساده,9531592,3315334,919220,3551157,5976140,296290,11872564,7653577,252103,7709648
انتن کوسه ایی ماشین,5073943,5189014,13132596,6909316,3550505,1560539,4000750,8770709,181535,7108756
انجکتور موتور ۱۵۰,5717830,5756007,13369143,10319520,27958,3255182,6620414,9361278,7734681,2509472
اندازه حلقه انگشتر,3037283,7889284,10320748,4097330,13469479,13384011,3067219,4596784,10245642,10082867
اندگشتی گیمینگ,3257807,2339955,1592884,13283717,186039,10591134,10479698,9628882,7703175,12940098
انسایکلوپیدیا آو ایرانین سینما فیلمز,8077717,7467783,126882,6981524,88643,4547675,12417844,7773468,695191,4885697
انواع آبنما,1158687,3453135,12745641,4887454,3950734,7392683,2513243,472989,3332088,11380006
انواع تبدیل های گوشی,761211,4108417,415439,4977840,7521904,10451858,170017,723895,14495080,205739
انواع ساندویچ های سرد کاپو,420288,4622688,9863628,2902421,7455828,7436272,6371952,104631,909949,13763869
انواع سیم و جامپر,14334481,3768544,5947787,567638,9215556,12054697,6427221,8682841,6736549,12680721
انواع شونه مو,1645570,10122383,8293249,13525678,13303554,7536027,7379172,1708587,4738948,313420
انواع لباسهای گشاد زنانه,178772,7806669,3238360,8963792,6880140,3690229,8804022,13504571,8681180,8143640
انواع چینی ظروف,8397962,11699162,9648403,7088760,4876888,6335260,13070262,191576,6901968,4007035
انواع چیپ ال ای دی ۲۲۰ولت,8344086,11893422,433458,10238864,9341782,10984525,6732562,6292388,7959398,880906
انواع کاتر دایره,559882,9717198,1903582,13619045,3929091,13005200,190122,1759545,14421004,8532954
انواع گلهای آپارتمانی,4886374,12047718,5656137,8710128,9863906,8054249,8912688,3505056,6229770,11557366
انژیوکت مدل بسته,8203862,2260890,2094490,12092316,5753864,6248479,3013565,9709614,12868672,13950061
انگستر طلا بچگانه,8988196,3981709,5095256,12937088,4369668,14310946,13211709,14495355,937532,6498494
انگشتر  پسرانه,5349411,7956277,8595427,10173363,12359875,3824225,6213165,959898,5193119,14346184
انگشتر استیل بدل,6500407,10237807,12090877,11263738,10518512,9276214,8021519,6830905,1117102,1088721
انگشتر استیل زنانه,285041,4925584,6836305,8186728,14109840,5739874,13369143,5507303,1786026,160034
انگشتر اوله اسم ستایش,13282306,13251588,10691718,10591134,1036482,9308907,1765774,10220257,7374449,4466558
انگشتر بدل دو نفره,9714651,12633409,38243,14740537,5688544,9291384,10240052,9216197,6247336,9800297
انگشتر ترمه مهریه,9527627,6371952,13676115,11852527,558843,14257955,1539197,10661112,709944,10434325
انگشتر تک ماه مرداد,3083455,1122123,3781711,8083996,9588977,13622794,15578494,9715584,7761127,113653
انگشتر تک نگین مربع زنانه,1613260,13827589,7495372,5618453,7289290,13471564,2290116,8408333,6834237,9897042
انگشتر تیفانی,3184295,13218038,10602118,7172933,5025436,5796311,11165628,9645029,4941340,6220344
انگشتر حدیث,8766133,1492020,6013513,8659374,3578808,2547206,1127801,59380,6417834,346512
انگشتر حلما,12114587,3225041,12683475,12673270,10479780,12131416,1026521,384397,5449274,3993549
انگشتر دخترانه کیوتد,10448004,4349344,10120510,191846,12575332,7340419,14023845,8315250,674036,4181452
انگشتر رینگ نگینی رنگی,2830753,4941927,7993648,2275787,13174538,7359906,12222680,525614,3735641,4571148
انگشتر رینگی سبک طلا,10251101,84636,1732149,3367562,10720932,3246519,9886623,7890775,878724,9549667
انگشتر زنانه مدل گربه سه عددی,3559877,2414671,9491143,8890436,534402,7847346,12303596,7781648,1554506,11474073
انگشتر ست قلبی بست فرند,6004161,14398280,5133583,456522,4268583,10930347,6798757,1432204,7066144,14799817
انگشتر ست پسرانه طرح نت موسیقی,5792790,4933374,11115659,7836235,3782930,15920872,3068985,11338881,12088191,14860361
انگشتر طرح رعدوبرق,3840587,31744,13809364,11362645,92226,5005709,9010850,845735,1492020,2882917
انگشتر طلا زنانه ماهک,14866307,2999253,7198042,13983929,1084233,6260612,5425836,1470935,6417834,8774462
انگشتر طلا سنگ مردانه,3022844,14437943,10941341,1161275,3465817,6296693,14036003,111606,7565868,7066026
انگشتر طلا مفتولی,4419202,6436906,10500732,10894781,7357985,1953011,2525798,3255182,623637,1115788
انگشتر طلا ی خانم 5 ایار,6731038,9585121,6092808,9508030,7145828,9832146,1505641,10639005,6436457,7191359
انگشتر عقیق زرد خطی,8812256,7505548,173542,3258412,2725162,42785,9793716,408153,4607814,9947773
انگشتر مدل مروادید,1459602,2559335,14217959,11023896,5130999,14486755,735088,1930011,12774902,4261129
انگشتر مردانه مدل شچر,4054354,4914193,3050985,11161719,4534159,11960134,13568527,10517307,3570769,4234289
انگشتر مشکی حسبی الله,12686779,13735302,151725,4173722,3506503,8186728,534577,8161925,10703295,3333664
انگشتر مشکی دخترونه طره گردی,1689085,134840,1740203,751919,12965991,1809269,108299,2313052,13784427,7151427
انگشتر نقره سنگ اوپال,8129752,11109796,10536713,38873,8532954,11463490,6774949,877897,12648431,6821038
انگشتر نقره مردانه نگین دهر,80237,2457948,561419,555310,12590872,7200364,437766,2554355,10517307,2272565
انگشتر نگین دا. دخترانه,7269213,12991404,5752183,595379,2595835,17311931,1026521,9052410,1857547,9745335
انگشتر هوشمندکه شبزههگوش یتصاویری,13983929,1470935,4113547,1760290,428020,384397,10172799,7338944,2097496,9422726
انگشتر پسرانه اسپرت بتمن,1447966,5071561,2002493,371256,6745919,3149841,5556727,2428872,11491004,4249798
انگشتر چند ضلعی نقره,6563344,8368529,10999616,123428,11424321,251724,8806823,7926817,6469883,284046
انگشترحلقه طلازنانه,733582,10897293,1760290,3593269,4419347,2926894,1573576,14275920,6419280,14359691
انگشتروجردن,13132232,6614627,13117072,4147872,6884317,3734565,12648952,3397736,10253376,4290740
انگشتری سگ,9795665,7391150,5618276,3218826,477164,14059985,367650,347269,1457546,2212020
انیمه استایل کلوتینگ,5599114,9743231,4737240,12673045,2507543,7338292,9304907,11795976,8355873,40971
انیمیه برچسب,14024753,8422052,7289290,5597635,10064894,3632996,4146294,4378150,14457840,2534522
اهرام هندسی,5364951,889145,4798605,8021519,13828983,2441830,1161598,7003011,17450264,6247336
اهرم شیرمخلوط سفید,9208067,1003488,4409667,3038268,284267,3750835,7828165,4109459,6994218,10683103
اهرم کنترل تغییر اهنگ 405,3390986,11580930,2838753,10358668,6943577,3785854,5762323,5161662,2838762,2455351
اهم مور,8814788,890360,9380220,8348995,5407342,8630838,7505617,19295,108299,5264549
اهن ربای طرح ناخن,13576150,14468998,3815621,8483580,9561936,396033,10685206,4498563,14577768,487772
اوتی تونر,428979,796015,3997038,10416315,6227495,9987921,9797238,2686164,10946286,11079523
اودکلن دیویدوف,7088760,10529944,10977036,11510814,13634628,8012550,2821694,1760078,3890665,12595243
اورنگی زیر بوش پژو,7190400,3202321,8686817,1161678,2118749,930487,3922252,2258563,623214,4705655
اوریجینال پوکو ایکس تری چارجر,9169334,1516654,1513183,726125,5762016,5031075,1110715,15436428,8899824,14292205
اورینک کش,6460419,2191842,9283557,11254524,16310340,1491939,8279929,4481106,6048427,1121434
اورینگ بادی,14466154,7091950,7106192,108573,10897293,2015247,7093648,12522765,5778111,4417108
اورینگ سوزن انژکتور نیمه انژکتور,6035112,10420928,2588057,3400868,6620414,5812779,5633731,7093658,5607537,4044799
اورینگ کش,2776377,1745551,7790253,6408344,3016694,15837828,50792,8244011,8873557,10058099
اوماکس زنانه بند فلزی,8869738,5095462,7874377,7929922,5426017,5398310,7698593,12547362,13717450,9715350
اونجرز دیزاین کی‌چین ست,8799078,10304716,3893423,6156841,12030029,1626043,1693740,2854783,12698831,677319
اونو تم دار,4359657,12987634,11171380,2895961,5616229,15340740,1533016,4829705,7963204,6436144
اونیکس توالت فرنگی,6836305,7378417,8925030,7067157,8881982,12789773,12056902,5143645,7235544,12673270
اوور لود یخچال ازمایش,31852,959015,9868369,3118113,3588460,11047327,11676603,6323922,17060887,4991935
اوپال,49766,17060887,7290673,13816908,343482,1513183,2849057,23859,409199,9419737
اویز برای جاکلیدی,10528127,12886918,6293076,921724,13502179,883904,11652937,7820922,14467723,6992761
اویز تزیینی خرس کله فندقی,3488445,10336591,8129430,92087,11249252,1968037,3229372,833899,4744930,5602345
اویز ذستگیره,7766073,13906032,2357548,2943388,1122015,15045013,759037,806023,10048426,6507549
اویز زمینی لباس,11777691,7460260,5196771,4653509,568650,12106618,4514009,4967179,7591304,4390181
اویز طلا مسنجابی,9524821,2290116,6809572,16656476,14782947,11419558,2351425,4683221,5128268,3519439
اویز فلاور,14295074,16546620,930482,212446,847989,6159749,904082,6561991,4241462,2753599
اویز لباس گیره دار,684396,7205841,3981709,7926499,9336161,14577010,2085875,2408736,14057588,1998521
اویز ماشین دلیم,4990008,910280,8924210,5750777,15966458,5226140,9864678,4889984,1163645,4322738
اویز مرد عنکبوتی,12043381,8461270,11411415,4251573,4234289,9772865,13939525,8531080,3027828,2465131
اویز پرنده,3986306,10903141,3498911,4852495,608534,12688760,10157236,17177349,7637524,10985290
اویز کراوت,20388,12894905,476011,662613,5652871,9614779,1829340,13531438,546124,12694048
اویز گردنبند طرح N,8975182,2309345,12720711,99116,11207726,1901333,15534948,1539493,572256,101056
اویز گردنبند طلا حرف س زخیم,9242187,14673891,6270270,75270,12807422,577147,11151891,4656769,3981709,8789902
اویز گردنبند نقره گرد,4569256,14292205,8129430,1085299,9036871,2941363,2092880,4003038,1513183,296051
اویز گوشی  کرومی,977524,13239760,1157860,2007405,12976560,3935194,213423,10349066,4995373,6461395
اویزمدلماشین,5209372,3150946,7584679,4216113,7188846,7094925,754380,11097126,198120,14031452
اویزونی ساعت,1545322,12220101,228408,8057538,6533827,3773186,315578,2074381,12499125,804925
اویل پمپ 125,3381852,4450185,14890627,2525798,13525678,8223587,373336,2408736,330843,11589912
اوییز تزئیزنی مدل رئال مادرید,13431892,11255090,2856810,1989272,2441995,4596784,368458,9234629,4070674,801751
اُوال کارپِت,10432400,3783648,3162606,12294463,1059820,14078112,8793843,12085945,1827485,12164324
اِدیوکِیشِنال اِسکیل گِیم,8934922,9664454,9917529,10162478,9729133,14554731,10352901,2667217,14721045,2171115
اِسکوِر پِینتینگ کَنوَس,165896,4063077,8276226,12869215,202993,10040094,816670,835347,10688144,2764863
اِسکی اِکوییپمِنت,13880861,718132,10110079,5282679,178762,11075754,8580963,10860107,8351078,162492
اِل ای دی اِستریپ,2238243,7094925,2608053,7806669,8423503,1944985,14081992,14217959,309830,14659658
اِم بی فور ناین فایو زیرو,9133186,964286,9866526,8794936,595379,7206667,10413327,2801580,744279,3179537
اِنجین کلینینگ سولوشِن,2849057,42785,829181,7297459,5659020,16749668,11648662,267237,6906343,14176170
اِچ پی پرینتر مادل تو زیرو وان فایو,8883926,2568772,957790,1695565,167410,12506080,9151144,2859399,14514895,5269360
اِی سِوِنتی وان فَنتِسی فون کِیس,429723,2007653,7929922,3904662,4107592,14821528,8694251,6913718,8817271,2839557
اپد واچ اولترا,8297769,595447,3716961,3622380,10490287,4532802,12088906,8687712,557051,755465
اپری تمیز کننده لاستیک نانو,9897042,14088436,17815021,638338,10520790,10510261,2351425,3993200,12197331,8761808
اپل تی وی,8468225,3640444,10805661,7691559,5059385,12166354,9360474,11196311,170684,13258196
اپل واچ سری 44mm,3371358,7124829,448733,7365891,6976717,2008349,11580764,7729570,3984726,430494
اپل واچ سیکس چارجر,3572733,56200,12749087,4057122,5545020,16753709,12349726,12444156,10710833,1629443
اپوکسی میرور,6884446,14473540,10583707,4854361,9719761,7379172,162492,16669316,5487496,6152199
اچ اف دابلیو ۱۲۳۹ اس ۱ پی,2208667,901181,9882049,7963042,2051041,8842022,10823817,852735,4934765,15837828
اچار جک ابکاری,637957,7032222,932152,852735,2381229,15113204,7375409,472306,13626990,6448085
اچار دو سر تخت 12,3454494,3057987,7203816,9622549,14399184,7442287,8881982,8714551,1974618,7614409
اچار شماره23,7455828,6431588,12588138,7798997,1780834,10725406,13391818,714324,1550981,10661237
اچار شیر ارهمی,7505141,2223115,8844118,9017025,14851833,1808733,17589456,6004716,1882481,7475432
اچارچرخ پرايد,4977877,487724,668165,4985247,595447,475703,4289432,11891856,12988358,3255182
اچر ستاره ای  ریز,557201,12414641,6932366,14759505,7436770,6202877,9220839,10590984,725292,7533365
اچرسنگ فریز,13415140,9017025,1424203,7467783,2911194,10977036,3730774,120258,6748254,15708070
اژدهای    سبز,6167628,4454387,5050942,13152830,491322,8318670,7780382,7904244,13618602,14030491
اکتی هیر,10939946,12746508,3155935,7249192,6457930,9782160,9539928,8159256,6548170,15659202
اکستندد تیبل,13897697,8453861,1414797,9051704,9664817,9403178,14860312,5073393,7301351,9839599
اکستنشن موی,9077569,11727101,10970047,8739624,4117177,552191,2706820,3008807,381254,13412906
اکسسوری دخترانه گوشواره,12463213,6533827,6458182,133158,3098779,1632582,12575901,379758,8693975,3572733
اکسسوری دخنران,9364733,1628531,3705686,5064814,877668,3062680,14041181,152422,10776118,8541903
اکسسوری ست کامل طرح مار,12190959,4791585,2014465,3731327,3955712,981922,10334174,2743922,11596055,618241
اکسل عقب پژو۲۰۶,9083865,49762,13604669,961448,3149841,2842627,873126,4818336,197421,3690229
اکسوری دسبند مردانه,10708778,2710686,13031790,181330,6823515,12020425,12672505,14128574,8938311,12673805
اکسپریا مینی st15i,4221217,12229635,4586233,803587,10957908,5071561,12656613,9347369,7437726,10194563
اکسیدان ۳,7451334,3228627,7111030,10170656,6532707,6159749,2132786,5679964,7999154,10211121
اکشن فیگور خون آشام,14484598,10839890,6554716,10694984,2457948,8435870,12324455,12391577,5282679,4323264
اکشن فیگور دارک یولز,2194673,966563,8501934,6770785,915219,13521833,3258151,13804646,1060996,411197
اکشن فیگور سریال والکینگ دد,7529183,12535268,440818,15806224,2864628,706778,13274339,1612355,3398398,15072221
اکشن فیگور طرح اکاتسوکی ناروتو,162410,8277238,9752721,14009648,6857848,4931366,2696573,4738694,12453877,4063077
اکشن فیگور مدل سوپرمن,3054003,11336522,13639983,5333465,407488,15307573,7247698,5581620,959898,8277238
اکشن فیگور هوشینو آی,11380006,1538121,7697832,5599114,305573,177217,781018,3551157,5657434,6805009
اکشن فیگور ونوم مینی,6435265,7836235,14009423,13969596,6170447,14195212,7079570,7435487,3451396,707892
اکشن فیگور کامبت,5449019,6904486,5622922,757391,2595835,1560539,480704,13770069,183101,14157096
اکشن فیگورگربه ی سیاه,6893620,1942334,3192810,5419199,5657926,914077,10183601,3154318,8282083,15986310
اکشن ن  فیگور مدل ددپول ۳۱,513849,2007405,624926,10566160,17304884,13261389,6446757,6958247,3644156,1003999
اکوی شارزی,12560872,5655690,2808706,5796311,2693125,2689056,7795622,6963614,1790557,13013539
اگزوز سوپر رکاب,565132,9072561,4964326,3666815,2428872,3400272,5205987,206083,7066026,7914100
اگزوز شور,13278798,9807887,466002,14402753,11149658,16414350,11404306,12926611,5199389,379621
اگزوز قهرمانی موتور پژو ۴۰۵,2602908,6003185,3257807,3241307,921124,3310047,1743832,8276226,10751064,10368861
اگزوز هندا250,847112,7533584,9490267,670162,6257808,10599126,6154657,1159678,9445099,551022
اگزوز ۵ ستاره موتور سیکلت,2032185,10996552,10201221,5436725,17567737,1659259,3397736,10885725,5622402,7978816
اگشتر اسکلت,689989,4827418,4852639,9382384,7337056,12522411,7915316,495439,7205752,7432686
اگشتر مفصلی,6338303,3849615,3424623,286918,2112414,10890604,8996747,5089067,12618675,17039636
اگلونما,1079576,5521775,11427562,63831,6419280,231773,11532754,8050293,37261,8285771
ای ایتی فون هدفون آداپتر,890570,16035296,13242277,5618453,4003038,11246431,12594084,6994897,11410106,2708994
ای فایو کلیگرافی کاور,674062,2103525,1851696,11932261,13343888,475424,4109459,7033494,7597200,210706
ای پد i11,11242972,12536422,10312343,6243257,6105808,1628644,15014636,423594,8371040,165896
ای گیر ظرف شویی سلکونی,14312651,13615782,734314,5189,12652614,5545158,12164132,9868374,81555,52412
ایده ال مدل ۳ خانه,1154968,7127873,5907296,14799817,14851833,5587260,8498898,2249102,5823722,13809364
ایر پاد soundcore life p2i,14192992,8895848,880906,7246492,7165658,2308497,12503760,2949117,12799796,5282679
ایر پاد گیم,736874,614009,13324355,2850289,4919301,4661132,13847395,8859039,8461297,12258829
ایر پاد یورت,15347992,9339374,7910536,5152888,10957908,12560872,10238864,5536763,14876850,3109712
ایراد فیک,7814413,10448004,10646502,8465932,7940220,997096,14603315,5062142,13782957,58060
ایران لنت بنز ده تن,3471063,2767191,3539005,905385,3445541,7434537,5599387,8667904,1435005,14415657
ایران پاد بثروب تاول مدل,1487519,961300,796954,224849,3192810,11707656,10722982,4891946,2241690,769897
ایرن پلاس,4941340,9436586,170684,7178053,9810520,7796412,4353116,859481,11790946,4629071
ایرپاد 2370,13613146,11070498,806140,552599,11853882,12216494,8669849,10856427,9326693,7952832
ایرپاد TVS,6906343,1624566,10222322,364527,3481212,12464920,4615249,7492512,3305777,2821694
ایرپاد m18,4105740,9508030,6654067,4917171,5413236,17553725,3340204,2315399,3513813,6841625
ایرپاد oxsion,11295564,2670,9302065,2856810,5719130,1922447,9814011,12957273,13283717,7107256
ایرپاد redlme,3384926,2893970,3726850,9868374,441365,8826326,6118411,347537,13951460,2537376
ایرپاد آپل پرو,1498412,8789902,6352215,1860173,1999745,7780382,3596037,8714551,143608,923971
ایرپاد انکر مدلr50i NC,11618796,6876011,284267,4738948,1581825,963026,142420,1924146,4207992,12088906
ایرپاد بارنگ جیوه ای,3431953,406291,1457325,4589312,17286872,11349568,7422589,8317281,4836859,1108894
ایرپاد شیائومی اومتینگ,14082098,64316,9772865,6152199,3198163,8071173,10288460,1001967,979720,5700211
ایرپاد مدل t3,3570769,11778310,4446783,10920318,5522124,10560714,2732077,2973194,6371952,916313
ایرپاد هاینوتکو ۵,8607412,7662665,10618588,13455141,5152888,6230942,8280670,15830110,2487676,124806
ایرپاد ۱۳پرو qcy,15595047,11308070,7199110,7771001,11245945,6367861,2283053,9027322,8714816,1054461
ایرپادQCY t13,395674,8882003,37686,2971948,2724761,14488282,9719394,3015594,7951437,14425829
ایرپادm20,10632211,557051,9151144,7843326,10087528,4573008,877357,12310300,2547206,2209409
ایرپادyesplus,3303406,7165658,1562421,10674345,524407,11423012,4660654,893475,3953926,1551517
ایرپادایرپادqcy,14495080,56200,9896560,2792992,5195847,1026521,9562492,3875716,9253428,546124
ایرپادز پرو  نیا,8824653,2960094,736488,12419953,13827589,5803998,730045,2949988,5161662,13035118
ایرپادز پرو وان,14898338,8353565,2854925,5062268,3556125,5839476,2279846,8465932,14199778,5069534
ایریاد اپل,9855378,7306054,5823722,196762,5813649,9747174,6209833,7338292,13188635,12532693
ایزوله,2109417,9124465,16858178,8951540,16006742,10058099,6562545,12016209,464143,4454387
ایسوس تاف ۱۵,5005709,3398369,7559080,12172280,12747983,636662,4823914,843847,12428435,7338292
ایسوس راگ لپتاپ,407488,5148230,10566257,1093270,2510748,8208392,317619,10112729,12106618,10693211
ایسوس لپ تاپ بگ,7198042,5534645,2854783,12751996,16336108,13853364,9540902,1080166,4855889,11748938
ایسوس کی فایوثرتین ای,12376576,6427985,1602832,1843483,10996552,718132,10076719,13327900,637957,4916098
ایفن ایکس مکس اپل,6754789,4661132,306005,603611,9859965,12363287,6450361,9377384,12747983,13581904
ایفون SE,11958261,2153646,15279663,8486799,2832628,10335726,3236541,10864424,8729265,1145291
ایفون ۱۲ فیک قیمت مناسب,441365,202375,12090299,12170248,2919754,7715987,11626600,253393,1523112,9944694
ایفون ۱۳ پرومکس تک سیم,8431072,676111,3860309,239854,9735156,12546851,10842479,420288,13343888,8422631
ایفون15  promax,8771500,1615286,12458926,9682747,6946867,4440247,8806208,12124805,10710833,1768109
ایمنی آتش سوزی,2176301,7406081,4615121,9709270,6803405,9436586,10061052,14344908,11116517,9017177
این د استارز,6595635,6367861,389422,10999066,959286,11699162,16858178,3037283,2448796,8198325
این لیوان برای بهترین مربی دنیاس,13172847,11368177,7666578,2050509,12950291,10172799,3265733,7603988,9846474,14413968
ایندور کلوز درایر,6830905,13237992,2415001,10707054,9380520,482396,9943533,3539005,13676115,9623810
ایندین استایل گریتر,9791693,1829693,1629443,4514009,2351425,14096721,3207817,8658323,10532492,7431580
اینع کیوت جیبی,12618675,8659443,3403213,14157096,14890627,3000679,7976209,7547715,10641993,166234
اینفرارد لمپ ۱۰۰,6787332,3159240,3202092,8718260,8934922,3271100,6391068,72088,12457646,635310
اینفینیکس 8 zero,11548891,6706574,13735302,971829,10290622,10590984,487724,2425682,4919301,12455954
اینه ELX_SLX,2161876,1467744,12323073,5602345,7091950,13969235,9362179,524407,2032757,15068848
اینه آکواریومی,177217,854219,12294078,3911995,3169130,9986629,3623050,8908327,899210,3265733
اینه بغل برقی سمند,3195329,1695565,8714816,5347419,11593139,2294408,14799817,7920651,12789773,4448013
اینه بغل رانا معمولی سفید,5892737,2993448,10530718,1438846,6500978,11482375,5604877,10336591,17038129,7684242
اینه بقل 111رهنما دار,306005,3785854,13853364,12308731,11856664,14472064,1703895,2854925,14199778,14338296
اینه تاشو برقی ساینا اس,3400868,51588,3490827,11625576,4496965,16858178,813540,10914314,13005200,8429124
اینه داخل خودرو پژوپاری,12607232,2364781,17111036,8366074,5930903,5841076,5753864,877668,2067611,723132
اینه دستی تیبا,13467787,8234858,9089254,1930327,7601292,7699090,7798283,1156848,12561858,8169649
اینه دکوراتیو خورشیدی,536476,15963251,9843310,7435146,14281859,11510814,3926163,8598558,2220861,4153002
اینه دکوراتیو طرح حاشیه,10434136,3572983,6526327,3109712,713893,5366507,7354748,8912525,2513243,1153178
اینه دکوری برای سرویس بهداشتی,6851000,3536591,14486755,5407471,1581754,677319,721359,9859965,8149411,5002501
اینه رومیزی پایه,491322,4854648,3730774,8011488,1552131,8111206,3644217,4792905,9072561,3367562
اینه قدی چوبی مدل برگ,12588138,2407152,1786026,14042335,2887055,11681449,3890894,4506119,1160075,9379002
اینه مدل دیواری طرح خرس,2505460,8023119,5747445,7278168,6989297,455580,2654791,3403213,6740296,5904494
اینه پرشایی برقی,3988597,7083260,3037894,8423423,8766222,3500901,4941340,2186330,811532,7093648
اینورتر arc950,1649577,6699387,9722881,7595752,7503155,9009983,4340475,213423,11324355,2982373
اینورتر اصفهان ترانس,191846,5095462,2375395,6002837,5845932,4791585,10282482,1577264,5089563,380267
اینورترچرخ خیاطی,8688900,11705509,2100510,9338530,6562545,577147,10332707,643764,11410963,11196611
ایوان یکبار مصرف کاغزی,5233434,5064582,12988358,8400609,8423423,15339692,892472,12559255,6435051,3159240
ایپاردm28,14360660,461904,2842595,706778,5585111,11649541,11630140,15279663,5205149,9994533
ایپد. مینی,10941341,12619125,8414644,13514411,8930636,2559335,13145967,11722455,6352215,4288435
ایکس باکس سری s,346512,848151,9337800,2176301,10635917,8671400,8163117,1505330,6506441,4819160
ایکس‌باکس تریسیکستی وایرلس کنترولر,723178,158566,797508,9607570,14050066,4070674,2987852,5112407,785023,7375515
ایکیو سان نهمچ,4494747,7975822,4288435,1082147,6582726,1112133,11042355,3591118,8695838,614287
ایینه نیسان وانت,572256,4535049,4529789,6065680,6547203,12275335,9493098,9106893,912146,2747677
ایینه پروانه,317579,14357221,6517193,794980,2359809,4800187,3257807,6838467,1060996,5503358
اییکس باکس سری ایکس,7232503,1648360,170684,10247677,6876011,3426975,12395584,7047648,9508030,8529398
ب پاش شیائومی,3896892,14380342,6936033,729439,7314195,303259,715340,11610493,6605848,5035423
با پانصد هزار تومان چی بخریم,2898843,9021822,13763869,6353974,6836434,277570,1619768,329253,5436849,8612133
بابلیس وی جی ار ۵۹۵,14057588,8884664,11210315,274198,14398220,286688,7755871,4886795,717052,9961030
باتری  شیایومی مدل ردنی,13954676,1612355,2272565,10722809,8849022,4177353,5028427,3417603,2651073,9628882
باتری 12 امپر,645366,11716692,8171818,6558638,7517005,10480997,3470463,7799532,10463243,11967777
باتری 18 650,9377230,1516654,7394608,9068845,4949229,10130577,2579717,7908031,7698593,7728675
باتری G730,13576150,15316254,7820922,981922,859481,10190962,146494,2126582,2610656,11224344
باتری J2 prim,10518512,3548085,9361439,14105831,10618688,2821156,8816886,9958430,3640444,8351078
باتری JPS,5620278,5109328,1030285,7117020,777689,13237105,4677719,12628511,772755,1474518
باتری dbk 104,7283591,1724979,12664128,4532245,1460055,2768571,7899721,9033409,10081971,12892691
باتری doravell,186930,2176301,325520,14763533,4583031,11079523,14398280,4443411,5195847,7699090
باتری top sel,9445070,14468998,75129,13117448,8208392,2933479,7612293,4877415,14380342,7861160
باتری باسوس,8229659,5282679,882871,10650567,11283001,3784786,14139392,4536943,10061052,739779
باتری تلفن بیسیم پاناسونیک ۵۵۰,4970277,4486514,5699257,6860843,3461150,379758,17217836,1884917,3560857,1903582
باتری سونی ایلکسون,287451,3183048,1762114,10226912,8665806,11558606,4236441,9799940,4549471,263790
باتری لنوو g500,2390325,7015905,9234629,10355916,3565413,897119,873054,1468629,5742706,320657
باتری لپ تاپ g58,15980631,12926669,3875573,866046,876931,14036003,2152076,13618602,14214794,14348441
باتری لیتیومی کواد کوپتر,8282083,5432465,2196302,1651116,7537782,1874610,8567079,2047207,3410956,7914100
باتری ماشین ماشین کترلی,162509,1693740,1809269,9761959,6012977,2129272,374119,8869738,4294804,2597212
باتری ماشین پرايد,4549471,51924,14038806,5054450,4010218,2097496,8071173,11846022,10170656,1487225
باتری موبایل امپر,2453294,10651437,7556398,8488225,83472,852735,4374767,3397736,10566095,1024106
باتری نیم قلمی مکث فورت,13530777,9609031,97486,815931,3272499,4428968,3087141,2701457,10451858,111707
باتری پیچ گوشتی مکس 12,4914193,17351803,4226290,3325837,15294551,8793843,3950345,6103339,5703297,1882194
باتری کرو 2,13033468,12247139,1949737,13354498,7015905,11723131,6562476,4475955,253393,8766133
باتری گوشی MotoG13,3083455,7493128,7577455,7857661,4421343,13782957,6206347,4661330,407488,7770517
باتری گوشی آنر 7x,6745919,6854553,8282083,2971948,689989,7886575,14574540,5865442,9296886,1003999
باتری گوشی جیپلاس,7587086,10110079,2909460,9180751,1054461,13105650,3107660,11708249,8873626,4887787
باتری گوشی سامسونگ a2 core,419298,7618225,10058591,2887055,6772657,3321686,17113088,2951264,5811498,17423036
باجی پَراکیت فود,9593086,407841,15502469,379621,7332407,11467012,6330542,10636233,6507549,8421822
باد کنک,5251269,1595405,4977840,12680909,9935382,395674,4547127,12247887,13163447,585720
بادام خام د ختی,14348920,10347632,14052039,10665659,9468485,2215376,4804290,9345320,4318526,12981618
بادبی اس پلش ادامس,5612312,7111920,3297315,2552061,11706172,330159,12575901,10894204,15028893,826701
بادسنج وینتاکت,9797238,15873939,12760388,12084333,5062142,9860681,13519086,2041020,9659575,9229172
بادکنک طرح‌دار پاندای کونگ فو کار,6184497,11007251,5927210,14050989,8372721,7637524,1730180,2900208,10148280,82127
بادکنک فویلی ریسه ای یونیک,1082147,7127873,449113,4408429,5410960,571768,1099779,1577264,12152329,681938
بادکنک فویلی سفینه فضایی,1595358,7910536,9359293,1004021,5409641,17060887,4791465,3645126,5119105,8371040
بادکنک فیلی طرح سگ,11474078,6105665,6436457,9715350,12684920,12453314,2415653,7604444,9478609,15980268
بادی اسپبش bear,10220686,2442889,139696,8422052,1725361,9827862,5109328,17011472,5112407,4341832
بادی اسپلش زنانه مدل sexy 2012,9846474,1533016,13154422,13828983,603143,1140660,13947776,8518680,12359875,1705521
بادی اسپلش من,6761083,6141650,14032131,196762,8481682,8656536,10194563,10590984,4261129,649278
بادی اسپلش ویکتوریاbare vanila,3994804,6105665,7171641,1464377,9944694,10856427,70639,9752354,11852558,2760515
بادی اسپلش گودگرل مای,162579,9379002,11476129,111606,10484612,2457634,7684242,607269,9805389,13656268
بادی بیلد,5662822,11563408,639574,4366176,2686164,224150,2595835,11459772,7550613,6681201
بادی دارک موسک,12914437,6278780,7535192,12950092,8834256,3464453,5656137,4446783,8259586,10077614
بار پل,12131211,5901390,3445541,2420241,869662,2825893,10087528,2109104,909536,13255175
بارانی دیسکوارد,4214565,14165122,4242148,8283341,13031790,4087034,3555626,7461461,3634502,42785
باربند اسپرت sport,6563344,10827963,5115533,10912381,12421466,1034194,7816428,12057211,8351078,3008567
باربند سقفه خودرو تییا ۲,6976256,8193958,8053291,1378151,5095256,11156752,13735302,15347992,12504445,8675578
باربند هیوندا ورنا,2716707,54145,10690988,10697178,17423036,10148366,9224976,3445541,12576663,9733549
بارک 405,5004533,12054588,12817900,6498494,17037730,12189253,14749791,3689525,13763431,3083082
باری فکری مافیا,12817985,2598454,4323264,8391149,7612293,741348,6748468,11246513,97486,2980913
بازوی ابپاش ماشین ظرفشویی,1573576,7836235,5726740,882871,6208094,1942334,10602118,1747689,7504753,752467
بازي فكري جاده طرح,12305688,12894905,80237,2461046,10612434,6004161,12890633,14479735,13964899,7171641
بازی GTA V مخصوص پلی استیشن ۴,13876480,6622267,8842052,10944728,6367861,4309206,14525482,12709456,7917791,2835534
بازی pes 2019 مخصوص pc,2351415,5907296,4107592,11116973,7935982,10693590,368458,6970871,12684890,5840935
بازی آموزشی دروازه,536476,6984499,6622267,9438140,4009351,4941340,11217296,17398361,16040039,11216802
بازی آموزشی مدل لامپ و آرمیچر,5556727,12395584,3098779,5782821,11706172,14017355,1508629,4728336,8667588,13727168
بازی اموزشی بستن بندکفش,4176124,1091098,1874145,217019,579617,190122,3469722,6992761,9221077,55072
بازی اموزشی تخته جادویی تکشاخ,3994804,10722982,8423792,12942068,11394257,12069630,10635382,9747174,6531055,3398205
بازی اونو فارسی,761211,6742314,7478847,11909673,14763533,12299112,4385504,13281581,2941244,1628644
بازی ایراکی,1117966,1446443,835347,1809269,13832741,5666089,13102138,6429971,3111577,5297304
بازی تایتانها در ps5,4314484,13514411,2509472,9843525,2276162,9719761,1734063,10893935,7359906,3346510
بازی تیرکس اسباب بازی تیرکس اسباب بازی تیرک تیرک,2714348,10164226,7652099,11025870,8351078,6851000,419298,5421011,9669100,13083849
بازی جن.ا,1016559,8135591,14466033,15959093,5157397,7195939,732295,7597200,6417834,3320896
بازی جی تی,550344,4978798,13343245,14651486,5700311,6872675,7687466,15836024,14030174,12914704
بازی دست چین,7467783,3181280,349676,203183,2775237,5599387,3369509,3797526,13991427,15028893
بازی زنگ پیچ,81887,12180114,13144366,11580764,3929912,4278971,3471245,12503760,10941341,14052039
بازی شایپور,3596209,637957,13321487,3896057,6943665,10596165,2900208,12458926,2543130,5575468
بازی عمو پولدا,12830142,564551,17025073,6753202,9327243,7345465,7375515,12143102,154011,12889866
بازی فکری درگوشی,4017472,14612250,14515067,8751512,11043427,946926,5620722,1570634,4516244,13716432
بازی فکری زمبوری,101735,10025189,4742047,11706172,2986975,13518262,274198,4430011,13716432,9131125
بازی فکری سرگرمی کوچولو دستی,11204388,7363437,10620531,15967853,10728359,2825893,6958247,11519492,7720365,2854925
بازی فکری مدل گربه ی انفجاری,4547127,35021,10961693,7934152,674062,5127099,12164451,10720087,1144060,4963821
بازی فکری کوییکز,6800616,478133,14074201,6890835,5740503,15147803,640156,4792107,5478241,14568223
بازی فکریدنینجا,8337966,4486220,2732077,92226,9391549,3072164,7836765,9072561,1849719,2801580
بازی موبایلفکر,350400,513103,841622,3048830,7220483,1514664,10235306,640031,13431400,5664252
بازی ها کی,2441995,589998,3587147,10368861,1490799,13898090,5700424,1152961,6424828,11242972
بازی هایxbox series s,3943482,3511923,6781339,1364878,14052039,3257807,3560857,3773573,8799078,971006
بازی پلی استیشن 2 فیفا لیگ ایران 2023,8659443,14621679,649509,4409667,616505,9600229,8315267,3198163,303259,6139064
بازی پلیسیشن ۱,2132669,9380054,396033,5569495,3246560,8073670,8018435,6863297,2015247,10177280
بازی کامپوتر استراژیکی,2315399,11047327,865529,10514238,380267,6556730,8884664,12965991,1760290,13804774
بازی کامپیوتری کاپیتان سوباسو,7983850,4440247,13401998,4737240,11145265,15114946,11723341,4005690,81323,7188425
بازی گل یا پوچ رسمی,904082,3549375,13783263,12235594,3986306,5836503,9846424,14958165,4822207,10034337
بازی گونگی,9860681,2916857,12503760,9382384,9748258,919972,780798,3098913,7836235,7035312
بازیفکری معدن الماس,4885876,8996747,4354946,10064894,9878083,13278622,14262166,10737095,11723341,12295499
باسکول و ترازو کمری 300 کیلو,3813429,2528095,8789902,6535357,8667904,975028,11236294,7461288,5639174,1638676
باش فرم گرفتن سر نوزاد,380267,4020554,5011442,6748254,7063890,13229539,186930,1534778,1093270,6371134
باطری p-p102 پاناسونیک,14655793,1845303,10434136,13148210,13602764,7445177,5132167,2465131,5004118,8994914
باطری اسپینر,6821120,6833688,742799,2702152,15319527,3038837,1440386,17097822,2949988,1953011
باطری بزرگ موتور سیکلت اتمی,706269,13954687,616505,14852587,13676387,522903,11116973,9699777,862511,7793395
باطری دل ۵۰۱۰,15247016,4486220,6248479,2670722,10776118,9357873,142262,6435133,12532693,17025073
باطری سایکل موتور سیکلت,9379002,13083554,13261389,4104507,9235064,11398900,1886413,11851125,414587,4241462
باطری سکه RL 44,3818328,106674,10609076,3310047,7988240,959286,6343668,3656144,9938759,3384926
باطری موبایل 5CB,10558674,8169649,10598469,258247,420288,11152854,8206881,459395,15414041,737108
باطری موتور هندا ایرانی,6562526,108540,10691718,1614021,7394608,15030538,10006431,7790114,3243004,10939946
باطری گوشی مدل۶۳۰۳,10599126,7930094,11060860,806140,4301569,4411947,5432465,4564067,7565716,11581465
باطری گوشی نوکیا۲۰۶,13000495,1653131,4020554,14212796,9851111,5111291,999981,12817985,8171818,5205826
باطریBM47,3229989,6884403,8223587,4487521,12349662,17314096,1075108,3206052,4957468,3513813
باطریه وشارژر دلرشارژی ce1P.M,12553487,837412,741055,10067768,8481682,4570342,6529981,6213165,191291,4306831
باطر‌ی‌نیم.قلم.شارژی,8934922,12446652,1863310,10553926,12877469,9872277,17406399,7540371,4489668,14176170
باطگری کتابی ۱۲  والت,3578808,22481,7680985,13507309,6205093,6128576,14152346,4149665,7797203,8955395
باطی فوتبالی,6558638,12235594,6759371,11459772,1622791,4241121,180395,8725423,2260890,6229770
بافت بلند برای زیرپالتوزنانه,9397341,12420468,6065680,1974618,1615286,8481682,7697738,2190909,7604444,9906836
بافت دستی کلاه,2315399,7652099,1120456,14209762,977697,57321,5618453,6406422,9793716,12911938
بافل ساز,6779488,6352215,4886795,10674241,633880,3068071,5060451,4309206,8286788,9717198
باقلوا,13951101,3536523,1136176,7125366,3461150,124806,9567166,4517402,4765687,791053
باكس هاي مخصوص دمبل,1610096,13238409,3125401,9330978,6780397,13728402,9676345,4726071,3182932,5362159
بال صندق ساینا,462996,3432901,5707069,138844,8143640,6796444,5607915,790960,17607188,13323415
بال عقب 206,2747336,1491939,419298,9864678,11313296,2504677,8844118,13783263,10350205,10674345
بالانس سره فرمان ۲۰۰,5323286,855511,9513010,4419091,84636,5193462,753092,7224236,12444156,9614779
بالش,6932884,7205043,2645301,9524821,8371040,13303554,12310300,7924960,4875708,11217296
بالش نوجوان ببر کد,10996549,5152752,8387203,13380111,4316801,7165658,6580651,8449627,255406,796229
بالش گردن مسافرتی,209947,8452901,702401,12419953,4557717,1127047,12602365,3500901,12541409,11456874
بالش گردنی رویال,2258357,219969,4098932,8778416,7063890,702401,14985370,3745959,576100,349676
بالشت بگ,210706,7612355,4607814,6522340,13132596,7161954,5301082,8191595,13587558,12496394
بالشتک صورتی برای مبل,9589386,4481700,4011001,3554456,14402753,9118510,723003,2023379,6526990,2552157
بالشتی صندلی l90,6408344,6373656,146494,3280349,12991404,11032647,9621656,9013302,4417108,883904
بالم بدن کاز,2008043,12930590,5630888,10132814,109512,9238765,11135079,3372647,2090561,183989
بالم لب  ایر پادی,494104,4787255,2934337,1139534,9864095,2747336,9623006,6889826,14195212,1117102
بالم لب آریواکی توت فرنگی,478133,709463,7100817,12830552,4952671,451154,3954961,8881982,202682,11594759
بالم لب طرح یموجی,52457,11695682,10201221,6762673,2315399,831820,5806302,4014257,3271100,10961693
بالن بلانزا ابی,4816942,9931729,2978266,3321686,829327,14064817,4765687,3804921,1487571,1591871
باله مشکی کوییک,5077679,9105170,4642638,144966,6159749,916324,73856,6237630,7571853,8949433
بام تایم,10766629,3403213,6446876,6976199,12349726,1459872,3792937,13929076,177299,830064
بامبر اپل واچ,4435713,2746264,1757699,13514411,13259598,1079576,7012003,5095462,12804885,6836305
بامبر‌ جکت,3266048,8670445,7531652,8735928,2563598,13661348,14696,7581955,3576216,315488
بان شارژ,8955487,1501452,8630838,4245075,1967953,463273,738024,2513243,409618,7248561
باند بینی,10687227,17536916,3515888,11707656,4753019,12647595,4968240,14168666,1003107,5558420
باند جبل,2919754,10958076,910280,6383690,4234289,192498,12057521,11245945,6582726,569376
باند خانگی مکسیدر al-mp5,5281087,10528127,14144893,8815105,7118751,2916857,10784902,540219,4366176,9446010
باند رو دری پژو ۴۰۵,7269213,7274780,67965,4614297,14271321,472306,14182497,9525590,3953926,6880140
باندل مادربرد و سی پی یو,12030029,14045908,1543627,7687466,13462878,11274003,7192556,7370328,1505408,2825664
بانكه هاي مادام كوكو,4590811,1122123,10134957,4458966,11105977,14568223,38243,1860173,10720087,3517431
بانکه 7تکه  چای و قند  فلزی,693723,11699162,1563637,3876063,2074248,11618796,15114946,8685101,8717298,1760078
بانکه استوانه بلوری,2315554,5338291,14057588,9717168,4832192,10891628,7373577,7635706,4641312,9677180
بانکه استیل هند,2949512,1093270,7055116,13041645,5663144,6863297,191291,11032647,2939544,10538870
بانکه اسپند,2792992,4063504,10828899,4911193,3066530,3612596,13827589,9380220,7862940,13964709
بانکه تکست شکر,8315311,2998855,4119534,7577455,5696383,2267012,554983,1827219,13709607,5705932
بانکه شیشه ای,4587844,9520539,6836434,9359293,7930359,3195329,11909673,9684535,16336108,13217179
باک موتور  احسان شکاری,17632730,14891626,6135735,157972,3670271,7142852,12349662,1563637,4049523,8898035
باکتری‌ساز,12362441,8713891,7565868,8449627,1524065,8670445,2523554,733582,38243,4184949
باکس برای عکسبرداری,1011401,13175971,13639566,14076582,554983,13274672,12100062,6779969,7571853,8320625
باکس برنج,1438846,7278168,10304716,160744,31744,4402895,839813,12344937,7379000,645879
باکس تخت جکدار 120,3784786,3701580,5598466,2383637,8667588,10852536,5004118,9068845,9215556,2030253
باکس دو سوراخ ساب,9622549,8513506,14034612,13586694,964286,10856427,104511,7922203,2066449,11764073
باکس ساب ووفرطرح ۶ ضلع,9852658,273192,1059820,312953,1543627,3721024,12744393,4679632,323611,695191
باکس شوفاژ و رادیاتور,170017,1868597,6484699,12030029,13781222,7535192,12488839,13964899,8174589,12431846
باکس قفسه و آینه,3511657,5180245,12054697,606344,6860843,8531080,5696222,794651,3246560,13785575
باکس کادویی,649522,9735156,9010242,8938625,7536027,13080560,2355599,12212988,5318554,14472064
باکس گل,3307683,7393227,5666461,12488839,3246524,12516025,11974174,11490088,6436906,881530
باکس یا شلف,3051315,8004308,170684,8423792,11682207,3496519,2586938,8842052,17484673,13626990
باکس یک بارمصرف,1804262,807859,5587260,5036141,7819136,14565825,6413628,12075125,172516,10082995
باگ s23 fe,10162415,13254387,13533011,622748,12349056,11071024,4397081,6994897,11000594,8267433
بای شاول,8143640,2144579,6435888,11070498,7142851,7334223,475703,10368784,6533827,6859966
بای لینگوال اینگلیش استوری بوک,10598469,7518451,6728368,1675658,3252733,552191,3258151,221364,9222733,5337932
بایسیکل بریک هندل,490549,12077629,518389,15511163,12350031,9614729,13349301,12708949,13369143,5082578
بایفاس گل پنبه ای,11047327,12083895,8365940,749052,2423504,3177340,917261,14234612,2510748,7180091
بایوآکوآ مدل هلو,10220255,16336108,8166873,1159678,14312651,8461494,4836859,7791972,11560128,9198712
بتری  گاو,27956,9478609,7248029,13809364,9669100,808546,358187,3249394,4178571,2943388
بثروم اند تویلت وال سرامیک تایلز,4254832,6958247,12110498,3379854,10741729,405912,9785505,7162479,6073201,11026740
بخار سذد خودرو,640031,8824653,9269104,11947253,3728454,35021,8659443,608188,6754102,10115746
بخار سرد آکواریوم,12076186,12166354,4374767,4197917,8792046,7275002,9944694,9044427,3772284,12602365
بخار شو ویکنز,432653,2014710,4598909,9005713,708556,9979073,6753256,7746824,2792992,9178314
بخارشوی آیرو لوکس,8328373,81555,12214987,12095477,1725361,448733,5707069,11107079,7774474,7780046
بخاری برقی برفاب 3100,5595567,467065,8107655,7386687,11698854,13144366,6547871,3330793,5551003,5226140
بخاری برقی فن دار گرما گستر,125987,388107,2008349,2406148,4874779,10720087,5764692,2715002,1621606,4276790
بخاری مغازه,1649577,11106490,152741,11909673,7495284,892472,329106,2106573,4855889,10162415
بخاری کف پا,12892691,10822302,10220257,6602710,12047718,619737,2511416,14199778,8276226,462996
بخاری کمپینگ,7266005,10974039,117568,9508030,681938,8384140,7290594,1168656,9699777,14569480
بخور سرد گولمن,1552186,2074913,1057587,13905556,12299112,315578,9110721,6294267,81373,14312651
بخور مخصوص صورت,14168666,11398308,12540137,7888010,12421466,5068713,6349054,4013155,2603992,687603
بخور کوچک گرم فانتزی,6884317,11512116,3481212,1122015,8941911,14398220,3553600,2130522,6774949,3496519
بخچال وفریزر اتومبیل,3162606,1689085,4121114,200770,55610,12194222,12096701,7901711,4446783,4793179
بدن شور سیلیکون,9347369,7835147,877668,1020704,4598909,14399184,1556521,6823327,6586909,917875
بدن و تن نوزاد,10251101,12722869,8824586,1420638,2533881,907973,6888770,9959461,4547127,13569337
بدنه کیلومتر موتور,13566198,1432835,6556190,8386109,9917529,14191430,1850862,490435,3326464,9976443
بذر لیف گیاهی,3062509,12380068,3871488,514988,889648,4941927,4440247,11967777,9060954,401242
بذر پاش پشت تراکتور,2383451,552307,4964326,14439591,7303131,15961661,9852658,1677625,6806905,14922341
بذر کیوانو,12212151,1586166,959015,5426017,9234629,1138304,1016559,3666815,14135524,4137141
بذر گل مخنصه,5562610,14274910,8669046,12428216,2075077,48078,1467744,3783648,2703757,13041645
بذر گوجه گرین سید,9260890,3243004,733582,827203,8367987,1743832,3218980,6787215,13841267,1616592
بذر ۱۰ میوه,585659,11098593,12297407,11643040,13358306,8836315,11852994,7436770,608655,2936817
بذرسیفی جاد,4145803,12349726,11835776,946926,7365384,15474441,13131177,7971987,6560177,9436496
بذز دراگون‌فروت,14081992,10057487,5347861,4582181,1587710,6602967,10475216,6260612,847112,13367746
بر پاکن کامل نیسان,6353974,9542290,15069967,8423792,11042355,5615117,5586007,9220839,1714761,358809
بر چسب دور  سینک کابینت,780798,7301613,13604669,6107200,5005084,4498563,11476129,3213581,7955821,5804075
براداران سیفی,7548524,12838592,6817528,7576867,2194673,14494540,284046,13133550,3716034,48961
براش ارایشی,9686380,5522124,8338751,11708864,6223265,9010850,3400868,7802622,4309206,9329090
براش تکی,8884238,3791190,5189,1780834,6745919,14439591,12235824,9810520,522903,10761877
براش دوسر دستی مایع دار,4383345,9850282,12214987,6650714,4801149,3464453,13716822,2883420,8400609,7593002
براش ستشو,4348656,11207726,3578808,2547504,7697832,5350250,3750835,5026418,2882990,4986463
براش متراکم,5261472,6891483,50792,1514737,1903582,6004716,7644331,1432835,4450185,10022247
براق لب فانتزی,3696981,2487012,630081,6823515,3007039,6593146,6288066,7307739,7773468,10129178
براکت 3.5 به 5.25,14245999,1664086,1958658,12088288,6177461,4238492,9636489,4321474,6102391,6980916
براکت تلویزیون های 17 تا 32 اینچی,9717141,7947395,6574559,4598909,12407843,11254524,11948548,4155832,4151594,7632776
براکت تی وی جک A2,1587710,12126072,11404306,10795084,9589386,1798672,13141511,7787605,8461494,288078
براکت سه گوش,8529398,9531592,8806996,6891483,5742706,3417603,12299347,263737,11920312,5528497
براکت مهتابی,5067566,3860138,2636509,11071862,5699257,14739156,7136299,11254905,7394608,9048521
برای ایهان چی بخرم,4049523,4043035,10701126,937828,13350621,4087034,71461,3976530,7018165,4822207
بربلینگ کلاج برای پراید,13754764,5449019,12987634,5064582,7220483,6884317,8387744,12583851,6323277,12180030
برجسب بدنه طرح تورک,9357417,9515648,9445143,552570,4349344,797880,11112937,16793428,8793843,1624566
برد برق ایفون الکتروپیک,10022247,9570970,4354964,12672505,14511107,433182,38820,6533827,10941341,12939789
برد بورد نامبر,5500667,11809430,13943953,15055116,8047249,6206772,4595538,81373,436241,7747911
برد خچال یخساران,468478,996546,8065760,153508,10262401,982993,299944,797508,532225,6529981
برد سنسور نشت گاز,12683475,167334,8384140,12942068,11796792,9118510,10598469,7758153,6118411,14092946
برد فريزر پارس,10587391,13842343,161524,2914569,6827885,946926,9627102,10668656,7368232,14308846
برد مخابراتی,12030029,192498,1868597,15114356,305810,3039913,12804885,1930011,2983747,4223955
برد کنترل پنکه,464362,10566257,3179358,3556125,3861346,518357,908356,3644217,3111577,7902972
برد گیرنده دیجیتال تلویزیون,9276686,8436769,13533634,7054953,14760870,1932080,5807161,1023734,381500,5826102
بررسی اثار ترجمه شده اسلامی ۲,97115,9054363,8596417,5059161,842691,7886575,4852495,3860309,2901148,9569556
برس سر,7597200,11075609,7475432,526527,10183508,12375903,10335660,6578624,3068985,14874782
برس سیلیکونی ماسک صورت,3340204,217019,13349064,570764,4511632,3876063,9584036,12375903,3621667,5443698
برس مو فر.,8017337,14360609,13325298,3997038,8765520,3519402,4532802,13402001,8418553,12911007
برس پاشور,4878993,842100,10211121,944925,11682207,10546457,3706469,3882123,697280,11558570
برف پاکن ژله ای پراید,7067157,1021213,10771614,5064040,13015000,6404806,7432018,8681180,1459872,1064939
برق دینا,11695682,12691832,14264177,7372199,303259,12560872,4369668,2710840,14151404,17351803
برق لب حرارتی  مجیک,12851647,11747272,2978266,15920872,796229,960381,145838,10519102,679366,1145291
برق لب دوتایی,9321700,813540,533354,2834962,13321487,143601,2041100,13983929,10253259,10602118
برم کننده روغن ارگان,4897005,3889239,10550567,5132167,14390411,7281442,9860401,162492,3072164,12709456
برنامه آفیس ۲۰۱۶,3164744,1901333,330843,791053,1491939,12645229,3519439,363346,2388994,9436586
برنج اطایفه,12849731,646719,6853124,6560177,5005407,5428339,12600106,2313052,9593967,12582151
برنج فجر فریدونکنار,8421822,6475537,2966648,8598558,7363962,1768109,4475955,143601,560818,4109459
برنج هزاردستان,13463142,6986157,1161598,10977127,13343888,890360,5853721,5321832,8166873,2208667
برنجو,12998878,5180245,317579,4956004,2959261,630393,2106573,9743231,11852527,733785
برندینب,3987504,13402069,8924210,5449274,4985247,13579808,411716,3815621,5762323,12878488
برپوش سامسونگ a53,779044,7426186,12054697,8869738,7220483,11795283,3000679,3166341,376930,7188846
برچسب 0,10707054,10893795,10729478,957800,9442728,4968240,8156579,4374767,13635201,12807422
برچسب Sony,2614137,14973035,7652099,4495195,7047648,5255608,11159404,2294497,4373764,3591118
برچسب ps4 gta,4109459,1484542,2415001,2102520,7094941,5133583,6474778,14982487,13467787,13671627
برچسب ps5 اسلیم,8815083,5575468,15325190,7729949,7444423,4792905,14199778,7596488,7902972,832740
برچسب ps5 گیم,14544185,12939789,7899721,191846,10570478,12957273,8896427,5602345,8230805,1683564
برچسب آفرود 4X4,6353974,2746264,6577358,12083895,2066449,11106492,1863310,429720,2006069,3428211
برچسب اتاق نوزاد,10156991,161524,4589312,15233659,9358671,7901711,78001,7813142,3051315,2753599
برچسب استوارتر ماشین,3246524,8667588,10965871,5589097,7273908,5139270,9289318,68716,183328,286137
برچسب اسم انیمه,11033708,13099858,5547262,10560714,2916538,7964485,1504171,6248479,4608283,4328920
برچسب اسکرپ بوک برش خورده,2390325,9837930,11246431,10162415,7106135,2307028,3657318,1640291,8494398,2715002
برچسب اسکرپ بوک مدل برش نخورده فانتزی,8688900,5115533,4049523,13629361,3551157,1904571,4622727,12100062,4616,12647563
برچسب الله منی یار,8033239,4571148,5190171,9860401,1443507,4455409,25948,10064894,3809063,9397341
برچسب انرژی باک موتور,4718551,3329993,7232503,11071862,2063886,11026740,6706574,8467382,3929912,11340226
برچسب ایفون13,9393108,376930,8605280,12450379,14466154,6984499,6997676,1958831,11727101,7970728
برچسب اینه ای,13276121,1110715,973138,8367987,40971,1117102,2214031,4202907,5139942,10828044
برچسب ایکس باکس ۳۶۰ پرو,3654193,6808740,5813081,2159526,308517,8646801,6436144,5547436,7244370,10498126
برچسب باز بودن درب خودرو,9086146,1863310,7813657,8627776,6128576,1066894,9052518,8873626,8234858,5077679
برچسب باک موتور هوندا۱۲۵,2993448,8215692,8236672,7955821,14214794,11097713,12258538,14794205,12293267,2360509
برچسب بدنه خودرو,3904229,172747,2602908,2666771,10214171,12212151,9071525,13816037,14064817,5879916
برچسب بدنه خودرو اسپرت  غدیر,539320,1047824,514988,442730,8315311,736488,6448085,13068451,11722455,6012268
برچسب بدنه خودرو طرح افرود کدz28,7240398,3896892,2728942,7745142,13154854,330843,6305458,7364909,10350155,9819715
برچسب بدنه خودرو پژو پارس,1093618,12974267,4886374,4671970,5519452,935619,2275515,693723,7640481,384261
برچسب برای ایکسباکس,9648403,420288,7847866,12275335,4917214,4641312,437766,6924312,7350088,11295564
برچسب برش خورده دودی,8828407,7722162,2944457,3330902,7371634,11107079,14007389,7691559,9588977,7162291
برچسب تتو مسی,14494381,10416315,13167520,4726071,269151,13875404,1886413,42785,3570769,11433406
برچسب تتوشیر,8012550,5149251,12988358,9586268,381254,10934087,5720202,13430967,6561991,12031578
برچسب جلو افتابگیر هایلوکس,7561829,15001598,10463434,4323264,4897005,3350124,5696383,11717455,11942039,728026
برچسب حروف فارسی ۱۴ اینچ,8718260,515038,10306216,14577010,184274,5555879,1162793,6378150,2205336,780798
برچسب حرکف فارسی کیبورد لنوا,2432359,14554731,4207004,3162606,4452500,595379,8823098,368743,4511632,9667367
برچسب خشگل,8259803,4273719,7432686,14894786,3967585,1780834,1860173,7063890,7412355,2425682
برچسب خط کاپوت,10691915,14322897,133158,194931,10288925,1653093,12634048,831772,14645,12214658
برچسب خط‌چشم,13939525,1740320,2419836,7494692,12043381,4824790,8422631,565132,11419550,14151404
برچسب خودرو مهدیار طلایی,9882049,6435705,7922580,13154854,1538119,13167520,697280,11758156,14160172,1080166
برچسب خودرو ۲,6377946,7422785,3624415,3382729,8777045,11900976,2408697,8701936,1152961,7506143
برچسب دسته پلی استیشن 5 بارسا,2894923,7128898,4566029,7536027,7499349,17011472,3536591,3565413,9872192,544767
برچسب دیواری طرح محرم,414587,3689525,11241494,2760515,6963614,12388741,7602522,12297407,7542677,4423957
برچسب رولی کروبی,9296213,10055914,12673805,13025803,1738232,5181784,637957,13879779,8190969,6190722
برچسب روی درب ایکس۳۳,12575332,12693022,6547871,8461270,7533365,3397736,6830791,14096721,1776517,8084947
برچسب سرامیک کفپوش,4151594,7038768,1029949,7547365,892501,157972,13550999,7882390,4547675,329106
برچسب سوارسکی,9321700,7976209,482795,8789858,12680721,7970320,671737,13025803,3329993,495439
برچسب سی جی ال,10059377,9239506,7844091,71942,8561802,734180,15319527,11112937,158528,13947570
برچسب شب نما,2103408,2864628,12684920,9791693,9860681,8320625,10893935,4826653,1677625,674062
برچسب شیشه ای a4,4863462,6695990,8838317,272263,1760985,772755,17815021,7684242,4614297,2893970
برچسب صفحه کلید لپتاپ,5662822,7380557,1048014,6435705,5025436,4582181,8071665,170684,13917758,2915486
برچسب طرح ابر,2257125,8432672,12751996,733765,11940994,7480008,8655927,10289010,10553926,10720932
برچسب عروسکی ضد اب,566235,5161662,1480794,81323,6013983,5071561,14874782,8725423,4395571,5109437
برچسب فرمان بازی,2787336,10703295,14274757,4877415,11098166,4495382,5703297,10633491,11224344,2171115
برچسب فلالپ بنلی ۳۰۰,496620,6461395,3849615,8481682,6141650,3644163,942712,13629361,9105170,82697
برچسب قاب چراغ سقفی خودرو206,13196606,3320722,14331365,1927521,16336108,13526092,6787215,13369143,3387748,11358108
برچسب لولو موبایل,15030538,1584733,7144000,7444508,14891147,1742756,5152888,9632153,8215382,1516895
برچسب لپ تام یونیکورن,8639614,12817900,677563,10122383,477164,14014431,10996549,3496519,8737931,8169830
برچسب لپ تاپ انیمه,15533994,3792052,13716822,7943088,8229659,6211018,542963,10630704,1020800,4952671
برچسب ماشین لانتنس,3792937,9385254,10159708,7907453,11349887,5592965,7980019,1047824,7662665,7855805
برچسب ماشین ۴۰۵ اسپرت,14213476,11575630,9567048,3638241,11970874,12549554,4935807,15114946,11042962,5281087
برچسب ماهوت redmi note 11s,3453135,9569556,5060776,702401,6448047,3307928,7859766,674062,6092284,7454369
برچسب مخصوص تیشرت دخترانه,6136694,5398220,8671752,9680078,3404079,55691,3554456,646667,6890835,10999888
برچسب مدل بولت ژورنال و اسکرپ,13880861,3025131,5026418,8423503,3381852,552599,4352555,10984525,7588252,9843310
برچسب میو,5488302,4071139,2085571,6974618,7192556,5639174,162410,2094624,2765082,7283591
برچسب ناخن با طرح اسب تک شاخ,8536946,723178,14388923,4386999,806089,9321700,14262609,8197472,950423,7451334
برچسب ناخن دخترانه مدل خرس,8334051,12546851,5846463,395762,5555879,2746264,9502262,1160075,12212988,942712
برچسب نم مدل فضانورد,10806235,2535703,12057521,5890321,757391,1021213,3098913,6135608,2675717,7954211
برچسب نواری بسته ۴ عددی,9478609,12123252,6614627,3497052,5357021,2487676,1617886,1953011,3184247,6078390
برچسب نوشته انگلیسی,4226290,1641465,4107592,4791585,6105665,286688,10063253,708556,1126203,5356031
برچسب پا رکابی چرمی خودرو کوییک,7373577,13083554,13344920,4433459,8751512,14884689,1140660,10984536,855953,1795756
برچسب پشت poco x5 pro,8929741,7013482,411197,9878083,4890217,10591265,9870251,10972745,496620,464362
برچسب پشت گوشی poco x6 5g,9001111,11628952,12869215,7118302,11000524,6107200,11813652,878724,6748468,10091060
برچسب پوششی آنر 50 lite بنز,7461288,7855805,134955,409154,9264770,726125,7602522,3942786,785154,9614729
برچسب کابینت طرح سنگ مشکی,476011,15205385,2028108,4783176,13530628,4585575,2554355,5622402,1617401,11942039
برچسب کاغذی,17097822,14038806,6806905,10722809,9357873,2196302,8307641,307095,15836024,5664068
برچسب کرم رنگ,532964,6181661,10757160,4331855,859111,13068451,667278,3283047,615164,7371634
برچسب کنسول و دسته ps5 مدل براق اینه ای,11392513,13804808,1003488,9895515,12431846,2407543,6779488,4204115,15340740,2423504
برچسب کیوت چینی بریده نشده ارزان,4536071,3818328,8535502,12094463,13254387,15297206,3306409,5129645,910280,6533827
برچسب کیوت یبلک پینک,11695682,11111095,1632582,3027097,6461395,4978798,8275133,11456874,2144579,2330465
برچسب گرد خودرو,2689836,12991404,2561858,10864424,6946867,10844318,13154422,11721766,2906190,2094624
برچسب گوش سامسونگ دخترانه کیوت تم سبز,8770709,196762,13536155,10279663,457298,11796792,3327411,3945686,8531080,12586759
برچسب گوشی طرح استری کیدز,12004169,6936033,9339202,3434836,8806823,804925,11273164,1161598,7220792,8083708
برچسب گیمری,3471063,8766222,212881,3824225,279853,2277393,2819510,8659374,6230137,7524780
برچسبمجموعه,730811,11124038,13832741,13266648,7363437,7805647,317579,2418637,6989297,1655174
برچسم دفترچه ای کرومی,17039636,1856417,7797203,8544546,10061052,2351861,4495195,8922676,2140891,1345136
برچسپ خودرو پراید,11330901,14522041,7465665,1144060,10189915,7165658,4348794,8983236,9669100,13865602
برچسپ در بانک بنزین,12078880,425857,7812626,9068845,11769387,11580764,509122,7889284,13131177,5066318
برچسپ پشتمبایلa54,6754789,10648392,4348794,877897,9826552,12571887,11098166,4386999,8423423,9748258
برچشب ماشین پنجه هیولا,9861910,15073378,3550869,14788207,12506080,5357338,3144782,13852850,15104501,4435713
برگ تمشک,12710813,8735928,1928758,11809430,14326964,1606824,2250588,2414238,647792,3772284
برگ عبایی گیاه طبیعی,9944694,1612355,14574540,9126936,9439376,2986975,14378102,13620175,12216494,378242
برگه A4,5260079,2933367,3825801,873126,10035800,1651504,13131058,5597339,8605280,10635382
برگه است چهار جوابی تست,937913,6524315,4352555,13897697,6943577,7147369,14042335,12441836,11224344,2090561
برگه فتوگلاس,12215001,544744,3780542,615164,3551212,10082995,5389706,9645029,4830134,2283053
برگه لاک برا جوش سر سیاه,13999587,1487519,14220422,2706820,5505856,14279802,12503760,13376228,7096097,8827833
بری پاک کننده صورت,5285459,68716,691459,4022270,1843483,9648168,6998499,5963977,9749301,6553359
بریل hdmi,9628316,12365445,11853882,11695665,8659443,7038535,4452530,6474778,5884397,1477021
بزرگ شدن آلت,5123200,3860866,6772657,2932463,7920573,8398100,88643,8315267,755465,4416503
بزرگترین شهابسنگ,1871957,5409641,6206772,7836235,7111920,3346503,396213,13848507,3778601,16483817
بست باطری خورشیدی,12878488,151394,7587086,644103,13399395,9886623,71461,4630526,629090,8395893
بست درجعبه,12498534,15034858,11032647,5545020,10498126,124806,490549,8133086,4087034,282644
بست کامل نگهدارنده کابل در دنا,6554716,5620722,9807887,10387007,6202050,7577059,2753599,14495080,5996903,6496163
بست کمربندی آن است اس,10456796,1923816,12686706,11433406,10253376,12532693,12455954,5228491,6413628,859481
بسترن,3090192,4418722,8688900,2682398,671036,158566,6090847,3955712,6815361,9527106
بستنی خشک شکل شکلات,14720281,7127873,14488282,4569256,4223955,732295,6078390,7340462,10446405,11876002
بستنی ساز بلانزو,9796828,6350773,7060930,5180245,1024106,3350124,199083,8774462,3152704,3229989
بستنی میهن لیوانی,11777691,12933971,1998521,6582726,7799532,11506193,4105452,13777064,2703757,585720
بسته بندی عروس,624673,7521904,5891778,9139656,4419091,1441868,14606650,2375395,7437726,8395893
بسته بندی مدل کارت.,13954676,1761476,3565413,13907409,1122950,3768544,11368177,7761376,5027027,13436618
بسته لوازم و تحریر کرومی,11519492,9717198,623009,4108417,9215556,9216197,282643,5280625,3162606,761211
بسته های گویه گل یا پوچ,5116408,7279314,15165767,72088,1628655,1621699,7798997,12600106,14891147,10742703
بسته کارت بلک پینک,7135168,4748512,9747174,12506080,1595358,595447,350400,10707054,9709270,1991068
بسته گل یا پوج,8368548,1035800,6882567,4511632,13002646,17567737,4734311,4929072,3993549,12981618
بسته ی خودکار چند عددی,11107134,6893620,10644422,10131996,1160809,2276162,1017455,7645771,2583919,6229102
بسته ی قلم ها ی نقاشی موی خرم,3223084,8193958,3955299,10536713,1901258,2262835,961905,7987018,1768109,3280349
بستهی کیمدی,10634256,2568772,5618757,15873939,7991389,7550613,12921564,3713495,817054,6753202
بستی ساز واقعی,2893970,526527,13849949,9793716,971006,9540940,10362197,3328828,14112919,5936108
بسکوییت رژیمی,6970871,794921,108540,16336108,5545020,6984508,4261189,1439902,9083865,12522765
بشر پلاستیکی,5346945,4644853,120258,12990949,616284,274675,2466261,1499342,2986269,81373
بشقاب آکروپال گل مشکی,608534,14382816,11263738,7563592,8391149,13727015,8328373,159941,6252585,11196311
بشقاب دایره ساده,9371896,3575224,8677650,8047249,3269571,13379612,1689085,14212796,274198,10944728
بشقاب سفالی سفید,3692410,12965991,817054,7813657,12454100,9843310,9623810,1870307,2394989,2809693
بشقاب طرح فلورانس,13611567,108540,1581825,2258357,10134957,5941649,14262166,5936108,2731192,7107256
بشقاب غذاخوری دیاموند,10334174,9077569,1810798,9026975,13661348,8615306,10665659,3922252,5703297,17548788
بشقاب لامپی,5575468,2132786,14391683,15959093,13715232,12554568,10683103,1029673,10636233,160744
بشقاب لیوان یکبار مصرف سفید سفید,9045018,277950,924553,2487012,12402803,6446396,12992663,7934152,2675717,9300325
بشقاب پرنده مدل اسپینر,1093618,4402895,4268583,59132,3950734,9457871,8123481,5190712,349671,9029360
بشقاب چینی گل,97115,3389938,15707925,14023903,212446,13227880,1602309,10852536,754380,2662413
بشقابملامین رنگی,12779149,7843027,788542,2700176,6508907,8605280,4626056,169240,82118,178762
بطری دحوری,8523926,7477029,2196302,7553658,8950594,6261040,13364158,6940852,11721686,10729478
بطری در دسته آبپاش,2081882,15306465,5011442,3432901,4268583,263790,10934228,9795665,11165628,5260079
بطری شیشه ای طره پاکت,7118302,9276327,5389706,10693590,5129444,11465854,635310,2603710,9638669,8267433
بغل هوندا 125,4391448,17398361,6901968,3470463,395762,4238492,13706781,4967179,10893795,4852451
بك كاور آيفون سون پلاس,7801311,11224344,24775,7219645,1144352,4254832,9445237,9629367,6850079,5930020
بلبرینگ چرخ جلو پژو 405,3545064,9147790,521121,1827219,10632211,9520539,4089442,3232487,9071525,2559335
بلبرینگ گیررکس,4882650,191846,3218826,14338296,14096721,12688760,10425290,13906966,7407820,2491087
بلند گو پیکان وانت,3607248,1931645,9339202,3784786,6460591,7501115,15641477,326946,202375,6984508
بلند گو ۱,1558818,13440432,10210459,5026076,6266760,3373841,11424616,9761959,9729133,1552131
بلندگو,4824790,2992,52457,3713750,9361278,16537781,12428435,12177638,937913,5528497
بلندگو aragon,1984456,8111206,4818336,6406638,9906836,14638250,9577321,11840984,744279,9788096
بلندگو فضای باز,15126953,10288193,52824,7111920,3135503,983854,8186728,12549554,2675756,645600
بلندگو ۸ اهم اسپیکری,15873939,35523,10860371,17058307,5821167,8820530,3723264,1659259,2441830,400168
بلندگوی 4 اینچی,1999745,11025870,6953542,5618757,9480573,5728155,268240,214841,4428121,1548670
بلندگوی ماشین,7172055,13321487,152123,15069967,9021822,8693975,11433406,7662294,11246905,9781991
بلنگو میت رننج,7930359,349676,5091399,4684626,10455143,7135168,8494071,6810419,7812626,8723324
بلوتوث سیار Bt-dongle,4653509,1514664,4452658,10519102,6377946,5110719,12214658,921961,6772505,269306
بلوتوث ظبط خودزو,2958150,11699280,11765611,8370339,563823,13706781,4999495,5182103,935451,9597396
بلور چراغ جلو پژو,10635917,1157087,6245149,5131127,2926552,12456849,15147803,3457566,10901919,10418959
بلوز اسب تک شاخ,10519102,2805018,13357606,13466118,8488225,779617,4696564,8616655,3580571,14860361
بلوز بلوچی مردانه,9291384,10081971,1619768,4190115,7644331,9445143,11547843,8244011,5264418,5679099
بلوز خانه  زنانه,1917569,401105,4325093,4990008,11682082,9337800,7291130,10599126,9896560,6436906
بلوز زنانه خالدار,591097,669307,9997705,6593522,124806,543,9520545,4181452,14082098,2097924
بلوز‌نوزاد,10632942,4371738,3515888,12350676,13533011,11670350,9089076,1724979,9360788,6533827
بلوند کردن کرم,5884397,3154318,3882961,1763712,3623050,4119606,5963977,525614,113653,8670445
بلووزداامن للی,4348794,1626901,261051,14799817,5092438,7653577,10903141,1136176,4395571,8337966
بلیا اکسفولیتور,6166323,552307,10425290,16656476,10828899,1780834,4390181,8692023,6622267,4139554
بمب ارمب BTS,12560714,16072099,10769991,12957372,1420638,5156672,13676115,1732746,10655608,5664022
بن تن دیوایس,1809269,15772253,7898863,3245302,13929076,15186788,577147,6459788,8985053,7924960
بنانا فِلِیوِرد آدامز گام,3368623,280271,6475537,4000750,1022396,2444236,10311550,11717667,10683103,3054003
بند  سیلیکونی طرح نایکی,11748938,4189613,5522124,4246562,15627975,12349726,6706357,9315706,3956184,5413819
بند MI BAND 5,1533016,3257807,4122281,7843027,4952671,12940098,739779,15511163,11568979,6343668
بند galaxy gear s3,2067376,364752,2907018,7618978,3234768,13518137,7461461,937828,14398220,14192992
بند minand 6,11699458,6821872,11322928,11244895,12114587,3306896,4502122,1543627,288078,533354
بند آویز پستانک,7963042,11249656,6406422,7898863,7086864,1104172,3046384,1144060,35299,12937088
بند آوییز,7724759,5753864,6305458,9362011,99328,341677,16693891,733785,10500732,51924
بند اسپرینگـ,7128270,142262,14398384,3570769,4495195,7065338,1768509,73856,7278598,680665
بند انداز اکسیژن,6748254,7065338,11575630,12688957,3514157,738077,14922341,8804482,5746546,3179083
بند اولترا سامسونگ,4386912,1116925,3098913,9201855,7364490,3537350,10771614,169973,2196258,7988240
بند اویز گوشی A10 سامسونگ,6851000,10620531,6062855,7632776,10183508,13274339,11198942,684205,2969986,10146144
بند اپل واچ سری۳,686339,4631112,1489847,3621667,6373656,6145047,267438,8489068,9251713,5347419
بند رخت دیوار هتل,2100510,7357985,14054239,1763589,9843525,15340740,3206052,17443537,6870884,1592884
بند رخت مهر,4170530,8481682,4185887,5180245,14322897,9180751,123215,2666771,69845,6331877
بند ساعت gtr 2e,11479607,3371358,17815021,2351415,2555157,9793563,9654161,9255949,14439591,10653856
بند ساعت rs4plus,14793930,1441171,9436496,5700211,7917791,1139534,4486514,10090799,2682398,3785854
بند ساعت الگانس مردانه,5826102,14876850,3198163,7048065,7479385,11623178,1114234,5221431,6348578,11592187
بند ساعت اپل واچ آبی,6419280,3150946,1101531,10521208,644103,378044,14565825,4452500,5716984,49766
بند ساعت سامسونگ 6 کلاسیک 20,9339202,2160141,3397736,761211,10654402,1868597,4631112,10873922,2933367,7004735
بند ساعت مچی دخترانه ی ساده,602359,1745551,2441995,17607188,5836503,190713,9599582,5417052,6524315,2843881
بند ساعت میبرو T1,4261189,16027580,7265386,14763098,4210424,6411263,8061397,11698854,6240057,2682398
بند ساعت هوشمند اپل,10538870,5178689,5281080,13715232,16592579,6348578,340779,8110066,11910180,11721686
بند ساعت هوشمند سامسونگ active,6882054,14176170,12684920,9789567,676111,14851833,82093,3961887,13044008,13784427
بند ساعت گلمسی اکتیو۲,4569256,13167560,4409667,7956277,3332801,637957,4532245,645879,551022,16559392
بند سر پسرانه,9668361,1047824,8432672,3255186,6706357,347269,5764692,10563340,12219863,5396489
بند كاور گوشى,775333,2230861,6742314,1703895,12016209,2951264,7723998,2110057,6830905,8478946
بند موبایل طرح النگو,1572826,8950594,4261189,13350621,602199,160392,9984274,8286788,1581754,4782055
بند موبایل طرح گل,1157860,640031,5329771,8093927,13939525,10822319,6580689,1455168,4728336,10920318
بند موبایل مدل 01,6159749,12722869,2838762,13461620,8714816,6870884,12044854,8873557,8535502,8478946
بند پارچه دی ساعت هوشمند,5395458,6350909,11145215,1072595,8163117,12935923,15055116,528971,12871160,13325975
بند چرمی اپل واچ44,7278098,13977357,5083435,3524979,1597971,9106893,3523514,11851294,1460055,57321
بند گوشی اپل واچ سری 10,281133,4679632,1991068,4441224,6855429,1649577,6998499,13281648,6136708,6884446
بند ۵سانتی,221364,12590872,11105977,9629625,11920312,1439864,2561858,13215408,11721766,7577455
بنز دوربین iPhone 13,9879686,7142116,5709489,12988358,7924512,9807887,3539005,3654193,6350909,330843
بنیان اندیشی,82111,4486352,9983214,167410,3343597,2316014,7454085,10823817,13504983,8529398
به ترتیب پرفروش ترین کالا,533697,670162,12499125,4322738,9839599,14793930,11717455,9480573,10544675,6245130
بهار ازادی طرح جدید سکه,73702,11743122,6323922,9371896,6823208,1484777,4076941,7513569,9673893,6932366
بهار فلفل,561419,12247139,514062,6383690,9388540,9020294,9329090,9126030,12349726,13028920
بهترین قصه های نماز,4033451,8523888,14096783,12056902,5130999,10148280,4261129,8106665,14116165,14337860
بهترین مدل ضبط پایونییر,9717198,2238243,9782160,5319481,796229,13025803,1787549,848151,7843326,4437935
بهترین کاور گوشی اس 23,464362,3904229,9296886,12402803,921961,1447966,1946671,13105650,7065338,735088
بهترین کتاب های بدن انسان,3907654,518357,9976443,16613440,217019,8338751,16720639,983602,2050509,7954927
بهترین گوشی های تلفن,4704253,5857844,7465654,5948638,7626899,8812256,12117693,9958566,3320896,7385077
بهداشتی های نوزادی,10611243,11228214,12222869,5618276,9233353,82697,11241363,15073378,5521775,2898843
بو یو بالن,14322527,8509775,12395584,419085,11145215,2927696,11137693,10881540,2094490,4402895
بورد بورد,11623178,977697,12009083,10064894,4478021,10480997,9020454,10082867,235857,10610120
بوروس دخترانه,15367405,8159256,12590872,11947958,4816942,6237630,4331855,12455954,14257875,8521561
بورژوا هلثی,13836558,7461288,7260100,9953477,12318197,2109104,5297748,17177349,494104,4678062
بوریج کبینت,8816886,6860798,9843310,3644163,14312651,4235421,3509610,7731917,3621770,5746546
بوستر اوتوماتیک,13266203,4985247,1958658,1789517,178772,12799796,1747689,4424783,9733549,9389159
بوسک,5298345,8815105,1621630,6560493,1117102,1003107,6838163,5226140,9105099,8890436
بوش دنده زنجیر,5102788,312953,11699162,6107282,11462027,10758233,996120,7303131,4121114,2351888
بوش سرکمک,3365847,401242,12224131,2854554,9866526,5385015,3047128,761645,865368,9976443
بوش پیستون قائم,4007035,4725165,11594759,6060757,2258563,7796412,7729570,7422785,5061921,3331675
بوق  18 صدا,2492887,12204734,932459,12212151,4753019,12380068,1802368,2514163,5170003,8077717
بوق حلزونی رگ باری,15843973,84463,9827862,11011909,3500158,7360152,2854554,4046257,9359293,7890775
بوق موتور سیکلت مدل honda,10333025,4096476,9894892,12365445,1949737,1099886,3783648,12311019,1563637,9860681
بوق ۳۹۰,730811,5173333,13835855,3237727,433182,7301613,9540902,6152102,5630320,1126203
بولوتوث گردنی سامسونگ level u2,1491115,9029360,13494305,12944358,14032551,546124,13856310,11715642,10903141,3265733
بولونیا برا حمل ماهی,3249394,4452531,3536523,7497130,6946867,10462829,7426186,6554716,10948118,7306054
بوم نقاشی TZ_1,14042768,859931,3783648,11156752,5700211,6161608,558843,11610493,10824198,227680
بوکس صعتی,12247139,14964963,817054,12043381,5148050,216900,6752724,2051041,7375515,859931
بوکمارک,12106618,5325285,6819000,6144723,2365230,6868419,10651437,3385777,1003390,7608860
بوگیرژله ای,152110,7745142,3805248,17589456,10240052,2734184,104631,11455959,19295,6280450
بوی اند گرل دالز,180395,7588252,2588057,844531,9842660,2811369,1680521,1991068,511859,3701580
بویز کامفورتبل کلوز ایج ۹,12662004,7556398,14478692,2110057,11171746,4956897,3706469,9716931,16336108,7375515
بِرد فود بول,13369143,5366234,13615782,4917171,185902,751919,9708003,453777,13148210,80708
بِنِلی فیول تَنک اَکسِسوریز,1115788,14346547,139696,5449019,123428,7379247,8141377,15014636,11373570,4391448
بِیبی کَریِر,8367504,3612596,2568772,2330465,6180333,17037730,8445425,10134957,12283138,5804075
بچه های خاص خانه,3346503,4959376,5803476,4916098,3644217,684205,3773186,2012052,10211121,5004118
بک کاور گوشی pocox 5 poro,2288660,379758,1154968,6806905,401242,1516664,9220839,12648952,5347861,5347419
بک کاور گوشی سامسونگ galaxy s23 ultra,14152346,10077614,5668815,10914314,1481699,5031075,9585969,15319503,294012,8280670
بکا,9290682,12914704,104631,1047021,432653,14523987,3169130,4825795,9438140,620316
بکاور مای کیس گوشی,1016559,1079576,5093286,2734184,8532954,7504341,1811853,10996549,1874610,12323073
بکس سایز ۳۱,7865355,7697738,4290740,10406553,1505408,9735156,8886721,6713474,8938359,13431400
بکس ستاره اسکای ۱۹ تکه,142262,2041020,13160534,1608330,6876011,890360,9438140,2285284,4439658,1020995
بکس هدیه بزرگ,1967953,7275002,9220839,12194222,2262129,2023379,9265137,509122,13525678,11747272
بکسل بند آسانسور,9799940,3408934,7914100,4241922,12143102,4925525,9139656,13299223,6247336,3956184
بی ان دی,4348656,9899588,2525763,7925806,14724466,797396,5161662,8928495,13647786,7086864
بی اِم دابلیو سِوِن,2971948,4682310,14350372,13964709,4349344,7117020,6735701,12062791,5796311,3591118
بی بی کرم تامیلا,11196611,1125449,7204175,8971127,3185092,1709177,11607769,4099036,3740920,8069225
بی بی کرم سینره ضد آفتاب,4310713,395674,13816908,4935468,17351803,3382080,11135079,11433406,2118749,4251866
بی سی,3299334,427025,8414644,8432672,12215001,3519439,252103,4791465,12601366,12055540
بیبی گیفت کندل,13354498,14032551,8693975,2316014,10692740,15028893,6500727,12450379,3624415,5720281
بیتروی,7135168,8669849,1568408,1921465,13276121,816135,14495355,3323638,9567498,13907409
بیزنس سان اسکرین,8560835,191576,152110,5066318,8834256,9761959,728026,15114946,7062154,9445237
بیس کت ناخن سالن,380267,470122,6139064,9830425,1070635,13692498,107982,11826104,6593274,5109437
بیسوس انکوک دبلیو تری,1157087,1932704,2925288,1563637,10596165,5551003,3919520,6090666,7924512,2258357
بیسکویت های بای رضوی,5253454,4536943,3225586,485090,5907296,4181452,3063106,56912,3207817,7248029
بیسکوییتnestle,14555784,9136299,467306,15258075,6748502,3783648,8491338,13227880,3572983,14168666
بیسیم ها,9740033,1874145,3888213,8808913,8141377,9094968,15536181,13401998,202993,8332806
بیل باغبانی دسته بلند,7947635,7971987,11840273,7956277,1519836,7643866,9583859,2830753,7577455,13321487
بیل دوکو,8359706,17304884,5329771,9009983,674036,13677379,6013983,15069967,4165937,4172151
بیل میکانکی کنترولی بیظین,5652072,2222566,4146139,1120095,6054997,962101,3254639,7638525,6926013,7999221
بیل و کلنگ,13677379,1149791,983009,3496519,5426017,813540,272857,3500901,539062,13951460
بیلدینگ اس بی,3330902,4374531,17060974,11029535,8549674,11419550,8355873,770458,7612355,576371
بیلچه کوه نوردی,3046384,17633615,147439,11769387,8896427,6826356,3195329,633387,12774881,570764
بیک سبز,4236441,10892052,4890217,6906343,2016450,2534522,7958880,7662294,8523926,11165628
بیگ بویز واچ,2046421,7491913,2196302,6461093,10220255,13968566,11682472,2986269,5093286,15967853
تءوفیلین,5280625,6790296,9147653,12095645,200770,5182103,596699,7536027,8498898,5575468
تابان پات,1762114,7546522,2825886,11348511,12213603,4007035,9627102,8780629,11958261,451449
تابلو  اسسین,11178970,9389159,4877971,4172151,5356031,8646801,7350088,4666683,3498911,6770785
تابلو اطاق,6830539,817054,5019972,10302972,7279987,12673403,11161719,129694,5189014,8929741
تابلو ال ایدی سوپر مارکت,6990645,6062855,1414797,1467660,1154351,7855805,1003107,3155935,674062,12076186
تابلو بالوتلی,295751,475845,1813686,12096701,7888010,7745142,227680,5031075,3871488,681938
تابلو تاکی تاچیبانا,1699984,4397081,14139392,7545746,9636699,5762262,9958430,5895194,162410,7958880
تابلو جلو موتور سیکلت بهرو,13174538,4268583,7989717,11824655,12114587,68830,16669316,429723,3470463,1797827
تابلو جی تا ای,2385260,5503358,9147929,1481699,522903,777144,1571159,2555157,8618394,1743832
تابلو دلار و سکه طلا,7836765,5776870,8501934,3039913,12445779,6154657,11145265,13982222,9296886,15147960
تابلو دیواری فلزی نستعلیق,254080,15094280,7294795,11681449,287451,7999221,4953306,1104172,288078,9267983
تابلو شاسی بکلیت نقاشی,435451,15028893,164619,11670350,15095964,8531009,5409641,6868419,11498716,6781339
تابلو شاسی تیم لیور پول,11721686,6654067,214841,2442889,184274,9983214,5889381,15895722,1514737,4931454
تابلو شاسی حاج قاسم,8759938,11098794,9080322,112897,8754590,9063227,4121114,14271321,816001,12844284
تابلو شاسی روز معلم,14299009,2130522,384314,10648392,12775091,7390635,5460742,9578637,5890321,97486
تابلو شاسی طرح نئون تایپوگرافی,36838,1649577,2313052,80708,6474778,8838317,394057,926580,913351,11165930
تابلو طبقه ۲,4264439,474279,6762673,103641,8955487,6458182,1762114,14720281,12774902,410036
تابلو طرح امیرالمومنین,1552131,9719761,9857792,1122123,7356395,459395,3258151,3162606,891524,7920573
تابلو طرح جنگ ستارگان,49393,6327528,4065469,3513813,432653,9703599,11157453,9781991,15627975,5004494
تابلو طرح خداوندا مرا آنده,3013565,2986975,433182,8777045,9380520,6163212,8448494,3855137,7108523,217153
تابلو فانتزی ساده,960381,676111,6772657,3942786,14187695,909730,14525482,9814011,12886626,12656609
تابلو فرش اللهم عجل لولیک الفرج,11932261,317579,4378150,6223265,5062268,31852,6901968,13836558,11562239,4649136
تابلو فرش علی ع,8723324,12197331,10094197,157448,482795,795328,5268387,3071170,14721045,3120224
تابلو فرش هدیه,384571,12935923,308517,13519626,3371358,3405536,982993,12506890,11443530,14606650
تابلو مدل اچ پی,8688900,12375156,12450379,5840935,4514009,10161806,1949737,13471564,8506314,2373857
تابلو مدل برلین خانه کاغذی,7745780,14054239,299944,8449261,10635917,4481700,4675504,2421535,12376576,5799080
تابلو موسی,4006952,2773505,11150542,2552061,6327689,6834237,9234149,14052039,7663882,3431953
تابلو مینیمال دختر,4500400,1464377,13671627,15306465,299944,12911938,557987,9277692,9358671,11594759
تابلو نشانگر کازیوه,15372734,7634670,576821,1156848,4173722,2097496,6433138,1621630,8909113,8183334
تابلو نقاشی تذهیب,12305674,5004118,10722131,17304884,13465465,408640,7368232,1849719,5095462,4477129
تابلو نوری رمانتیک,2906190,9251713,13828983,8232361,4437935,2438582,2042181,36838,3786538,2888891
تابلو نوری طرح اسم اسنا,14771408,4909879,6475537,11475653,2242479,2895961,736874,6197168,12688957,9570970
تابلو هری پاتر هافلپاف,7151427,12100106,8127544,5633731,1290089,999220,13710651,8218017,12559255,14116165
تابلو هورایزون,8467382,5060451,7361950,11989850,3471063,5873413,10621046,7670489,2260890,3716034
تابلو ورق طلا بزرگ,5948450,7935982,12520106,9252574,3364429,3211073,5796314,4088765,10999066,9947773
تابلو کشاورزی,10520790,9022790,13985468,4063077,11161719,12217894,7902972,12552785,379343,10828044
تابلو کوچک با طرح فیلم ها,14188564,10177280,5932038,6164402,2166223,7144875,9401053,12496394,9286195,7038768
تابلوی فرزاد فرزین,2894923,4443411,11098593,7561144,52824,12021769,12586759,2205336,7426186,6260612
تابلپ بی,88643,13191343,8732036,7535192,3139324,3068071,3033133,6859966,5700211,14763098
تابه دسینی تک دست,1550981,786933,17536916,2196258,2396283,13983929,12283267,16310340,11367985,14554743
تابه سايز ب,3871488,13134598,7495372,1826170,5229257,1161679,14821528,3366928,3272499,3955299
تابه نااینو,6184497,6274414,6035037,9037666,8370228,8671752,2055943,14486755,8589994,1149791
تابه و قابلمه مسافری,8368358,13083849,5064718,4117274,2097924,4374531,14574540,10730025,12543936,5836503
تابه وک عروس,12069630,6003185,9619427,10977036,2732077,657657,10162415,6371952,13340581,6433138
تابه پیرکس نرک,8693975,7027586,2967739,14852587,2492887,9909994,11492437,14566452,1487519,8271644
تابه گرانیت سایز ۴۰,11198942,526298,827203,8675578,3481212,7235784,14077482,3265330,8083708,5555879
تاتامی برای ماساژ پا,3643724,15114356,6406905,284267,3048830,7491913,732825,410036,8400781,12554237
تاثیرگذارو کلیدی شو,2176301,7440533,2507543,8143640,285041,5285459,7888690,13727848,14312014,5932038
تاج  ال سی دی  گوشی,10676026,7134009,13778709,294570,490390,12375903,11640402,11724481,9665263,13033548
تاج ماشین شاهین,13203408,14398280,451963,1851696,12284171,1045063,153508,10603317,12054697,9330621
تاج نفرین,5443628,912146,10062088,4268583,9133186,435451,10517307,11765611,5083435,10434136
تاج وال سی دی سامسونگ j7,6913718,10828899,4528161,2744686,5716984,75270,8611971,14351770,4649136,13804774
تاریخ دهم گلبرگ,109512,10359413,1747689,7604444,281447,11830223,5131123,7497130,5316473,15001598
تافت اسکارف,10740002,10635917,9919695,8882003,5343249,4207087,3287572,16414350,1085000,7124829
تافکو,14891524,1002768,3904662,1350873,8326812,7091950,5992012,385198,7655336,145838
تافی چند رنگ,401105,2109417,9169544,13117448,13804646,11188019,4015327,5992012,12337287,8823095
تامفورد وانیل تنباکو,8886721,5059385,10691718,10347632,7203816,123067,14958165,3398369,6107282,5586007
تانک دایناسوری,8586965,2457634,4423608,9928892,2382422,4832192,2127951,13217179,683854,14360660
تانکر آب پلاستیکی,5349411,8381569,14023903,14990284,13213147,3666815,10815671,5337409,1093661,9540940
تاویزیون سونی x90l,2009530,6456374,31644,6955660,7635706,5742706,6212262,15196681,9965789,3437
تاپ بافت زنانه نسکافه ای,11246431,3971425,8567079,1768509,14017355,191576,6762673,6467802,961300,3632996
تاپ زنانه کشی,9997705,15340740,10404044,17456185,8187878,7624816,9673893,5205826,82048,15533994
تاپ فیس کانسیلر,9708098,6817528,11433978,9330621,3451396,1885744,11835776,999262,3875383,14638569
تاپ و شورت خواب بچه گانه,11162265,5497765,12124805,8792479,1126099,13359318,1136555,10262401,2009191,12457774
تاپ کات pony,8933199,11362737,486750,919972,2081187,6175504,2050509,7379172,1868597,13156585
تاپر کیک طرح دسته پلی استیشن,1145291,670122,8366074,217019,2475940,5545158,3428211,6913718,276319,8310880
تاچ ال سی دی سامسونگA7 2016,5373611,5282679,685446,7427113,15636106,3553600,11244895,1901333,757391,8982851
تاچ ال‌سی‌دی هواوی نواپلاس,8794815,4952893,11281765,5657926,4182709,6752724,5075705,11960134,8174589,6239105
تاچ تی زیرو سِوِن,6838467,162492,633484,4304895,14031452,12114587,4977877,5419091,9668361,267438
تاچ و ال سی دی موتورولا g60s,4972133,14024753,9077569,3366928,14078112,17398361,804925,4417108,11699280,9422726
تاچ گوشی galaxy فقط تاج,3633322,1775829,6090847,9932602,8328373,6152802,1454599,2013405,474279,13533634
تاید پی اس جی,15302238,13969562,14076582,607269,742799,12110498,8891000,2675756,7818581,1863310
تایلامی ۱۰۲,11593938,153508,253393,528971,1122950,104631,11149658,1718585,9180929,8688900
تایم دایکو پراید,4051553,51924,12506843,7935982,4984375,7750051,733765,11421317,7954211,3500901
تایمر غذا ریز,5413819,5119105,6838826,683854,10420928,10346293,429720,9229172,4454387,13471783
تایپ سی تو وی جی اِی اَداپتر,12634048,487724,9828833,4819160,1481699,3686492,5019972,3325837,27830,1129343
تایپس آو اسپیکرز,8665806,384261,7954211,8577856,16130108,11696856,8028665,14862152,2094624,7978816
تبديل hdd به ssd,4296039,11347199,11708249,99328,6197922,2110057,3721024,526298,6745919,2052436
تبدیل hdmi 1به 2,2725449,5716984,6210801,1161598,1828722,877254,2501174,4704253,4867366,6135391
تبدیل hdmi به سه فیش av,15636808,10455143,11909673,855511,9243998,52824,11002739,180912,5070528,2744459
تبدیل بارانی پارت,5182103,3517431,4230579,8141019,51588,5987137,12391577,6929586,9600229,3500477
تبدیل بازی دسته پلی استیشن2,7597200,4348794,4897005,8445425,1459872,11269336,490435,10799443,2075077,1770280
تبدیل جا فندکی ماشین,12775091,4390181,9138535,5119105,8423792,5618757,9094968,11696856,12296936,1435319
تبدیل دریچه گاز ب منیفولد,2102520,3022844,1590579,3553600,7035312,8686817,5050942,11153458,7956277,7565716
تبدیل هالوژن,6902160,4351903,13167520,222399,2469861,11173228,1877280,14214794,178772,7004735
تبدیل ینی فرز به عمودبر,1145291,589137,5679099,10634256,3855570,6220344,7776983,8315250,2190909,657374
تبدیل ۱۶,10722982,8368358,10823610,10668656,4181452,14151404,9358671,7147625,15489612,769897
تبدیل ۲ به ۱ کواکسیال,1140660,5407342,6696145,190122,5668263,12659336,2333256,214841,11377769,12204734
تبدیل ۶ پین,9252574,5258933,2095608,11151891,7684242,6435265,7266005,1439902,5699051,9013302
تبریز جلوی روشوی,917220,10336591,12419954,3013565,8695838,17398361,10753494,770259,3404079,14135524
تبغه برف پاکن,2792992,11270596,5632277,7623616,11075754,12402803,8492315,7248029,11455959,801751
تبلت redimi pad se,14082098,9463740,3048569,7417615,7344545,3792937,3532969,3475356,3773186,10245642
تبلت ارزانترین قیمت نو,3591118,2444236,1457325,6602967,4322738,6547203,2357548,2457948,2205336,6596396
تبلت استوک,9385254,5152752,8494398,2960094,9411876,741055,1577264,6241499,435240,4417108
تبلت جادویی رنگی 8=5,9797238,2864628,11589339,1958831,349244,2029719,2969986,3308038,103095,9445099
تبلت ردمی پد شیامومی,551022,3773186,7237459,4953123,5197288,7976209,7125366,10999066,4270359,10406553
تبلت سامسنگ اس۶,281447,5080871,7499349,3773573,17751721,5064582,2842595,9563117,14370644,8331727
تبلت سامسونگ  ۱۲ اینچ,6163212,1927795,8029592,6159749,12710813,7544531,8009061,14473540,2842595,2719011
تبلت سامسونگ Galaxy Tab A7 10.4 SM-T505,2103408,5581620,4322738,9772859,10148280,7932823,15029694,1974618,9278594,4970277
تبلت سامسونگ بزرگ قلم دار ظرفیت 512,1645570,7380557,971829,2102520,6010088,10912381,1571159,4496965,5488302,9027322
تبلت لنوو Tab M10,11419580,367650,4830134,7244370,11777691,472989,48690,1439867,9527106,14848042
تبلت مرغوب قیمت مناسب,10701828,11859478,17647594,196351,4448013,8945874,1487225,1823585,8237708,6770083
تبلت هواپی,11616787,224150,9414390,10891628,11698854,14519554,7540371,6075796,3582917,743370
تبلت پیانو instrument,10886706,10947891,11246431,1829693,10753494,8282083,15806224,14633627,13662403,6744212
تبلو رزا پیشرو,9384931,5632277,8675008,7816428,3048663,606344,9921696,4314693,829181,728168
تبگیر برقی,3716034,10006431,6531055,11149658,2487012,10611401,9021822,9250533,2268047,6936033
تتخته بر,12821919,11116159,3337746,6850079,9060954,10578487,13364523,2768162,4984375,10999888
تجهزات فلزیاب,8418553,11346346,12090299,2047207,6833688,10493947,2610567,4391448,9588832,10120929
تجهيزات حيوانات خانگي,8315250,8816886,6836305,6936033,7185932,11706172,860400,14287592,7009820,2393637
تجهیزات استودیو  خانگی,24775,7295871,4793179,17512480,9414390,2941244,4374531,4409667,55691,14783795
تجهیزات ماشین تخت تاشو صندلی عقب,12057521,6349467,2212020,8513506,10634104,3621770,674062,5762016,706778,8127544
تجهیزات پزشکی آرنج بند,2032757,2751858,12527301,3150728,638338,8381569,1516133,13942221,534592,13283717
تحت فشار شلینگ,15290047,5821167,10587154,12416760,4390181,10784475,9756715,1826170,6392775,3027828
تخت باکس دونفره,9333587,6245149,242880,5165276,2069609,3896057,1958831,14128574,4823722,7294075
تخت خواب  یک نفره بچه,7301351,10310417,1829693,10334174,329106,9385874,942712,13384382,11188019,33592
تخت خواب برای اتاق کودکان مبلی,7345465,3182932,7775776,10044979,9068845,166234,5426875,12217516,10677094,2648343
تخت خواب دخترانه رنگ سفید همراه با دراور و میز,3998323,14310946,3549810,1161678,4437935,4959376,12976560,8577079,222488,963026
تخت خواب دخترانه یک نفره و بچه گانه,6374300,10220255,7611671,10948118,12500133,1732746,8425139,11132726,15982093,1568281
تخت خواب دو نفره دیپون,7963042,5343249,5077306,180912,1677625,3420517,3955299,4488066,1439864,657374
تخت خواب نوجوان دوقلو,1003488,9249898,3098779,8671752,8714711,6962428,12452964,12095645,9863317,12166354
تخت خواب یک نفره بادی,7888690,9296886,10784475,10653856,3563723,8955395,14868843,8053291,7790114,9269465
تخت خواب یک نفره باکس,3622380,885682,1514664,10646502,4418722,8806208,11716692,6158866,272857,6507549
تخت سنتی چوبی قهوه خانه ای,6774949,6427337,7300449,1763589,9864095,7797203,14525482,5221431,212881,13853364
تخت شاسی طرح شینوبو,4264439,9593967,12894238,1015441,14413764,10857130,3140001,12401564,111707,1612670
تخت وکمد  نوجوان,189571,1905130,15147803,11467023,1927795,3692410,708556,6190722,7626899,1112124
تخت کودک عکس فوتبال روش با,1060996,6090666,2841775,2308497,13778709,7975822,14760870,4310710,6748254,2941244
تخت یکنفره کشو دار,845953,9224976,158528,10231475,6161608,1829693,10974840,6975559,604326,12454100
تخته برش آشپز خانه,10260791,7094925,12015718,11275113,2259182,5357364,1586166,13150307,5497765,1744686
تخته سزو پیتزا,1017501,8489068,6065680,3207817,1015441,880639,9480573,1516651,2830183,14782819
تخته سه متری,343482,7279987,3884717,7038768,4192569,12518784,7877923,5346945,10860107,8598954
تخته سیاه طرح سایز,4321877,3935194,1122950,9105099,286688,10240052,1704612,221090,1140660,15339692
تخته شاسی بهاری,10527339,4349344,8476668,9905265,816444,1119662,8820530,4230579,8736641,9126823
تخته شاسی عکس۴۰,2009191,2963787,15489612,306005,3941575,2523554,2177156,1958831,11171746,10934087
تخته شاسی کیوت مدل سگ,5261987,2698211,415439,10571974,2776377,680665,1127718,8259586,8902718,5740503
تخته لگو,9052476,10996552,12930590,6154657,8774462,15113204,6452107,3498911,9677180,829181
تخته پاکن,6159606,2973284,5362159,811459,7444105,3671737,14144893,12149756,804925,1424203
تخته پی  وی ویسی,1539197,11560128,12295499,6265787,12784245,1126099,13364788,11398308,8806208,3929078
تخته چرخ گوشت,2935649,4862129,1506889,38820,13131177,9893926,17035873,202682,3016694,5744373
تخته ی مهرهی,14030491,10244388,6129574,8949562,4532802,1471612,8235932,13631449,968831,7380375
تخفیفات,9987921,12417844,130792,9356340,1482105,1548670,7033494,8497576,9665329,4158441
تخلیه زخم,886651,8339334,8896427,12388741,9699869,4314484,8435870,11699458,10649152,1710162
تخم مرع رسمی,6278780,7758153,7556398,9860401,14105831,14973035,10570478,12311019,7325227,8332806
تخم مرغ ابپز کن,7577059,9743231,7835596,15165767,13763185,9470748,12436834,2568772,1023734,6882679
تخم مرغ سیمرغ,16455986,1161598,8391149,12492669,2063886,411716,14851833,10355916,197421,8549674
تخمه کدو زربار,15028893,4877971,8729265,10903141,7132885,11827932,13237105,844531,183120,15963251
تخم‌مرغ تریینی,1563637,13781222,3734565,6339428,10654402,9800297,909730,833471,11255216,7776983
تراز دستی بزرگ,8161925,9075982,420288,10952198,3745959,1505003,9570265,9983214,16130108,8927059
ترازو body care,330734,1922447,13507309,9238765,4564067,9851720,12694048,16414350,3689525,143601
ترازو فنری,4176124,2747677,4726765,9051696,1049100,157448,8422631,6610727,8198325,12640343
ترازوی اشپزخانه گرمی,325143,552570,7265386,13141511,797396,3500901,12821919,14882746,9938759,14783795
ترازوی دیجیتال ۴۰,8011488,9488962,166234,4474955,3882123,13238409,6833688,2014710,9484090,84636
ترازوی زعفران Dm3,348422,5350250,9842660,6152199,3048663,8491338,1021213,9250165,285259,384900
ترازوی طلایی کشی,1562421,1432204,3055781,12522765,8820530,5197288,1487571,33592,12958743,13569337
تراش برقی با یو اس بی,3166341,1029723,10741729,274675,11433978,1626562,14086563,1662534,8513272,7465654
تراش مداد بزرک,537668,6276902,17443537,6566208,1130441,2597127,7354748,5581620,7084646,3596037
ترامپلین کوچک,797880,55352,8717298,5592965,5119153,10726910,8537836,2832628,200770,2856776
ترانس اجاق گاز البرز,3570870,10544590,6791039,1645296,1475443,4878993,3329216,865368,17607188,3632996
ترانک,12889866,5488302,14985370,5050942,5796311,7121107,691040,2751858,8549674,206083
تراول اکسسوریز,7797971,2917060,2126582,9726998,13706781,12807344,12774881,15115718,923971,14891524
تردمیل دینامیکی,8275133,1439902,6755271,1020800,6556190,9693280,15578494,13415140,8842022,1621699
ترل جی وای,15104501,5840935,5892803,3576216,10591265,1897704,2724761,8381569,12057521,13530628
ترمال اسپون,7964485,12528544,17480967,13278798,12894905,534530,7477029,8636262,7086864,7247698
ترمو اسلیم امیتیس,159941,9603981,7513569,13213147,9125167,5325285,7877545,10661112,9614086,10361389
ترموستات trd,13098387,9607570,1101531,4158441,10612029,7533584,9089076,1064939,1602832,3206052
ترنر دست گاه جوجه کشی,7306054,14151404,7495284,635310,12177638,13238409,13154854,5396467,2978266,1034194
ترنسپرنت پلاستیک دسک پنسل هولدر,1526337,411197,410800,4124800,2375395,1439902,608188,6976256,431195,349671
ترهزو آشپزخانه,1037470,2849057,11171746,2485521,5298345,6851912,1921996,2523554,3325837,10459614
ترَوِل اسپایس کانتِینِرز,2745154,8677650,9272294,81555,1714761,8280670,6556190,5027766,11196611,8759938
ترکبند موتور,10598469,7730595,7761127,698981,14922341,111860,7354748,10094197,715340,2365230
تری پوینت تری مایکروفارد کپسیتور,356507,1874470,1016194,1552186,1486568,11249656,13105650,5608353,6460591,12991404
تریکو تدی,8824653,3068716,2588590,10544675,14160172,7512551,5196771,1563457,1942334,1928758
تزئینات موتور سیکلت,8759938,11698854,10420928,210803,5522277,1845153,7111030,7172933,3414388,8333179
تزئینات کیک,3068071,11141250,6860798,1918189,7987904,1045063,7060891,8141019,3008807,4681587
تزئینی اتاق بزرگانه,468422,983009,4146294,123067,432653,8792479,12719812,3593269,1160809,10670241
تزئینی خودرو ۱۳۱,8619571,183328,142420,101735,11269336,6136708,7272855,10346293,17185127,10454509
تزعین برجسته انیمه,268240,138306,9786391,7614409,1905089,10728359,97756,506035,8044249,9290682
تزینات عقب۲۰۶,2007653,1585520,1886413,13848507,9341782,730045,6392126,8333179,3140001,10425290
تزیینات اکواریوم مدل خانه باب اسفنجی,3671737,4134877,3398369,9105170,326946,5083435,8814788,13842343,50792,5749873
تزیینات سواری ساینا,12215001,6819000,8931122,717052,17223962,14032551,1048427,10112729,9216197,2411284
تزیینات ماشین غزال,6154657,7691559,7428555,723895,11000988,12981618,589137,14308846,2190909,2982373
تزیینی روی یخچال,4488066,436821,5884397,3207817,13836558,7368232,8632233,3382080,2934337,2103408
تسبیح منگوله,9943343,4230579,14500350,4887454,15279663,10434136,5129645,6836305,12648952,11071862
تست ریاضی مهر و ماه رشته تجربی,2838762,4204893,2394240,7311695,2094946,728927,8365337,10343254,4644665,4302571
تست قندخون قیمت آوان,8941911,8866541,1980226,8133604,9943343,3692410,10914314,13897697,3223084,158528
تست نوار قند خون امپرور,12974267,7813142,3346510,4495195,5662396,14182497,487724,6356790,6265787,3998323
تستر است بازی,774908,5231049,4901144,12949181,8004738,2110057,2753599,1608330,12673805,12695788
تسمع ولانچر فرفره,242289,5260079,14843838,977524,12285836,482498,4626315,10836611,13118786,7891241
تسمه بکسل باسل,12349056,10262401,14370644,10538870,10402620,12090299,14378102,15113204,16310340,3118113
تسمه تایم glx,7691559,2159526,8749280,7891241,4423608,6213165,932152,5843481,109835,1634779
تسمه تایم اپتی بلت ۲۰۶ تیپ ۲,9805389,2153646,12647563,13785575,15118188,6431588,13624405,4087034,15895722,12506267
تسمه تایم دایکو مدل 94187,6731038,6657649,6463431,8596417,5659020,3289306,177217,10546457,7561829,7855805
تسمه تایم پژو۴۰۵,11722455,9557066,14603315,12607232,9550584,4397106,4417108,3318548,7542677,13129724
تسمه دینام کره ی,3784786,6902160,8495570,14321650,3495091,14511107,16971721,8161925,4629071,9859965
تسمه کولر آردی,1140969,9306396,12565176,5264418,11734482,613239,13886812,877192,3331675,581672
تسکو مدل ts23030,6139145,4862129,2428872,4532245,2538094,326100,10081971,12401047,3627290,11772475
تسکیت برقی,9290682,5688544,7932823,9682747,1584616,6394152,13986631,4495195,8986359,4323264
تسید استئاریک,9726998,12076737,4061084,7856934,14038575,6296693,74899,521444,8502630,6475537
تشویقی گربه اسنک مغز دار مرغ پنیر,3713495,2900208,2678496,6276902,13028920,9436496,4261189,4328920,9943533,13963533
تشک آبس,11851294,13880861,540796,17015612,8506314,5170007,1491994,10641993,4680056,6177461
تشک اندوکس,7729464,485090,6760814,4830134,2561992,12295866,653921,2212161,4729870,7577455
تشک تخ,3636273,4748512,3198163,4826432,6069592,9141108,1734256,11129004,12075125,4395535
تشک دونفره فنر منفصل,12164324,10510261,1689189,12573233,13929076,12981618,10624539,6736549,9978291,9470748
تشک رویال فنر میکرو دونفره,11474078,2055943,1154968,13367746,12503760,3055781,4546262,10566095,7129303,3028345
تشک سی سانتیمتری فنری 2×2,877357,12640343,12890633,13519086,6330542,14466033,811751,5664022,7125366,3098779
تشک صندلی عقب سمند بابل کارپت,8068949,3063351,6296693,5092438,12775091,12851647,794651,216900,7147369,9555021
تشک طبی رویال تکنفره,14799817,11354540,3927967,7720365,451154,3541573,7338066,11398248,830064,2381178
تشک نقاشی,5297304,839813,142420,14326964,8995528,8891000,11636446,10741729,10122262,6992761
تصفیه اب تایوانی سیلور ایکس,13849949,9484090,3445541,9221077,11019622,11727101,3183048,9063247,4905454,14720281
تصمیم,3904662,11830223,13778709,12218381,2716707,9051704,285041,14554576,3875716,1827485
تعبیر خواب فروید,8609452,814508,12365445,10091060,4696564,5426875,1505641,4587844,1112124,7638641
تعزینات نیسان زامیاد,108573,2666116,670162,4016639,5664022,9401053,9868344,6455521,862983,6073201
تعمیر ساعت,1884917,2725058,11578379,3773573,2706820,5366991,12884600,4294581,1870101,13274853
تفنک کلت بادی,9667367,13951102,1154351,3563723,11060860,4139554,10947891,7303131,8198325,12202215
تفنگ  شادکان,12573233,3383776,10010228,3914219,15290047,657374,3085247,8267157,3321686,5702624
تفنگ بازی مدل تک تیر,10392705,13809364,6048427,5683107,4891946,5813649,7345465,4573008,7311695,11476129
تفنگ بی سیم نارنجک,9345320,7801311,3496519,4328920,7349530,130792,9269465,2951264,3353596,323611
تفنگ شارژی تیر ژله‌ای,7915316,7691,1454599,9723331,12637319,3839766,8271644,14370644,6975559,7657613
تفنگ شکلاتی,9780426,1944985,7793395,4418722,8922676,8083996,10968638,2257125,5823722,1412732
تفنگ پی سی پی,9846474,11852994,9647229,7983850,8061397,602111,1117465,11029586,8860574,7220792
تفنگ چسب حرارتی مدل ۶۰w,10157236,2825664,189770,6163723,9527106,3015594,9342140,8257978,9372677,2561758
تفنگی پانج پرده,10487720,12998878,4076941,14386438,6327884,14310946,580425,4986492,4017472,7205841
تفکر زائذ,9588832,9792746,2654791,6252788,144966,14194971,7952832,15126651,33589,4495195
تقسیمهای چینی,8659374,912948,4475952,9422726,348422,9705085,946926,1443507,5117449,11947253
تقظيت كننده مژه,17398361,2898843,8256500,5813081,5235259,749485,56912,2610567,15072221,999981
تقويم كاملا سفيد,787425,14199778,389052,6181661,770774,1329243,6901968,9000958,1411709,12935923
تقویت مچ دست ژله ای,8794936,10761877,3551157,2199154,13389605,6826975,4184949,3138852,5085615,6443194
تقویت و رشد ماهی,7812216,6780397,266499,5089563,9969986,7697738,7394608,11588770,1112124,3713495
تقویت کننده اکواریم,177217,2846889,167334,406291,5483508,10944728,6970871,7414717,10220686,5413236
تقویت کننده مچ و ساعد,10076719,15980268,2523184,9636489,2725449,13627720,12453877,1785325,1095732,1537340
تقویت‌کنده‌جنسی,10587391,1447966,1151448,9781991,7274041,699252,161524,9704028,8529234,1573576
تقویم پاپت,8141377,10472005,4048051,7220792,9810520,142420,2614137,17137557,11322928,54419
تقویم چند ععدی,7935982,9792746,9108448,7364490,14109840,11464521,17992293,9229172,2951264,3007039
تقویمصندلی,2767413,14009141,7451049,1817540,408640,12076186,790252,15034899,5585111,14473540
تل اسب تک‌شاخ,10934087,3257807,7983359,7780046,5841076,7734110,11098593,12546075,6411263,410800
تل موی پاپیونی,13369143,2267012,11128040,8616817,519363,6548170,1422486,892394,9238765,13804774
تلفن بی سیم پاناسونیک مدل KX-TG3711SX,83472,11989700,11409541,13276121,7877545,2817194,1692778,10776118,6435705,8257978
تلفن تاشو,3040455,9017177,8671752,8536946,3140001,9593086,11199716,790252,11670350,12029059
تلفن شکل لب,3580571,8384280,9732812,5349411,5821167,4964326,15912361,12807422,13461620,333942
تلق چراغ پراید,3343597,10578487,14212796,33674,11054007,14321650,9201855,7013482,12303596,3236541
تلم برقی ۱۳,1641788,5373322,8398404,5487362,2839161,11247860,96819,4315264,4575062,4139554
تلوبیون سایز ۸۰,4139554,2725449,862511,10930227,4905454,6105280,7144000,8929741,2007405,12522765
تلوزیون ایکس ویژن 55X25,6984508,3780778,389422,12695788,4734311,892501,4145803,5189,570764,7432018
تلوزیون دوو oled,3252733,17751721,13131177,2599596,9125167,10479698,1447978,9010850,186039,6853124
تلوزیون سام h 265,10974039,1689189,6293939,2585084,3453135,1505530,1639303,15595047,11593139,9029360
تلوزیون هوشمند سونی ۵۵,10302972,8400609,5133301,3446756,4885876,738077,16858588,9708003,8960641,11840273
تلوزیون ۷۰اینچ پاناسونیک,6330542,7806669,10796599,3597538,649509,4589312,12646507,12381319,4492609,7983359
تلويزيون ال جل اولد ٦٥ اينچ,15027444,14109551,260265,9180929,1496459,8245350,1638404,3367562,259278,4354946
تلویزیون  پرو ویژن,16072099,11033708,3212987,565994,3722838,9684933,3378428,13809364,7963042,6227495
تلویزیون 50 ایننچ,6116990,3779119,12958743,3914219,4851682,1104038,4630447,12391533,10288193,11098794
تلویزیون 70درصد,1426823,9577321,11411415,2293574,2075425,10388992,6787990,4417091,2949988,5204175
تلویزیون آوکس از ایکس ویژن بهتره,8723324,4117274,443008,5620722,9062550,9422726,9997705,11840984,4986492,4968049
تلویزیون ا65SU748جی پلاس,16336108,7728675,13929076,8754662,4369697,9588977,6197168,383320,14217959,2069609
تلویزیون ال ای دی جی پلاس مدل GTV-55RU722N سایز 5,3291393,367650,11405801,6159606,9326693,13364788,8318946,4320112,9652451,721672
تلویزیون ال ای دی هوشمند سوني,17038129,2614137,15963251,3280349,1545322,4341046,14721045,308517,4289432,4260936
تلویزیون ال جی 55اینچ8k,3644163,5282709,9717141,7165982,657657,12189253,2450919,6482755,12996305,13354498
تلویزیون ال لایو ۵۵,14241455,11159404,7582077,14157096,5035948,1980226,7793333,907973,2012052,12884600
تلویزیون الجی نانو ۵۵,8667904,14476967,6936264,2873984,7356395,12703423,7375409,8229567,3457766,6460419
تلویزیون ای ایکس ویژن ۲۹,12075125,12050377,5820108,10044979,6166323,3437431,1673404,13842343,12421466,8612151
تلویزیون ایکس ویژنا55,10839890,7958880,14049507,4014257,2359809,13281648,1959209,2599596,4517402,5662822
تلویزیون راک قیمت,7455828,9315706,8391149,1060996,10893795,14413968,2127877,13969596,4968049,964286
تلویزیون سامسونگ ۶۵  اینچ,3343597,8381569,6091941,3554456,761749,4478021,12719812,277950,2501820,191576
تلویزیون سونی ۵۵ اینچ,9398706,2067376,9539928,8522727,10996549,6391068,5984204,10610120,14089667,142598
تلویزیون هایسنس سایزکوچیک,72088,5632277,3307683,8004738,1641465,790252,6884403,13367746,10302972,8513272
تلویزیون پانانورامیک,7161954,9357873,609325,4362824,4390181,9944694,12365445,9842497,3815621,10235306
تلویزیون ۴۲اینچ سونی,4804290,12997079,7512551,12081725,3309641,81323,760425,14162487,3790582,13964899
تلویزیون ۵۲ اینج ال جی,841622,14322897,3993549,7944333,3572983,3899873,1633485,6533827,6787332,3692410
تلویزیون ۵۵ اینچ مازر,3040455,27956,9516833,5236984,4528161,1563637,9764007,6392126,12499229,5439069
تلویزیون ۵۵ ایچ سامسونگ,1563637,472306,9221710,12665229,8386109,9265137,859111,3042455,7949157,6566208
تلویزیون ۶۰ تین,11602537,14651486,12708037,2967739,15028893,6548170,12694048,7971987,12499125,325520
"تلویزیون ۶۵, اینچ",10652816,11459772,646719,9663993,7432686,5803476,4450185,2973194,3475356,10172799
تلویزیون ۶۵. سامسونگ,13629361,48961,10974840,5389706,7907453,11333471,713831,8237708,359882,17981346
تلویزیون ۶۶ سامسونگ,14851833,12337287,1850809,6377946,5264549,7022529,7545746,8800744,3818328,13145967
تلویزیونLED32inch,8842052,9267983,15980268,5522277,2421535,3307928,1492020,9944694,3498911,4408429
تم توز,389422,1958658,262253,2639830,8494398,6807225,9729133,13865602,6327528,12721879
تم تولد تم اسب شاخدار,8141019,7969736,8183334,6245149,12088906,10148366,82093,10097967,7338066,16998315
تم تولد مستر تم طرح پیانو,6446876,12749087,5889381,6932366,7504753,11699458,17536289,9389490,4241121,5413819
تم سگ های نگهباگ,1767570,1461793,7311695,1504171,10329529,964898,12619125,7833858,8799078,7378417
تمثال حضرت زینب,515133,12646507,11382166,8206556,12522411,4891946,2858093,11090329,7205043,7603988
تمیز کننده کانل کولر,1683564,7505548,17647571,8372721,4984375,9004905,6227495,12247139,490435,5277264
تمیزه کننده قالی,10867257,4027344,5080871,3706469,4711031,2744459,7385077,624673,5699051,14523987
تمیزکننده کاتالیست,112897,3517431,3559480,11162265,7487162,1725361,2051041,12779149,50796,3369509
تن اینچ اسکرین پروتکتور,3922252,1621304,112897,13389998,813564,6605848,7349530,13384011,286918,624673
تنباکو آدامس دارچین,10319520,14139392,3258412,487357,7125366,505309,307095,3272499,6854553,384314
تنباکو فندق,12190959,9097395,916897,2670722,532964,12546075,14209086,13503755,4061084,6713474
تنبک شیرانی ارزان خاتم,4479388,2042181,12433865,8501934,4616,699252,1152961,14370644,6808740,12334337
تند,9169334,12233216,12920165,1798672,8815105,7759822,12547362,5069534,11646607,5483508
تندیس گراماموفن,7317800,9684535,2260890,839813,5050942,12212988,9089254,10538870,4054354,6770785
تنظیم شارژموتور,9380520,2313536,436821,4210424,3790582,4675504,3307683,4411947,9422726,9283347
تنور قابلمه ای,12459822,8913983,6580689,1585520,13897697,12817985,907973,811459,266499,916313
تنپوش ایدین تاول بچه گانه,159941,129694,1079839,11249656,11433978,7107507,4852681,482116,8449627,3120224
تنگل تیزر,17111036,9300325,7495284,6406638,13085782,490390,6053278,6801165,52824,11637871
تنیس رو,13581904,4296039,10822319,7884372,495837,794921,2013405,2817194,4822207,2293574
تنیس رکت استرینگ این پارس,14220127,765991,8275133,881530,12680909,7455828,7998713,5688651,1515290,7060891
تهجیزات لبتاب,420288,3310047,11132726,13044008,2790099,3559877,2383637,1120125,528971,5607915
تهویه صنعتی,6735701,11112937,1634779,7709371,10122383,12311903,1487349,10346293,10030958,332914
تهینی اند گریپ مولسز,4003038,3971051,9978291,9073973,13303554,4911290,6508907,5587260,15961661,2242479
تو دو لیست تحصیلی,494066,284254,11035508,5205149,7798882,206083,2507944,9411876,14195212,1487571
تو ر تخت خواب دو نفره,6226528,12104111,9033542,1539197,7423741,5092438,2834962,4696564,4793179,9147929
تو فیز دترون,13804774,7272855,5173333,13525678,14346547,1157860,646879,9013302,5024364,204608
تو هاندرد پیج پرکتیس نوت بوک,16522900,3192810,2430131,15959093,11124038,12029059,12212988,3514157,3068071,862983
تو پیس تری ست,17048438,16130108,11263738,14077482,6435133,4241922,8687712,7136299,3689525,8365940
تو پیس هیتر رادیاتور,10771614,1662534,6431666,8675008,4428121,6929586,14621679,3622380,11273164,13518137
توالت زمینی مروارید طبی النا,6787990,12891981,1157087,10350205,10632942,8927059,13809364,3280349,14370644,1930011
توالت شور سیمی,10523389,14843838,10082929,5297748,8513272,6299689,2213318,2830183,1921996,4138822
توالت فرنگی مدل دار,14337860,9393108,14042768,16027580,7162291,12549397,6406638,7465654,3359298,309830
توالت. کوچیک,16749668,7844091,5345214,637473,3003351,6760814,6559677,15095964,4452658,14862524
توالت‌فرنگی‌مسافرتی‌کوچک,10615202,1998521,3254639,3519439,6535734,3154318,4854648,11923642,1949513,13504983
توالد فرنگی,843847,11492437,1412732,1003488,12914704,4201913,2406103,3768544,7121107,6090847
تودولیست خرس,2915486,1903582,3027828,7701298,2161876,2830753,7813142,2843881,2724761,1828722
تور شیشه سواری,12086942,11132726,3471245,2693125,13964899,272263,4314484,7585894,2050509,6446876
تور ماهیگیری خام,9589386,5892737,3310047,3588460,5717830,11178970,4863898,5707099,306005,11196311
تور. دروازه فوتبال کودک,9106893,11792316,741348,4971284,2773505,163122,15372734,717455,12940098,8355873
توربوشارژ,6843443,8186728,2126582,10434325,755465,1603825,73702,8472321,14156185,816135
تورر والیبال,453777,4514009,6139064,8429124,14437943,14037794,9294022,11373570,6129457,9268477
توری برف پاک کن رانا,13454932,832740,9932602,10763058,5679099,10538809,6745951,6884403,5963977,10653856
توری ضد کولر,14096421,1587710,699324,12553487,3431953,11695665,4190115,811459,4481106,1487225
توری مرغی پلاستیکی,8365337,844531,13103817,14497586,2925288,9389159,2871672,8519455,8370228,11747272
توری پشت خوودرو,9395415,7674446,982993,7561144,9719761,97486,13303554,1508629,12454100,7565716
توری پنچر ه آکاردئون,2450919,7125606,7536027,5581620,9981331,13709607,616284,11381904,56912,1502558
توستر بوش مدل TAT6A001,6866316,9954981,14399184,718577,13735302,17058307,9079304,4649136,1094947,8069225
توسترویمکس ۵۰ لیتر دیجی کالا,3581552,667278,8673314,6975352,14586691,471143,4954108,23134,2901148,8132436
توصیه هوا در ماشین,6989297,2856810,7423741,3179537,11255090,7275002,7670489,8391414,3444158,15045013
تولو پرسن ترول داینینگ ست,6424828,12950291,2397717,11727101,6459788,7524780,13369159,4478021,12586759,12647727
تولید فسفر در بدن,5865949,4725165,5064814,12542807,8749280,9401053,8398100,2509472,2425682,2971948
تولیپز اسلو کوکر,5073943,12990949,6731038,6718972,10389840,1555394,5630888,5839832,10683941,8494071
تونتی فور پیس آرکوپال داینینگ ست,10062088,8648462,3694804,10620011,13227880,3889673,1955382,10771614,5549870,8955395
تونر ال اسکین,537668,12092316,4646894,7914100,9503596,5803998,284267,77165,943502,11411415
تونر بدون شست و شو,7414717,10112729,6247336,7195939,12014271,4877971,10420928,6033622,8577074,2132786
تونر مدل farbea,9164788,7605704,3755533,5156672,13798541,5226140,48078,14007389,13364523,542963
تونر پاک کننده ارایش ویتالیر,10996549,729439,3696981,6654067,2308497,5117308,7929065,433357,1668788,3481212
تونِر فیفتی فایو اِی,9529336,3087539,3280349,6980916,438452,9434505,11069323,10513443,11411164,10752446
تونیک بافت زنانه,466066,9555021,14751687,7983566,4242098,6974618,4425039,5253135,8367987,11109796
تونیک دخترانه مجلسی طرح سنتی,15895722,2413323,5803476,4931366,890360,54695,2609936,8312675,7161954,10661112
تونیک زد ریزش مو,15708070,13879779,9289318,8793354,13085782,1048946,2461046,10874215,1533016,4119534
تونیک ضدریزش پرومین و شامپو ضد ریزش پرومن,11199716,6327528,804699,955878,773877,17845107,5407342,13364158,8495570,9615176
تونیک طبیعی سدر,9364524,33589,637957,5652898,419085,426944,5117308,138306,4230579,6851681
توپ  فوتبال مدل رویه چرم,4830134,1776517,12075125,1424203,9126936,152692,5597635,4593072,7142851,797880
توپ بادی آپارتمانی,5857844,2967739,14554037,730045,10689673,13816037,2938529,5662822,149716,68830
توپ بارسا مسی,6349467,7731917,2801580,54145,13842343,2773505,419085,10289010,15114356,2110368
توپ بازی ایرهاکی,10729281,1080986,2042181,455580,9249898,2387043,329253,5066622,6680257,2920090
توپ بدمينتون ال ای دی,12990949,5806302,2279639,2090561,797880,9314740,10335660,6566208,2572985,542546
توپ بزرگ گربه,11382636,6506441,13073651,8910724,4149665,1621630,487724,10944728,15502469,10886706
توپ بسکتبال سایز 6,1091098,1584875,8771500,957790,10941341,11153841,13238409,7205841,1645794,13533011
توپ جغجغه,552570,6229770,7375515,11475653,3209596,11953252,8326311,9705085,8381569,2825886
توپ روبیک,8435870,14386438,13804646,3980308,411197,624673,17093058,6265787,4138822,12088906
توپ فوتبال  ابی,4876888,284046,6159606,9126936,10839890,5602345,3228627,1502682,3716034,10602118
توپ فوتبال 40تیکه خیلی ارزان,7354748,7959398,12921491,15636106,13939723,4677719,8492315,5188656,10836360,8397402
توپ فوتبال ارزون ارسل امروز,4890217,14484598,728168,3935194,284254,2205336,1653131,6859966,3556125,2586263
توپ فوتبال اصل استقلال,1017455,9267983,111707,13950082,4852451,1538121,10471900,2149655,9089076,5373611
توپ فوتبال دربی استایل پرسی,11358108,6560177,12648431,8012146,3541573,3882579,6782659,557201,1454599,6060757
توپ فوتسال fb524_05,5740503,11000524,11409541,5853104,75270,765991,4354296,2094624,6943577,17420991
توپ فوتسال استار,5112626,14257955,12311019,15279663,15937518,12965773,26709,364752,1609964,4542839
توپ قدیمی مشکی و سفید,8800744,589137,13982222,438351,8912688,491719,5306585,6004161,8895848,52824
توپ مدل messi,2408736,4931636,5719130,6136674,3645126,16755006,12647563,3734565,11270596,6661078
توپ پاپر ایکس,8669736,3269571,9540902,14257955,17449743,8586965,99328,7947395,4345700,3731327
توپ چمن واقعا,15233659,1138304,2706820,9221710,1435319,1923816,1514737,9615176,205704,8934922
توپ چهل تیکه پرسپلیس,5607537,7487162,1668788,7474345,1673404,6482755,9045018,7325227,3229372,8806208
توپ ۲۰۰۲۰ رال مادرید,13325298,6932884,6350773,7118751,2230861,5630320,10500732,4452531,4207087,11026740
توپچی کارت فوتبالی,12774881,13416734,11475653,9619427,4566029,17632730,3195329,3592470,1035800,10749548
توپیکامل جلو دوچرخه مدل ۲۰,99328,15949927,1944985,12414641,3716961,13954687,602359,7208436,3166341,890360
توپ‌نورانی,5116408,2069117,346512,11209558,10172799,7435487,6175504,2926552,10268467,4793273
تيشرت كاني راش,9414390,4131783,4534159,2302424,4210424,2360509,876180,10804858,4977840,12628511
تيغ كاتر كد 11 بسته 10 عددى,4516244,12283380,7531652,5171083,5483508,8842022,2821156,14009141,308517,2069596
تِفلان پات پاین سایز تِرتی سِوِن,4108417,859111,5005362,13158414,16483817,3437,5904494,466066,8370339,8317281
تِن پیس اِکستنشِن کورد سِت,14351770,8749280,3551682,13462878,6474778,10346293,8548321,2843881,9520539,1505530
تک پوش یخه باز,815931,4301569,6459788,10885725,9732811,11958261,579617,3112577,1829340,96819
تکان دهنده مزیکال,816001,7618978,9868374,649522,10244388,17450264,9436586,3470463,13455141,1639303
تی ان تی مجسمه,4359657,7379172,13580657,11852527,17013373,4301569,8806996,14050989,7022529,13918199
تی زمین شوی لیمون,942712,402097,10902708,5957385,4964326,5792790,1845153,9513525,11970874,4614297
تی سطل دار دوموتوره مجیک,12667651,959286,806089,12926669,5339885,1011401,3591118,1953011,14468998,9928892
تی سی ال 55p365,11909673,3797495,9864060,13816037,4986463,5618453,8077717,6090666,6078390,9422675
تی شرت خنک نخی,13231368,14574080,168079,11070498,5839476,17381762,231773,11410958,3405536,9693280
تی شرت و شلوار مردانه ناربن,5134415,4321474,631757,3016831,2869840,13153601,4522712,11648685,193342,13033468
تی شرت ورزشی مردانه,4925584,1595358,9851966,5170003,1505567,14109551,7980019,7963042,7168123,2505836
تی شرت گرگ,5226140,9786391,1414797,10558674,11467023,7505548,6013513,5930903,5662396,11377769
تی همه کاره,84463,780798,12660228,273192,1121434,5555879,82004,5551207,3890894,4725165
تی و کمان شکاری,1422486,4897005,9806934,552307,3798930,1145291,10402620,1927795,6740296,8198325
تی کاپ اند ساسر ست,1108894,10362197,5618453,10641993,4875708,1104172,7192556,477164,11246905,13185064
تیبا تکسچرد بریک پد,1003488,84463,604326,8173637,6997735,12807344,12163667,2315554,9357873,12582151
تیبا وان کار اگزاست پارتس,2572985,10828899,483943,2428872,1136555,8948840,308517,1887326,11424321,9071288
تیر تفنگ اسباب بازی بادی,8166873,2289837,379015,16859043,5204175,2920090,9490267,11042355,8498898,482116
تیر های فومی جدا,1029673,12325010,11981269,4931366,7734681,11872221,5126221,7991742,10842479,9681293
تیشرت  بازی,951998,6904486,7952832,3182932,3166341,6254543,7205043,13099858,1905089,3500901
تیشرت آستین بلند,1584616,8777045,6467802,11346346,12536422,7379000,1626562,19295,1108894,5683107
تیشرت آستین بلند دخترانه مدل کرومی,5487362,735088,1127047,2559335,9588832,5395458,13364158,12804885,560818,9330621
تیشرت آستین بلند مدل شیر و خورشید,602359,5221431,17479499,11697889,4536071,14754405,410036,13514411,5054403,3593269
تیشرت ازان یقه دار,540796,1078142,4877415,7983850,2268047,3805248,4738694,13615941,8004308,15307573
تیشرت انیما دخترانه,4325093,10946286,9224976,9886623,9706126,472306,3101194,14257875,9676345,6092808
تیشرت اورسایز مردانخ,4929072,9785505,608534,3790582,8882003,177217,16620811,7301613,4985247,14891626
تیشرت با طرح نیکولا تسلا,4408429,9981331,1787549,7053936,3390678,12558561,12056902,11490088,1490799,8071173
تیشرت بچه فرشته,7956277,7637524,10403857,13349301,15306465,3385777,9894892,14192992,697280,8408333
تیشرت بچه گانه پولو,6812434,9919695,2603992,14690036,111606,7171641,10385896,3330902,598677,860400
تیشرت بگ Rستاره پشت طرح,11334503,10796599,765174,7523186,3597538,8535502,3513813,1151448,9979410,12318389
تیشرت زنانه طرح drama,5702624,9390955,7338292,9842497,10707054,6339428,11107134,13847395,4997418,770259
تیشرت سنگشور مردانه,2392148,1475568,5866703,5144437,12463754,9069160,11196311,13237105,646461,2050509
تیشرت شهدا,1122015,11940994,2949117,7426186,10999066,1524858,1761476,6955660,17449743,15114356
تیشرت شوتی,99127,12554237,428020,6905273,6548170,14679714,4661330,12942068,12518784,3859841
تیشرت طرح ایرپاد هنذفری,10701126,8819237,2745154,183989,3047128,9126936,14141928,1037470,2074913,3632996
تیشرت مردونه رنگ سبز,7847346,7652099,913831,7178053,15118188,299944,964677,10808695,835777,4440247
تیشرت و شلوراک مردانه ست,9941383,5569495,2514163,8050293,8522727,6851912,2667217,11772475,9814011,329106
تیشرت پدیده,3644163,7930359,6826356,103641,8339552,325143,7954211,1923816,12861561,8817271
تیشو هولدر اَند هِمپ بَسکِت,5409265,5790627,14638569,3446756,6554847,669307,6955660,9886572,5482819,542546
تیشورت جن,4297629,7597200,3083082,92087,2547504,4911193,401105,3734565,7709648,2843881
تیصرت شرتک نردانه,14034612,12190959,9260890,8913983,5062205,6892322,10247677,565132,1924146,17536916
تیغ برای برس,12940098,4421343,3955712,5820108,5258933,9889442,5189,9851966,4369697,14331365
تیغ خوردکن ناییسرداییر,5961873,8891940,699190,11324355,190713,12258538,9033542,862511,8242042,3548683
تیغه برف پاکن عقب ام وی ام 315,7676113,505309,9033542,3057987,14043492,7240420,12407843,4244981,7035312,3578808
تیغه سوییچ 206,305236,13533634,9868369,10288193,7506143,2986975,11948548,466002,1634821,9108448
تیغه میکسر خانگی,9719731,10538026,7290673,4908919,5054403,6663320,11424321,6365957,9360788,12561858
تیغه یدک خرد کن,1064939,4190115,709944,3805248,14985956,6728368,436241,177628,15966458,14638250
تیقه اره موتوری,1060996,10463243,13431400,1487225,14038575,10610120,4481106,6524315,379621,429105
تیلر ویما 5اسب,4534159,14299332,4353116,364889,6498494,1030285,2267012,623214,924553,6970871
تیلوزیونLG,15319503,2771659,9293603,6805009,5070528,1605401,5304337,9531592,475424,6582726
تیوتر الو,1455168,347269,1617401,13715232,143601,1768483,10418959,294570,11708249,8400609
تیونر 206,7943088,4916098,5424088,5366507,12942068,16633807,8501934,11708864,1461793,5245403
تیوپ بوستر پژو آردی,267559,1083193,177628,14874782,5595959,4744930,1628655,7220776,614287,10558674
تیکه چوب پرنده,1097368,7188425,12883002,1792412,12414641,12196553,12428216,11826104,11435290,10487720
جا اسكاجي,522903,1881792,1980226,9347369,996120,4495195,11035508,9267983,637473,7929065
جا اسکاچی بازن مدل گرافیک,340779,10970047,6226528,3536523,5608353,1130441,2360509,8996747,3605044,7022529
جا اسکاچی بازن کد ۹۱۷۱,6274414,17406399,1534778,161524,4098932,1959209,14193478,4022270,9810520,6060757
جا اسکاچی طرح فلاور,7265386,5026076,13341550,1505530,5568535,9864060,8222387,5620722,9733549,2118749
جا دستالی,4260936,10821081,7199802,646667,3402196,3575155,13174538,866046,3182932,15186788
جا دستمالی اشپز خانه,286688,6915883,10753494,2095608,10448004,4492680,5382851,1078142,451149,3135503
جا ربیک,9837930,164619,7455828,48961,8053291,591097,11153458,14337860,4096476,8509775
جا روزنامه‌ای سمند,13238409,733582,3011771,7451617,74921,552570,7676113,3849615,9954981,16204164
جا زیورآلات,1167986,10610361,2768571,157424,4380808,8225657,13533634,11194782,10979517,10461490
جا سویچی کوروش,12077629,13462878,9062550,265143,14348441,64316,12527301,13939525,7507127,3576216
جا سوییچی بنز,3098779,609325,525953,13706781,822322,10901262,3493675,14218455,12804885,9306396
جا سوییچی فوک,10467137,6425156,1115788,14577010,7814413,4570342,1558485,401,11711364,1452542
جا شمعی بلند کریستال,9561839,14673891,1158687,4931366,13951102,11171746,4289403,12854812,5657926,2256187
جا عودی لیوانی,161506,1641788,8577184,736488,15246177,3325837,5666461,8694251,2821156,5696222
جا قاشقی یا جعبه,5396467,7166735,5004533,11308070,14490208,3888213,7334223,1487571,651257,10972745
جا قفلی شیشه سکوریت,4304895,1554506,13671627,6992761,13550999,1738232,4810218,3452241,1917569,3277497
جا لباسی ایستاده برقی,9296213,8960641,7891241,7289290,15278817,7237459,10532492,3943482,6427337,5140235
جا لنزی فانتزی چشم,10432400,1683564,5465929,8934922,1432204,5747445,6004716,4262763,8836225,8871466
جا لیوانی اویزی,6107282,10697178,6936264,13245538,1617401,623637,12398907,8312082,2505836,12586759
جا لیوانی پژو,10957908,3037894,1492020,2220861,14638569,6614627,695191,8481749,2110057,1592884
جا لیوو,14531056,13380111,13898090,15147803,4251149,15610484,10553926,15436428,3592470,10134957
جا مایع پمپی,1487571,2842595,7093648,8884664,7083260,4522712,4852495,9600229,5240881,169240
جا مایعی مسافرتی,10763058,12648743,7983566,6498494,11752085,186039,15830110,8135591,5529084,13969596
جا مدارک ۲۰۷,5128268,9846312,781413,14050989,183120,17353965,13676858,93061,2475940,253294
جا پدری لباسشویی,341682,11419580,4956709,11723341,5657926,6276346,7003011,8639614,7884372,4563908
جا پیاز وسیله زمینی,9089254,3359298,1849719,3245302,2465131,2768571,4559139,10063253,848850,6263638
جا پیازی ام دی اف,5072040,1505408,10739828,7706929,2492887,9839290,3329993,242289,2708994,8774462
جا چسب طرح ابر,10235306,10076719,12821919,134840,14257875,178762,2028108,4929072,5519452,11228214
جا کارت ویزیت طرح جوکر,5831949,4696564,7063890,82048,1039612,3561465,6327528,7237459,2563598,1722604
جا کارت کیمدی,7964485,3341501,10560714,8191595,9830425,3233122,1645296,4257429,348422,2381178
جا کاردی اپل,11104578,8492349,6427337,10611401,14109840,8714711,5616229,3890894,9385254,10610361
جا کلیدی اسکلت,645879,14180980,2214031,13466118,2728223,11111095,4547675,5598466,11610493,7436770
جا کلیدی اسکلتی,3330902,14340995,10827963,15830110,565994,5233434,10059377,10844318,9180751,6411263
جا کلیدی طرح کیتی خشن,8474138,3397736,13142006,10824198,14985370,7032222,255406,6237630,6633877,9664454
جا کلیدی هنگدرام,13527881,12043381,7588506,3398205,9306368,1949737,12202771,10617230,12774902,7790114
جا کیلیدی مدل سیگار,4822207,14754405,10837007,2559335,7471158,2945525,13160534,7888010,14017564,14032131
جا کیلیدی کرمی کیوت,7730595,7088760,1551517,9201855,2895142,5202043,7720365,752467,8071665,8197472
جاادویه استیل برنز,6500727,12325992,870862,3400868,1898312,4481700,10493947,11266518,17480397,320657
جاتخم مرغی مسافرتی,5792790,1094947,4165937,820870,9251713,9291384,6406422,11033708,8824586,7291575
جاد دخترانه,199083,5930508,3505056,7991389,15641477,2698211,216366,13983929,4214565,5449274
جادانه مرغ,3038268,1452542,5652871,477164,1537340,1539197,7926817,143608,835777,9131125
جادست مالی مسی رو میزی,11475653,5556727,3890870,12414641,9987921,12974035,5025436,11891409,11124038,4151594
جادستمال کاغذی وسطل خاتم کاری,13969596,5395458,4204893,4953123,8245350,12249900,75129,10747176,9809991,11116517
جاذب مگس,3531299,52824,334514,12084333,14234612,11623178,10201221,1508629,7994727,5274047
جاذوشارژی مجیک,9969986,3398369,596481,13533011,3871768,9233353,6290252,7524780,7428555,5152888
جاربرقی فندکی خودرو,14165122,1101531,350400,3245302,3786675,5350930,14055948,6363324,4010218,14973035
جارو ایتالوکس,389052,12930590,987316,608534,8900256,1075479,7311695,14096721,7747034,2262129
جارو برقی اکاری,5109328,11145265,1629443,10210459,2285284,6208094,4631112,14109840,202375,12588040
جارو خاک انداز  دسته بلند,12185047,11777691,974348,6645472,12633409,17632730,9457871,6855429,186067,3576216
جارو خاک انداز لیمون,9272294,3934246,11910180,7835167,15001598,891524,13251588,17484673,11070498,6941354
جارو دستی با خاک انداز ایستاده,11914277,4495382,2406148,9879686,3307683,551022,7565716,2351425,832740,1733659
جارو سر مخمل,10821081,172516,10749548,9238765,5333465,11942039,7240420,2869971,10948118,1037470
جارو شارژی دلونکیس,5762262,10566257,3859841,9086223,5505856,10839017,909949,2894923,12337287,3701580
جارو شارژی سیمی درما,2538094,4306831,13099858,60107,427025,11853882,5740503,3237727,2415001,7086864
جارو شارژی گلسونیک قیمت,8348402,2302424,4512195,11269336,8445425,264920,4419202,3424623,4679632,2610656
جارو هوضشمن,160034,14398220,10475216,1768109,7656850,71461,8852035,9557066,5620278,7540371
جاروبرقی اسنوا مدلRL24RD,1112124,564551,15400948,282952,13763185,7922395,7404404,8937638,267559,6558638
جاروبرقی ال جی شرکت گلدایران,677563,5025540,7121107,1457325,10558674,143233,14179735,552570,1827268,11058313
جاروبرقی ایساتیس,906231,408153,13875577,7847866,5855224,3797495,9872209,11743122,9478226,9539928
جاروبرقی تی وان,803587,9546468,3202092,7248561,7249192,15028893,585659,5581620,13717450,3019317
جاروبرقی پاکشوما pvc,2926894,423594,224150,8532954,6496163,13929076,8190969,2552157,11590250,12553487
جاروبرقی کپنهای,14032551,7600457,11246905,6779969,1505567,14554743,8777045,1333664,14320127,9937885
جاروبرقی‌پارس خزر,129694,4887454,534631,8729265,7241123,15593973,11729357,101056,8136916,10040064
جاروی شارژی مولینکس,1775829,10345721,2014710,395674,11346338,458555,6172464,12031578,1689085,10333025
جارو‌بیسل,1580572,6870884,12628511,6975559,4569256,1490182,4049523,6241499,71461,2768140
جاساز کوچک,3341501,3219595,12522406,7729464,2194673,4935807,7237459,5620722,6367861,14074201
جاسوئیچی کیت کت,10082054,8677650,15534948,7248029,2428872,5843481,5873413,5710882,160744,2561858
جاسوییچی آمبولانس,8856459,14055948,15028893,6970871,10126465,11070523,2830183,519363,10082929,10172799
جاسوییچی زندان بافت,5268387,467853,120258,113653,8129752,5054403,12050377,13391818,12204734,7828202
جاسوییچی زنگدار,2275787,1075108,651025,12078880,8609452,4245075,9781333,4349344,2895142,1699984
جاسوییچی طلا ماهک,12760907,3550869,5343905,5127858,411197,1003107,10602118,14453589,11347199,13647786
جاسوییچی فلزی موتور,15127930,959932,7291130,2547206,10237644,7802294,17845107,8835397,11294197,7778595
جاسوییچی مدل کشور,9781333,263737,416524,10040160,772755,10059377,9011955,13279036,1020210,17381762
جاشمعي گربه,8395893,4885697,8695838,419085,7367110,12974035,6791039,221364,11153841,6935286
جاشمعی مدل اسانسی,586696,6830791,1002768,7334223,13754764,10513443,14479735,22481,8578639,6992761
جاشمعی واسنوفر,8387092,14193478,202682,3759644,4967179,2137967,7545746,109633,148327,5424088
جاعودی مدل پرنده,8387092,10111279,15126651,69845,8326812,9886623,1070089,9276327,8108879,631598
جام  قهرمانی,3384926,5413236,7847861,394057,14982487,3784786,9549667,7375409,12638151,4446783
جام  یورو,582429,9976901,81555,552599,10066747,13000495,6596396,6533827,14574540,3087141
جامایع استند دار,9527106,17815021,294570,7200364,1648360,2716707,2961825,14319333,4601661,9713027
جامدادی تبلتی دخترانه ی کیوت,669351,8041694,14848042,13467787,5407342,766062,97486,3016831,6578624,7983359
جامدادی دخترانه ۱۰ ساله,973138,286688,4242148,12062791,402097,959932,152741,8955487,14343367,11923642
جامدادی سگ و گربه,10821081,11069323,7518451,15126651,2775237,196351,1452542,7514224,4242148,5630888
جامدادی مدل کتابی مدل تخ شاخ,4341832,5261180,8777045,7563592,6893620,14257955,48078,7248561,7750051,11156752
جامدادی هری پاتر,4964326,7314195,3405536,2999253,190713,795502,14205631,13525678,1101531,1491115
جامدادی کرومی,4782055,1477253,35523,14882746,10571974,13699053,8898035,7364909,10753494,2935649
جامعه شناسی,3548683,3945686,5346945,2725058,4583999,10774889,5426875,5205149,55691,14081992
جانتان مرغ دریایی,14151404,12235824,11868389,2466261,11594759,2993448,1428539,5592965,25948,6759371
جانوین leclat,368458,11841668,1159678,1720958,5551688,2094624,1885602,8047249,4584106,10641993
جاوا,11715642,4519838,14943019,12100106,1555394,9851720,14357221,5338291,16072099,7197935
جاواهر,10930227,224849,15489612,4852681,975028,6290786,1015441,1151425,11372593,14794205
جاوبندی نیسان,13964709,1161598,964898,9214719,3371358,14348920,5338175,7983566,2050108,12123252
جاپلاکی دودی موتورسیکلت,3575224,3951436,6076259,7360152,11912336,5297748,11023896,8882003,11362737,6915883
جاپودریجاپودری,8882003,11958261,12349662,9652949,9539928,11482375,8387799,3461150,215632,9026799
جاکارتی زیپی زنانه,4424783,7847346,4514009,482795,11944757,1804837,7635706,5941649,5746546,12219863
جاکارتی طرح سیب,963026,13391818,1112133,12005190,17450264,568650,12773727,2094624,955878,13639983
جاکفشی اسپان,11347199,9004905,11132726,12911007,2251277,8925030,148036,890360,26246,13530777
جاکفشی عددی,407841,639574,3470463,8383328,6305458,11851125,14271352,3458009,31744,3071170
جاکلدی نیسانی,2507543,4675504,55352,4478021,17470238,1586166,10405197,3875716,4366176,179460
جاکلیدی spider man,6404633,167334,5406516,833899,1586166,7274780,9708098,371256,8682841,3118113
جاکلیدی حرفmr,253294,7806669,6562545,9979410,3553600,12086278,1998521,5901390,691459,282643
جاکلیدی خندالو معلم اینده,10218962,7324155,1116925,9110312,10530718,258247,559882,14696,9489581,9881235
جاکلیدی طرح ابزار کار,1526337,4057122,7624321,7724759,614287,8532954,8824586,14092946,1998383,10385896
جاکلیدی طرح ساطور زنجان,2342736,880639,9894892,7219736,7235784,5319481,4640838,1619296,11246431,3307928
جاکلیدی طرح مورتال,2944457,11000594,4268372,9272294,4225984,5635159,763107,8012550,13431892,431367
جاکلیدی مدل سیلیکونی طرح دختر تکواندوکار,5803998,6424828,3457766,3229989,10521206,2959261,13865602,13692930,534577,8478946
جاکلیدی مدل ورزش رزمی کاراته,14484598,9838220,8684709,10414149,7379000,660941,2987852,7915316,6762673,4273719
جاکلیدی مردآهنی,4886795,4512195,10063253,11682472,12030029,17025073,13929076,11699280,15297206,13035118
جاکلیدی پارچه ای,153508,451449,4502122,8605280,7947635,15279663,6374504,3778331,8474138,14187695
جاکلیدی پرس,9244048,31744,1487571,7890775,12552785,368743,7192556,3575224,6294267,665130
جاکلیدی چرم طبیعی,2383451,2610656,11944757,8234858,7970728,13156585,11410963,10134957,13947570,9688202
جاکلیدی کارت پاسور,373336,12233240,1955382,6463431,9022790,630081,1514106,754380,7093648,2842595
جاکلیدی کمیل,8044249,9873944,9077569,14271352,10538870,4649136,8730255,4146294,785023,1738232
جاکلیدیkaws,13832741,5170003,2536578,2186330,4225984,14032131,761749,839031,14578891,2906550
جاکیدی اکواریمی,13349301,2869152,2970399,13240386,14696,7575881,6602710,13644566,6095671,12110173
جاکیلیدی دخترانه طرح قلبی,11707656,2365505,8029592,10235306,3690229,6467802,2781547,9615176,11047327,5426017
جاکیلیدی مدل استیکر خندان دیجی کالا,11777691,6526990,3080538,8817271,3889673,11609497,3997038,14017355,3117918,3693380
جاکیلیدی مدل رپبیک دخترانه  فانتزی,7278624,7640848,3054718,5062142,8656536,3612596,6496163,11094223,390870,7565868
جای اکسوری,1959209,7729949,6926013,9253428,2584390,3038268,4105740,3839766,14509327,3988597
جای جک پارس,7983359,2675756,12189253,378242,8423792,2124125,5865442,10273269,9253428,14762075
جای خودکار میلانو,8611971,8206556,6455521,13981188,428979,5181784,5417052,42785,7421005,6984499
جای دان فنچ,14089667,9814011,12068731,955878,1859403,7574820,5587260,11463490,10311608,8577074
جای دستمال کاغذی برنج و سطل,580425,7361950,10006431,8895848,38820,138306,8468225,1757699,657657,5407471
جای دندان,9377230,13879779,13255175,649278,13727168,3068071,6965505,14554731,13999587,1942334
جای زعفرون,5157397,3495091,1612670,564551,7922395,4871471,16040039,4251573,9793563,761028
جای سگ و خرگوش,8318946,1438846,9474398,2793838,6812434,3332088,12064951,296151,158566,12659336
جای شرت‌وسوتین‌درلباس شویی,7835167,12988358,13283717,8986359,3376676,4268583,4204893,2365505,4098932,4452658
جای شکر و قند و چای,11441579,6247336,4051553,2843881,11338881,6586909,1863815,7272855,11506193,1110843
جای غذا برای دتم طیور,7531652,4354964,4320112,11476129,150119,1152961,17450264,11274760,7240959,2926894
جای قاشق  و کارد وچنگال تو کار,831292,3974550,3241307,8670445,7422589,7929065,202682,12506080,8838317,2579717
جای کادو برای تولد,7370724,1733659,8536946,6500727,552599,9126030,10220686,4675504,7967451,13879779
جای کبگیر وملاقه کابینت,4630447,7016098,267237,1734256,3507554,4956897,11060860,8461494,3629964,3291393
جایه سیگار خودرو,757391,387077,7219645,17664542,4354296,3237727,572256,10612434,13025803,42785
جایی حبوباتی,159941,8899824,5395458,10578487,552570,13897697,3308038,1432835,8270275,10753494
جایی لباس,4124800,14089147,11708864,3120224,13784427,6736549,419085,9356340,6812434,12086278
جا‌کلیدی آکواریومی,5707099,11019622,474279,2906550,1130185,1885602,8723324,12988358,1496459,3621667
جبه دستمال کاذی مدل بامبو,3951436,6431053,12799796,4486352,2441830,15165767,5064582,14740537,14322527,12910731
جت با کنترل,579617,5072040,643764,10108761,5688544,9717168,12097231,16687691,9045018,693325
جج,12667651,2250588,9682747,6695990,7985095,146494,11097713,3062680,11071024,13661348
جدول ترکیب کلاس اول بزرگ,3016694,1718585,471534,7706929,6090666,14568223,10553926,1608330,9378158,2987852
جدیدترین گن شکم,2586938,3245722,763971,1651116,13430967,2413323,7632776,6775093,13325298,7917791
جرثق,4131783,11071024,6453152,1603825,9864678,8871466,2290116,1622791,13217179,9965789
جرم گیر اسپرسو ساز هایدروساف,733765,6774949,3218826,82048,930487,10112729,11334503,7813657,177628,3400868
جریقه زن برقی,13300445,8387203,6998499,6254543,8141019,2920090,10454509,3933746,12558561,4221217
جسوتین شورت,2636509,1441171,99696,6702032,494104,10311608,11424321,15196681,5419091,11473694
جعبه آچار,7734110,305236,282643,7203816,714799,4417108,5652898,801751,8659443,6595635
جعبه ابزار برای اتصالات,266499,14579086,3329993,7758153,633387,2413323,9436586,8869441,8122486,13211709
جعبه ابزار ماشین با تجهیزات,5133583,1808733,2603992,14484598,847112,12698831,10587391,16336108,7719498,13389998
جعبه اسماچ,3109712,12388741,615164,1537340,1447978,2357548,15340740,10418510,6360785,4800187
جعبه انتیک,8688900,308517,1333664,12664128,2089470,4207992,8107171,602199,1806932,17837434
جعبه انگشتر باکس,2712971,14090709,7274041,16483817,4121114,8469468,816022,6959175,8616817,17058307
جعبه باکس حصیری,1457546,7987018,411103,540860,8615306,13842343,11920312,5036141,7499349,4010218
جعبه باکس دوربین مدار بسته,5438621,15001598,5160907,8054513,4121114,1602832,5987137,11362737,14212796,16753709
جعبه بکس المان,10902708,13094132,806140,381254,12747983,12594084,4009351,40971,14203413,9738989
جعبه دریل و ابزار رونیکس,5587260,11025870,267237,13716822,3658747,2091251,4486514,12598258,2986975,3266048
جعبه دستمال كاغذي طرح,6614627,6371952,9872209,3254639,6827885,145212,12673045,9177103,202375,3621770
جعبه دسته دار کادو,8339552,8800744,1152961,467306,14453589,13943953,4273719,9570970,6500978,2776377
جعبه رنگ و روغن,8814788,8693975,3181786,1663833,401,14439591,9937001,9772859,1157860,4173722
جعبه صوت دخترانه,17815021,5720281,4011001,303880,4057964,5260079,37686,410596,3350124,10108761
جعبه لوازم SOS,4967179,5351047,38902,1857547,8408333,6535357,10044979,11221056,12670804,15325496
جعبه نظم دهنده زیورآلات,6976256,1904571,5428339,173542,1746928,1029723,1020704,267438,1823585,14326964
جعبه هنز فیری برای هایلو,3840587,6889826,15772253,9619427,1998521,9781991,10656375,13712573,387077,12295499
جعبه پلاستیکی شفاف,3813429,12149756,13118786,12096701,13531141,1918189,3499111,12774902,12662620,468522
جعبه گا,11636446,940240,14757059,15949927,2841404,359882,7048378,7581955,2875868,1770280
جعبه گلسرخی و کش,14554576,724480,6417834,12233629,11007995,7949157,6787990,6433028,8186728,1910538
جعبه ی ماژیک رنگی رنگی,14141928,1913391,462996,3323638,9306396,14415657,13882612,15045013,13280973,8632233
جعبه ی. شعبده. بازی,7257502,16546620,6214633,7997167,5018045,13976650,5264418,2987852,4087034,14621679
جعمه عکس کرمی خدکش,4225979,12350676,314384,13163447,12031578,804925,14478692,2686164,6353974,8792625
جغجقه قلاویز,13203408,4871471,8182052,13950061,12088191,17037730,14321650,15390774,16216627,7861160
جلال دهنده,804739,9094968,2089470,11490088,7083260,9132888,8598954,4500400,6825028,9851966
جلد جوجوتسو,13920852,12123595,3670271,13132232,527018,11695665,8229567,4545023,14271321,9329759
جلد فانتزی رلمی ۸,99127,11060860,7656850,6801649,521085,10538026,10423280,7009820,6872675,10722131
جلد گوشی ردمی ۹ سی,11398248,8880977,7340116,7096895,17537520,862717,8912688,2075425,4452530,9879936
جلد گوشی سامسونگ A3,5930020,10396494,2941244,12656284,11591216,745924,10566160,4189613,13945893,471534
جلو مبلی حصیری,8414644,7643866,12293267,10335726,8061397,1810798,13082050,5703443,8444265,341677
جلو پنجره پیکان چراغ گرد,4261189,14891524,2764863,5133583,6105665,5762262,203183,9726998,8580963,7656850
جلو کابوت تیبا,5948638,2839217,16753709,12990949,9080322,5316473,26709,9557066,142420,2408736
جلوه پنجره ٢٠٦,7922580,15966458,2767191,9585121,9851111,4704253,858645,12693022,14064257,7624529
جمعبه انگشتر,10451019,668821,11313296,12303596,4396103,5879916,9436496,2586938,8933199,10941341
جملات انگیزشب,3062509,6257808,14656328,9664454,10481951,5073393,8869441,5117308,2920743,10808695
جنتای پراید,14523408,4409667,9937885,2860406,13656147,6928475,756145,10768868,14909514,56200
جنرال دایگناستیک,6547203,1523112,2399631,12644844,8673314,12233629,8943078,3614592,10148366,3532969
جنوا کالرلس سان‌اسکرین,231773,10120510,374011,6535734,464362,12220101,9215556,7919101,12043381,11626547
جنگل محفض,2718808,4952893,7220776,277950,7709371,8955395,9164788,10952084,9503596,12557249
جنیفری پلنگی,11512116,4931636,14578891,734233,7268142,8886721,9780923,1560539,7518451,4054354
جواهرات اسم عشقم,11210315,640156,4430288,13977357,7652099,1441171,7561144,249941,12648743,6760868
جوجه‌های رنگی واقعی,24775,12275335,3612596,6976717,6204956,7297459,6252788,210803,706269,10462363
جوجوتسو انیمه اکسسوری,836586,3609559,7422785,7655336,3500158,1707673,7532175,68830,111707,4489476
جوراب  شیشه  ای  مردانه,1780247,1585425,715347,12455954,11914277,9986629,12143102,996546,2973284,3884717
جوراب اسکیمو,10103649,1829693,657657,7910536,9215556,8985053,3666815,4569256,8461270,12499125
جوراب بدون کف پاورزشی,515133,7079570,155209,10279663,9475069,97756,3953926,2177862,13354498,6748254
جوراب بهپوش,3166341,11000524,12754374,4566955,943846,7991742,942712,325143,3783648,2009191
جوراب خار پاشنه سیلیکووی,11625576,5089067,13631449,20559,2375395,55691,6064579,3048830,14271321,6100632
جوراب خونه ای,12739978,8513272,7781648,10110079,1584733,4437935,2706820,6211018,330843,12546851
جوراب دخترانه عددی,3904662,774908,5618453,3437431,546124,2438582,11557366,12921564,11165930,11246431
جوراب دخترانه ۴سال و ۸سال,9717141,5823722,7133888,12233216,2160141,10479780,7173763,8694251,5811498,13471564
جوراب زنانه طرح چشم زخم,4877971,17969085,490549,4428121,10247677,3016058,2925288,12956175,6748468,12350031
جوراب زنانه مدل خرسی,15474441,10523389,7533584,10578487,2103408,4261129,1932392,7278098,524407,9636699
جوراب ساق بلند زانه,6156841,6554847,13853364,2339955,5112407,6202050,5156672,7190400,13041645,9952903
جوراب شلوار بادکنکی,10747176,12590872,5664252,11510814,7916430,438429,456337,6349054,2533837,3381620
جوراب طبی رفع ترک پا,9899588,13219202,14985956,6663320,3287572,1524858,12300886,6706574,4565345,68830
جوراب فوتبال مردانه,8792625,959898,546625,4013155,8248596,5635159,1021213,2747336,10385896,3228627
جوراب مردانه ساده نیم ساق,2911194,15502469,1573576,3801395,443008,14310946,7396949,13521833,12899343,8883926
جوراب مردانه ساق متوسط تم مجلسى,3359298,10722131,10189915,10217111,5333376,7479385,10518512,3050985,9549667,1804262
جوراب مردانه لنترن,3057987,14721045,6660785,6981524,8267157,1582817,1519836,10335660,16620811,3390986
جوراب مردانه چندرنگ,10287333,1622380,9217198,2212161,14579086,8052513,4321474,736488,8279929,436821
جورج اورول نشر ماهی,11217197,3346510,3839766,40971,1477253,3315334,923971,7125366,4598909,2510748
جوهر مشکی اعتدال,3157420,10390791,3225041,405912,12745641,10914314,7275212,374011,8421261,5521775
جک آداپتور 12 ولت,12233216,143601,565994,6963614,9717168,5064040,12700122,1733659,10970047,534577
جک دوچرخه راپیدو سایز 20,1033928,11342444,8759938,1722604,304734,8257025,4734311,9932602,14059985,11704661
جک صندوق 405,3815621,749485,10758233,10860899,8255486,9520545,7208436,2475940,7060930,13131177
جک متحرک موتور,5398220,6427221,12454100,6136708,9422675,5443628,13804808,3038268,14566948,6205093
جک وسط دوچرخه ۲۶,5700311,3400318,3434836,11699458,563823,10893795,9215637,3563723,8789902,5035948
جک پاری,14340995,2206978,426944,26750,7582077,6991694,3911995,15196681,14763098,9833806
جک کابینت ۱۵۰,10593941,162509,4495195,1029673,16023674,13266203,378242,13526092,4621360,10416315
جک گازی خودرو ۲۰۷,3609559,4546262,5427924,9838220,10984525,12673045,9747702,17085140,82048,6004161
جی بی ال جیبی,3628695,7219645,15536181,7087016,13950898,10654402,8149411,11592601,6227495,7645771
جی تی ای وی چراغ,1457325,1856417,10336591,13455141,7954211,5947787,13132232,9333587,9110721,31852
جی تی ویای,17011472,7096623,13661348,1874145,12688760,82169,15126651,178762,5890764,9222733
جی سی سی کریستال سروینگ دیش,13807569,816001,379621,2406103,7248561,6762673,11562239,2294497,9987921,9627102
جی پلاس برای کوسفند,6548170,10183508,3914219,93061,12666445,761004,10351598,9071288,3147621,3596209
جی پی آس مگنتی,8331727,8666873,4207004,14336571,8778416,8011488,1154968,7154852,2748851,604261
جی پی اِی اِسلیپ وِر,2092880,4950327,6557691,12095645,9632573,192637,5109551,3159240,6835557,7847710
جیمبالی,13350621,14466154,9237582,2277393,1534778,4704253,14007389,6587059,14502462,9147653
جیمیلای3605,10848612,6647088,981926,5109551,880639,9000958,630081,2728942,5874959,4395535
جینیوس تولز ساکت رنچ کُد,7969736,2199154,3778601,10493947,568650,9403178,5903516,12554568,5221431,7038768
جیورجیو آرمانی آکوا,4905582,9177635,15989810,3539343,8938311,2586938,6105808,11152854,426944,15318307
حا چسبی بسته بندی,6467802,482498,282952,26246,1140535,12215001,7274780,6349467,184924,1461793
حاج اقا صادق هدایت,7602522,3524979,3893423,633387,2839161,6593146,4546262,6836305,9715584,2357210
حافظه اکسترنال اس اس دی سامسونگ,589137,412826,498576,2357210,13148210,7268050,14333650,80150,4251573,9397341
حدفون کیتی,5785486,12868672,10897293,9478647,14199778,12062791,10656375,4304895,2627010,7729464
حراج اخر سا,142262,16693891,2604338,552570,13471564,1110715,2064685,40971,7455828,3541573
حراجی پافر,1475443,4391448,4108417,3191825,5384390,4197849,8370107,12254764,527018,6139145
حرز زنحیر,9667367,12957273,3612361,9251888,7652099,3786538,7021668,2316014,4234289,9235064
حرفای بزرگ برای,11643491,4354296,3821449,2725162,7888690,17470082,3785854,9032772,436821,8729265
حشره کش پلاستیکی,9593956,9017025,5132596,3379854,9723331,6436906,6803405,3623050,269306,12553487
حشره ‌کش صنعتی,7584679,10320748,14271352,4863462,17294257,5865949,3919055,2106573,6170219,13804646
حصیر کرکر یی,2262129,451963,7432217,9978291,7922580,15339692,3185092,897119,551270,81373
حلزون چرخ دار اسباب بازی,7434537,4105452,13904421,15213679,14514895,7545746,9493098,12294463,5775119,17449743
حلقه you can,6904486,15743868,3027828,13364523,15489612,5841076,607449,411103,6164269,11704661
حلقه انعطاف,6812434,8156579,1767570,1710707,7266005,3556125,1029673,4167846,9842497,4941927
حلقه لاغری مدل هوشمند,9401053,6860843,9389159,8028665,12600106,11997584,8465932,4309206,8835397,214932
حلقه چوبی یژرگ شال,1621304,11322928,530419,4268372,2829818,11090385,5775119,1668788,5329771,8122486
حلقه ژوپینگ,919972,8244011,214932,8133642,5586007,836894,750182,959932,11042355,3519402
حلقه ی تزیین در ورودی خانه,11404947,3507554,5102788,10605416,9909994,1553498,4020554,959286,12602365,4149665
حلیم بوقلمون,7745780,8708852,15963251,7330976,1481699,14574080,4257429,4941340,235857,4583999
حمام جوجه اردک,17537520,350400,7812006,4463663,13343245,10740002,14226632,5432465,8630516,7152359
حمل آب سفری,6596396,4977840,14190688,1813686,961300,14498545,7451334,961925,4087377,6526822
حوله استخری آبی کاربنی,1070091,267438,11681449,4787255,14333673,2775237,7876949,409618,3513813,9296213
حوله باشگاه,3280349,989332,3618324,11224344,13886812,9623338,8531080,9268477,2560236,11948548
حوله حمام مدل میکرو فایبر,1117959,14876850,3087141,608534,6798757,3551212,9491143,7964485,6208094,69845
حوله خانه گی,12894238,13033468,148327,4276790,333942,2577240,15121526,2831303,7221868,713893
حوله خشک کت استىل 60×50,480743,14351770,8387744,12754374,5632277,13950898,11481780,8826576,15837828,7535192
حوله زمرد,55352,8069225,17591730,5018045,3545064,4863462,1592745,1126099,4559139,7492512
حوله صورت ۳۰ در ۳۰,5398310,10312343,676111,14008542,3309641,11618796,1584808,11157453,1127047,604326
حکمت ویتگشنتاین,6593274,14502462,9131125,2323984,14128745,6787332,1104172,3452323,4386912,10603317
حیوان,6392775,12074006,1884917,389052,9529336,222488,3986306,3981709,5134415,765991
حیوانات تزئینی,1585425,3373841,5064582,939238,1502682,1088721,892501,8824586,11682207,5599114
خاجا خواب گربه,196351,55610,1412732,14848042,5615117,6821120,364527,4328920,7801311,865368
خار طاقچه عقب 206,10977036,8275133,14038575,6231066,3166341,3157420,2118749,4016639,10815671,12249900
خارهای نمد صندوق عقب سمند,13033548,8052513,8198325,286918,9969986,734180,670162,52753,14116165,945581
خاز 100uf,7970320,4863462,2781547,8607412,2137174,9321700,14566156,554983,649515,16023674
خازن 47 میکرو 16 ولت,4931636,7348309,1031583,6821038,4876888,7003011,6144723,9362011,5569495,1627285
خازن ام کاتی یک میکرو فارات,5984777,5907296,13466392,12910731,4502122,12784245,875262,2094664,785535,17027259
خازن براتیوتر,4986463,6748468,7499349,13322394,13320636,9347369,14580646,12648952,973138,9333587
خاطرات خون آشاام,13376228,2895961,2009191,9909708,11216802,4020554,5618453,2103525,9086639,723825
خاطرات دیجیکالا,4415866,10857322,12075125,5587260,6647088,6208094,13254387,3326464,4268583,11490088
خالکوبی دائمی,9886623,8507591,706269,6350909,10220686,12277034,13613146,180937,155877,5866703
خامه ماه شام,13942221,2935649,11974174,6329182,7729464,81887,3638241,5836503,2130522,5389706
خانه بازی کودک,10894204,5549883,5762016,5587465,6872675,4007035,9244048,1001967,1140070,9080322
خانه مگنت,8891000,9385254,869964,9133186,1634779,937828,4748512,14212796,9457871,31852
خانهبچیبازی,11116159,4360062,4478021,3328828,13945893,4009351,11743122,11443530,6702032,8523888
خانواده درمانی،نظریه ها,224382,11690142,4165937,172516,1560539,8057538,3469722,14093711,13401329,14008542
خاک تیله,2675717,8198325,1584733,6064800,3471245,2860406,1572826,13676115,1626562,14574494
خاک گلدان وزن,9673893,3397736,13245538,6500978,12527301,1881792,4887454,893475,637232,2041020
خاک گیر سپر,3768855,696912,13237105,451963,8886721,5764692,9094859,4917171,8235932,1923816
خاکی,6774949,7380375,13809364,11296848,11649541,3346503,3218980,7375515,8112340,2951264
خاک‌گیلدا,15069967,5823722,12547362,3855570,10455143,3016694,9380520,11404306,433357,253393
ختکار ابی,10277141,5028427,11246431,6343668,6593322,476376,560818,2342736,7919101,5987137
ختکارپاکنی,11690142,13639983,10358668,205739,13804646,814435,13581904,3403213,13728402,13274853
خدکش باب اسفنجی,7451049,5403418,10591265,14402753,9557746,8073670,974348,1658599,889648,9659575
خرجکار ستتره,10578487,7847861,14467723,3524979,8680295,3604636,6240057,6981524,1486568,12090299
خرد نکن,4653509,6427985,1560539,7638641,143601,3500158,11157453,1438846,10140363,5089563
خردکن دستی مدل5تیغه,9135138,2602908,7504753,3369509,14410946,8766133,7922600,8934922,13950082,200466
خردکن قود,801751,7546584,727852,3383776,10130577,7380557,584095,287451,14540468,9361278
خردکن نایثر دایثز,1806932,3796868,4153002,9984477,10201221,55072,9709270,1443507,647792,1973811
خردکن کوئین هوم,7289290,14488282,466066,3867621,431195,14116165,2610567,995846,2861067,13237992
خرطوم و میله جاروبرقی,13661348,2100510,828633,15309498,7971987,6002837,546124,7436272,11246513,479520
خرطومی بتنی,11388363,12747983,2763820,909949,983371,5587260,4296039,1475568,11721686,7285915
خرمیر دندان,5549870,370531,3437,1484777,7940220,14580646,3322371,14378102,889648,5298345
خروجی آب برف پاکن,8465179,909042,17039636,7565868,13369159,9208271,412826,13323415,8549674,13676387
خرید اقساطی دستگاه اسپرسو ساز,8798809,12428435,8789224,5389706,4088765,622748,554983,8302742,10222322,11548891
خرید اقساطی موتورسیکلت تریل ۲۵۰,7902972,549702,10857130,14333378,6078390,13323415,8751512,6148379,7142852,13258196
خرید بازی رزیدنت اویل ۶ برای ایکس باکس ۳۶۰,6566208,9900864,12350031,15257467,728168,9516833,1927795,917220,156097,9752354
خرید باکس عروس,6554847,3326464,6208772,3310047,4914193,6531055,738024,2006069,4197917,6851000
خرید دوربین مداربسته استیفورد,8949246,6293939,14315407,3147621,1420638,5117308,9216197,11960134,1498412,62441
خرید لجر,10288460,10272500,3531299,10030958,9647975,1153178,11505940,17992293,8068949,5994231
خرید هدفون‌های دخترونه,1468629,6559677,13363407,4682127,739779,4597703,1520528,51588,9789567,384900
خرید چراغ  عقب دنا معمولی,3967585,3876416,1826170,6005120,6078390,12997079,7338944,11398248,7012003,10904951
خرید کیف لپ تاپ فوروارد,3265733,367085,10288925,10646502,11101125,9917529,13384382,3500901,10058099,2708994
خریدبازی ps4,475424,2106573,10133630,10462363,10319520,8312675,4071139,14018731,1626043,14337860
خز تاقچه مناسب برای رانا,13809364,14092151,1683564,762996,15514368,2743922,14133879,3101194,14566948,8777045
خز داشبرد پراید پارچه ای,9233353,1790557,7834490,11623178,4920984,1785325,2660180,3083082,8366074,14757059
خزه زنده,3309641,1075479,9327243,9372061,11706172,3859880,8395146,8984756,443008,6469883
خش گیر بژ 63018,4615249,584794,5762323,5664022,8667904,981926,14868576,3759644,2792992,3815764
خش گیر سیلور,13300445,643764,12778555,8729265,13027898,5119105,770896,20559,10722809,1587710
خشاب دستگاه منگنه,10206229,2050509,6631202,7191359,9593086,7889284,11891409,2603992,95563,2357210
خط زن وی جی ار 922,12498534,123428,138837,13299223,10747176,9951863,9136299,13436618,31644,2360509
خط چشم yorn,2588590,11188019,4826653,13969562,8133604,1422486,699190,602199,429723,1047021
خط چشم مویی مای مدل,10563755,14014663,12549554,876629,14488282,10322404,5936108,12751996,9286195,4372912
خط چشم و ابرو کریولان مدل Aqua شماره 070,341951,876931,15659202,514988,7954927,5083435,367085,2030253,669307,12804885
خط کش  سه گوش,4105740,15321687,8481749,6833688,730045,2394240,619737,9503513,6981524,14272240
خط کش طرح  BTS,9065012,3283047,8208392,5862804,5793021,9222733,6446396,179951,9515648,2577240
خطر عقب سمندse,6959175,8498898,11891409,6164402,10319520,13613146,6078390,17185045,2075077,622748
خماشین ط زن,7465665,6331516,9674839,833899,4145803,5085833,6595121,14763098,6718443,9502262
خمیر دندان whitening,10458925,7195939,4661132,6591032,2272565,1538119,7379172,630393,412370,3851079
خمیر دندون جی سی,10661290,3481212,13494305,459395,16736391,14192992,12062791,7501115,305573,409199
خمیر مینرال یگ,10610361,12437914,9959461,9422975,4184340,693887,12866569,477164,6069592,7855805
خمیر میهن,14068241,6330542,7922580,8397402,13727848,10359413,4371738,12077629,8141019,13343048
خمیر وندون میسویک,14344908,11173228,8017337,655912,14157096,2050509,11826104,1029723,8982851,471143
خمیر پاپیه,11592187,11729357,7547365,5469265,11281765,14495355,777689,12884694,7994727,1675658
خمیردندان بچگانه,4929072,2381178,880451,8890436,6170219,8111206,8421822,13142006,7518451,10538870
خمیرهای مجسمهویازی,7323361,3390986,6378150,11699458,12212151,6790296,13430705,11254905,4358875,3828058
خنک کننئه پردازنده,10368784,3179083,3341501,2069117,6744529,68830,5150034,14751687,12710813,5426875
خوب های بد بد های خوب پرتقال,15937518,3545064,4516244,4842567,3254639,875262,8577184,12305674,1621606,515133
خود تراش ژیلت مدل Dorko,8239214,2561758,12693128,7952832,552191,5926516,12957372,5136293,10999066,158566
خودتراش بیک پوست های حساس,7926499,3899873,3536593,4256612,9588832,1775829,11510141,4258720,6855429,13677379
خودتراش هوشمند,11548891,3258412,12235824,7165982,9969986,2668036,4931849,2469861,877897,12421466
خودرو ضربه گیر تارا,2079564,6974618,10697178,6316207,12325010,6976717,261051,3376676,14554743,860400
خودرو پف,3536523,284046,6981524,11071862,2279639,148036,11340226,1642892,3950734,12648743
خودنویس بوروپن,2748851,7824158,13964899,3017645,9000958,8444265,10527339,15316254,11423012,3465186
خودکار تهش پاکن داره,10612029,914077,6035112,9705085,563823,235857,666882,359882,7836235,6997676
خودکار حکاکی ده,3548085,6713474,16522900,7971987,4007035,14192208,2830183,15610484,7926817,1689189
خودکار رنگی عددی,11161719,6078390,3150728,3189403,1877280,5089067,5821167,2423504,12890633,6935322
خودکار شیاعومب,6062855,1459602,8483580,9593956,13149286,6265787,1151448,8187878,2388884,3607248
خودکار طرح رژ‌لب,5005362,7561144,9741936,340779,1097368,5426868,6507549,10351455,1742756,12295866
خودکار نگین زن,3305777,4506119,92087,10683103,7273908,5062205,12560315,6349054,408640,8902718
خودکار و روانویس سی کلاس,5756007,6348578,50796,108540,12337287,10598469,13013539,9234149,10006431,3245722
خودکار وری وری,5840935,15284231,10480997,10387007,5064718,5522277,1489847,4408429,401,5258933
خودکار پنسان رنگ نقره ای,9371896,13644886,6663320,12775091,5664252,12235824,7790253,2257675,3790582,1538121
خودکار پوینتر,11758156,9198712,1826076,2662413,296051,7959398,12665229,3398398,5685312,17431061
خودکار یوروپن فردوسی,4289403,4963821,6800616,8453861,5903516,50718,7612486,6958247,2583317,6535357
خودکار ۱۲ رنگ فانتزی,5753864,10237807,11721686,5811498,7219736,7518451,10904951,10893935,3103299,11106291
خودکار۲۴رنگ پاستلی,2588590,13792904,5813081,12190959,6901968,7582077,6265787,12602622,6596396,964898
خوراکی اب ترش,1446443,5615117,6884317,816670,3875573,13712573,1705521,12114587,8493464,10110079
خورجین برزنت,1138304,11467012,571768,4419091,2842162,12774881,11717667,80316,296290,3815621
خوردکن بیسنارک,3781711,10248995,7801311,37261,3828058,4678062,14007389,7524780,759520,9953477
خوردکن سونستار,3805248,4566914,5806302,384314,8372721,3245302,14410946,12649782,8612151,3922252
خوری سلینا,3768544,14868576,12789392,6986157,3488445,5083435,8423792,917875,13167520,5519452
خوش خواب ۲۱۰.۱۸۰,7812216,8098125,3801395,419298,5956223,8884275,6226528,14891626,6474778,6343668
خوشبو کننده بوکات,7799532,4417031,552191,3974550,9686380,2660180,5057153,12104111,2644760,6032410
خوشبو کننده تزئینی,6323277,1763712,10490287,178772,55352,11625784,10688144,12719812,158566,797880
خوشبو کننده قلبی,6915883,11928674,8044249,4964326,7379172,5274879,11043683,10653856,1435005,4653509
خوشبو کننده ماشین فابریک,4244349,11362304,17294257,1446443,9776588,8513272,765174,868521,8366074,8159256
خوشبوکننده طرح قلب,11410106,11796792,12988358,749052,6158866,3117918,480743,6350773,1514106,7359906
خوشبوکننده ماصین,2110057,10780879,2587235,1017455,4798605,7844352,12463213,4408429,12649782,1496459
خیلی کارهای زشت زن,1593759,6180333,5343905,5025540,4855889,5537905,13527881,485090,8159256,12560714
د بوک آو فایو رینگز بای میاموتو موساشی,6556190,3710387,10729478,12686779,11758156,412370,12217894,14212796,13327900,4854648
دئودرانت مردانه,7773468,13612974,2752622,12120907,7640481,9387650,25959,11813652,4914193,12447072
دئودورانت کرمی زنانه امبرلا,9593967,9180929,2724761,6882567,92087,10425290,10058591,17449743,8107171,13323051
دائره المعارف حیوانات,13094132,645366,1850809,614009,7380557,6567845,2561858,3288310,8285100,6850079
دات دامپلیگ کوچولو. رباتیک,6561991,10635917,9011955,6830905,7703696,3718358,716113,6562526,438351,1837601
داخل باند ماشین,17591730,13576150,6241074,10280312,6580689,540219,557051,1003107,3371358,5261180
دار ویبره دار,5119105,13875577,8315250,8081582,8391149,10891628,6854659,8259803,2826482,14673891
داروی F,12720711,8355017,14574494,4440247,2103408,4680056,493281,13673427,10211121,9390955
داروی دایمتیکون,12282641,13278587,606382,13533634,10676179,5085615,5366234,960381,8023119,6807225
داروی واریس,3726850,3306409,12197331,200466,5522277,205704,10894204,13440432,9527627,9242187
داشبورد ۱۰۷,8052513,1160809,5068713,7919101,5057153,5253135,983854,10822319,13035118,4616527
داشتبورد پارسپوسته داشتبورد,3057987,12229027,5092438,3726850,917261,3233122,500264,12164132,63831,2725162
داشپورد,7885034,9119757,17013373,5058143,1615286,12299112,637957,1132730,8631215,13350621
دافی ارایش,4416503,713893,3008567,11729962,7612355,6159606,3000679,379621,704994,10423280
دامداری,6011939,764033,1057886,1110715,12747983,5132596,9647975,15534948,8983236,14023845
دامن دخترانه تی یو,11011909,4325093,7797203,10611243,10766629,17314096,13644886,4098932,51924,10946286
دامن گیر دوچرخه,3107660,5407471,757391,11132726,5424088,3048569,6836305,3627290,5266126,13976650
دامنپیراهن ساحلی زنانه,2561992,14139392,3192810,2830183,10358668,2773505,2706820,5024683,286137,11727101
داندان گیر حلقه ای,4589312,3046475,7612486,5557830,9052476,10670241,3181933,407841,1608070,9839290
دانشجویی کوله,623214,401242,15319503,7680985,7745780,11764073,11841668,1492020,455580,429723
دانه دون,4917171,8751512,108299,15400948,13699053,8778416,7129303,3101194,11690142,196762
دانه کمپوست,8047249,5992012,468936,2831303,373336,8996747,8384280,3860866,8495570,1946671
دانه‌عروس‌هلندی‌مخصوص‌لوتینیو,2068072,10311608,882871,115001,4842567,10290303,1135071,7021668,9380520,15379121
دانگل HDMI وای فای B-NET,3868112,12648743,6986157,13298516,5607537,609325,3179287,5839832,6105665,6653378
دانگل بلوتوث auxدارهمراه شارژکن,4011001,7422589,10903141,6561991,7048378,13324355,2877154,7577059,645879,9250165
دانگل بلوتوث برای تلوزیون دوو,12447072,674036,9283557,12100106,7902972,3629964,3919520,14191430,5618757,8598558
دانگل هاتستاپ,1491939,11646607,5419091,607213,1625468,12884600,476011,8541903,1999745,12204734
دانگل کامپیوتری,6348578,5102938,4428121,873054,14868576,12294078,6460591,2712971,3368623,14162487
داگ کر ساپلایز,12055540,4827418,7991742,5700211,7426186,3554505,9380054,9819715,5595567,12997079
دایرة المعارف کودکان,3265733,8536946,4000750,8868046,5469265,7504753,4931849,3272499,602981,12351230
دایسون اِیر پیوریفایر,10653284,619737,15325190,308442,12602365,881664,6851000,264920,750182,6533827
داینوسار,5381957,3015594,4204115,12543936,1901258,14762075,12760907,267438,5948450,1666656
دبه جا پنیری,13939723,1157087,3828058,3986306,5589187,671737,5073393,11704944,6901968,14348920
دتتمد,6766561,506035,10201221,7836235,9017177,10120929,7172945,2097924,2787116,3025131
دختران کوهستان,9327243,11089001,8444265,3596037,7340343,11630643,11431834,2419836,2533881,97115
در باک cng پژو روآ,10815830,6488097,796229,4458966,3778601,7172055,7477029,9772865,4437935,2058772
در بغل موتور ۱۲۵,11580764,6736549,4000803,10044979,2732077,1563637,3245722,5779434,12921491,14024452
در ترموستادساینا,12436562,485090,14822087,11367985,3255186,4782055,540796,7344545,5575468,8422631
در زیر کنسول عقب,1638676,11551035,2406262,13031790,11813652,14181343,10842479,4408025,3426975,14473540
در سر مسواک برقی,8421261,9530686,6936264,5622922,2653959,4855941,11764073,14018731,17097822,7722162
در قابلمه و تابه کد 0016,4966806,4391448,14676761,6330542,370531,3780542,4054354,749119,7133888,6294267
در موبلا,12428216,13945893,7474345,2702152,8506314,7611671,12090299,12981618,2561758,10677636
در هم برهم پلاستیکی,12844284,7640136,14065530,9573460,12031578,2094490,4315264,314196,8134825,11948548
در کم و زیاد کردن اسپیکر,7354748,7780382,2976227,10766629,4863462,2842162,3426902,2568772,3237213,12229027
در گوشی های عاشقانه,2110368,4011001,3934246,37261,5245403,3189403,5165276,9962261,6327528,3387748
دراور عرض90,7843220,5143645,4325093,4049523,12401047,3961887,11071024,2383637,820863,6817528
درب  فلاکس یونیک,192637,7812634,5350930,10903141,576821,6939250,180937,5568351,2901148,8093927
درب بازکن داخل تیبا,2577240,12452964,1126099,471143,3185092,831292,2103355,183120,144966,7066144
درب بغل  هوا هوندا کیلیک,7199802,13238409,10010228,5866703,637473,1490182,1699984,5679964,126688,13259598
درب خانه  برقی,5519812,7385077,9636489,3596037,5170007,4301569,7561829,10077614,12455954,10912200
درب داشپورت پراید,8162593,6993065,11209558,585659,7571853,189571,706269,8725423,4826653,2450919
درب رادیاتور اصل سمند,8267393,1692778,8532954,4244981,1592461,6851912,4544783,7274780,7754712,6857848
درب روغن ریز خودروها,9048521,7239559,3062680,9743231,7766073,3118113,14754405,2415653,15029694,282952
درب لنت موتور,7680985,4661132,11119109,172747,5709489,9994533,6633877,6605848,7561144,7338944
درب پژو استیل دستگیره,13519086,12149756,7219736,10368861,2144579,881530,5035423,17942912,13175971,13215408
درخت مصنوعی پرنده بهشتی,4886795,7828202,14220127,3643724,3612596,9430343,4935807,12180030,10146144,4309206
درخچه بزر,723003,17111036,4251149,13828983,3179287,12939789,235857,2233703,10961693,2364525
درد ریدمپشن 2,845953,9563117,13068451,1426823,12170248,6248479,2670,3051315,12453471,7597200
درس پک پنجم دبستان,482498,13644566,709463,13399395,4288693,143761,9105099,2307028,10058099,10358668
درما رولر نیدل,6247153,9118510,168079,7674470,2701359,305573,14425829,9138535,1471612,4356887
درمان بیماری روانی,1516133,193342,13969235,17480397,12647727,5890321,12054697,9749301,3166341,5812779
درنگ اکریلیک,2860902,777689,2015247,5460742,926580,14843838,3524979,607449,916897,5586007
درهم پرفیوم کولون,3572733,10587391,723825,1163645,13231368,571768,13320636,859481,3125401,11704944
دروازه فوتبال مدل تنیس,1060996,2241846,4006952,6990645,12126126,9877650,284254,3551157,2428872,10148280
دروبین برای کواد کوپتر,11141250,8596417,12057211,9875795,556119,1048427,14308846,10527270,11128040,15069967
دروپیچ نوزاد خرگوشی,10875835,7515632,7983566,5318554,11246513,11410963,8789902,7393227,14495080,2610567
درپوش باتری,299944,9503596,2559335,13785575,549513,10076719,6417834,880451,1897763,1720958
درپوش توپی,428270,2839161,14511107,11410049,11596055,4204115,2255843,2933479,12096701,6033622
درپوش ظرف پلاستیکی یه بار مصرف,8225657,9567321,76284,14023845,1161598,10739828,7720365,5696222,13027898,3624625
درپوش پژو,11717667,1591871,17093058,8963792,1617886,12275335,6997735,6593322,14494540,12760388
دریافت وام  از دی جی کالا,6270270,2137967,1144352,4863462,1648360,2415001,9527609,2604338,1718585,11628952
دریل 3 کاره بوش,11475040,4953123,2706820,8425139,8242042,11070523,6557691,5889381,396213,7332407
دریل XR,13999587,3223084,8337966,3859841,5395458,13364788,2260890,10692740,15502469,6770785
دریل اینکو بکس,4348794,215632,124806,3929091,14603315,4271476,12573997,7332981,10635382,7144000
دریل بتن کن ادئون,12029059,1122950,111860,9201855,12120757,7354748,521121,14488282,14344908,3179287
دریل بتن کن سه کاره دی سی ای,5338291,1828722,14441410,3218980,9947773,3453135,10722982,4956897,14525482,7834490
دریل بتون کن۵کیلویی,48961,7976209,11223338,14638250,7954927,14360609,5717374,5548244,2596634,1514737
دریل برقی 26 وات,12185047,6436457,5948638,1612355,12684920,7324155,15636808,7917791,4475952,385198
دریل خانگی شارژی باقیمت,13999587,17038129,13622794,17601869,6554847,9525590,2583919,3987504,13677379,490435
دریل دی ای اس,10536713,687603,6448047,13580657,31848,8799078,13662403,207314,1763712,12774902
دریل شارژی  ماکیتا ۴۸ عددی,3050985,14515067,7595453,3179083,562382,16749668,9080302,11322928,4986463,14287592
دریل شارژی DCE,7814413,15367789,760425,11108015,7475432,527018,7951437,7695557,3170650,6980916
دریل شاژی,9797238,14333650,3954961,3702757,12097231,3812340,749485,9276327,3331675,12456849
دریل و آچاردریل شارژی رونیکس,13251588,4978160,1989272,4235617,10842479,6252788,2708994,1809169,7181587,9021822
دریل پاریک ساید,156181,9339374,4677719,2010553,5589097,10676179,16752010,10948118,971829,308442
دریل پیکور ۲۷۳۲,3778601,9378758,15197364,12088191,2767668,265143,7357314,12644844,12428216,15073378
دریل ۲۰ وات استرانگ,3592999,11137407,10423280,4107592,2716151,158528,16644032,4863462,8436769,12071121
دریل ۳ کاره,11070498,10620531,1826076,7564833,6706357,11474073,10448004,3505056,9360788,11263738
دریچه گاز,3264348,3202092,14472064,13656509,5117308,2313536,6825028,13841267,5762765,9147653
دریچه‌کلرخودرو,7773468,4344817,2432359,1512525,3041030,4121114,8793354,2842627,6578624,3658747
دزدو پلیس,13298516,9717198,12553487,26246,2768162,10646502,869662,1077362,9795665,5555879
دزدگیر تصویری چیتا,13882612,9851720,1584875,10517307,10898538,14036003,919112,3539343,4566955,17436439
دزرت کلوتینگ هت,13196606,4995311,13982222,14131504,8503217,11161719,9843310,6327689,4679632,2485521
دزگیر برای متور سیکلت,5398310,11623178,9125167,2137875,757391,430494,8093927,7275002,4748512,3454494
دزگیر لاستیک ال نود,6586909,12647563,932459,6826975,3509610,3041030,3245722,4893128,8527893,9611258
دسبند دخترانه طلااسم بهار,4989781,7325334,10521208,3150946,458555,1496876,5243806,60107,12303596,2817052
دسبند ست گردنلند قلب عاشقونه,4455409,8017337,906231,1871957,1901258,3320722,8452901,7461288,1126099,10618688
دسبند عاشقی,3980308,430494,1082147,1763589,9201855,797880,12886918,816444,8312675,5930020
دسبندپولیسیواروسکگیتی,2776377,12233629,9077569,6484699,11277102,4288435,10554732,1460055,487357,7991742
دست بند ساعت گلکسی واچ 4,3462515,448489,3805248,1762114,11198942,10633491,2846889,942712,14512098,6958247
دست بند گردنبند و پا بند ماری,734180,2610656,8367987,11974174,4916098,3859841,5427924,13626990,1829340,1709177
دست بندهشت  چاکرا مردانه,12871160,14531056,6567845,12449771,9475069,8922676,1519801,350400,5747445,4113547
دست کش خواصی,7465665,3859841,2920743,4726071,5306528,1640291,3346503,951998,13964709,4408429
دست کش گ,15260002,7009820,5717374,12775038,10405197,950423,13612974,2829818,6559677,9216197
دست گاه پرارژا,7601292,1790557,3332801,1863815,7623616,168079,6754789,8963792,6230942,4063077
دست گش درباز بانی,7666578,11473694,3629964,25959,909042,2760515,12516025,1545322,1689085,13463142
دستبد مرواریدی,16026610,11377769,14214103,11968382,13324355,14603315,214841,5132167,13671627,376930
دستبمد دخترونه,340779,172501,15920872,5337932,14764965,565132,15367789,2257125,11209558,11944757
دستبند استیل زنانه پروانه,17137557,3515888,3780542,16633807,10396494,15837828,3713495,923971,10510261,6152102
دستبند بند و طلا طرح کارتیه,1645222,7016098,6212262,13619045,6699387,11575630,3222791,1638404,9017177,1140535
دستبند بنگرد,13629361,2887055,540860,983371,14322897,4704767,451154,1645222,7022529,7588506
دستبند دخترانه پارچه‌ای,3596037,7645771,2046421,4088765,7287514,1140660,242880,8297769,13849949,8949562
دستبند دوستی 2 قسمتی,7546533,9008995,16035296,10590984,156097,9005933,3859880,6392126,2152938,113181
دستبند زنان شیک,11137407,3346503,9422726,8891280,6365957,9897042,6888770,5796311,2373857,7437726
دستبند زنانه مدل گره ای,8436769,4304895,6663320,6593146,8815083,482795,12324455,6562545,15949927,2599596
دستبند ساعت هوشمندمحافظ کابل,10510261,2044653,12981618,6257808,8414644,10094197,13856310,6348578,12152329,9618503
دستبند ست بابونه,10006431,2453294,10620011,13613146,9071288,7967451,6760868,1505408,3182932,13251635
دستبند سیلیکونی ابی,9508030,2666116,1563637,2387043,4362824,6838826,10886706,13784427,7139353,305573
دستبند صناب,7524780,5235259,7505141,9953673,3644156,8365337,144154,905385,2662413,11481780
دستبند طلا 18 عیار دوست خوب مدل dk141-4,10548632,13624405,6631597,3890665,5698028,12900943,8132436,13602764,7904244,12131416
دستبند طلا 18 عیار زنانه مدل اسم مبینا,9786391,8203862,11841668,401105,5123200,1070091,3855570,2333256,129694,5235259
دستبند طلا زنانه مستجابی,7140776,12920165,287451,5026418,6175504,4207004,1112124,12904616,10082929,8749280
دستبند طلا مدل اسم مهشاد,4131783,5424088,11572853,8215708,3563723,7626899,9554045,4544783,13981188,8883926
دستبند عقيق سرخ,2842627,905385,10598469,12844284,6135391,14192992,458555,1917569,6935286,17537520
دستبند مردانه مدل چهار,9938759,6981524,12838592,13118786,8044249,3257807,7541011,799177,6966279,224849
دستبند نقره اسم کامیار,9577321,935619,4816942,10656375,1454599,1420638,1033928,2363856,10648133,11704036
دستبند هوشمند دلتنگب,8397962,9567498,180395,3060549,13924135,7818581,13005200,2408736,9215637,6139064
دستبند چرم طلا بنز,3986306,9493098,2834962,466066,334514,15325496,5994231,4466558,7701298,532966
دستبند چرمی آروین,4890217,13844762,5325285,6787990,5895194,5157397,6372064,13148210,4877971,8774462
دستبند کرامی,7467783,7360152,8759938,17294257,9557746,5018045,468522,12499229,123215,12949181
دستبند. عنکبوت,124806,4005690,7495121,1505530,3536591,9251713,14274757,1746928,10432482,4886795
دستبنغ,7106135,4954108,7432265,11716692,2999253,10403857,1624566,12391533,8107655,978692
دستبنند کارته استیل,8236737,7128270,7946573,11124038,1541231,2914569,11434306,8338751,5117308,8326812
دستمال توالت نانسی بسته دو عددی,4684626,6936033,440818,13227880,881664,12075125,17314096,12455954,12660368,9255949
دستمال تکست رنگی,10455143,11165930,8279929,7836235,11596055,284634,255406,4791465,3283047,8910724
دستمال سر بچه گانه طرح خرگوش,13083849,6265787,12106618,14312014,14295812,9755208,2898190,5420739,10130577,9717168
دستمال سر ستاده,10598469,14515458,4212044,4704253,2586430,12779149,2775237,5385015,16755006,8277238
دستمال لزج وایت اند وایت,1760078,9674839,396213,9356340,9797238,112897,15474441,13185064,9422726,11940994
دستمال مرطوب 3,12940098,4793179,14076582,8032608,848850,919112,1439902,145838,4593072,7730595
دستمال مرطوب ایچیتوانه ای,11435290,13827589,8057538,12081725,7165658,11421317,15069967,1144060,13148210,11705624
دستمال پارچیه,7444508,2069609,9860681,405912,13875404,3517431,7512465,16166965,7240420,2961825
دستمال کاغذی تنو ۲۵۰ برگ مدل خرسی,11382166,13281581,9304907,9250533,16537781,12254721,6830905,8191595,5855224,4105740
دستمال کاغذی ۵۰ برگ,9699777,7000516,4197457,2064685,2716707,3880381,524407,6299689,916324,7474345
دستمال کاغذی ۵۰۰برگی,8769143,2572985,7656850,8338751,4631698,9700707,9073973,7697832,1622380,6924312
دستمال گوشی,5575468,7009820,7136299,6510095,8882003,16216627,10396169,3258151,6962428,804925
دستنبد منظومه شمسی,14024753,12807344,4477129,4893128,11607769,1724979,14958401,10487720,1628644,312368
دستنبند طلا مردانه ماهان,1760078,2413323,6033622,2560236,11646607,1082147,11070523,966563,13349301,5069534
دسته بازی  ماچر,8282083,9008995,934862,8519455,108299,12428435,2289837,9796558,7124829,3792937
دسته بازی apex,1617886,13661348,3184295,4202210,81887,17406399,2383637,13581904,202993,5593181
دسته بازی بیسیم برای گوشی,10897293,387077,7198042,13321487,13950082,4823722,9914387,13002646,1580572,12459822
دسته بازی دیریپلی,11625784,6413628,2854925,2067611,7922580,14581595,8257025,7865355,10361389,6170219
دسته بازی مدل X-201,158566,7240398,9330978,12458926,917875,8400781,11695665,3398205,4542839,2586430
دسته بازی مدل بلوشارک,7790253,964286,6002837,1476125,14515458,3495091,299944,5175141,9561839,3724793
دسته بازی پلی استیشن 4 dualshock,4065469,5750777,2581733,1605401,698981,1886413,5463310,14281859,4108417,6236121
دسته بای کامپیوتر,11419580,11876002,14168666,11795283,224849,10094197,12120907,519162,12064951,9628882
دسته بندش منم,2941363,584794,10273269,11273164,556663,9964641,2559335,14250473,4967444,7635706
دسته تیغه برف پاک کن 206,10683103,9618503,12666445,4573008,7185932,180395,4372912,10173363,13982222,14150938
دسته در یخچال الجی,7344545,9110312,6248479,513177,6872675,6779488,49349,855992,6202877,10122383
دسته دوربین گوشی,12294345,4874779,14435236,8765904,10183508,905385,5465929,15963251,971006,9229172
دسته رنکاری,4157305,3379854,790252,6576917,6940852,10812826,33674,9468485,2768571,1534778
دسته سرخ کن,8659374,3575155,9832146,4063077,5210649,9380238,4097330,1581754,862717,7404404
دسته سرد کننده,13699053,12999394,12991404,7066026,31688,4795557,10059377,3882579,2233703,4415866
دسته سونی۲,9380520,16035296,14583873,12152772,10403857,704994,618869,4529789,258247,13320636
دسته سیم برق کامل پراید,6206772,4474955,8293985,633387,12349726,6156841,4547127,14882746,315488,6761083
دسته عقب کویک.,10739828,11696856,16483817,49349,4366176,7691559,5987137,303259,947718,11841668
دسته لپ تاپ,4801614,17137557,5417052,551022,2596634,1425618,10434382,4362497,6065680,12684890
دسته موتور ef7 ایساکو,15028893,2132669,534631,10677636,6103339,482116,9294022,4564067,3950734,8414644
دسته هم زن گوسونیک,6748254,10587391,433182,6779488,5463310,10343254,7824158,8222387,10035800,408153
دسته چمدان دمکمه ای,6048427,14819880,3496519,5884397,5209372,880451,5615117,13627720,2485521,2670722
دسته کلاچ و ترمز هوندا ۱۲۵,10523389,12575332,142262,8450908,10260791,12283291,1059820,2986271,15830110,9704028
دسته ی پلیاستیشن,9272294,162509,6263638,9508030,1823585,869662,4852639,7283591,11249252,2418637
دستواه لیزر بدن,12549397,5190712,12673045,6526822,10194563,5202043,10998475,741348,721359,6712244
دستکش اتادکار,14566156,2431669,3951436,5487362,924553,860400,5223293,253393,14338296,5357021
دستکش اشپزخانه ضخیم,4649136,4268583,11625576,6860843,11419550,1569587,11433978,10130577,8107171,5664022
دستکش ایمنی تمام مواد,10566095,12670804,5209372,12436834,2703757,8688393,5409265,8234291,6838826,5726740
دستکش جراحی یکبارمصرف,6884403,71461,15278817,2945525,1491939,467853,12222680,13318293,3987504,7695005
دستکش سیلیکونی عمده فروشی,11419580,8004738,15367405,5255608,5747445,14472064,10097967,3016694,9662086,1724979
دستکش شستشو,83472,3859880,15257467,10362197,9009983,13538016,4419202,6556651,13163447,7510865
دستکش مرد عنکبوتی شارژ سد,14453371,286688,15118188,2984540,932459,4966806,31688,802407,2132669,10674241
دستکش نظافت بنفش,3605044,8586965,10644422,7745142,14522041,5865442,8902718,2487012,1070089,1806576
دستکش همه کاره,9947129,12540137,14199453,9586268,52457,14271321,5529084,11607769,9603981,7188425
دستکش پسرانه,6753256,962411,4557717,74325,13656509,160744,6338303,5170019,3389477,4647335
دستکش کادر ارتفاع,811459,4417108,13518846,921724,3579546,7091950,1450945,1660828,3307928,2408736
دستکش کیسه بوکس بچگانه,8659374,296151,724480,14193478,5597635,7600457,6896633,1529575,15216852,8186728
دستکشه بتمن,5277264,8780629,10220255,3066530,12295866,456522,4647335,12310300,9062550,9422975
دستگاه  بخار خوشبوکننده,5874959,13838424,2009191,9251888,17751721,7835167,12981618,8815105,429720,3202248
دستگاه  تولید جوراب,5025436,3257964,12558561,7824158,1932080,8669046,142262,13025803,13082050,2170719
دستگاه DVR هشت کانال هایک ویژن,63831,3209596,9013302,14042335,7325227,6184497,7240959,3453135,9881235,6220344
دستگاه اذان گو مدل,6484699,14135022,5126221,9301361,6965505,8376289,12868672,3229372,1558485,3496519
دستگاه اذن گو,9253428,12563933,6356790,3609559,7229796,3038837,730811,961925,4294581,4063077
دستگاه اسموتی ساز شارژی,7359906,13254387,2110181,8270275,10912381,3871488,12830142,12229635,11852994,5236984
دستگاه امبره  ناخن,15186788,10122262,472358,2581733,2603710,8391149,12499125,2861067,6323922,8069225
دستگاه اکس ویزن,17048438,12131211,3252733,833899,9434505,15030538,6228161,11995524,1780834,6888770
دستگاه بخور بیورر صورت,3797495,8463027,10856427,6013513,4306831,9360788,10025189,8687712,9536146,2960094
دستگاه بخور ریگون,14866307,14279802,5522277,6206772,4536943,6087736,2882705,7542677,14472064,699324
دستگاه بخور سرد زیگلاس,4341046,7533584,842100,13098387,9648721,11151891,15414041,12078880,8191595,7054953
دستگاه بخور گرم ویکس مدل ونوس 4.5 لیتر,9836112,7129303,8659443,13770069,9491143,1368162,6129457,11525184,9515648,518389
دستگاه بدنسازی خانگی m,10082995,8498898,1486568,341951,859111,9659575,4885876,5095462,10784902,4754715
دستگاه بر چسب زن دستی,7959398,8835397,3204480,7301351,5054403,9141108,3657318,771961,3408934,9886623
دستگاه برای در آوردن ناخن داخل گوشت شست پا,1006905,5505856,13454932,14763098,7998713,1606824,626446,6248479,3381528,7021668
دستگاه برش سنگو سرامیک,1884917,2842597,14884689,8729265,475845,8395302,14990284,4506710,532966,2289856
دستگاه برق شارزی,15306465,9004108,3701580,1447978,4212044,6069316,13938626,12398907,276728,8110066
دستگاه بستنی  صنعتی,10368784,431195,6876011,10768868,2197659,7991742,5683107,3107660,12254764,485090
دستگاه تست اکوا چک,14868843,186930,14081992,861621,14500350,9463740,4516244,37686,7914100,384314
دستگاه تست باتری خودرو,55352,56912,13961466,614009,55691,9071525,4704767,3828058,816670,7035312
دستگاه تسویه آب آکوآ جو,9705085,7540371,7971987,9741936,515848,9869248,158528,6257808,4661132,839031
دستگاه تصفه آب اکواجوی,2715002,1610096,10521206,2388884,2469861,13085614,17027259,6823515,13239760,5357021
دستگاه تصفیه اب گربه و سگ,11548891,3398205,8502630,6905273,4937291,6768238,13073651,4850572,13091349,9075233
دستگاه تصویه آب خانگی آپارتمانی,695191,4411947,794921,2984540,8667588,4000803,11403849,17942912,172614,8383328
دستگاه جلبگ,1161598,1608070,9503596,5054403,777689,11424616,7451617,1849719,6223265,5874959
دستگاه جوش  توسن,3385777,1414797,9251713,5604877,8122684,7364490,9952903,5433612,9828833,7179227
دستگاه جوش ۲۱۶۲ اروا,5587260,8792479,14287592,8478946,7674446,943846,12949181,12778555,14554576,973138
دستگاه حشره کش تارو مار,8280670,14262166,5739874,3778601,10390791,9830425,11872294,12087708,7901711,2932463
دستگاه درما اف,6991694,8963792,242289,2415001,4937291,6404806,5189014,296290,6205093,383320
دستگاه دوربین مدار بسته,1491994,17642899,1593759,37261,6465396,4624691,9364524,3250980,15115718,8871466
دستگاه فرز رکنیکس,1609964,525953,15380581,728168,8491338,272669,9171060,545029,2861067,3050985
دستگاه فن سازی مژه برااکستنشن,9979410,77165,5775119,435451,1602837,2016450,13622794,9276214,8365210,6984499
دستگاه لایه بردار و مو کن,6560493,7575881,11249252,7766073,5366234,9627102,49762,7246249,3265733,6473213
دستگاه مارک بر,9308907,17792304,6830905,11827932,6924312,1823585,12560714,3437431,11362304,1584875
دستگاه ماساژ ایستاده,14751687,7166735,717455,8627776,12229027,7125366,4791585,5264418,5616229,5561794
دستگاه مشروب,16216627,4207004,3414388,9965789,5507303,4415290,3457566,14243874,10062088,8891280
دستگاه موبر  موهای زائد,5550069,7600457,877254,13854825,17751721,101056,2387043,4280661,11626547,7125209
دستگاه و پایه سردوز چرخ خیاطی قدیمی,7844091,8348402,6090993,4009351,1809269,7367110,807595,38243,17025073,637957
دستگاه پاک سازی دو وست,8646801,11165930,14437943,12014271,796015,11188019,5109437,7901711,997096,3987504
دستگاه پودرپاش موی سر,12996305,7048378,1973811,598780,7904244,9703599,17113088,13005200,10680006,7465665
دستگاه پولیش خودرو,4087377,1452948,6851000,4373764,5654096,10996549,451449,3062680,6154657,5004494
دستگاه پولیش سایز ۱۵,8498898,11646607,2639830,9789567,7533584,12660368,1516133,546625,2744686,12106618
دستگاه چاپ  کره ای کوچک,9255949,2109417,5752183,14523987,9597396,9604701,5420739,9855378,17537520,2554355
دستگاه کارتخان واقهای,8567079,37686,11717667,475845,127102,13379612,12920165,6463431,5316473,11263738
دستگاه کارچر,4492609,5396467,10237807,3408934,2030253,1998521,5059385,3387748,11324355,379343
دستگاه کر دی والت,14596741,6737394,12949181,3062680,1778968,9938759,4622727,3408934,859481,14645
دستگاه کوتاه کردن ساعت,11482375,11517957,4006831,513849,1107630,10692740,8824586,4088765,7198042,566235
دستگاه.  سونی,3587147,7991742,4389124,544767,385198,8985053,337494,1610096,10901262,4631112
دستگاههمبرسخکن,230499,8912519,2894923,9017025,13121363,7539519,15302658,3701566,13467787,4707890
دستگله فشار خون,933185,13716432,6976717,1505003,13735302,860400,10648133,3184295,312368,4241462
دستگیره استیل ساینا اس,144154,9480573,13380111,9899588,3246560,5984226,11109796,14467723,6984499,8937638
دستگیره تنظیم صندلی خودرو,10148366,1683331,9999118,1160809,7478847,5410960,10934228,3066530,178772,4087377
دستگیره حلقه میز,4512980,12520106,4934866,1778968,6631597,359882,12300886,7436272,797290,123428
دستگیره در دیجیتال,3038268,4836859,13581904,1057886,1870101,4310710,7249192,5762323,2882917,4583999
دستگیره فلزی پراید مدل بالا,14181093,7232637,2675717,4616527,13172847,4967179,177299,7547365,13635201,8004738
دستگیره قلبی آشپزخانه,4276790,11699280,7461461,14354432,12600106,2993702,12775243,13691969,2469861,9196930
دستگیره لمسی امنیتی,12662620,5193462,11626600,7240959,5926516,11682207,8891940,5551003,11572853,8895848
دستگیره کمکی سرویس بهداشتی,13227880,115001,6167628,2453294,11247860,1980226,14037794,2407152,1683564,779617
دستگیره‌ یخچال,9060954,7657613,7324155,358809,3516999,10757160,4477129,2007405,966215,3238360
دستگیریه داشبورد پراید,11194782,10073361,12684920,9508030,3488445,11255602,9567496,10210459,7432686,197421
دستی‌های سونیک,9611258,802407,2425682,8353565,25959,14415657,192637,10455143,80316,9027322
دست‌بند‌پلیسی‌,2811369,1592461,8163672,1496876,9478609,8429124,10126465,10311550,12414641,6294267
دسسته بازی لیزری,6270270,15260002,11295564,3398369,7294241,11223338,12350676,3576216,910280,5597635
دسمال کاغذی طرح دار,9278594,10728359,3412806,4754715,11374157,222488,4519838,2902421,7478847,2385260
دسنگاه بخور,13080560,11101125,1475443,8180402,15257467,4557717,11407210,14574494,1108894,4014257
دسگاه متربرق بنزینی,10111583,12996305,8804482,3519402,6460419,886651,3694804,5779434,2431669,5662396
دسگلوله,6453152,3346503,187301,487772,6076259,8934922,15390774,467306,4647335,5366507
دفتر   طرح مانی هیتس,10697178,5117449,9667367,714324,2969986,4288435,7268050,13519086,2849057,699743
دفتر  طراحی  طرح دفتر مرگ,12746508,11868389,2394321,9627102,1897704,3074423,1439902,14030491,1595405,10082054
دفتر 300 برگ A4,11185198,5807161,12071121,7604444,14024753,586696,6753202,9677180,8387799,4598909
دفتر 80 برگ نوین,8108879,10336591,2667217,2381178,2375395,2882705,2614137,17137557,3689525,10914314
دفتر NASA,3447048,5811498,2523554,5398310,8428516,10480997,11474073,97756,4216113,6338303
دفتر انگلیسی,6431053,6290786,9788096,702346,4495382,668165,9717360,2032757,7147369,4982964
دفتر برنامه ریزی  ابرنگ,845735,2196302,12490009,13547574,10067768,9875223,13856310,5703369,1516895,4822834
دفتر تنبک,7505548,6748998,15949927,9427392,10288193,11695682,2834962,7192556,209947,7248561
دفتر حسابداری صندوق,7289290,8283197,13533011,785535,203183,1350873,8531009,41099,9632153,10544388
دفتر خاطرات مدل فضایی,12189253,9828833,9075982,11626600,27958,1780834,1476154,8272088,8537836,10161806
دفتر خاطره ها,3291393,12230709,1629774,80708,544817,5073393,5282709,11296848,8619571,16835001
دفتر دریاف و پرداخت,4304206,7797203,10638509,2969602,14884689,9380054,8057538,444227,3644156,7595752
دفتر شب پرستاره,6728368,9253428,13117072,7461831,3051315,13726497,891524,6406905,11156752,5180245
دفتر طراحی بزرگ بزرگ سال شکل دار,7991389,1471612,25959,3741049,6653378,15533994,6427221,13144366,2171400,7372199
دفتر لغت حروف فارسی,9570970,1628655,10650567,11162265,13976650,10860899,13942221,12030029,660941,196762
دفتر مادر و فرزند,7432686,9896560,5333376,2509472,10455143,12553487,7889284,3286166,2081882,6327689
دفتر مدل کوچوچولو,12775091,9239506,299236,11592187,2608053,2365230,12247887,428270,14176713,5726740
دفتر مشق دختر تهردار,6580689,723825,13462878,4956004,5350250,1917569,14091628,9704028,8701936,11809430
دفتر مشق عید غدیر,2171400,8648462,1882194,761028,10319520,2787336,9969986,152741,15595047,584095
دفتر مشق مدل پاپیتی,8511358,485090,11970874,5635159,5385015,865529,2513243,4461026,13299223,7235544
دفتر نقاشی کیوت طراحی,13341550,3884717,14958165,8481682,9301361,6745919,4742047,307095,775333,2490223
دفتر پنج دقیقه,3123964,7348309,17981346,9866526,770774,7537782,6535357,6507549,9272294,808546
دفتر چرک نویس,26666,11626600,6158866,752467,3621770,4013155,876931,7294075,749476,2842595
دفتر چه ی بر نامه ریزی,13844762,4823722,11427562,2259182,3731327,4658327,5762815,6657649,742799,13716822
دفتر ۱ کیلویی,2604338,6488097,134955,6323277,5696383,457298,11591216,1813686,12299112,4583999
دفترجلد چوبی,2933479,17223962,12349662,2103355,11459772,13733790,715340,684205,1848206,4341832
دفترجلد کارتونی,11354540,4223955,9051696,8884275,2801580,8465932,9839599,4649136,2860406,885682
دفترهلو کیتی,2357214,8723324,721987,5664252,6770785,9277692,7106135,1730180,1967953,13126767
دفترچه A6,14217959,2160141,7340419,560818,6496163,2223115,10351598,8955395,6184497,6884403
دفترچه خاطرات مردانه و خودکار  چرم,7592410,472989,5357021,14512098,7959398,8945874,2525798,5813081,4852495,5281080
دفترچه ساده  انیمه,2302424,6929586,1491115,126882,811751,1117102,2365505,3458009,12624658,2285284
دفترچه نفاشی,12942068,702401,14322897,14754405,12540137,10077614,6075796,2725058,977524,12878488
دفترچه کلید. ار,7380375,829327,1707673,13440432,10958076,12806230,3063106,186930,6448047,1513242
دفترچه یادداشت کوچک با خودکار.,11643040,3330793,192637,10471900,10472005,7460246,4952893,5549883,3184247,2693125
دفنر شطرنجی A2,15034899,1780834,1505330,7563592,2859399,842100,13164394,14151404,2081187,2365505
دل E6530,9385254,3228627,4597703,13939723,14762075,274302,9857792,168079,6455521,8567079
دلار در دیجی کالا,1673404,7172933,7211105,11349887,2781547,603143,314196,8449261,8366074,11465019
دلستر بلک,1738232,2833159,7018165,942712,1743832,166234,2029719,9866526,6048935,9141108
دلستر شیشه ای کوچک,430494,717052,159657,5329771,10652816,2127951,14176713,9216197,4908919,4529789
دلستر هاو,3671737,732825,6256896,348142,4098932,12988358,9614779,4883625,3120224,10720932
دلیجان استرالر کاور,14495080,7877545,1538121,8515333,5131123,1745551,456337,5992012,15536181,9800468
دم باریک و انبردست,2212161,1870307,1515420,9622549,9054363,5109551,4608283,8133642,679366,1020800
دمبايي رو فرشي زنانه,6748502,2753341,15258075,6080148,5581620,3882579,8066024,10538026,9239327,962411
دمبل 7.5 کیلو گرم,10388992,12868672,881664,6116990,915219,6742314,13298516,599786,5337409,6833688
دمبل ۳ کیلو گرم,12311903,8237708,2959261,6238884,3549810,304734,539062,6230942,8552325,13841267
دمندهومکده دستگاه بلوور,10287333,1884917,7835596,12219863,7311695,11273164,1874610,978692,10406553,7307739
دمنوش لاغری گرم,3881239,3234768,1161598,14357221,9544629,5069126,6787707,5901390,1127801,1825326
دمنوش گل گاوزبان,2091251,892394,2864628,3083082,8276226,1886413,312953,9555021,13948193,4380808
دمپایی ترو,1592884,12905727,5892803,11111095,8955487,7279987,6737394,82118,2238243,860740
دمپایی توماس,1154968,4087377,6775093,5373611,1914498,3628688,7128898,9411876,770259,14821528
دمپایی رنگ بنفش,9053136,3875573,10520916,2848026,341951,3607248,10860371,10129178,7237753,8607412
دمپایی زنانه کالباسی,4585575,581101,5085615,14007389,3233122,10189915,8717298,7614409,11392513,3554505
دمپایی عکس دار,5831949,13175971,8163672,3956184,408153,2675502,12826260,9599582,10656375,2875868
دمپایی فروشگاهی,10806235,11314580,12744393,113653,738077,6633877,5344498,26486,10235306,6681201
دمپایی لا انگشتی نیمتا,8789858,9842660,3572983,1930327,9336161,3904812,6830539,2595835,7235784,2391271
دمپایی مدل کراکس,765991,6507549,4010218,7600535,3111577,17420991,13015000,8669849,12926611,6926013
دمپایی مردانه برند زیتون,816444,4996641,14338296,6699387,1970039,9201855,99328,14262609,12999394,4071139
دمپایی پسرانه حموم,4027344,3513813,10804858,8421261,2792992,5664252,5283135,11204388,9557066,7920651
دمپایی پسرانه مارک الماس,2770901,8118539,214932,12891981,4430288,7345465,6975352,10740002,3575224,12299347
دمپایی پشمی زنان,5987137,4801149,10783503,6833688,2540239,7162291,5241933,8041694,11696856,3556125
دمپایی کمربند,12946769,1789517,2302424,603143,909949,10719782,9921696,7915316,8794815,4680056
دمپاییاسلایم,489695,13161928,816001,104631,10183508,2894923,10520790,3818283,3867621,13175971
دمی پد,10238864,4251866,4801614,5035948,2725162,14437943,603143,8693975,8474138,4408025
دنا چهار تکه,9870251,14322897,3986306,6547203,4076941,15319503,1070089,913831,8208392,1037109
دنتال فتوگرافی لایت,1454599,5404975,2388884,12747983,7588252,5652567,8094333,9796828,9422726,12453934
دندانپزشکی بیوتی,4747762,13258196,886651,80150,3444158,11196611,11704944,9296886,13655115,105263
دنده استارت ۲۰ ساچمه ۲۰۰,2949988,483943,14017564,6781339,5131123,2406103,1017501,167334,138837,4489476
دنده اسپورت موتور,2393637,4234289,9276686,4455409,10528127,8580963,7947395,5055853,14179735,752022
دنده زنجیر ۳۸t,8687712,5652567,3741049,4642638,9866526,5930903,1004021,3693380,385198,8492349
دنده سنند,8387744,4810218,831820,699252,7674470,5373322,9527106,13854825,6456374,7107256
دنده فلایویل پیکان,4874779,4707890,10544388,8800744,10707054,5148050,10282482,577147,1848840,9987921
دنده و ترمز دوچرخه,2907018,2373857,9224976,5404798,495439,10737095,6994218,2423504,9021296,1638676
دنده وینگل,5364951,968220,349676,7461461,14574494,8011488,6577114,13579136,3780778,2583317
دنده ۲ گیربکس پراید,1662761,1568281,9805389,9045018,76982,8951540,3876063,323611,1616883,4950327
دندونی  بچه,1998521,11274003,467306,6208094,966215,9568957,3062509,8050238,1710162,3575155
دنیا,16633807,13969562,12532693,971006,282730,11872294,589134,1029723,14204895,390870
ده ازمون اختصاصی فرهنگیان,4489476,2390325,17589456,5519812,644103,724480,13440432,197421,4359657,795328
دهانشویه بنفش میسویک,14032551,5116408,999220,4248271,7379172,3956184,25959,515133,12247139,765174
دو چرخه cofibos,11681449,12235824,1533016,13415140,1094947,9827862,7257502,3713495,10709261,9549667
دو کنتاکت جلو پراید,6825028,16793428,10526032,4178571,9628882,4640838,4261129,1505567,4390181,9873944
دوال کامپارتمنت آلیو اویل کانتینر,71623,8461270,9442728,4787255,3588460,13340581,13073651,1538119,4616527,8135591
دودی آینه ای شیشه جلو مناسب پژو پارس,15595047,685587,11625433,12490009,728621,2767668,1897763,5148230,12450379,494066
دور سنج دوکا,1077019,8523926,3884717,1616592,5558420,7239559,9071525,9393108,4358875,15772253
دور فرمون‌سمند,6533827,4244349,9504309,13504571,14568223,9741936,11403849,8823095,11055808,794651
دور پلاک چراغ کوچیک,11274192,1077019,7889284,3643724,926580,14133879,2394321,48690,4060266,5827896
دور چشم سلولار بوست نوتروژینا,9248539,1152961,17601869,7396949,4433459,11699162,4546262,8187878,2097496,506035
دور گلگیر جک s 5,7380557,9356340,5085615,442730,12698831,3628688,7135168,9094859,7695005,51924
دوربین t80,9539928,8751512,11351156,6278780,13644566,5438621,4234289,4405075,4318526,14188564
دوربین xmeye plus مداربسته لامپی,643764,7444423,5589187,106999,12595243,1153178,13804774,2277393,6563344,7608860
دوربین بازی پلی استیشن ۴,10189915,82697,5126221,313551,8552999,11795283,3693380,13281581,5426875,1581754
دوربین برای یوتیوبر,2973284,4014257,55072,4397081,15595047,726125,12254721,388107,9994878,7874377
دوربین بی سیم براتون دومگا,12560714,6429971,9563117,13530777,7467783,9068845,12535268,14157096,6166323,6293076
دوربین دام وارم لایت,12325010,8718260,17093058,15231794,9372677,73856,5597339,6335260,13085782,9665402
دوربین دنده عقب تارا,2106573,7512551,6744529,1942334,14495080,31744,3432901,6197922,2030253,1515290
دوربین دهوا ۱۲۰۹,152123,8044249,12222680,12215001,2171115,8913983,8129752,7595752,3269571,10177280
دوربین ساعتی رومیزی 4k,3791190,2944457,686339,9632635,848151,3950345,6603008,552570,8159256,7432879
دوربین سامسونگ ST95,14763098,10832056,4810357,860400,5668263,5057153,9951863,5357364,2926894,3393158
دوربین سامسونگwb110,4544783,13235104,10340665,6940852,10120858,10359413,7368232,9866526,4935468,3288310
دوربین سگ‌های نگهبا دوربین سگ‌های نگهبان,2109104,2106573,4423608,15197364,4192569,6838467,8522727,6195938,905385,11708864
دوربین طرح ساعت مچی زنانه,10572753,408640,3237727,12453471,12957372,12311903,3993549,5792790,7184806,8282083
دوربین عکاسی canon 6d,2171115,12648952,7790253,11781177,12029059,3451362,1515290,471534,35523,6529981
دوربین عکاسی نیکون مدل D7200,15895722,6695990,2970399,721359,7258579,172614,8513506,5427924,4003038,3087141
دوربین فیلم گیری پایدار,9327243,320657,5298345,157972,12508996,12117693,7047648,4557717,1104038,6975352
دوربین مداربسته آنال,4595538,9365889,873126,8789902,8293249,134955,3329993,6963614,5994231,2351888
دوربین مداربسته تخت سیم کارت خور,5064718,3882123,17567737,7504341,8789858,5149251,5035948,8895120,1915548,14032551
دوربین مداربسته پین,4502122,892501,3225041,9527106,13841267,12222869,12576663,1924146,14180980,11221056
دوربین نقاشی,4742047,2725162,5261472,10996549,1776517,5443628,11891856,4862129,15339692,7016098
دوربین کروی,1621699,13655115,1021213,6593522,2792992,13452326,5360007,8766133,11424616,7593002
دوربین گوشی انر ۸. سی,5064582,677319,3027828,3496519,12131416,2258784,144154,908932,6289222,1432204
دوربین ۳۶۰درجه جک,12419953,10742703,9216197,152692,14782819,657934,9503596,14638569,3117918,1582817
دورحلقه,2031949,4433459,11361274,11029535,13586694,3223084,10006431,2014710,8387799,12120907
دوردر,6748468,10944728,6091941,10467137,10211121,1828208,7608860,5853104,735088,12921491
دورزین ریز,438351,4661330,744279,8118539,7778595,332914,3429963,3881239,9937001,490390
دورس با طرح پشت,7640481,7054953,8909113,410036,13354498,13533634,4862129,13430705,3307683,804699
دورگردنی هوشمند مدل l,4971284,1848840,6274414,6356674,6257808,8315311,3904812,8171818,444227,3366928
دوست دارم,6759371,5839476,156097,6237630,4341832,6048935,5025540,11149658,3382701,10571974
دوش حمام شیرالات اخوان,1811853,9516833,10530718,10591563,17637807,5143645,3155935,68830,12586562,8355873
دوش پیانو,6069592,12020076,12594084,2476616,12015718,5630320,1091098,13153601,8688900,3765030
دوشاخ عقب هوندا,2432359,17093058,9861910,11591216,10217020,550445,3381852,734314,13215408,8986359
دوشاخ ولتاژ بالا,6092808,13920852,9201855,2597015,1137514,4258720,177299,8912525,514988,2842162
دوشاخه برق ارت,8771500,3515888,1722737,9641524,11019537,3876416,6371134,467306,4985247,13080560
دوفا مارال هِر اسپری,12433865,889145,2838762,6170447,10972745,513786,13461620,1080166,6152102,12943759
دوفیش یک طرف آیوکس,7094925,7009820,3169130,7808156,14038575,9615176,5051624,4644853,11558570,3364154
دونات کیس فور پوکو ام تری فون,1708587,1345136,11627926,13656268,5892803,10742703,3403213,2523554,7053063,6452107
دوو ماشین ظرفشویی۲۰۰s,8544546,6170447,8141019,6164269,2588590,4535049,706269,2986975,5297304,6680257
دوو پرادا رفریجریتور,3315334,6436144,12673805,2615017,10126465,12458381,12189253,5933449,9491143,1057886
دوو ۷۳۰۰,5350250,11374157,14453589,11160874,6827885,11274192,626446,7345740,3280349,1901258
دوپل بارانی,8627776,666882,14399184,5904494,12518784,6593274,11107079,8068518,8927059,14144893
دوچرخه 26 آلمیوم,2838753,4874779,7048065,11618796,10909098,4348656,10753494,4180871,1024260,14180980
دوچرخه INTENZ,5622922,1804262,6213165,6270270,10722809,177217,7547715,7197935,26750,458555
دوچرخه canondala,6205093,11729962,13211709,3054003,6424957,5662396,1745551,7956757,7492512,11108937
دوچرخه اساک دنده‌ای,11695665,9708003,6331516,618241,10593941,3258151,3320722,13235338,468478,9980852
دوچرخه المپیا سایز طوقه20,14041181,7368232,2381229,2719011,936338,12527301,5268387,6631597,4563908,9544629
دوچرخه بریلانس,11833762,17217836,8127544,8435870,1116925,10784475,8759938,5258933,15806224,570764
دوچرخه تاشو لندرو,15069967,6129457,461904,2279846,5297748,3055781,4374531,5933449,368602,9860401
دوچرخه شارجی,10229655,968220,14094091,3614592,8222387,7944333,6803405,13219202,14556961,794980
دوچرخه فدم ۲,7426186,14132756,8648012,4529789,9786391,14565825,8391149,14068241,8735928,4826432
دوچرخه قدیمی,1923816,8806996,12807422,5442074,13384382,5117449,9446010,6695990,17479499,152422
دوچرخه نیم کورسی هندی,6762673,9686682,11958261,6616972,85086,13717213,7684242,2171761,14131504,9937885
دوچرخه ویوا 26 turbo wolf,5635159,7124829,5426875,5545020,8820530,8560835,4315264,9969986,11510141,3098913
دوچرخهگلگیر,9389159,14008542,806089,12401047,10930227,12101460,6882567,33857,10025189,9846474
دوک نخ,9239327,11313296,3505056,14264177,876931,11596055,602359,3257964,1502682,7235784
دِکوراتیو شَسی بورد ویت شیسویی دیزاین,9764007,13568527,23859,5180245,14195212,13131058,13164394,2793838,9079562,307095
دپوش فاظلاب,8794815,10646502,9724039,4616,11247860,2838762,52412,12722910,14054239,9505521
دکتر فرید,3460347,15110674,5703443,12868672,14980996,837412,10844318,5618757,10194563,9764007
دکمه الکترونیک,10173363,1673404,14554743,623214,6360785,9800297,9260208,13536155,6959175,15118188
دکمه ایکس باکس وان,1753907,3364154,4373764,11362737,11173228,13640746,8615306,9094859,6353974,1022396
دکمه سفید پشمی,1514664,8996055,11227268,7248561,7340419,5024683,5005709,14194971,8812442,9645029
دکمه چشم عروسک,6517193,11362645,10498856,13526092,2728942,4158441,15414041,4680056,2140580,11403849
دکمه کولر رانا,1582817,7431580,12488839,645879,4645582,2759870,7128898,14947512,7427113,13131058
دکمه ی دسته ی پی اس 4,742799,7237459,4997418,17607188,14490208,12884694,9842497,8033239,52753,12453934
دکور سقف.,8187878,14064257,11108937,8052513,8523079,4348794,3225586,3179537,14385221,4631698
دکور نئون مهدی,4616,7478847,5205987,4007035,6012268,9126478,12710813,7619749,15949927,3008567
دکوراتیو آیتمز فور رزین ورک,728621,7142852,12754374,2781637,5651845,5035948,6353974,269151,683854,12057521
دکوراتیو کویی,444227,9319210,10752446,2829818,11981269,14498545,6202050,264920,12721879,13465465
دکوری  سبز,2505460,9839599,7637524,7332981,5992012,6091941,8675578,4615121,482498,15318307
دکوری  کشتی چوبی,2875868,11595254,9755208,2893970,10970047,8842052,1136176,9171060,13929076,405912
دکوری آکواریوم,9868369,17664542,383320,9341260,10526032,7118302,3382080,1938623,109835,13526092
دکوری جا لیوانی,1108894,9139656,6080148,10891628,5028427,6560493,15034899,15367789,3147621,942712
دکوری حجاب,2689836,7788990,16720639,9180929,8176598,6292388,11944672,10579283,1707673,9239327
دکوری رومیزی سنگی,945581,637232,7121107,3135503,5357364,6547871,6892322,423594,222871,90520
دکوری مدل فیل شیشه ای,6992761,12633409,2832628,4596784,1070091,11196311,4682310,14578891,779617,1499342
دکوری مدل گوزن,732295,6423408,9983214,286137,10749548,14337860,1514664,7125366,499827,13389998
دکوری مدل گوی طرح روز معلم,9693280,11704944,570764,11649541,2873857,10161806,4966806,5956223,4244349,10690988
دکوری نیگان,7565716,4098932,6924312,7201615,8884238,2980913,155877,10766629,3514157,7220483
دکوری چینی خاص,16656476,2388884,14972695,2074913,7835147,5095462,2770901,5409641,9290682,11434306
دکوری کره زمین سایز ۵,5865949,2387365,11419550,3257964,2090561,1828208,9201855,3149841,3183048,6290786
دیاق تنظیم موتور,6713474,142327,9632635,7051551,5085833,7190400,13172847,4682127,6228161,7084646
دیاق سپر پراید,54695,3315334,910553,6654067,7655336,7291130,9276327,11314580,12090299,2212020
دیاق سپر ۲۰۶ تیپ ۲,4158441,979720,12911007,9233353,9026975,9648403,16537781,2850289,14763098,1107630
دیجیتال توکِن مادِل,1817540,11217197,7394608,9796828,12149756,4986492,8611971,10644422,10541057,8283341
دیجیتال سونی,13504571,1150578,12662591,7018165,2854925,7208436,6211018,1502682,10632211,2074248
دیجی‌کالا اِسپایدرمن کاستوم,2397717,13073651,4640838,13514411,6105280,12920165,14972695,8414644,7514224,11588770
دیزاین درب صندوق,728026,7695557,4117177,8275133,12520106,8950594,7980019,2639830,6796444,11333471
دیزاین پیکسی,410177,4621360,955878,2860406,11636446,2092880,2728223,1029075,937828,7901711
دیزاین کلید پریز,364527,162509,14760870,7899721,14187695,11460512,13401998,265143,910280,4649136
دیزی توپی روحی,12523693,12532616,3516999,12547362,1161679,5258935,1649577,380267,14891524,822322
دیس  پلو  بزر.گ,4734311,550878,6107940,8118539,10229655,5827896,13905556,1161275,5599114,5109437
دیس آریا,13677379,14721045,9647229,645366,443008,5668815,13986631,1031583,8792479,10875835
دیس سرو مستطیل,9397341,203183,1546996,11107134,761028,838154,4417091,6408344,7795622,2094946
دیس گرد موج,8694502,2015247,14586691,6438146,3162606,181330,10651437,4489476,15095964,6853124
دیسک ترمز سی جی,2993702,9723331,5092438,2523554,7055116,12275335,105263,294012,6010088,13798541
دیسک صحفه کلاچ پژو ۴۰۵,12290041,11246513,8320625,14580646,7563592,3307928,6884446,2279639,2561858,4415290
دیسک صفحه شرکتی سایپا,9959461,3179287,9302065,4328920,7289290,14514895,2944457,8215708,11263738,3922252
دیسک نمدی,2645301,10934087,10960911,2944457,6277532,6566014,6992761,12813282,76628,6350909
دیسک و صفحه کلاچ والئو کره جنوبی ۲۰۶,11967777,13463142,7922580,10520916,2355836,177217,1093661,10133630,3880381,13102138
دیسک وصفحه گرافیتی,14262166,8395146,8128699,7206667,9120939,16026610,17097822,10970047,245396,655912
دیسک چرخ جلو 206 تیپ پنج,6145047,6274414,7747034,15912361,1035800,9172828,1016194,12055540,10487720,23134
دیسک چرخ پژو ۲۰۶ تیم ۲,12337287,11094223,11207726,1454764,1722737,2660180,7778595,14030174,2278496,11042962
دیفرانسیل خودرو,7529183,8552999,812887,6616043,11019537,4825795,10710833,5460742,4984375,549513
دیفیوزر سپر جلو پراید 132,10448004,3810323,8370107,358187,1117966,13656268,6129457,9842660,4455409,1585425
دیلاور لباس,14703444,13712573,6012977,7201615,8718260,1489847,9715584,9717198,11111095,2127951
دیلایت راننینگ,11625433,5333465,1703895,9648403,7588252,2388884,10796599,1738079,7644331,14034612
دیمر ریسه led,12337287,1568281,5652567,9105099,12560714,13065873,3379854,11314151,757391,15307573
دینرور ست,909730,534592,3191825,14633627,6292647,8866541,5956223,13276121,779044,6860798
دینگلینگ شِیوِر کِیس,12686779,12639452,3297315,5620722,8746196,9729133,11441579,14577010,6453152,3605044
دینی اسفندیار یازدهم,714799,761749,3537350,6932366,1760680,12148937,5700311,5264549,1484777,9961030
دیوار ار جی بی,9943533,602359,915865,8066024,7680985,10996549,8938359,13132596,7812006,7477029
دیوار کوب برقی حیاط,11558606,8729265,2825893,3593269,8581051,2917060,4682127,2230780,2069117,9611258
دیوار کوب خواهر,6932366,408760,10692740,7969736,17480397,6620414,897119,5129645,11699458,788542
دیود ال ای دی مدل اریانا,13804808,14578891,10017523,1776517,4231446,11106490,1699984,144966,4929072,7325227
دیود دینام ماشین.,916408,1683331,2275515,6557324,4564067,7540371,12866569,6841625,11627926,3002651
دیوو ال ای دی تی وی پرایس,9676345,1584616,10579283,6141650,11433978,5478241,8577079,13322394,11173228,14007389
دیویار دوربین مداربسته,6348578,6906343,1002768,16895824,6561991,4935807,7478847,4616527,9806934,76284
دیوید آف منز پرفیوم,1637989,10017891,2718808,190122,2309345,12220101,14663227,14511107,816670,7393227
دیوید گاینز,14378102,10824198,6159606,2457948,3090192,8772003,12295866,13156440,7274780,4013155
دیپ سنس شیر,1658599,99116,11074308,2330465,10466890,2516249,6547203,14822087,623352,7687466
دیکس بازی رایانه,14783795,14094091,3325837,14049507,6577114,17423036,10329529,3919055,1837601,718132
دیگ خمیر درست کن,6105280,3882961,407841,546625,4006952,7732577,11846022,487724,3750835,3943782
دی‌دابلیو کار مادل,8834048,13525678,1095732,3410956,564551,5408675,3330902,1829340,5449274,9652451
ذسم,1974618,2186330,276319,6991694,3922252,8257025,4866896,12930590,1545322,8077717
ذغال دسته پیس فور,2081187,2067376,3935194,7479385,2382422,2959261,4146294,3164744,10082054,13977264
ذغال سنگ فرز فنری,11362304,4196851,11906988,2333256,9180929,11055808,761004,3420517,1350873,3118113
ذغال سوپر ویژه,2525798,14759198,10848612,2981561,897119,5396467,13898090,876629,9349513,511859
ر تقویت دست,4586233,6800616,9026975,807595,15325496,155877,11407210,10288193,10544590,96819
رابط 3.5 ایچ به 6,10769991,6408344,11246905,5519812,14340995,15095964,8398404,709944,3815764,3241307
رابط بین ابگرمکن استاده و شیر,474279,13229539,14477251,5890321,7956757,10523389,749485,12721879,10022247,3027828
رابط دریل به ارهدعمود بر,8670721,1424203,7959398,8293249,6292647,8033239,6099091,2469861,348422,10073361
رابط زیر  دکمه,4349344,3042455,12552785,15126953,7948519,73006,912948,10396494,9347369,13274853
رابط سوتین کد ۰۰۲,8714551,15321687,14333673,468522,14821528,6562545,1901333,3457566,7392683,475845
رابط ضبظ پایونیر,3169130,4941340,3797526,2259182,12911938,689260,10390791,82937,12499125,4640717
رابط فندکی خودرو 6 آمپر,14638250,5281087,13363407,8984756,7033494,12633409,785436,13251635,1817540,7293937
رابط هنزفری سیمی,3303406,9491143,9752354,2227589,3706469,7272855,6197168,633880,6936033,16971721
رابظ کابل شارژ,11455959,144154,8908327,9389159,13942221,15659202,14192992,521444,5069534,3768855
راديو بخش خودرو پاناتک,3500901,10610361,8792046,9796828,4616,3454494,371256,8714551,7088760,3730774
راديو کنترول,6981524,5664022,7922580,14799817,7147625,8068518,831820,1477253,8312082,12100062
رادیات آب لیفان,6745951,4151594,11748938,14009648,9171060,1639303,6254543,5078838,9557066,2987852
رادیاتور پژو. ۲۰۶,4061084,7501115,15325496,5635159,12224131,14659658,38932,7027586,3640583,6247336
رادیو   کوچک,7349530,8764944,7414717,2885887,16023674,4270768,14972695,457298,7588252,12553170
رادیوگرافی دندانپزشکی,7901711,2714257,2064685,7604444,5005084,9044427,14042335,608188,2124125,5987137
راز نشست,12076737,569376,17286872,15400948,14009648,11872221,5066318,14018731,172501,199623
راشا کانتری,696912,7796412,14214794,5117449,6484699,1153178,2012052,3871768,1714761,2993702
رافونه مبل و فرش,4679632,6823208,200770,6457930,7504341,8332806,4488066,8736641,1645794,8677650
رام 16گیگ گوشی,9935382,5019972,7275002,9463740,1487571,1652570,11734482,142420,6860798,14160172
ران تک وی,5551688,10238864,303880,796229,14456404,10832056,7290673,1722737,3008567,1970039
راهنما گلگیر ال ای دی سمند,81555,971829,10947891,5785116,9540940,4276790,909730,4124800,3098779,14081992
راهنمای مبحث 13,9264756,6889826,14262166,7124918,11463490,8004308,8096411,7729464,7547715,7799532
راکت پینگ پنگ,4288435,11721686,11388363,7632776,12522406,7587086,8812256,4640717,15920872,9180751
راین بلاد پرشر مانیتور,7926499,16112946,2465131,12419954,10757160,6075796,733785,8798809,4877971,594909
راین‌استون استیرینگ ویل کاور,259278,4362497,10066988,1760680,6891483,3328828,761211,14651486,7587086,1156863
ربات همه کارکن,9567498,7125366,5095462,626446,562382,13716822,2932463,7003011,5620722,13897697
رتگ مو مرواریدی,9772865,14052039,8383328,14348441,7723998,5276317,2014710,255406,6078390,23859
رتینول استادرم,4956004,4201913,10598469,7278624,14271352,2960094,5534645,12277034,9909708,8912519
رخت آویز  پلاستیکی دیواری,5410960,22481,3851079,4622727,8598558,7461288,8326311,8012146,1053271,10701828
رخت آویز لباس کفش,13384011,841622,7926817,10722131,2130522,12861561,14351770,5407471,1487225,6932884
رخت آویز پشت در,9216197,2826482,12454100,2430131,9748258,14034612,456522,26709,5545020,779044
رخت اویز اذین,5796314,9235064,13200706,8334051,7546522,3531299,14696,8317899,7229796,10781225
رخت اویز دیواری مدل ۱۰۵,8198325,9239506,1722737,13073651,8578639,4798605,6994218,14720281,7144000,1800278
رخت اویز چوب لباسی ديواري,7535192,15325190,7371634,5657926,2561758,6033622,11474078,1116925,1104172,1505530
رخت اویز چوبی کودک,12459822,429723,10527339,5055853,12458381,11150542,5360007,10677636,13981188,347537
رخساره,8815105,4049858,3934246,816022,190423,12215001,8710128,13340581,635310,4909407
رد وومنز پرفیوم,8938359,1029949,1606824,8108879,623352,8506314,10218962,9422726,31744,1485962
ردمی نوت 12پرو رم 12,48078,464362,11226032,368743,7102362,12535268,4366604,8688393,13942221,8806996
ردمی نوت وای ۱۳,10484612,14760870,113181,11792316,2932463,4649136,12684920,170017,12428216,6261040
ردمی نوت ۱۳اس,10690988,14324362,186067,4270768,441365,3561465,5378489,1931645,12303596,17311931
ردمی ۴۰c,303880,1645296,14006084,14676761,8488225,14093711,9684933,15278817,8532954,2221277
ردنی نوت ۹,8910937,11207726,14024753,11098794,2906190,3177340,559882,12877469,13727848,1070091
رسوب زدای قهوه سازدلونگی,7434537,15246177,3929091,276319,6438146,4235421,3361033,3237727,6796444,8518680
رغن لادن,3358668,7806669,5857844,7967010,2555157,7205043,8326311,7311695,8293985,1499342
رفع سیهی زیر چشم,5129444,1477021,7190400,17294257,6226528,8050238,859931,4516244,1915548,8902718
رله فن 206,3922252,13969596,4877971,3402196,13531141,10544675,796015,6793934,7730595,1786026
رم بلوتوثی,9882049,7344545,177217,9636489,10692740,6596396,2050108,5131127,6854553,1487225
رم دو کاناله 2400,407488,11202573,3971425,13624405,10884328,8012146,959286,2137967,9527106,692320
رم دوکاناله ddr4 gb128,68830,11475040,5409641,589998,2392148,4319256,9814011,1467660,1290089,855511
رم ریدر همه کاره,2941244,11626547,17480967,1016194,608796,7032881,152692,10332707,9201855,10349066
رم میکرو 128 گیگ ویکو من,829181,657178,6202877,4596784,10396494,515133,17286872,12536422,8778416,3397736
رمان دختری با لباس سفید,7144875,8890264,3229372,5123200,1122123,13081627,11795976,3464453,4043035,11711364
رمینگتون هِر کرلر,14240532,6663320,1037393,436241,5025977,1151425,11649541,943846,3815110,13528435
رنده فیلیپس,5618757,7513569,8315267,5556727,8223587,6695990,814508,8383328,4887787,3426902
رنگ آميزى الماس,212881,12662620,873644,13527053,4536943,12492669,5469203,5055853,3882579,1874610
رنگ اسپری شبرنگ,8134818,964677,8928495,12560714,6129457,1586166,8461270,2639830,16895824,5264862
رنگ اسپورت دوچرخه 20,618869,1139534,7396949,14883397,10822319,1629443,8996747,7145828,12123252,901181
رنگ اكرليك هما,6100632,7100817,3882123,10774889,13005200,3943782,15340740,12587156,7373577,9997705
رنگ انگشتی,10979517,7797203,12749087,3447048,15761801,10312343,3147621,1006905,7969736,6754102
رنگ انگشتی کودکانه,606344,430494,671737,14037794,942712,6406905,16035296,1447978,2359809,8955487
رنگ اولریک,15474441,11532754,5796314,4297629,2749547,13504983,5703297,12933971,5813649,8280670
رنگ اکرولیک,13188635,277950,95563,4495195,12709456,7513569,10691718,8021519,7542677,1025472
رنگ اکریلیک ریپین,31852,242289,685587,3914219,6145047,14958401,12311903,8730255,9221077,9593462
رنگ اکلرولیک 700 میل,9872192,7924960,2390325,9836112,17027259,88643,9953673,1827268,6007873,7047648
رنگ برا چوب,12647563,60107,14336571,12114587,1603825,9555021,10554606,7165982,7232637,1438846
رنگ ترکی,3934246,602111,3876063,2182660,2560236,10017891,12992663,9513525,11434306,4978160
رنگ تفنگ,2385260,17512480,4825795,14586070,9629367,759520,9060954,12957372,2973194,1001967
رنگ جوهری چرم,9480418,5478241,1582864,14176170,631027,2444236,2696573,4321877,5599114,303259
رنگ خودرو1160501,9434505,4408025,2660180,17456185,5469203,8402429,9745335,97756,5699257,26666
رنگ دوموسی,981926,2615017,12085726,1529575,779044,9033409,9239506,9524821,13469479,406291
رنگ روغتی سفید براق,1620325,9632153,14724466,7674470,12949181,82048,897119,9020294,3457566,12586823
رنگ روغن ویندوز ۲۰۰۰ میل سفید,6936033,1586166,9900864,7027586,5235259,10653284,8223587,14217959,3638241,2716707
رنگ سفید وستا اکریلیک,1747689,2967739,8267433,3328828,3382080,6292388,183101,245396,11968382,1529575
رنگ شماره ۵ برای اقا خوبه,9611795,17058307,3636273,12254764,3002651,12054588,7198042,5662822,7513447,2587235
رنگ شماره ۸/۳۷,733785,1120125,3309641,2714348,13153601,11342834,5233434,478133,4822834,5133583
رنگ ضدزنگ پارس سیمین,5655690,1617886,14157096,3515888,8483580,3379229,13566198,8798809,9220839,741055
رنگ عسلی  شماره ۴,8353565,203183,12664128,1823585,15339692,14351770,4131783,8392552,7501115,7124829
رنگ لاینر شمع,9761959,6240057,10045773,10335726,5616229,7246492,2523184,14135323,4892096,6195938
رنگ مشگی روغنی اطلس,9436586,38932,865529,7836235,8823098,7359906,9562492,2419836,1001967,5129645
رنگ مناسب برای بتن,8187878,1695565,3713495,4395535,299236,11042355,81323,10040064,10308844,940240
رنگ مو 4.3,4231446,13637578,4419347,2821156,10749548,5930508,17751721,11023896,9504309,12180030
رنگ مو استیل یخی,8414644,14894786,411716,619737,8671752,11381904,9638669,10082995,5817739,2010553
رنگ مو البورا ان6,12987634,9249898,408640,10979517,6854659,3713750,8122684,3063106,2821694,1480794
رنگ مو دوشس شماره 4,9909708,162509,10279663,9125167,2843881,14696,8749280,11676603,15246177,13880861
رنگ مو شرابی بورگاندی,2770901,5226140,10795084,7063890,108573,11094223,6997735,12375156,3797495,10133351
رنگ مو فیوژن مارال,8061397,845953,3592470,3536591,638338,5131123,11349887,7162291,4170530,3852727
رنگ مو پادینا N3,7954927,12459822,17480967,6308150,2849057,12341846,10406553,4519838,3688118,7600457
رنگ مو پرستیژ بدون امونیاک ان 2,389422,5064718,3524979,1021213,4286480,429105,70639,919972,12442344,5298345
رنگ مو پرستیژ بلوند دودی تیره,603611,9060954,8068949,11581465,770458,11269336,8620945,10220255,10796599,7645751
رنگ مو پرستیژ۶,281133,6946094,9708003,2209409,8481749,1808733,14348441,1048427,1871957,7206667
رنگ مو0,5719130,9033542,8347046,14168666,10560714,5595567,493281,5420778,1732746,15114946
رنگ موPIccaR,1020995,11070498,5424088,11431834,7955821,1029949,11398248,6424957,379200,2986975
رنگ موی  فرام کالر,14413968,5274879,328565,7874377,9648168,1901258,13676387,2408736,5703297,12452964
رنگ موی poLo,2916538,9729133,5568535,12911938,13950082,10651505,7359701,6526822,13142006,4656769
رنگ موی اسکاره,5002501,12031578,5091908,4793179,12087708,1290089,1443507,5460742,16835001,4062985
رنگ موی بلونیا مشوی,1627285,4433578,14271321,4207087,4428121,312368,17137557,4661132,3403213,8620945
رنگ موی زنانه,8392552,5115533,12506267,80316,9017025,14126372,5438621,607449,9063227,6762673
رنگ موی سربی سرامیکی دوماسی,3942786,4933374,12294345,5294838,9917529,5026418,5622922,10873922,6092808,14151404
رنگ موی شکلاتی,8391149,2850289,4124800,10122383,1115788,15197364,12576663,5316473,1112133,440818
رنگ موی مارال ۶.۰۰,10758233,4254832,10040064,1949513,10340665,7574820,2728223,13255175,4417108,2186480
رنگ موی موقت هیر کا,11830223,3452323,13626990,5487496,13637578,8789902,7494692,1037393,7248029,6801649
رنگ نقاشی اکلیریک,11283001,7843326,10867257,13321487,2208667,1829693,9857792,8229659,6004161,8418553
رنگ پلاستیک سفید 20لیتری,14819880,14325572,10579283,9010850,7697832,4411947,12433865,12573997,6851912,9792746
رنگ پژروشن,2110181,6803405,1152961,10466890,3784786,9782160,13737183,10140363,10960911,2610567
رنگمو مارال ۹,12914704,1722604,3876412,12085945,6782659,13325298,12383241,14453371,6896633,7239559
رنگوارنیش,10852536,9615176,5005084,9943533,14197726,3465817,4832192,80708,3098913,15318307
رنگ‌طتختمان,5529084,1953011,916897,4744930,11840273,7235544,4640717,2888891,7729949,172747
ره پیچگوشتی,5779434,2604338,7127833,11682472,7719498,8017337,8315267,8365337,6770083,3956184
رو بالشی ساتین,4970277,2378379,6993065,3933746,923971,585659,2854925,11681449,6427337,10795084
رو تختی ۱۴۰ کشدار,5262741,13163447,3022844,2310389,5446799,5537905,13568527,169240,84463,2597127
رو داشبورد تیبا دو پلاس,6821120,6744529,3225586,363346,2015247,16858588,8431072,9938759,9772865,4430011
رو دنده ای هودی,426944,26666,9334589,6404633,3493675,13041645,13160534,11626600,326492,2014465
رو عکس,3840587,9484811,7344545,13251635,7493128,10438847,1609964,3706469,4441224,8071665
رو فرشی ۱۵ متری,2934337,5102788,10690988,7698593,52457,3169130,1093661,16006742,916313,9304907
رو متکایی جنس میکرو,4747762,6647088,13237992,983854,6963614,7888690,9953673,3257964,2418637,14315407
رو نختی,1856417,13969596,10651505,12452964,2137967,3346503,2191842,4189613,8112340,13282374
رو کش تاچ پد,9329759,8925030,8928495,3117918,12558572,12325992,3381620,9278594,4624691,983009
رو کش زر دوچرخه,5102330,13200706,7959398,2753341,10520790,7340116,7774474,11090329,8595427,2763820
روان سورنگ,7136299,13045848,5839476,8752810,5436849,831292,5679099,6500407,6561991,93061
روان نویس زبرا 20 رنگ,8671400,623009,2081187,4661132,8068521,2453294,5350250,3632996,4288693,10035800
روان نویس چراغدار,9434505,1122123,7180091,4124800,2250588,11254524,10498126,9020454,13322394,12363287
روان نویس ۱۰ تایی,2063886,10881540,11560128,2351861,277950,1662761,13615941,10194563,16793428,1033928
روانشناسی تاریک انتشارات سبزان,12844284,6869543,9597396,7142116,13647786,10288193,833899,12666445,3437431,741055
رواننویسمدل تفنگ کد ۹۹۹,6577114,11932261,11103849,5036141,11778310,13519626,8607412,10237807,16576316,503450
روانی پور,16537781,3079364,3470463,6561991,7174761,7954927,14052859,11108937,14281859,10828899
روبین‌2اینچ,7888690,4268372,514988,5117308,13431040,13929076,14788207,669307,5389706,2092880
روبیک ختی,685446,10076719,2465131,15114356,3469722,5558420,14428253,3967585,1584808,3564259
روبیک ۳ در۳,1524858,4353116,212881,2014465,8960641,441365,10438847,2701457,10864424,1856417
روبیک. کای وای,13619045,959932,1945353,9360474,13103817,4260936,3559480,13945893,12197331,713893
روتختی,2793594,432653,2588057,5630320,1641788,8806208,8516352,33857,286918,5441418
روتختی 2 نفره,589137,7108523,4726071,4380808,6245149,4475952,897119,6204956,13150307,15128623
روتختی دونفرهمخمل,1502558,174943,2212161,9824297,2875868,4792107,737108,11846022,2808706,6141650
روتختی مدل دختر تک نفره,14165122,932152,7709648,10066988,7380375,14457840,3286166,8259803,3305777,3580571
روتختی کودکانه,6452107,51588,7512465,12745641,7612293,4397106,449113,9161608,81887,585720
روتختی یک نفره سفید,2915486,35021,6744529,1616883,14180980,14194971,3818283,4622688,9222733,961905
روتر میکروتیک مدل RB941-2nd-tc HAP Lite,4953306,11362304,130792,7955821,9699869,3735641,6099091,546625,15294551,264920
روتیتچن پوستی,2382422,15367789,75270,544767,7865355,15319527,6446876,3554456,2666771,304696
رود استودیو مایکروفون,13527053,8759938,3656144,4238492,836232,14751687,4658327,13081627,6136674,6759371
رودری پژو‌,2967739,1627285,4041666,845953,830064,3500158,9530686,8387744,13920852,8774462
روز مرگ,1677740,8279929,4878067,12974267,8365337,6507549,11433978,1515290,5209372,8871466
روز و شب بالسا,8481749,70639,8910937,10442694,186039,7591916,552191,8694502,9593462,448489
روسری دخترانه طوسی,6105665,646719,15989810,6033622,6946867,4185887,3519765,1944269,12588040,14973035
روسری زنانه نخی قواره بزرگ رسمی,17027259,6107282,749052,2746114,9048521,7444105,11681449,7372199,1004171,2363856
روسری طوسی,8686817,5595567,12212988,10891628,3250980,1586166,6996746,10520916,3755533,6280450
روش تخت تک نفره,7602522,10655608,9249898,10644422,5318554,3204480,14477251,2753341,6069592,13905556
روشویی مدل,10311550,3580571,12638151,10308844,5085833,341677,8819237,2608053,2069609,3218826
روغن ابزار,8044249,530419,5857844,11097713,8620945,7505141,2610567,1025472,7523186,7949157
روغن بینی,987316,10479698,6661078,12506890,7709371,698981,7954211,1637989,10451858,7806669
روغن دان فلزی,10420928,6553359,7359906,3042455,6392126,9538562,3303406,1582817,11970874,273192
روغن زذ,2028108,1786026,1998383,6498494,2349276,9806934,2159526,17981346,4147872,7285915
روغن موتور اسپیدیفیلتر مام,9021822,8823098,1487571,619874,8891280,5762765,12101460,8206556,11548891,12775038
روغن موتور ال ۹۰ رینالت,17185045,407488,6999050,3152704,5865949,143761,4546262,2939544,384571,8489421
روغن موتور ام وی ام نفت پارس,428256,648468,10329529,6919034,4443411,14093711,8912688,5281087,2941244,9851111
روغن موتور ایرانول ۸۰۰۰,1949737,9172828,11221056,9301361,919972,4597703,8009061,4323821,5171083,9632635
روغن موتور توتال ۲۰_۵۰,5779434,11404306,7813657,8860574,6815361,6891483,213423,723132,3686859,1001967
روغن موتور فورماکس,12871160,10229655,1111878,4419347,9017177,368602,2095608,5347861,5432465,5426868
روغن موتور ۱۰×۴۰ sm,9797238,5740503,10066747,734314,14894786,8513272,10157236,13786741,9527106,9371896
روغن نارگیل طبیعی,2029719,14456404,2661622,161971,3266048,7033494,6768238,539647,15087423,7221141
روغن هندا موتور,6744212,341677,6645472,12594084,7882390,7920651,3008807,9838220,7038535,8355873
روغن ور سوز,189770,9017177,5064582,5329771,7444508,14522041,15087423,7291130,7290594,3904662
روغن کلیک گیربکس,1017455,6455521,11958261,1085000,1114234,4953306,17480967,2678496,544817,11380006
روغن کنجد سرخ کردنی,3855137,2046840,13391818,7663882,5599387,2529858,10892052,7535129,12198705,10591134
روغن گل بنفشه,11188019,8609452,17381762,6602710,7914100,6053278,13613146,12387366,12441836,493952
روغن گیربکس  موتورسیکلت,7360152,9423172,9053136,9365889,7281442,2939544,11764073,3637389,1569146,8164723
روغن گیربکس آترود,13879779,4124800,8365210,1333664,12866569,1422486,5597635,2375395,2753341,4624691
روغن گیربکس اتومات خارجی,4660654,6450361,11778310,8430508,6350773,5592965,6292647,76628,12976560,2007405
روغن گیربکس اتوماتیکal4,143761,10438847,2171761,3068716,14760870,10311608,7612293,7795622,885682,5719130
روغنbio,8368358,697280,11824655,8498898,704994,83472,9604701,10277141,6661078,155877
روغنژنو,10283219,9017025,10860899,168079,2586938,11254524,10784902,2068072,14360660,13898090
روف باکس فور ساینا کار,3412806,286688,164820,7051551,1584733,5343905,10634256,14090709,8522727,1467744
روفرشی پتو,3372647,1765774,3051315,7142852,9994533,11851294,556663,8737685,2129272,10438847
روفن زیتون رویال,12553170,5424088,17449743,3705686,1489847,15306465,13947776,5817739,12930590,7486201
رول ارایشگری,3431953,7513569,11974409,7983850,6265787,7886575,9866526,6327884,2255843,11108015
رول بیگودی,10651505,5281087,3057987,11046651,14565825,4266141,5025540,1789638,6435705,3971487
رول ضد تعریق زنانه مای مدل لوتوس حجم 50 میلی لیتر,11404306,14009648,10776118,7987018,10157236,5811498,6860843,10355916,12751996,4919301
رول ضد تعریقمرداتع کامان,2700176,12258829,9895515,4517402,14094091,5171083,16537781,10805661,13634628,12170248
رول پزنتر حرارتی,15115718,848151,16613440,146494,3157420,186067,7553898,5182103,8141019,1539493
رولپلاک پروانه‌ای,2768571,544744,10030958,8506314,1112124,7273908,4087034,6202877,15196681,13835855
روم دکوراتیو آیتمز,4288435,10901919,10977036,3371358,5957385,2885887,1593759,14299332,1558818,4226290
رومنتیک تری این وان الکتریک میت تندرایزر,11097126,502687,14009423,9215556,2883420,5700424,3265330,12804885,9607570,503450
رومی  k40,8793354,9445143,12680721,10523389,3170102,6650714,10260791,4109459,7454085,5260079
رومیزی بوته جغه,4207087,796015,7824158,11967777,1856417,503450,186930,9135138,12559255,6556190
رومیزی طرح کاشی گلستان,1790557,9589386,7956122,8754662,9380054,6424957,4941927,67965,978692,10311608
رومیزی قلم کار زابلیان,487503,10055139,4397081,6506441,10881540,3904812,17093058,12665229,10519102,17512480
رومیزی چهار. تکه گرد,5080871,12282641,433357,14894786,11400727,12546851,3320896,1689085,7980019,9508030
رومیزی گرد زر,1498932,11226032,4328920,17210794,12722869,11089468,11246905,14257955,3444932,15252247
رونیکس4203,3618324,8552325,11274003,8948840,11465854,97115,6435888,14473540,14435236,5700424
روِن ۱۶ کیلویی طبیعت,4935807,10077614,10280312,8331727,3915183,7640136,9752721,7124829,11075754,195015
روپوش لی زنانه,11322928,7162291,184274,4624691,6435705,13671627,8174589,9563117,14379315,428020
روکش آنالوگ دسته پلی استیشن 4 کد 2020,7956757,286688,2383637,313420,81373,11419558,193342,117568,11236294,9083865
روکش آنالگول,11224344,2220861,12310300,9391549,8669736,9445070,10238864,11625576,3249394,10220255
روکش انالوگ خودپلی استیشن 5,13629361,2835534,330159,4614297,5857844,11457302,2289837,9800297,13320636,7465654
روکش ترمزدستی پژو,6906775,7554094,5071561,12659336,2342736,2987852,3170650,11910180,3408934,11467023
روکش جلو داشبورد 207,9615843,2196258,1541231,5826102,5892803,14109840,9083865,602199,5075705,1072595
روکش داشبرت سمند,1688380,8367987,5630320,163122,2763623,2109417,17449743,9668361,1664086,4905582
روکش داشبوردی سورن پلاس,6032410,10520916,7596488,10884328,9878083,865368,7465654,829327,3206052,5657926
روکش دسته  پلی استیشن 5,10729281,2357214,12990949,1809169,8134825,9928892,11388363,909730,12998878,14531056
روکش دسته طرح منچستر سیتی,10498126,14250473,8598558,12096701,4146139,3511923,55352,12300886,1683331,11124441
روکش دسته پی اس فور طرح لیونل مسی,6825028,8489421,7359701,6855429,7310681,26757,7432018,14822087,5875063,6740296
روکش دسته‌ی پی‌اس‌فایو,12222869,670162,983854,6436906,8812442,368602,7808672,3541573,1915548,7349530
روکش دنده پارس,15772253,9648168,3139324,8255486,10720087,5067566,7640481,1513242,9484090,17420991
روکش دور فرمان اپیتان,12890633,15028893,8996055,9894892,551270,142327,15511163,12086278,14089147,11708864
روکش ساطور اره,8218017,7901711,5478241,4897005,2963787,11462027,14655793,546625,9010850,1135071
روکش سیم وایرنیش,9732812,8802883,3986306,1120456,9283347,14985370,133187,8530198,4970277,27830
روکش شوکر با چوب,14199778,4816942,13865602,3618324,2667217,9141108,288078,183328,6500727,3640444
روکش شک دسته پلی استیشن 5,3519765,9715350,9530686,4354296,7820922,10823610,8057538,5129444,3177340,7861160
روکش صفحه کیبرد لبتاب ASUSi5,14416125,10521208,13469479,1688380,10396494,13235338,13709699,490390,6288066,10939946
روکش صندلی بیل,1057886,5026418,2535703,3164744,6561991,15104501,11696856,616505,10965871,1984456
روکش صندلی خودرو پژو 405 مدل 95,2926894,13969596,1677625,5668263,5175141,3575155,5612312,17304884,4862377,6003185
روکش صندلی خودروپراید141,4489476,1562421,10091060,11699162,3941575,937828,5149251,2092880,14479735,14271321
روکش صندلی دنا دورنگ,1513242,8688393,2825664,9632573,8293985,8912525,5282709,6557324,1070091,183328
روکش صندلی ماشین فوتون دیزل وانت,3514157,5027766,12541409,9439568,8963792,253393,1026247,3257807,13985468,14089147
روکش صندلی موتورایروکس,438429,892181,597957,6526327,10685206,7899721,13798541,14322897,7442287,2258784
روکش صندلی پراید صبا مارون,16483817,3229372,14162487,2776377,1150578,11891856,6241074,17480967,14038806,2764863
روکش صندلی چرم آپادانا,3382729,7278624,6613130,2980913,4536071,14525482,3565413,1496655,11465854,7334223
روکش صندلی ۲۰۶ sd,544744,6657649,1438846,505309,12990949,816383,10890604,7987018,5749873,304696
روکش طاقچه عقب خودرو دنا,6064800,12194222,9550584,1569146,198120,2055943,14315407,7199802,7121107,13661348
روکش فرمان ال۹۰,10288193,2920743,9001111,10652816,7949157,9513945,11707656,2438582,3971051,12894238
روکش فرمان وراید,8898035,4506119,9562492,9491143,916408,13804774,9052518,2351415,2262129,6955660
روکش فرمان ۲۰۶,13671627,5652871,6392775,5616229,4551871,9864095,6882679,7542677,11261279,8812256
روکش فرمون خاور وده تن,4598909,9882049,2094490,8068949,3935194,9337800,14868576,8519789,76628,13699053
روکش مشمی ظرف غذا,1597971,6293939,1625468,14257955,11336547,2415653,11145265,2408697,14453589,798880
روکش پدال مدل اتوماتيک,1817540,73619,3081860,6578624,13533634,3080538,13728402,1989272,981922,3945686
روکش پلی استیشن 4اسکین,2708994,10183508,7877923,5343905,8627776,11511469,1949737,2110181,104851,8112340
روکش کارت بانکی شیطانکش,6851912,7967451,12077629,912146,495439,9965789,2956453,11094223,13452326,3592192
روکشش داشبورد,12349056,10998475,2161098,7776983,67965,7998713,8108879,13918199,10812826,9329090
روگش صندلی پارس جدید,6718443,9178314,2725449,11094223,4378150,4878993,774908,161506,11682207,55352
رویال هاب,9138535,9276686,5487362,7554094,4043035,10413327,6002837,406291,9077569,12804885
رِد فود کانتِینِر,1122015,11706479,7847346,105263,4260861,3772284,8384280,11263738,431367,7510865
رِدمی نوت ۱۳ پرو کَمِرا لِنز پروتِکتور,2949117,693723,48690,13673427,16035296,9264756,6575740,11244895,3691173,5717374
رِکتَنگیولار هود کانِکتور,1021268,9351509,1573576,14365697,6919034,7096623,3464453,11491004,8627776,12646507
رپ داشیوردی پراید,7537782,12217894,4498563,12492669,5947787,6955660,1119662,12774881,11699162,12904616
رپو NK2000,11089001,2944457,7539519,5782821,9542906,5936108,4006952,4851682,9704028,130176
رژ  براق,2009530,10934087,8949562,2378379,6391068,7674470,9020294,12990949,12506267,528971
رژ لب  براق,1870101,7208436,92087,2032757,4032241,8164723,7178053,10379710,12376576,10617230
رژ لب لیدو ۱۲۹,1048014,171977,3444932,348142,9296886,489695,82169,8123753,6175504,3245722
رژ لب مدادی میلوس,777689,5719815,532225,797396,1144032,142420,6007873,1653131,14006084,7106192
رژ لب مینی بیولیس,11188019,3997038,796611,2089470,3452323,197421,2927696,13848507,15205385,7093648
رژ لب گلدن رز ولوت شماره 14,9628882,14851833,5700270,7774474,946160,11270596,1151448,13792904,17450264,10288193
رژلب tower,7166735,5790627,9837930,111860,5343905,5936108,7835167,13514411,909730,4131783
رژلب کالیستا ۲۲,8749280,3993200,14319333,5283135,7054953,490549,10122383,5091399,10526032,2095608
رکاب پارس لاکی,5655690,1117102,5264862,6882679,8242042,13281648,685587,3701580,3569970,14479735
رکابی ورزشی تکنیک فری سایز,16112946,9470748,15165767,13832741,8480468,6054997,111606,3447048,2381229,17845107
رگال لباس مدل 2 طبقه,4718551,3555626,12745641,7464696,12911938,15258075,12648743,7432217,712400,14402753
رگلاتور 3.3,6806447,7421005,9716931,10722131,8141377,13117072,15321687,9010850,12090299,11156711
رگلاژ میز,525614,606578,1487571,657374,3183082,4487521,154011,11948548,11575630,11695665
ری بن ایتالیا,3551212,14862524,4931454,3272499,2258784,12004169,10856427,14310946,9347369,6526990
ریاضی هشتم کتاب گاج جامع تیزهوشان,8766222,14437943,1475568,5884397,1001967,8073670,113653,152422,844531,1480794
ریدینگ رایتینگ,13150307,9278594,5064814,13629361,314196,6212262,11699162,14606650,6107282,458555
ریسه  مدل رنگ,10912200,7363962,9717168,11351156,2698211,979720,3431953,1923667,3773186,797290
ریسه ال ئی دی,7874377,1870101,6796444,17537520,7924512,3277497,4264439,1913391,5345214,15825827
ریسه ال ای دی لامپ آیینه,780798,2259182,7533365,11914277,9051696,9976901,4461026,608655,7533618,4054354
ریسه ال ای دی مدل ۵۷۶۰,7592410,12054588,5027027,7780046,4793273,13402069,8257025,4216970,10530718,3376676
ریسه ال ای دی مفتولی ضد آب,2698211,3461150,2411284,3115148,11255216,6631202,2363856,591097,11431834,126688
ریسه بلطری خور,916408,1546996,10273269,3246519,9246246,3701580,7947685,14486755,56743,56912
ریسه توذی,10082867,8531009,26486,12935923,14009141,416524,8752810,1767570,2554355,2041020
ریسه دراز نقره ای,16755006,2817194,8141019,9101426,9607810,235857,11019622,5059161,11354540,8123753
ریسه سنتی آویز,9994533,9391549,3595884,4294581,6175504,7635706,5428339,1726561,1827219,14196425
ریسه سنگ چشم گربه اصل,13875577,1744686,514988,11525184,7553898,8771500,3038268,9623338,7501115,9843310
ریسه سوزنی ۹متری,4682310,569376,452359,9151144,13369143,13954676,926580,10217337,11580930,6013513
ریسه نوری مادگی دار,12379255,5874073,996546,11911500,149716,7695005,6231032,5505856,12310300,4257429
ریسه گیمینگ,8671752,3914219,11107134,11075609,1477021,205739,3499111,6566014,4626274,8884664
ریسه ۱۲ ولت ۱،متری,4933374,885682,10343254,12235824,11851125,12868672,7510865,12181285,13440432,3506503
ریش تراش دینگ لینگ,1020995,852676,2221277,4850572,2854925,11151891,9843310,13581904,1785325,5258933
ریش تراش سفری براون,7232637,10260791,7833858,12164451,7506039,2895961,7191359,9549667,5235259,10379710
ریش تراش صفر زن وی جی ار ۹۷۵,13853364,1140660,3728454,1454764,3426975,147439,12602622,6100632,3378428,13709699
ریش تراش مارک vgr,5963977,7546533,3447048,879091,608188,168079,14453589,7279314,12722910,7987018
ریش تراشوصفر زن,6363775,3511657,10490287,1070089,4097330,8331727,2191995,11462027,4475955,7801311
ریل کشو سایز ۳۵,1048946,14065867,9984274,5404975,299944,5396467,1653131,3496519,438351,525953
ریلمی اسمارت واچ,1060996,8149411,4122281,12541409,1575818,5085833,10120510,5589097,10059377,11274003
ریلمی جی فور فون کیس,908932,383320,3670271,326100,5266126,5148050,9857792,4264439,691099,908
ریلمی مدل c51,7372199,6452107,2014465,13580657,6774949,4254832,10498856,1127718,3046475,11398308
ریمل Oriflame,2767668,15029694,14382816,10277141,13639983,13716432,11456874,6586909,12560872,9716931
ریمل الیزاماتیک,4323264,6327689,7695557,6561991,4423957,935619,3400456,10268467,11475040,13126767
ریمل نوت,6574559,2355599,299236,13782957,340424,5076264,441365,3157420,10177280,16027580
ریموت r315,11407210,919972,7287514,9315706,16023674,7289974,10352901,1905130,5652898,996546
ریموت اگزوز برقی,14034612,4818336,3950734,1653093,6562545,4622688,12418657,2199154,14554037,9569556
ریموت قفل پراید,9491143,8869441,1455168,804739,11476129,4738694,10472652,7805647,3933746,295751
ریموت کانترول کار ویت رِد لایتس,11276364,14359691,5799080,12992663,9361439,8337405,7631473,6433138,10661112,2051041
ریموت کلید دار از راه دور,3929912,1827219,4316801,1738232,3768544,13655115,9505521,14068241,810426,13827589
ریموت کنترل ماشین,12806230,2313806,7003011,12680721,2973284,10085386,5181784,14195212,177628,1446443
ریموت کنترل مجیکار902,7588506,14819880,8577074,6830791,12914704,9021822,11405801,999981,1621304,13692498
ریموت کنرل باطری خور,4244349,734314,806023,8828407,13518262,11640402,8988196,1160809,868716,14509327
ریمیل deceel,8856459,2050509,5347861,12114587,8017337,3998803,6561991,649515,6532707,2585084
رینگ leve,604261,10912381,11283001,12283138,1745551,4230579,9516833,587821,196762,9764007
رینگ آلومینیومی سمند سورن نقره ای اروند,2171115,4273719,13188635,3781711,10058591,1430706,5587465,12152329,3139324,883904
رینگ اسپرت اوپتیما,8824958,2028711,14250473,8789224,13401998,6484699,7548524,5548244,6197168,723178
رینگ شاخ,3471063,1609964,11342834,12543936,16693891,11152854,3929912,6248479,16644032,83472
رینگ لوازم قنادی,13991427,11698854,6230942,5005362,707962,544817,3246519,1621630,5025977,5612312
رینگ ولاستیک اچ ۳۰ کراس,9327243,9793563,4146294,59380,9584036,13131058,12965991,13977357,3882579,9436586
رینگ ۴۰۵,4261129,3872759,7843220,2608053,7532175,6433028,8400781,1761476,3592470,12164324
ریوب گیر ماشین لباسشوی کالگون,1020210,3971051,13527053,35021,16376250,15578494,5148230,11071024,9439376,7295598
ریکابی‌زنانه,11111095,10544675,6578308,2230780,880521,14257955,9645029,9463740,2109417,10893935
زائده فرمان,145838,11043683,359882,184924,14017564,14068241,3994804,10598469,7577455,10612029
زادو اکسترا,859481,13848507,14024753,4197917,17443537,12588138,3536593,8383328,1533016,2363856
زانوی 1 اینچ,12747983,7976209,1057587,8163672,381254,6825028,4352555,598677,3942786,5062205
زایومی نوت ناین پرو فون,12376576,7142116,4984375,7066026,12452964,337494,8330682,8232361,5994231,384397
زبانه درب منزل,9947129,3796868,5762262,8766222,1499342,6053278,8248596,7795622,2140891,5228491
زبانه قفل صندق 405,4418722,10306216,8134825,10898538,14577010,3245302,7790253,4197849,11281765,13997922
زبونه کاپوت جلو پژو,137047,13924135,12416760,5409641,389247,12075125,9125167,202993,7724759,433357
زخقث ه3,5123200,8793354,8671400,626446,6561991,14010607,2140580,3221442,9863906,12449771
زد خش هواوی پی 40,761645,7362047,7983566,10692740,10676179,12573233,8836225,14608584,13322394,156181
زده سرقت پراید,260265,11517957,4452500,532964,12618675,1573576,10159708,9054363,475703,6141650
زدوکسا,6265476,1048427,1914498,3062680,4892096,11492437,7975822,4528161,4852451,6438146
زر ورف,2579717,597980,4792739,9776588,2898190,6475537,9919695,284634,4141072,7282833
زردچوبه سحر خیز,3320722,2357210,7178451,6296693,7956277,1901333,12373966,13344920,10289010,13227880
زرین هنر و زرسام,6161608,4644665,5281080,837213,6576917,11727101,1605401,540219,2751858,861621
زرین پلاتینیوم چایناور,82093,1786026,340424,829327,5926516,8739501,12189253,2359809,3506503,7022529
زعفران اصل,1163645,9027322,4675504,12143102,8193958,482795,2199154,9630536,6363775,6406422
زعفران اصلاح شده,9238765,6803405,11655097,2100510,5306585,10885725,3016831,2986269,7016098,951506
زعفران سرگل سحرخیز نیم گرم,577147,10186767,5027027,2832628,3904812,7378417,7978816,4006831,5054450,92226
زعفران نیمگرمی بهرامن,11627926,4452500,6411263,8467382,8806823,12463213,16522900,4931636,8136916,9327243
زمینه عکاسی آجری,4328920,10985290,5664068,7166735,638338,17436439,9798133,2932463,2747336,37686
زنانه دل آویز,9357873,9214719,14343367,7755871,5134415,13188635,180937,3341501,2700176,6431666
زنانه موزیک,9632153,14651486,859931,6853124,10842479,8895120,14105863,738077,99328,14344908
زنانه موژ,4514009,7344545,4153002,472306,916408,13943953,6135735,3549810,11909673,10885725
زنجیر بال فرشته ای,917220,4323821,7274041,7619749,1489847,1699984,12522765,977524,12673045,752467
زنجیر طلایی درشت لوستر دو متری,13786741,8187292,12084333,11295564,16753709,5426875,1582817,3245302,185902,2967739
زنجیر مرددانه,1638404,6373656,202993,12363313,1455168,2724761,2995939,4516244,14554576,8141019
زنجیر و پلاک اویز,3055850,12708949,13727848,12830142,10082995,13156585,1874145,4547675,9686682,12558572
زنجیر گردبند مرد,9101426,2316014,2604338,591097,9931729,7946573,8206881,1005433,5875063,12492669
زنده خونگی,8716895,11447064,15340740,10122262,11407210,3686404,14310946,14333262,5482819,2763623
زندگینامه bts,4257429,12592698,4583031,1524858,9994878,961300,5050942,2106573,3428211,9045018
زنچیر قاب متور,2230780,12449332,9167161,11465854,5748923,6740296,9445237,3330793,7465665,11655097
زه بغل ماشین کوییک,8777045,11506193,11314580,1767570,6631202,11188019,12560872,1054461,5005362,3904812
زه تیبا 2,1552131,12619125,7432217,8938625,12088191,7289290,15578494,52753,479520,436821
زه درب خودرو مناسب برای سمند,5139270,3548683,17642899,7952832,14782947,7135168,12683475,8835397,12516025,12693022
زه دریچه کولر  405,6745919,9380054,3592470,5841076,14943019,3383776,11705509,11953252,7956122,4374531
زود پز و پلو پز برقی مادیا,12997079,2090561,2094946,7999154,5131127,14006297,15641477,7279987,7956757,11106490
زودپز ترکیه ای,7334223,5170019,8197472,804739,2002493,8968351,8928495,3929078,4391448,11089468
زودپز دوقلویونیک,1017501,757630,11274760,8834256,7295598,12071121,299944,11989850,554983,8476023
زودپز۱۰ لیتری,2414238,76628,11893422,775333,13525678,210803,9638669,13188635,3412806,11989700
زوغن موتور مگلوب,13691969,7427113,6231522,8710128,12944358,616505,12436834,13848972,12326145,6994897
زوم رکوردر,14819880,2529858,11007995,4871471,4535049,5750628,6164269,314384,603611,5408675
زير انداز يكبار مصرف,14348441,7032881,7724759,17751721,7505548,8941911,52457,13865602,1868597,828562
زی ماشین,7096895,9597396,11196611,769897,11107079,4593072,2748851,3081860,6148399,12607232
زی ماشین 132,1491115,12911007,2871672,9257304,11336547,10618588,1837601,3624625,3686859,12235594
زیباسازان جا ماکارانی,5056646,179951,861621,860740,671737,2290116,14059985,17314096,6631597,1593759
زیر انداز یوگا مدل فومی ضخامت ۸ میلی متر,7826220,761211,13804646,7244370,1477021,9054363,482666,4411947,8682841,1923816
زیر درب حیاط,183328,6377946,9132888,11089468,2586263,10220255,9174799,7427113,7086864,674036
زیر دستگیر پراید,4615121,10390791,13430967,108540,8909113,644103,10346293,13536155,1455168,868521
زیر سیگاری مدل دندان,1487349,5054403,1989272,10644422,7891241,4570342,9969986,5438621,8686817,3079364
زیر لیوانی سیلیکونی طرح گل,7813657,9221710,728927,9647975,12518888,11474078,13401998,305573,1882194,4608283
زیر لیوانی طرح دوست,57321,7192556,2927696,9357873,2716151,1156863,9039614,368458,8552325,4389124
زیر نکر سبز,1580572,5719130,8717298,7802622,11308070,6946867,6614627,14068241,14322897,11911364
زیر پوش تور,4728336,13525678,7140776,11698854,9229172,9665402,16971721,1829693,10912200,3571154
زیر پوش مردانه ، تیر انداز,13012373,7027586,10217337,11254524,8338751,2525555,1484542,9665329,14197726,5050942
زیر کمک موتورسیکلت,8860574,3322371,1584733,785436,1552131,6522340,8945874,14782819,9279178,8828407
زیرانداز جاجیم 2 نفر,7505548,1452542,913351,12381319,9700707,129694,6860843,2960094,1642892,147516
زیرانداز سگ,7859766,5109551,7108756,11157453,12560315,11876002,3241307,1452542,10566160,8338751
زیرسارافن نوزادی توری,7129303,695191,10587391,10462363,14274757,11625576,959932,7715987,7631473,10832056
زیرلیوانی زوتوپیا,4871471,8110066,8190969,5026418,865529,7858136,13167560,4626056,12395584,7885034
زیرپای فابریک دنا,13401998,3090192,10856427,5618453,5190712,9174362,829181,4366176,4957468,4978160
زیرپایی خودرو۲۰۶,63831,5865949,543,7380557,285259,1652570,811459,5085833,7540371,10132814
زیمنس اسپارک پلاگ وایر,1454599,9676345,6782659,2110368,890570,13536155,14638569,51924,63831,2916538
زین دچرخهطلنبه,550878,13905556,7723998,2599596,9695099,1153178,6647088,5599114,3548085,14065867
زین موتور رهرو طرح باکسر,9174362,2457634,14214794,7206667,1459602,6578624,11640402,2523554,983371,1689085
زینک و b کمپلکس یوروویتال,2746114,9937001,4430288,12149756,10560714,3868112,2414671,779044,4117274,7232503
زینک پلاسدارو,7190400,3415050,374011,6791039,13920852,15284231,4615121,6836434,6836305,4113547
زینک پلاسقرص اهن,7858136,70325,706778,14191430,12563933,1762114,10311608,7221141,263737,4744930
زیور آلات تیتانیوم,10480997,2916857,3645126,2980913,6893620,816383,6535734,205704,3818283,8108879
زیورالات نیم ست  مجلسی,809776,12350031,9128967,14007389,3182932,14315407,6998190,13847395,90520,3954961
زیپ قواصی,9693280,6209833,14958165,10510261,13430705,12516025,9732812,432372,5698028,5199389
زیپ ۷۰ سانتی,6998190,9508030,11246431,8866541,3818328,15743868,2845294,3809063,616505,5243806
ساب زیرو ریفریجریتور,2901148,4495195,12508996,2419836,10368784,3783648,11960134,5294838,2010553,12527301
ساب ووفر آر بیس,15325190,11241494,3306409,14453371,12628511,8476668,9586268,9851111,11716692,1161678
ساب ووفر خودرو ساند,1638404,5984226,7956122,7847861,7440533,11630140,8688900,6446396,4823914,12949181
سابان برزنتی,3513813,876629,877897,52824,7367110,10248995,2920743,202375,10652816,14606650
ساحلی کوتاه,3581552,6371134,3206052,1874145,5072153,3087539,9455757,2206927,4409667,5129645
ساخت ایز,12283267,1075479,3461150,3414388,4502122,186930,4070674,4765687,2643710,809776
ساختمی ماینکرفت خانه,6507549,2728223,509122,2945525,1843483,10729281,5537905,7013482,5927210,4348656
ساختنی برانت مدل سوپر من,7432879,10413327,10352901,3929078,4631112,6928475,5426017,1049100,3191825,13530628
ساختنی طرح tokiyo,1605401,2768140,1059820,13785575,5062205,5131127,1638676,8713891,9937001,1753907
ساختنی مدل ماشین چوبی,14050989,9365889,12754374,157424,4519838,3432901,3500477,12090877,12180030,5055853
ساختنی مدل مینیفیگور مارول,3429963,17443537,5604877,6099091,11643040,10100238,602981,3326464,3397736,890570
سارافنزنانه,7022444,5226140,5403418,3627290,319553,10434136,14357221,1122950,4791465,2394989
سارژر گوشی بدون تایپ سی,2970399,17642899,5892803,9914387,9599582,17470238,7432018,8065760,9286195,13367746
ساریو شکلات,6740296,2129272,8814788,10638348,4810357,11490088,453777,7380375,14089667,2610656
ساز تابل,3942786,770896,10418959,12296936,7591088,11610493,10701126,1486568,11060860,2783887
سازه توپ اسباب بازی,5652898,4481106,4800187,5522124,11034432,9377384,7337056,9714651,312953,164820
ساطور آشپزی  صربستانی,13323051,96819,8656536,9377384,6404633,1585520,11792316,14891147,10464170,15302238
ساطور طبیعتگردی,4048051,937828,11145215,5330152,12609686,7325334,8890436,7781648,17436439,4649136
ساعت 2243,281447,7954927,26757,6229102,7591304,2095608,753092,13452326,152422,16455986
ساعت 4Pro  شیائومی,8193958,9264770,7533365,668821,13943953,15743868,5519452,1705521,7132885,282952
ساعت OMRON,3378428,12387366,1689189,6266760,14511107,6035037,17607188,13389998,7392683,8943078
ساعت T900 ultra2,860400,9345320,16187751,7820922,10839890,5827896,2326749,6237630,4098932,17085140
ساعت emperio armani,95563,13656897,5562610,15231794,9859965,6277532,7802294,604326,2262835,5085615
ساعت kw19max,3013565,2801580,1619768,797880,8132070,8515333,4041666,10544388,9540940,5419199
ساعت smQrtwQtch دخترانه,1161598,15216852,2381178,2387043,2696573,7916430,10350205,11245945,52412,6774949
ساعت sاکتیو,5205149,3570870,13950082,10566257,919220,6645472,790252,4108417,12285836,8315267
ساعت weil,14212796,2817194,7445177,7612355,11296848,877254,9947773,4209856,12414641,9695099
ساعت آموزشب,5595567,608188,4358875,887927,11274760,11460512,942712,6141650,11914277,13467787
ساعت اسمال واچ پاسارگاد,9080302,2648343,284254,12123595,10680006,13103817,16998315,5196771,7926817,5529084
ساعت اسکمی زنانه,11790946,3291393,12624658,6116245,472358,932459,14217959,5536763,1049100,7512551
ساعت اسکمی ساعت اسکمی,12582151,13777064,17381762,9851966,3166341,11026740,8595427,1481699,364527,9490267
ساعت اولترا بلک تایم,3713495,10189915,651025,3889239,5522124,1808578,10017523,9365889,1806576,4494850
ساعت اکسید,25959,12720711,995846,13976650,8789858,50792,4206221,4489668,7118751,8716895
ساعت بته,3083455,932152,14876850,8869441,3514157,10472652,2926894,6327528,2294497,3181933
ساعت بچه گانه طرح ماشین,1524858,7380375,3773186,3258412,5994231,10930227,649278,12213603,6187952,1743832
ساعت دیجیتال اسکمی 1426,8318946,1714761,1753907,7709371,2525555,2050108,147439,3572733,13218038,14089147
ساعت دیواری بلک پینگ,4235421,6210801,12499229,777689,1804262,5148230,1808578,9120939,4931636,3536523
ساعت دیواری راویتا,1580572,10456796,6839209,9785505,2771659,12091506,734233,6159606,713893,12910731
ساعت دیواری فلزی چراغ دار مدرن,11295564,8970641,8488225,9562492,6768238,415439,1582864,1112133,2061569,9004905
ساعت دیواری فلوروسنت,3054003,85086,9837930,10959853,657934,2533881,11625784,8754590,11396255,11246513
ساعت دیواری مدل 1185,11246513,2413323,6560177,2205733,669351,3569970,3183082,6800616,12640343,968220
ساعت رادو سویس,9177103,862511,12020076,8639614,2010553,9021296,3686492,467306,17450264,13463142
ساعت رومیزی کوارتز,525953,8398404,8318670,1541231,6892322,940240,17536916,951998,282644,9364733
ساعت سولار,2050509,4180871,5051624,9463740,7964485,11336522,964286,4176124,3181280,5857844
ساعت سی تی زن ست,3994804,1072595,12920165,13298516,14146381,9177635,2351888,13856310,2536578,2061569
ساعت سی تیزن مردانه,15961661,8927059,1428539,416155,4122281,6718972,2714257,3871488,11035508,5236984
ساعت سیم کارت خر و بچه گانه,14515458,5068713,10498856,5782821,7178053,3818328,522903,9342140,836894,9360474
ساعت شني روغني,7916430,9396692,10403857,8332806,539062,2583919,6728368,542963,3765030,17537520
ساعت طرح اپل واچ حصیری,1110843,7835147,9747702,7971987,7323361,11047327,3315334,3900675,8895848,10722131
ساعت طیبه,308442,847989,9427392,3471063,73006,833899,2262129,6744212,781227,12684890
ساعت عقربه ای زنانه سیتی زن,8073670,17589456,69845,13906966,3038837,16414350,3232487,721359,482795,2109417
ساعت فسیل,1608330,9881235,13676387,10679178,6755271,12455954,1468500,8912688,3055781,8162593
ساعت فول نگنی,4418722,11868389,7773468,8864800,10722809,12463754,737108,5403418,4971284,6374300
ساعت لوکس مچی آلمان,3237213,2094624,5298345,5423191,101056,13737183,368458,10563340,6580689,455580
ساعت مردانه اوتوماتیک,27956,4957468,3157420,15186788,950423,7662665,2171400,4246562,8400781,111860
ساعت مردانه هفت جمعه طرح سه خط,7591304,6427337,6851912,13158414,12214987,11707656,7916430,282730,8658323,11706479
ساعت موچی مردانه,1586166,14210521,14502462,12649782,8826576,8492315,7013482,9378158,3265330,11351156
ساعت مچى عقربه اى زنانه مدل دستبندی,3536605,7750051,8483580,7761376,3364429,12652333,1070089,14388923,191576,7961102
ساعت مچی vobel,2651073,15536181,3971425,1655174,6791039,5152752,8344086,3307928,951506,9708003
ساعت مچی ای وی ای,14410946,12956290,1732149,715347,9735156,7142851,1720958,5133301,14029625,9567498
ساعت مچی برای روز پدر,14985956,5080871,14763098,5064582,14803529,10959853,9886572,10739828,11456874,1115788
ساعت مچی بند چرم مشکی زنانه الگانس,7537782,4225570,2118749,12088906,9860401,16051918,8275133,3041030,8474138,4826653
ساعت مچی دخترانه نقره,1498412,14299332,4380808,198120,2864628,8474138,8017337,12083895,9435157,11368177
ساعت مچی دیجیتالدخترانه,7844091,3445541,12628511,12504445,5947787,496620,3718358,8659374,7674470,9222733
ساعت مچی زنانن رولکس,7291575,6105280,3308291,6299689,3068071,12216494,2323984,3804921,8032608,5903516
ساعت مچی زنانه  سه موتوره سیتی زن,3465186,9704028,9682747,7096895,9445143,1125449,414587,16613440,2885887,13283717
ساعت مچی زنانه بند  مشکی ژله ای,11652937,8536946,8436769,1059820,9009983,12452046,14958165,765991,14851833,12673805
ساعت مچی طرح ناخن,317619,11649541,14274910,5817739,12590872,10796599,15949927,8587723,2781637,14679714
ساعت مچی طلا,889648,12487138,8530198,425857,6240057,2781547,194931,8966653,13676858,13000495
ساعت مچی عقربه مردانه فسیل,5022247,12463213,7746824,11354540,13349301,706269,2014465,5395458,12075125,3403213
ساعت مچی عقربه‌ای مردانه هابلوت,5132596,1622380,11525184,2907018,12074006,368743,9513525,12308731,8330682,3147621
ساعت مچی مارک ضد آب نبضی مردانه,2258784,1560539,4309206,7888010,6266760,7796412,5542160,7959398,3340204,3741049
ساعت مچی مدل Bolt,11407210,3723264,981926,7539519,9075233,5436849,13849949,4385504,5076264,596481
ساعت مچی مردانه کاسیو مدل WR50M,11223338,4315264,12260841,1898312,1668788,281133,16546620,169240,349378,7434537
ساعت مچی هوشمند   سیمکارت خور,4571148,2095608,5115533,1482105,4800187,1762114,12949181,12696009,1675658,5432465
ساعت مچی هوشمندT800Ultra,7264632,532964,2323984,3202248,6554847,1932704,4352555,2597015,10532492,12523693
ساعت مچی چرمی آبی,2466261,5073393,3890665,4353116,9627102,427025,4810357,3515888,490390,365831
ساعت مچی کودک,13452326,4352555,12172280,12299112,8986359,11351156,6870884,11580930,608655,8563832
ساعت مچی گرینویچ,8792479,9338530,692320,9220839,4726765,17035873,2275515,10747176,7370328,8304319
ساعت هواوی بن  7,524407,2993702,6220344,13258196,7208436,3326464,7380557,14574540,1641788,7542983
ساعت هوشمند  آهن  ربا دار. بچه گانه,11851294,8197472,699252,9636699,3815110,8368548,12680721,14724466,2887055,559882
ساعت هوشمند HW8 Ultra,10231475,2275515,15593973,3189791,3107660,12646507,4867366,916897,8176598,7111920
ساعت هوشمند S9 ultra,3178498,1563637,3257964,13073651,6774949,5466323,12213603,4439658,909042,11194782
ساعت هوشمند x5pro,6812434,14179735,13615782,2531210,1125449,8996747,9958566,75129,9807887,17060974
ساعت هوشمند بزرگانهultir,12283138,15027444,5072153,14581595,6902160,1505567,138837,12586823,9673893,10709261
ساعت هوشمند بند چرمی,4901144,4397106,52031,891524,1918189,3238403,6433028,8669736,8529234,9215637
ساعت هوشمند زیر,9221077,3515888,7495284,9105099,11734482,876629,8531009,4076941,9294022,14078112
ساعت هوشمند سری k,11675039,4314126,842691,11419082,5159983,2044653,9567321,6872675,4660654,5269360
ساعت هوشمند سیم کارت خور صفحه گرد,734314,6261040,7125606,2644760,276728,3400456,964898,10459614,7379247,4270359
ساعت هوشمند فیت بیت سنس 2,866046,13808069,10194563,17443537,1097022,4626274,8054249,1776517,14531056,8387203
ساعت هوشمند مدل a1,6888717,568650,9378158,4968049,4098932,1795756,12101460,3571386,8509775,577147
ساعت هوشمند مدل بند سیلیکونی,196351,4477129,757391,608188,8032608,3849615,17351803,7819136,7729464,3929912
ساعت هوشمند هایلو s24,9937001,8931122,10030958,17398361,532225,855999,12506843,7262444,10651437,1668788
ساعت هوشمند چهار گوش صاف,12708037,282730,12838592,10457347,7964485,14555784,5316473,14857729,12100106,363346
ساعت هوشمند گلف,736488,5140235,3204480,10479698,6290252,11722455,3294846,7885034,9627102,4885876
ساعت هوشمندtz66,7593002,7360152,806140,9094859,9708098,3506503,11593938,3115148,4901144,10560714
ساعت هوشمنداستار واچ,5264418,13907409,8449627,8529234,14196425,8370228,5062205,7797971,3865146,12721879
ساعت هوشمند‌بچه‌گانه,10609076,6205093,5719815,11088610,584095,373336,14105831,4170530,464143,13073651
ساعت هوشنمند,9648168,6004161,38873,1621606,5406516,14720281,13676858,4534159,3579546,13440432
ساعت و دستبند مردانه,3055781,10737352,7814724,11813652,10751064,15825827,6554847,3644163,11476645,1491994
ساعت واچ مدل ultra 2,3496519,9900864,8387731,8348402,718132,13569337,742799,11460512,5258935,2885887
ساعت واچ ۶,393078,8368529,309830,1770280,14322527,15339692,8489421,1515290,6699387,5133301
ساعت کورنومتری,9105099,189770,6048427,8770709,7988240,10177280,12375156,9947724,16753709,837213
ساعت کیسکلتks mini,8187292,4496519,3238360,7920573,3591118,9329090,9308907,242880,10812826,11947958
ساعت گودزیلا اصل,4323264,414587,9020454,6970871,3181280,8900054,12940098,772755,9674839,3724793
ساعت.دیواری.کسیو,10894781,5717830,586696,3618324,15072221,405946,14488282,490435,761004,3462515
ساعت.لمسی.بدون.خروسک,11377769,8077717,811459,9445143,272669,17642899,5233434,6955660,9591547,4448013
ساعتRS7,7618225,10974039,10609076,8096411,6435705,9361278,762716,7491913,3755533,10006431
ساعتاسکلتون,6891483,915063,860400,12508996,886651,860740,10726910,8754590,13844762,4260936
ساعتدوخدحرران,10912381,180912,1778968,8817271,3140001,7913417,2205336,7432217,3710387,6998499
ساعتهوشمنk59pro,12054697,1662761,13231718,2708994,10930227,1128977,5193420,4982964,1149791,11273164
سافت سری ۹ الترا,9064677,6408344,2848026,8828407,6562526,242880,5747445,644103,14115658,633484
ساق بند آدیداس,12662620,4354964,2595835,10456796,378044,13514411,798880,503450,1075479,4455409
ساق بند باشگاه,2041100,2355599,5568535,2476616,626446,4397106,7600457,6932884,9053136,14884689
ساق کش (فیکسر),2238243,3818328,5664022,172614,3572983,3731327,7989717,395674,142327,2079564
ساقاستقلال,1438846,806023,12004169,12760388,2196258,9246246,365831,3453135,577147,11640402
ساقبند کوهنبردی,9372061,12311019,5070528,1662534,10464170,842691,5488302,14050066,16531727,13918199
سالید مجیک بدنهخودرو,1689189,7612355,11361274,17647571,5742706,14135323,8775614,6288066,75270,142420
سام سونگ a 05,11404306,8009061,10934087,12297407,4644665,2967739,14112182,4804290,10461490,7291575
سامسونگ Buds 2 Pro ایرپاد,11575630,4597703,8765520,1809232,2241846,13628250,2561992,2911194,9969986,1154351
سامسونگ a21s مدل دخترانه,5175141,14182497,3107660,472989,2279639,12212151,12216494,9964641,924553,12561858
سامسونگ a۱۴,11398248,8293249,5335486,1048427,5907296,3040455,13849949,9306396,1640291,4278971
سامسونگ اس تری مینی بتری,12646507,757391,143608,4221217,8293985,11778310,371256,8351078,6999050,6595121
سامسونگ اِس تونتی وان اولترا والت کِیس,9806934,9414390,8694502,13737183,12926611,3389477,2408736,7624321,8339334,3773573
سامسونگ ای تِرتی تو پرایس,4855889,1592745,4362497,7050231,2854783,603143,3785854,8669046,6720261,10669131
سامسونگ ای فیفتی فور فون کیس ویت پیانو دیزاین,5749873,6882567,603143,4452500,1590579,10405197,142327,9976443,5976140,3257807
سامسونگ تی وی تی یو ۸۵۰۰,777769,1037470,4197849,11475653,6473213,913831,559882,7990655,14476967,11465019
سامسونگ جی فایو فون,9557066,13082050,5075705,14964963,1439864,2387365,7432879,13999587,10904951,602307
سامسونگ زِد فلیپ فایو گلَس اِسکرین پروتِکتِر,5282709,1016559,8994914,1586166,9861910,2714257,5420778,11274192,15126953,2414238
سامسونگ مدل Galaxy A05s,2951264,13526092,11089001,2992,6834237,8886721,312953,8315267,14308846,384314
سامسونگ نوت فایو موبایل فون,14257955,3553600,26246,11511469,227680,794651,7913417,5519452,7798997,6247153
سامسونگ گلکسی tab a,13131177,9349513,4158441,27830,4009351,4920984,7490531,2075425,4645582,8271644
سامسونگa22,937913,7053063,10211121,186930,820863,12974035,3008567,3757788,1642892,10262401
سان آکوا مویسچرایزینگ کریم,10689760,6713474,7240398,3840587,6247153,7507127,6406422,10635382,228268,3022844
ساند بار 625,12667651,4423391,8372721,5253135,6891483,11161720,5306528,10466890,14179735,12892691
ساندبار شیائومی ردمی,10597675,551022,2028711,2850289,7027586,5618276,15414041,8968351,4241922,790960
ساندوچ ساز دومنا,4924898,202405,6562545,2667217,5229257,8223587,939238,9439568,6770785,5891015
ساندویچ ساز گریل کنوود,12950074,10379710,10823610,8955395,5350250,549702,9568957,476376,8827722,6556651
ساندویچ کاخلر دو سینی,10064894,587821,17314096,9863317,14947512,11699458,6906343,1740203,7093658,1414797
ساپورت کشی ارزان,77165,3713495,13906032,10448004,4500400,811751,2525763,4793179,10217337,16755280
ساک خرید توت بگ ساده,10442878,3464453,3783648,4585575,3605044,2693125,7330976,14479735,5195847,7205043
ساک سیلیکونی,3618324,2930956,2654791,3038837,7747911,11097126,3420517,68830,6809572,2787116
ساک ش,2767413,13349301,3454479,9709270,12229027,1029673,2074381,12258829,3414388,12222869
ساک شیطان کش,14690036,6915883,6158866,696912,6265476,14721045,3524979,5901716,263790,2085875
ساک غواصی برزنتی,6406905,849644,8778416,14162487,12097231,5025436,7544531,13691969,10120510,9083865
ساک فابریکی ps4,445937,7861160,4341046,3890665,308517,356804,9249898,7975822,4566955,3497052
ساک مجید,13632307,10235306,2365505,6431053,3607248,9505521,8688900,2407152,908356,38243
ساک مواد غذایی منجمد,378044,8237708,9183156,549702,1780247,7533365,1922447,7294241,4089442,6833688
ساک هديه فانتزی,1653131,7185932,4383345,749485,286688,2041020,759037,4566914,313420,8348995
ساک ورزشی s1293,13325298,9795665,10122383,347537,6940852,1149791,1558818,16858178,16670787,1645794
ساک ورزشی سه کاره,31848,8423792,6035112,7414717,2783887,4754715,14050066,6520197,10763058,73006
ساک گرم و سرد نگه دارنده,8445425,3893423,8950594,5339885,7462044,2205733,7432217,8032608,2429494,6363775
سایبان منخرک,396033,10403857,4878067,7032222,6817528,15772253,6603008,5568351,3550905,4622688
سایز تولو واشر,8824653,7889284,305810,9819715,199623,14295074,4061084,8765520,13986631,6851681
سایز صفر,689260,14262609,5260079,9039614,14324362,7954927,4885876,9709270,14378102,6423408
سایه بان خودرو تاشو,13852850,8449261,323611,15307573,696912,4305079,9536146,5233434,12520106,1762114
سایه بان ستاره ای کمپ,5796311,5700311,3185092,97486,10362197,6290252,2126582,6453152,7129303,11706172
سایه چشم nude,12075125,5109328,4783176,7372199,646667,12673270,9961030,7083260,12698831,13301972
سایه چشم کالیستا Es60,3915183,16216627,645879,7269213,494104,8203862,7325227,7505617,7963042,2058772
سایپر اینسکتیساید پویزِن,365831,17637807,12702443,5345214,477164,6823327,9183156,7431580,7888010,2016450
سبد حمام آلومینیوم,12656613,7793333,6003185,13530777,5357364,11640834,12598258,11097713,162579,5026076
سبد فرنگی,3536591,11705624,7546533,7198042,6033622,5005362,14052039,11705509,1064939,1860173
سبد قاشق چنگال ماشین ظرفشویی غ,7279314,1761476,11400727,2023379,3581552,8395146,10701828,14199453,1117966,9260208
سبد قهوه دوبل پرتا فیلتر,8996055,10022247,9036871,20388,4338814,1968037,11358108,3741049,11971046,3690229
سبد میز کار,8108879,8182052,1537340,4887699,8387799,10923236,10836611,163122,4793179,12166354
سبد پیک نیک چادری,8764944,10446405,282644,13792904,14208498,5720281,715347,847989,6356790,11380006
سبد چوبی دسته بامبو,15963251,4048051,8616817,371256,2976227,8408333,12100062,2771659,162579,1505003
سبد کالب,2561992,10472470,3871488,1949737,14554576,12088288,5901716,6740296,1581754,1543627
سبدرخت چرک حصیری,11308070,7324155,1505567,6433138,9086146,1128977,3792937,9264756,4661132,12672505
سبوس دار ماکارون,1923816,2672678,10903141,2708994,5351047,13804646,1789638,7174761,1117465,2058772
سبک تر,6148379,17304884,13854825,5679964,144966,2032185,4273719,2610238,12202771,564551
سبیل مسنوعی,472358,837213,1605401,11149658,11610493,11557366,11593938,2285284,4529283,5209372
ست آریش,7856934,4104881,5069126,890570,11348511,3387748,9214719,14868843,7595453,11616787
ست ادویه طرح چوب,6214633,17751721,8587723,12056902,449113,496620,6459788,9987921,10972745,1802368
ست انگشتر اکسسوری,15595047,14437943,1487519,5264862,1077362,15110674,13977357,7959398,543,14574494
ست بانکه عروس,4953306,12055540,802407,6289222,15147960,371256,13656268,12334337,9622549,10461490
ست بلوز شورت بچگانه  میکی موس,13568527,1930011,14388923,6338303,1738079,495837,8917094,11410958,12124805,10860107
ست بلوز و شلوار طرح آدمک,12202419,14766903,8714816,12311019,9011955,8713891,924058,1863815,97486,3432901
ست بلیز شلوار کرومی,14410946,13391818,4235421,5441418,320657,56912,5656107,8068949,8387092,5343249
ست تابستانه شلوارک,5281080,11075754,17590677,14165122,10703295,13525678,12598258,5085615,9627102,9231800
ست تاپ شلوار گلریز,8902718,749485,2900208,5396489,5396467,27958,1552186,798880,10073361,6970871
ست تاپ شلوارک دریایی,5545020,9372061,10587391,6475537,5664252,670122,1808578,11510141,6128576,1719126
ست تفنگ نرف,927004,16858588,14346184,8761808,11207726,8507186,8141377,6602710,12078880,10472652
ست تفنگ کلانتر,6293939,442730,374011,8107655,11595254,5268387,12554237,10977036,11681449,11682082
ست تمرین ورزشی,10914314,2279639,966215,7474345,11382636,14608010,12558561,12532616,2768571,12754374
ست تیشرت سرهمی نوزادی,9378758,16656476,12637319,3232487,3429963,2843881,12126072,12318389,2577240,8800744
ست تیشرت شلوار دخترانه,3499111,14621679,10390791,242289,330843,4647335,4288693,52824,468522,4885697
ست جا مایع دستشویی سرویس بهداشتی,9648721,1640291,11607769,9337800,10633491,364527,17845107,26757,5152752,5655690
ست روسری دخترانه,4099036,6327528,10729281,304696,1790557,5011442,6460839,8895848,7612355,456337
ست سه تایی انگشتذ,7591916,9422675,1490799,4810218,9080322,8567079,5165276,3181933,3390986,12594212
ست سه تيکه  راحتی  دخترانه,14554037,3757788,3524979,1037393,474279,6556190,2525763,3447048,8844118,640031
ست سه تیکه مدل کارگو,17111036,11216802,9868344,368743,12775038,9529336,937532,6981524,4190115,12506890
ست سوهان برقی و لاک خشک کن,14413968,8881982,8395146,170684,15895722,2676218,2391271,13656147,12299112,14055890
ست سینی چوب بامبو,9674839,6394152,828562,482498,13518846,7998713,16310340,8983236,65292,3545064
ست شومیز و شلوار برای خواب,12813282,4871471,1037470,10368784,13161928,65292,8392552,48961,308442,12401564
ست شیرآلات طوفان,5840935,6349644,286137,7524780,37261,12804885,7602522,1628531,9761959,7154304
ست قابلمه غذای کودک,12696009,17088276,614009,17751721,10656375,9851966,9051696,7564833,10677094,770259
ست قملو,8344086,5466323,12648083,4901144,3039913,5360007,16072099,7734110,9621656,1572826
ست كرومي,88643,5268387,3246524,3373841,521444,11498020,11141250,13673427,4201913,889648
ست لباس خردسالان,10530718,6936033,7662665,8391149,8515333,5298345,2487676,8132436,2118749,597980
ست لباس راحتی شلوار بلوز,9336161,17431061,8616655,10156991,2491087,6460419,12784245,280271,2939544,8563832
ست لباس راحتی نوزادی,6591032,7963042,843847,1826076,4546262,10842479,607449,3636273,2407152,9439376
ست لباس پسرانه بچه,7464696,1502558,4624691,4622727,4810357,7359701,7144000,3182932,127102,9272294
ست لباس پسرونه رنگ نسکافه ای,14275370,11676603,9573460,2909460,16522900,6582726,10082867,9964641,199623,4396103
ست لحاف و بالش دو نفره,6231032,9439376,16797079,623637,9981331,9361278,17406399,7790114,2415653,74325
ست لوازم اداری رومیزی حال مدل J 936 مجموعه 6 عددی,13639566,7066026,6446876,11989700,14577010,6753256,539062,1619296,1022396,543
ست لوازم تحریر خرس های کله فندقی,8366107,10030958,1048946,11330221,7944431,1130185,476011,8532954,3575155,6129457
ست لوازم تحریر پسرانه بزرگ,13131177,9623338,11088610,11221056,9747174,7404404,10781225,12222869,7611671,8270275
ست لوازم تحریر کامل فضا نورد,8351078,8774462,11071862,3780778,464362,9390955,4929072,13364523,8083996,4318526
ست لوازم خانگی بچه گانه,9436586,3309641,3329347,13785575,8882003,7480008,3622380,10761877,4430288,971829
ست لينن,5351047,6633877,9906836,6048427,12198705,2110181,4197917,6330542,5865442,11643040
ست ماه و خورشید هوشمند,13942382,4321877,12686779,1016559,14089667,173542,14608010,15367789,2821694,11643491
ست مسافرتی بی وین کد 1712 مجموعه 6 عددی آبی,13121363,12446652,1634821,10156991,6343668,7624529,1642892,3956184,12391533,4640717
ست مسافرتی جای کرم و اسپری,8235932,11498716,5432465,341951,13094132,10100238,1904571,15321687,11380006,5178689
ست مصرفی دستگاه بست کمربندی طولی,133187,12453877,363896,11456874,4325093,4226290,6854837,10461490,4360062,14009648
ست ملحفه تختی,1471612,6893620,591097,7213087,11911500,9669100,816135,1569146,4681587,5891778
ست موچین و قیچی,10385896,1093661,2258563,10164226,13568527,10609076,11288948,961905,7221868,2882705
ست نمد فرز مینیاتوری,6943665,7720365,12350676,3627522,880906,1502558,8855064,11443530,2817052,7866153
ست نوزاد پنج ماه,10766629,765991,4318526,9513010,319553,7888690,14848042,6032410,12911007,6748254
ست نیپر,3323638,11398248,3801395,1545322,5129645,3880381,9861439,1079576,8198325,4765687
ست هدیه بهداشتی وی کر مجموعه ۶ عددی,7547715,14037723,10737352,771961,210706,11509788,7454085,9178314,11064523,4615249
ست هیلتی,3904812,8891280,8806208,12104111,13579808,14052859,10958076,12085945,13942221,4477129
ست پسرانه اینترمیامی مسی,9636699,8083996,5130999,466066,2744459,2882705,12773727,3257964,646879,2418637
ست پیاله و بشقاب,669351,4816326,13357606,4257429,1095732,2676218,11029535,367650,1585520,11474078
ست چاقو یک دست,462996,5193462,13231718,6696145,12990949,842100,13068451,7604444,1595405,5318554
ست چاقوعروس,4660654,8912519,5419199,9527627,9468485,445937,1504171,10170656,8237708,13865602
ست چراغ خواب و تابلو,11575630,8517823,3855570,5407342,6870884,4440247,13988661,1645296,195015,3283603
ست چوب های درام برقی,9749301,7506143,15937518,1763589,14064817,848850,4466558,13692930,7275002,7451617
ست کالسکه و کریر و کیف لوازم جیکل,4683221,10528127,9418623,7591088,2487012,7269213,191846,4481700,10312343,4433459
ست کرم ضد آفتاب پوست خشک,8746196,5182103,179460,9026975,6963614,13656509,4791585,8737685,674062,5373322
ست کروات و گیره کروات,2783887,3813429,7834490,1496876,7371634,11643491,7795622,8746196,637473,13727015
ست کلاه شال کرومی و ملودی,5134415,347537,5927210,3098779,5268387,7517222,2588590,5836503,7591088,115001
ست کیف و کفش  کالج,3865146,2793838,660941,4522712,5622402,790252,3103299,9593956,10389840,13763431
ست کیف پول چرمین,1005433,4832192,295751,411716,464362,269151,7294241,13160534,761645,10493947
ست گردنبند  دخترانه,7596488,12185047,12446652,756145,11435290,3550869,3228627,2882917,14088436,3206052
ستاره شبرنگ.,6986157,9978291,4257429,8127544,2543130,1622791,13897697,7961102,9490267,8203862
ستفنگ کیفی آب پاشی,14608010,6383690,3579546,7847710,4452531,7963042,7958880,827203,9745335,33592
سته دفتر کتاب جامدادی مداد پاکن... طرح کهکشان,9570265,6759371,4583999,15963251,81323,8913983,10638723,7360152,749384,7432217
ستون اشکال چوبی سپتا,13961466,6826975,9826552,16286253,11557366,10757160,674062,9020454,3950734,8270275
ستگاه تست قند خون ایکیو چک,7435146,14220127,2675502,4309206,11552790,662613,502687,13144366,11098166,17351803
سر آیینه ۲۰۶,4852451,1151448,5840935,9772859,8297769,10999066,10804858,10040094,2094490,8108879
سر اگزوز مناسب برای پژو پارس,3016694,9846474,11159404,5357021,8950594,13783263,2943388,14763098,12217894,123428
سر باتری خودرو برنجی,476011,11347199,9872271,9489581,4718551,2468843,9583859,6554716,14105350,1257
سر باد چراغی,12744393,7645771,82169,860400,6567845,11382636,1761476,10406553,482795,6435888
سر بالغ دوچرخه,14416125,8688900,12665229,1673404,482116,8463027,8681180,1045063,10769991,13737183
سر بخار شور کنوود,6830905,9244048,7546584,487503,11254905,1659259,9846474,2100510,8950594,7165982
سر دنده مدل rc,2064685,6293939,49762,11876002,3218826,3548683,144966,919972,10633491,3039913
سر سلند پازل 150,4157305,5382851,9516833,8215382,1135071,1480794,12575332,852676,1734275,402097
سر سیم باند بیضی,3028345,13274853,158528,6107200,4583031,6991694,3926163,80708,1082147,4587844
سر شمع چراغ دار,9306396,5450132,3379854,13644886,11372593,9075982,13639983,8057538,997096,14466154
سر مدادی  مدل سیب زمینی,11866878,3875383,3385777,6054997,2110181,6152199,7281442,9220839,959932,13527881
سر پای پسرانه یک سال,2746114,11715642,52824,12401564,865368,11410049,8761808,9289318,2441830,217153
سر پیچ آویز لامپ,8869738,7201615,17479499,1094947,14577010,3451396,7902972,10471900,761749,2767413
سر پیک شعله افکن flame gun,7474345,3432901,2821156,10591134,698981,11019537,181535,6292388,3184247,721359
سر کیلیدی با تهر انیمه,9414390,11474073,5879916,1918189,14275920,14947512,6339428,144966,9330978,8162593
سرامیک بر بولبرنگی,5853104,14082098,14891626,6349467,3385777,156181,4380808,7577455,7360152,13942382
سرامیک ماگ ویت کِلِی دال دیزاین,5204175,6755459,4718551,2501174,6990645,4242098,152692,7729570,4369668,13938626
سرامیکی رنگین کمانی,12277034,5796311,7475432,10319520,12461983,1030285,14203413,14909514,5073393,12549397
سراه لوله ۶۳,13203408,2487012,7891241,1584808,1072595,11330882,4532802,646667,7247698,194931
سراهی پریز برق,13466118,875262,11911500,13726497,4647335,3644156,10648392,7813142,6924312,11216802
سرخ کن GOSORI,2999253,1563637,139696,7325227,6761083,13282306,5349411,7047648,12664128,10272500
سرخ کن azure,2012052,5892803,14257955,7836235,7278624,7604444,13220379,2351415,14312296,5879916
سرخ کن zno,845953,2664209,172747,379758,13191343,820870,943846,3192810,7361950,11476645
سرخ کن بدون  روغن دلمونتی,15128623,561419,4241922,3368623,13786741,15610484,11593938,1520528,3496519,1927795
سرخ کن بدون روغن حی پاس,558843,8636262,8236737,10725406,7612486,11393731,9842497,7212482,12573997,9000958
سرخ کن بدون روغن واس کره,744941,5140235,90520,6561991,602981,7379000,2978266,7801311,487357,4455409
سرخ کن فشار,13976650,5404975,13880861,8793843,8658665,6574559,9527106,6145047,11103549,2259182
سرخ کن میگل,14032131,5710882,9051696,8310880,1719126,384900,9048521,1789517,17751721,14416125
سرخ‌کن مباشی ۹۸۳,6296693,9770679,10120858,4475952,16051918,7798882,10110079,754380,638338,97115
سردتده اسپورت,530419,4977877,475845,5568351,11042355,3219595,10148366,3868112,2106573,8107171
سردسته دوچرخه کورسی,143761,10638723,123215,11840273,10434136,2137174,2926894,6591032,2610656,4172151
سردنده اسکلتی برای تیبا,13586694,13579808,11846022,6404633,2973194,10066988,14696,1645296,4452658,1932080
سردنده سامورای,7798882,15055116,8395893,5189,3027828,10466890,10885725,6212262,943846,926580
سردنده لاکچری,3889673,12461983,14721045,8515333,3954961,3390986,11981269,7229796,388107,3551212
سردوش پروانه ای,13828983,17311931,3884717,3880381,5337932,9899588,9246246,706269,13266203,15029694
سردوشی تی آبیاری,12660228,11476645,1029723,7050231,4184949,13167560,12559255,2428808,3288310,5963977
سردچش,8481682,1601878,5717830,3880381,11778310,4801614,5551688,14322897,7644288,14064257
سردکن درمان دیزل,14205631,389247,5612312,2006069,13344920,9628882,48690,5347419,14057588,8714711
سرس فیلیپس hq8,14990284,82697,14457840,14398384,5551688,2653959,8259803,305236,1651116,14759198
سرسلند موتور سیکلت هندا 200,14275920,12297407,6460839,317579,5173333,7152359,3037894,81373,14782819,8612151
سرسوئیچی یونیکورن,7971987,14112182,12233216,12015718,3238403,10769991,14638569,7947395,1571159,901181
سرسیلندر الدورا,13322394,2525798,803587,134840,6720261,5362159,1031583,14553599,3595884,12672505
سرسیلندر پرای,6620414,13255175,13274339,402097,13547574,644103,405946,8236672,15279663,9017025
سرشیر ظرفشویی چها حالته,13716432,10893795,10554606,8943078,5095462,12760907,8128699,17038129,1015441,7518451
سرشیشه اونت 4قطره,12560714,186930,20474,8658665,1492020,2505836,6371134,913351,1048427,1582817
سرفنرلوله باطکن,14783795,933185,3444932,2523184,7278598,13950898,2843881,9565016,3269571,7295598
سرفیس ایر فرشنر اسپری,1518115,7375515,770259,4563908,6796444,11463490,9269104,6905273,11398900,1329243
سرفیس مانتد سیلینگ لایت,13982222,6935286,1724979,8492315,394057,7393072,17479499,1508629,8053291,5796314
سرم اردنری,8133086,3537350,11947253,10610120,15027444,149716,8794815,58060,11997584,8772003
سرم اریکه ویتامین سی,9947773,379015,10612029,10996549,6356790,2995939,3382729,681270,2861067,9257304
سرم تغذیه کننده مو,3062680,8054249,1120456,8823095,6208772,6435265,1017455,12624658,9878083,5703443
سرم تقویت موی هیر فرند,12428435,10656375,3728454,3255186,2268047,4640838,1452948,12773727,1505530,139696
سرم تقویت مژه بیوکوآ,1989272,5895194,2272565,3961887,582429,1161598,4063077,12540137,1768483,9171060
سرم دو فاز نیترو,1945353,1505641,4897005,6547871,2701359,251724,6868419,7061153,7612355,2581733
سرم دور چشم بالنس,2759870,7060930,8255486,13152830,9382384,5785486,12457646,9674839,8073670,852676
سرم صورت لانبیا,5072040,10082054,880639,2023379,259278,10636233,10132814,809776,13142006,15126953
سرم مغزی لاکچری کوین آلین وان,9780426,6427221,7861160,3500901,4119072,5228840,12558572,13706806,795328,3624625
سرم مو ارگان فی جی یو,22978,698981,13281581,596699,6404806,3513813,16026610,16376250,13783263,7393072
سرم موArqonoil,4138822,1139534,3225041,11923642,3289306,17480397,10159708,6787332,460463,37686
سرم هیالورونیک  کپسول,749485,3645126,487357,533697,6266760,6129457,1760908,14348920,12673805,544817
سرم پوست vitalayer مدل هیالورونیک اسید,9276327,1121434,1653093,9333587,829327,3241307,12395584,1056100,108299,5035948
سرم پوستsmart Deep,9693280,549513,11106492,10170656,12452046,9664817,1785325,13849949,10355916,6593274
سرما گرم لب,7367110,3457766,13172847,8481682,7404404,10836611,5298345,13827543,15115718,2610656
سرنج صنعتی,3451396,364527,3644156,1989272,9319210,12826260,13796222,980807,7195939,8713891
سره ی سشوار,8395302,5426868,4986492,9886623,4014257,11548891,14006297,509122,389422,378044
سرهمهی,3593269,9488962,10245642,4684626,12974267,2408736,10034337,8985053,556663,190713
سرهمی نوزادی مدل یاس,5984204,8068518,5110719,27956,10553926,10532492,10493947,3138852,6753256,12532616
سروبس خواب یک نفره,4440247,4181452,1460055,1851303,2212054,5558420,3561465,11199716,11704036,224150
سروم اسباب بازی,12295499,3164744,9951863,9283557,8714711,873126,12543936,13301972,7065338,12744393
سروم صورت طلا,13947570,325520,5419199,7902972,7926499,11505940,4010218,6167628,17470082,2453294
سرویس  اورانوس لیمون,10558674,5064582,11997868,2053912,11115659,15743868,5821167,13229539,1863815,667278
سرویس  ایستاده دستشویی,13322394,4626274,4288693,732825,14093711,12575332,14081992,8122684,4489668,8494071
سرویس 29 چینی زرین,2525798,3821449,9329090,10017523,6946094,4315264,14187695,8951540,3403213,303880
سرویس ادویه اورانوس ۷پارچه,7340343,80708,16112946,7836235,10693211,435088,7012721,2278496,5604877,7759822
سرویس بهداش,11226032,2783887,11362304,4696564,5205826,3796868,8710128,11194782,37686,10767789
سرویس بولورواستکان,173542,245396,13547574,6851912,5199389,499827,109835,410036,7624529,307095
سرویس بیست پارچه متین مس,14476967,14078112,3471063,2839161,97756,368458,5407471,14360609,10972745,5895194
سرویس تابه پارچه مدل روحی,8723324,5385477,406291,5283135,6976717,12218381,1477021,7956757,5027027,8029592
سرویس جا آبلیمویی,1859403,6148379,1797827,4622688,13581904,7980019,4486220,13924135,1151448,2776377
سرویس خواب تخت یکنفره پسرانه,4419202,3115148,8468225,14410946,14295074,6371134,8068518,2069596,1901333,11769387
سرویس رو تخت تک نفره,143601,2987852,6460201,10063253,6456374,9531592,9745335,9108448,3805248,7060930
سرویس روتختی یک نفره کرم زرشکی,14309629,17664542,915865,2604096,222871,7816428,11358108,12554237,6129574,1575818
سرویس سفال مشکی,9546468,8317281,8648462,6905273,3605044,23859,272857,12258829,4017472,14010607
سرویس طرح گل,2610238,7691,6869543,8789224,3950345,5707069,12419954,3297315,7441638,3689525
سرویس طلای زنانه,721672,2261333,3383776,9861439,10554732,136984,266499,6663320,143580,8041694
سرویس ظرف بوگاتی,7417615,5705932,6712244,2666116,10164226,11348511,7093658,312953,2186330,2485521
سرویس غذا خوری چینی 12,13430967,3624625,10061052,9770679,637232,8497576,977524,5197288,13778709,8912688
سرویس قابلمه 7 پارچه,3426902,40971,9621656,14181093,527018,2821694,12693022,3804921,10090799,2768571
سرویس قابلمه چدن تفال,7279314,13726497,6453152,217153,8523888,4241462,9106893,8549674,10062088,12189253
سرویس قاشق چنگال ۴۸,13204440,7908031,4362824,7338066,5417052,5130999,320285,4956897,14096721,9010850
سرویس مس و نقره,4801149,15949927,6823327,7859766,152692,647792,9013302,5025436,10245642,3454479
سرویس ملحفه ادنو دونفره ۱۴۰,3410956,11532754,4141072,7167500,9221710,13359318,12540137,3051315,5253454,1520528
سرویس ملحفه دوتکه یک نفره,10229655,8452901,13150307,5170003,6772657,5879916,10784475,847112,1592745,6002837
سرویس ملحفه دونفره  نساجی بروجرد,4149665,7359701,6929586,8000168,5750628,17637807,205739,3815621,6761083,2413323
سرویس ملحفه نازخواب,12638151,6072525,5618276,2663954,11626600,4957468,2744686,6003185,15094280,8723324
سرویس پخت و پز 20 پارچه ام جی اس,326492,10304716,9147653,9740033,393078,1004171,3495091,12044854,11494321,770774
سرویس پخت و پز beat,8928495,14852587,7930359,10661290,545029,1414797,14360660,1548670,5778111,2854554
سرویس پذیرایی لیزا پلاتین دیجی کالا,5371740,6913718,6936264,7970320,11082522,3071170,4289403,13514411,7657613,4883625
سرویس چای خوری پاشاباغچه مدل,14468998,9086146,6533827,13647786,10553926,8984756,6792674,2568772,409618,6427985
سرویس چینی غذاخوری ترک,49349,3368623,4216970,4177353,7022529,7798283,8174589,3333664,10146144,9555021
سرویس کارتیر,9568957,108540,13350621,3890665,1554506,8315267,7515632,9089232,8619571,8714816
سرویس کافی شاپ,3250980,9435157,10404044,9463740,1923667,4010218,5703443,429720,9269465,153508
سرویس ۱۲۶ پارچه اوپال,3332088,4473720,14337860,3055781,1461793,6870884,816444,11042962,3037894,8351078
سرویس ۱۷  پارچه مقصود مدل دانمارکی روشنا,8891280,9833806,11891409,9396692,2109104,16537781,8481670,3824225,6139064,8856459
سرویس ۲۶ تکه گلد اوپال,8828520,4197917,5466323,9370,1903582,2137875,10947891,10329529,8616817,7546584
سرپ سریتا,9336161,12170248,526298,5930508,9716931,8497576,11207726,4060266,7121107,309830
سرپلوس معمولی پژو,1885602,8754662,7192914,9846424,1641465,2230780,12311903,154011,1053271,9326693
سرپوش ن.زاد,4396103,7222721,7956277,7338944,852676,6712337,3564259,6187952,2365230,10061052
سرپیچ سقفی سه شعله,6805009,8677650,643764,11160874,11210768,2602908,6276346,11900976,12695788,7406081
سرپیک,5076264,3550505,910280,6650714,2055943,486417,1626562,5639174,9542906,2102520
سرچهارسوی دریل,7221868,10262137,8860964,2242479,284046,4251149,8955395,7340419,14319333,4424783
سرکن,4925525,1968037,11676603,12817985,6240057,860740,7033494,4315264,3536593,10521208
سرکیس قابلمه کاسیو,2898190,5716984,6735701,7847346,5102330,15511163,12020076,1804262,5469265,11866878
سری آبپاش سما تولز,7195939,1064939,9422675,5064040,186930,15806224,7835167,58060,1426823,8149411
سری ایفون فست,4677719,14583873,219969,8353565,12217516,1471612,10100862,4950327,14116165,8017337
سری بکس 11بلند,12541409,6496163,12722869,1768509,152422,1003999,2420241,3875573,8463027,14333262
سری تفنگیباد,7828202,8133604,14964963,181330,3225586,14219149,11194782,12110173,551022,10279663
سری دریل دستی,1932392,3245302,981922,10873922,8365337,12680721,2315399,7050231,10638509,12299112
سری سشوار دیسپاینر,2171811,6586909,14574143,11178970,2725449,14494381,13514411,2176301,3904229,3117918
سری پبچ گوشتی یه سر آهنربا,8244011,7691,12905727,10183508,4099036,4446783,15806224,8275133,14192208,1120095
سری پیچ گوشتی دوسو مدل,787425,4097330,12934720,5068713,5744373,12295499,7142116,3471245,13402001,82169
سری یدک سشوار چرخشی رمینگتون,5111291,2856810,3437431,12090699,3181933,6595121,9445099,2609936,37948,4963821
سری یدک فرمژه,13939723,11511469,552570,5189014,7359701,13204440,4616527,2568772,3872759,636662
سریتا رول ابرو,8197472,9398706,5568351,315578,11185198,7371634,8891000,12854812,859111,2109104
سریس  لیمون,5903516,8681180,6941354,14385221,1407137,7920651,5205987,880521,9435157,1763712
سس  سید داوود,8986359,837412,4337355,11705624,1024260,635310,4593072,5679099,6562476,5604877
سس سر قلم نازک,706778,880521,192276,1452948,482396,4241121,1860173,4097330,10944728,13282374
سس فلفل کره‌ ایی,7506143,138837,4495195,556663,11108015,566235,3889673,5423191,9700707,8910724
سسشوار صنعتی,3797495,11281765,957800,1897704,645879,8182052,6958247,9302065,14382816,12198705
سشوار bs-2005,1006905,12172280,8012146,11944672,6805009,8577856,838154,13699053,7640136,8834256
سشوار جفرئسی,451449,527018,1140969,3710387,4985247,1710162,2240142,2939544,3531299,2746264
سشوار روناسی مسافرتی,639574,154011,3101194,9037666,10546457,13431400,9052410,8481749,16858588,2394240
سشوار وی جی آر مدل۴۱۳,5666089,151725,2469861,578192,910553,8237708,2085571,8764944,263299,946926
سطل اشغال بزرگ,8873626,10130577,597957,2686164,14541067,6593146,9607570,3164744,9360474,10389840
سطل اشغال پدالی بزرگ,5855224,214257,16455986,5347861,1514008,6566208,11261279,8445425,561419,2267012
سطل باب اسفنجی,876931,8489068,11202573,9627102,1914498,8950594,835777,2627010,8054249,2293574
سطل دکوری فلزی,13954676,70474,8938311,4991935,8656536,5337409,202703,3919520,14512098,10418959
سطل زباله 150 لیتری,3206052,1577264,1808578,379343,7106135,10170656,3614592,1628644,502687,1942334
سطل زباله مدل s3,8955395,7048378,11064523,14387651,1407137,1529575,3499111,4660654,2869152,6850079
سطل زباله مدل اداری,657657,9782160,9253428,1099886,2393637,16709388,13274672,15325190,13145967,3943782
سطل زباله و جا دستمال و ای بگ,552599,7498101,1489847,11393731,17353965,5807161,1874145,8933199,5996903,10609076
سطل زباله پدالی ۵۰,84463,7246492,428979,6107282,9720229,5652871,7161954,11157453,3387748,3255182
سطل کابینت اسمارت,886651,12350031,189571,10970047,7797971,8112340,3182932,115001,5664252,167410
سفال بمان,8681180,13431400,4705655,13251588,9329759,438351,1534778,5592965,3410956,11070523
سفال خام,5442074,11340226,7278624,16858178,9747702,8683837,9527106,11893422,99127,4492680
سفالی,7691559,451963,31688,14453371,556119,4607814,649522,8283197,4842105,14132342
سفت کننده الت تناسلی,12243728,8271644,2917060,6460201,1533016,9565016,14606650,11217197,2992,7132885
سفتکن تسمه تایم پراید,8429124,791053,7697738,1475568,10454509,869662,5093286,2771659,5654096,5274879
سفره هفت سین کریستالی,3987504,7698593,7213087,9529336,162509,2767191,180937,9222733,12886918,10776118
سفره یکبار مصرف کریستال,1526337,12523693,1454764,6830905,681270,2061569,7232637,6558638,9781333,12453877
سفرهای مجلسی یکبار مصرف,13951460,581101,6196537,749476,9909994,12233936,2560236,14348441,2259182,3871768
سفید کننده کلوس آپ,5656137,3046475,11255602,2586938,2333861,15952446,17436439,5132167,4792905,1907918
سلاد خردکن,739779,8673314,2873857,3027828,7278598,5330152,8283197,11473694,2381178,882871
سلای طلا,1534778,14644123,1886413,4322738,4322738,13875404,389052,1720958,5209137,1054461
سلعت عقربه ای الگانس سه موتر,3657318,9044427,9611795,11194782,5592965,3998803,7224236,534631,2817052,9745335
سلعت های بچه گانه,14049507,15147803,15306465,2351153,5892737,721987,4184949,4852451,7190400,9478609
سلفون آلمنیومی,1612670,4260936,4230579,13530628,37948,7975822,16023674,1585425,9938759,7631405
سلفون بسته بندی مدل استرچ صنعتی عرض 10 سانتی متر طول 1000 متر,528137,2326749,725032,11627926,3888213,7676113,619874,5413236,3195329,9086146
سم پاشی حشره ساس,7990655,11856664,5659020,7593002,15743868,10368861,16537303,14245999,10336591,12987634
سماور شیش لیتری تبریز,961300,8259803,4372912,7963042,7096623,11171072,3540612,7278598,5419199,1645222
سمباد گرد,10708778,471143,5102788,5432465,3322371,143761,7345465,164619,12084333,6585774
سمپاس شارژی ۲۰ لیتری,11340226,1623114,5266126,546625,401,13098387,272857,11609497,9882049,1601878
سمی‌اینداستریال الکتریک آوِن,6760868,11572853,11481780,2858093,9662086,9665402,9503596,12779149,5005709,11224344
سن قران,8257025,6090993,222871,2425682,6999050,5168003,3821449,904082,532225,1139534
سنباده پشت کرکی مدل بسته,5264549,6243257,942712,1645222,10996549,6427985,2258563,1621630,4492680,10620011
سنجاق سینه جنین,8180402,2063886,12665229,6761083,9189888,9886572,25948,13399395,2333861,9032772
سندروم‌دختر,10677636,1130441,11721766,409199,11313296,6712337,4207992,8293249,11427562,5884397
سندل بند دار,2969986,9455757,6781339,6507549,5063472,4640717,328565,2779773,532225,11011909
سنسور آب پکیج حرارتی,7427113,183989,13929076,82111,12618675,8673314,4419347,437766,15511163,2153646
سنسور اس هاشتی 20,10472652,17351803,4305079,8891000,5630888,4397081,10117064,12652333,15912361,10448004
سنسور اکسیژن  ساینا,13844762,11178970,1496655,8397402,3496519,6994897,6012268,9364733,11589339,5409641
سنسور باد لاستک,9931729,3618324,15118188,7129303,7221868,9045018,13634929,832740,1619296,4675504
سنسور تنظیم دمای کولروبخاری پژو,2936817,8206881,12886626,14799817,9063247,7797971,7687466,14299009,1136176,1638404
سنگ بر boss,11552790,6433138,4631112,9673893,7824158,1333664,577147,11796792,5205826,631598
سنگ جادو گردنبند,7115304,2986975,15585289,11089468,9229172,7533365,6863297,9283557,7181587,554983
سنگ درنگی,10312343,5428339,8737931,9139656,5233434,4307586,12086278,3017645,3772284,6567845
سنگ رومیزی توسان,12362441,12595243,7435487,6941354,8367987,9611258,9401053,1798672,4707890,14214794
سنگ فرز مارک Arva,17185127,2686164,9937885,11795976,4355056,6460591,877192,741348,10685206,5831949
سنگ فرزجاب,3372647,1763712,6744212,9385874,9882049,15806224,407841,8925030,10823817,1621304
سنگ یا علی,11246431,7307739,2998855,2388994,2238243,8792479,12282998,9436586,5373611,3825594
سه تار فانتزی,17278326,12670804,12419954,9357873,860740,9850282,11593139,14900308,3778601,1555394
سه سطحی پایه  زیست,14214794,14457840,3218826,645879,12549397,5427924,224150,882871,6225235,816022
سه شاخه اگزوز,11424616,6195938,11241363,6427337,6526822,7975822,3728454,4878993,4362824,1803281
سه نظام فلزی,10783503,1587710,7975822,3730774,37686,1638404,7162291,8827722,3050985,2144967
سه پایه  رینگ,13219202,495439,4369668,12247139,2895142,4212044,3716034,9063247,8682841,9423172
سه پایه نگهدارنده میکروفون وگوشی,51924,2675717,6932366,13452326,4496519,3849615,7929065,804925,4323264,9072561
سه چرخ مدل هارلی,714324,11856664,3528392,1476154,10890604,7540371,691459,11640402,7874377,13576150
سه.تار,11075609,8423792,14055948,3120224,3553600,557201,9713027,5321832,3195329,15534948
سوئیچ شبکه دلینک ۱۶ پورت,7546522,5855224,2725162,7393227,2577240,14425829,196762,6004716,9119757,3961887
سوار انگشتر,6962428,13676387,5344498,10355916,728026,9106893,59132,1677625,2901148,3500158
سوارسکی,162509,4341832,543,5843481,11928674,3378428,9342140,5542160,9033409,9250533
سوتین توری سبز,8469468,4172151,7455828,5569495,9385254,8422631,2385260,1492020,942712,2041100
سوتین جک دار,263299,13325975,7932823,9083865,7828165,1115423,8359706,8852035,1626901,440818
سوتین زنانه مشکی سایز 70,4985247,4707890,1707673,5987137,3228627,8028665,10758233,2559335,944925,14337860
سوتین سفید سایز ۷۰,3644217,13033468,12826260,11704036,2444236,6239105,10222322,3750835,586696,2949988
سورفیس ۶۴,9706126,3320722,6175504,82937,4929072,104631,9861910,5228491,13538016,6787332
سوزن ریون دوز,8955395,11589339,1512525,183989,7093658,7969300,1629443,3875383,11026740,1085299
سوزن قلم اوان,9342140,9645982,9900864,13842343,9419737,1633485,630393,3028345,3666815,8806208
سوزن محلی,973138,960381,6556730,5067566,71623,13804646,107982,8068949,2749547,2161876
سوزنی,9196930,1454764,9180751,13852850,10253259,9265137,5845932,9377384,8764944,15114946
سوزوکی ویتارا تسمه,2978266,11705509,3382080,14024753,1154968,7891241,962411,5592965,14696,3318548
سوسک بازی فکری,13514411,7729570,937532,2586263,190713,12233629,515038,2846889,8453861,7279314
سوفله سالاد خوری,8677650,10835201,8515333,2981561,741130,6433028,9987921,9260208,17113088,9457871
سولدر وایر تو,1091098,7602522,408153,660941,42785,393078,12054697,2289856,8884275,699252
سونتی فایو اینچ,6339428,82169,3539005,8004738,14299009,2414238,6374300,11070523,10466890,2817194
سونی xv500,9826552,3551212,7096623,3434836,4416503,7770517,4296039,2770901,1121434,8366074
سوهان سبک ناخن,13844762,323611,474279,3177340,10546457,5668263,7956757,4792739,3593269,433357
سوهان ناخن خانگی,14398280,955878,3536605,17223962,12910731,549702,7926817,13634628,7546584,7220792
سوپ خوری پیرکس,13977264,1921996,364889,6836434,5109437,8166873,8430508,3204480,5343249,10190962
سوپر تیوتر av,7828202,8806208,8667588,13147836,717913,5618276,807859,604326,14608010,943502
سوپر شبانه روزی,52457,12401564,13655115,1093661,7365384,3658747,3277497,17304884,15126953,5070528
سوپر محافظ,10811977,8949246,5235259,3756468,4258720,6838467,2773505,3926163,1619296,6248479
سوپری آشپز خانه,989332,6064579,12124805,9915584,13140719,6105808,13924135,16721016,23859,3636273
سوکت تبدیل تایپ سی به یو اس بی,429105,680665,477164,1119662,14014431,4952671,7943088,9872277,3980308,10081971
سوکت تلفن  دد کاده,3327411,4681587,396213,2906550,1079576,13580657,591097,3379229,3454479,7826220
سوکت درایور,12549397,7614409,3537831,5519452,6266760,8267157,9752721,1828722,4270768,2364525
سوکت شارژ ایفون 8,7301613,13951460,8824958,9868369,5261987,2212054,9555021,199623,15118188,10500732
سوکت ظبط.,7611671,13964709,618869,14793930,12693022,2841775,12387366,13530628,3022844,3329347
سوکت هنس فری,10836360,12350031,14346588,11079523,6560493,1811853,4631112,2714257,12884600,9217198
سوکت پمپ‌ بنزین سمند,2585084,8491338,1848840,14077482,709463,7166735,7697832,12784245,3549810,16858588
سویچ استارت ال نود,9668361,10538809,80708,3266048,5281087,13389605,2939544,1020800,5522277,5823722
سوییت شرت مردانه,228268,16755280,6256896,8054249,9217198,14333673,183989,8656536,11116973,10006431
سوییت کریم,12878488,3506503,12077629,7544531,13644886,6105280,5992012,4869901,3429963,50675
سوییشرت  بسبالی,448489,4830134,7602522,5586007,6327528,959015,11676603,15963251,11283001,3181933
سوییچ ماشین هوشمند,307095,9260890,7728675,5618757,16234113,1067669,8198325,1582864,285259,11853882
سَمَند ریدیو کِیبِل,12640343,754380,2365505,12949181,14891147,2888891,3447048,11723131,5866703,10884328
سَمَند سورن ترن سیگنال لایت ساکِت,4644853,569376,1002768,8648462,14382816,7147625,1804837,695191,2008043,13117448
سِتونا ژِل,2074248,12914437,15197364,2025154,13147836,1126099,2850289,5545158,12458926,14192208
سِوِن دراوِر,3976530,6062855,5700270,9807887,11479607,1104038,2945800,7357985,10654402,14165122
سِوِنتی وات لَمپ,7129303,230423,2097924,1085299,10677636,56200,6206772,5548244,276319,13710651
سپاسلایم,8395893,6446757,9878812,5025977,10688144,267237,177628,8387744,12090699,683854
سپر تویوتا هایلوکس,5205987,4415511,13951102,8150060,9361278,6535357,155209,11481780,13005200,4428121
سپر عقب و جلو تیبا2,1121434,1575818,1760680,4919301,16006742,12949181,8535502,10930347,7293937,12590872
سپر لکسوز 405,2061569,17449743,3451396,14193478,14214794,603611,6060757,9377384,14579086,10587391
سپر پژو ۴۰۵ خام,877668,12181285,8452901,6854659,1768509,8552999,6265476,797508,13081627,14182497
سپر کاپرا۲,10674345,14568223,11840273,1426823,12258538,4087377,14157096,9569556,499827,69845
سپسکر ldnio,602359,9714651,7505617,12553487,13073651,10030958,7963042,9941383,909949,4249798
سکه دما سنج و مرطوب سنج,11372593,5710882,14348920,5193462,197421,909042,13622794,10677636,866046,11510814
سکه طلا چند میلونی,13514411,10172799,12789773,556663,2127951,2504677,9962261,4268583,7859766,7828165
سکوی قهرمانی  کادت کمدی,8057538,13580657,1843483,7882390,10133351,75270,1785325,4863898,12305674,12290041
سگ کاغذ قیچی,2783887,364752,10426374,2882990,15231794,7091950,9586268,10707054,10661290,12775091
سگ یخچالی,10062088,9567166,7062154,5612312,7200364,3627522,889648,9377230,2595835,4826653
سگ‌ها نگهبان ‌,5679099,4882532,215632,14024452,2171400,7987018,4906095,2856810,2911194,15707925
سی ایکس ۱۰۰,8422052,17038129,4210424,10544388,14006084,10701828,284267,384314,10554606,3889673
سی پی یو  جی ام سی,13113689,14788207,1974618,6712337,2675756,10034337,14351770,3179083,13796222,4626056
سیب زمینی رشته کن,13080560,14299332,2161876,3237727,11217296,11107134,2849057,1489847,4536071,11274003
سیبزمینی,7855730,10805661,6580689,10262137,14398384,4197849,10679178,9269104,11893422,3786538
سیتی کباب طبقات,4498563,9208271,4481700,5739874,5378489,5062268,10610361,8817686,696912,13613146
سیخ  کباب,3607248,855992,10857130,90520,142327,9201855,6406905,8752810,10610185,4409667
سیخ مو رزینی,8816886,4738694,4305079,5056646,11475040,14958165,9419737,451154,411103,7795622
سیخ کباب کوچولو,13237105,10418959,830064,717455,2986271,2103355,8489068,4165937,3830917,8083708
سیخ گردان,3036946,13951460,187723,10528127,7374449,10260791,10288193,7053063,7553898,5188656
سیدلس دیتز,11362304,3415050,12219863,13363407,14821528,3721024,1054461,13656897,12309780,9909994
سیدی بازی رزیدنت ایول,6372064,763107,82127,12356824,13282374,9937001,12830142,2268047,4321877,7556398
سیروپ کارامل,7106135,2203392,152692,1439867,14257875,11108015,7016098,3379854,5301082,1003488
سیسیتم کامپیوتر,1661937,13102138,4678062,639574,7432686,4933374,13964709,472306,3390986,14068241
سیف آب,831772,5165276,4385504,584794,15290047,8917094,11492437,6962428,961300,12618675
سیلندرترمز چرخ جلوی ای اف سون,14105350,7901711,7166735,1868597,5549870,8732036,9513945,2710686,724480,10844318
سیلور کرست sl 2024,551022,1024260,11578992,2006069,7172933,12224131,4792905,13412906,17536916,670162
سیلکر مویسچرایزینگ ژل,12667651,6417834,414587,1438846,7285915,8891000,101056,794980,7924512,8950594
سیلکونب,9215556,13148210,13727015,7680985,9080322,1487349,8444265,5119153,35021,584794
سیلیکون آنالوگ ریست‌واچ,6080148,3299334,1613260,1440386,5131123,6801649,249941,156181,4819160,8884664
سیلیکون تَمپون,12427672,2854554,12965773,2763820,7290673,9133186,10091060,7956277,1154968,687603
سیم A11,6809572,606344,6610727,7920573,17304884,12826151,9826552,5027766,12974267,4885697
سیم hami,1826170,15247016,7593002,2689056,9257304,6061721,4887454,6755271,9463740,12349056
سیم با تزی به باتری ماشین,379621,14105831,7949157,409154,936338,12595243,1619296,1504171,3587147,725292
سیم برای دندون,11283001,9503596,17607188,9641524,11591216,10458925,4959376,604326,799177,2421535
سیم تلفتن,14769556,213731,4319256,14891626,930487,704994,598780,6238884,5561794,1460055
سیم جرم‌گیر کتری,9474398,10610185,964286,5696222,10017523,3786538,9961030,12618675,4519838,4423608
سیم جوش 3میکا,9419737,7602918,1125171,1037470,3393158,602199,6032410,14187695,4956004,12965291
سیم شارژ,2126582,12547362,2926894,3087141,11247860,8955395,810426,1130511,14151937,284046
سیم شارژ یسیدو,108573,168079,9525590,5274879,5592965,14219149,13320636,10451858,14655793,4251149
سیم شارژر تبلت  سامسونگ گلکسی تب 10.1,9010850,11640402,4999495,9570970,7144875,1151425,7357985,12775038,464080,13644886
سیم لحیم الکترونیکی,6884317,12775243,982993,9020294,1552131,9623006,11473694,138837,1104038,11156752
سیم لحیم کد۵۰,869964,3306409,9527609,7224236,3876416,7356395,1868597,2360509,3305777,9715584
سیم موتور شیشه بالابر پراید,2429494,6436457,8516352,179951,820870,12499229,6278780,5062205,10653856,817054
سیم نقره,1591871,3786675,12020425,161506,12095477,930046,11346346,9937885,8494072,14312296
سیم وره,11058313,13875577,7260100,2388884,11202573,6561991,8949246,5026076,1753907,4622727
سیم چین دینگشی مدل 22206,814435,9798133,146494,4305079,4728336,9520539,812887,11723341,608188,8891000
سیم کابل اینترنت مسی,7834490,11777691,13430705,624926,6827885,13943953,56912,7404404,7836235,5139942
سیم کارد دانگل,13118786,13726497,4345700,10055139,13160534,876931,3587147,7301351,7393227,15966458
سیم کشی موتور طرح استارتی,317619,7523186,3884717,7861160,159657,12164132,4466558,99328,9180929,14346588
سیم کلر گازی,551270,8835397,6836434,8425139,10566160,942712,286137,11332174,3749050,50718
سیم کنف,14360660,10957908,9530686,3536523,15959093,640156,14759505,6448047,10689673,5726740
سیم ۰.۶,2316014,14156185,8276973,8041694,6323457,10146144,6578308,77165,15197364,5656137
"سیم,شارژر رنگی موبایل A54",13632307,165896,9563117,996546,13413731,11696856,10076719,12349726,12560714,7877545
سین,11103764,7422785,1487225,2315554,8725423,3621667,17351803,2561992,4105740,4323821
سینوحع,2008043,12795710,12583851,13662403,5811498,14964963,9339202,4096476,109633,11697889
سینک روکار سایز ۹۰,8066024,12911007,449113,15094280,12054697,8061397,6435133,5608353,9886572,11246905
سینک ظرفشویی,1958658,12294078,3505056,5700311,649515,7761127,14453371,10066988,11557366,2032185
سینگ ۱۰۰,12078880,3481212,3048569,7944449,11103764,5004118,4744930,6731038,12721879,7487162
سینگل ورس کنوس پرینت,5266126,13897697,8326812,11173228,7797377,7337056,14739156,253294,8283341,4954108
سینی  نگار مدل رز,12104111,7436272,14214794,162509,2734184,6274414,3198163,3536593,13258196,12453934
سینی un,5064040,169240,12101460,11400727,13626990,7990598,10812826,1775829,4931849,11997584
سینی به گز,11699162,312953,267438,11111095,12868672,9733549,742799,10362197,10691915,23859
سینی رط,12795710,717455,109633,6943665,12506267,2767668,7066450,430494,5932038,11236294
سینی روحی کنگره دار,4061084,3896057,9072561,7086864,7033494,12215001,12375903,11940994,8215382,15627975
سینی زیر سماوری طلایی,1738079,31848,6195938,11609497,692320,6770839,12949181,6394152,8206556,5123200
سینی زیر موتور ۱۳۲,160392,99696,7776983,14029625,12946769,13266203,7544531,12164030,6349054,9520539
سینی فر استیل توستر,3471245,7127833,7201615,15347992,1905130,9680078,4417039,11171746,5441418,490390
سینی فن ایساکو,1004021,7306054,10480997,4322738,7173763,6154135,5068713,6231066,11409541,760425
سینی پشت سینک,5245403,9539928,9052476,7237459,1484777,8983236,1953011,13507309,939238,14214794
سینی پلاستیکی توری آبکش,514988,6779488,869964,2047207,1675658,1884917,7533365,13551569,7828165,14192208
سینی پلاستیکی فلافل,81323,8808913,12373966,852676,3213581,704994,170017,7118751,12487138,6884317
سینی چوبی دایره ایی,5841076,10536713,536476,2585994,14336077,4566029,5976140,9513010,7591088,924553
سیوشرت توسی,182309,2579717,695191,8891000,10776118,3033133,996559,242880,9726998,6761083
سیپیو ‌کامپیوتر,130176,10351455,3810323,12310300,8586965,13282306,7907453,5700424,12078880,8765520
سیکس ولت فایو امپ بتری,1422486,536476,6438146,7179227,5426868,320657,7478847,13593631,5727653,1677625
سیکستی پیس داینینگ سِت,7340343,42785,943502,11590250,152110,974348,7140776,3643724,2102520,10661237
سیکو مردانه,14089147,4577534,77165,676111,6004161,12754374,7237459,117568,1555394,2279846
شابلن سلیکونی خط چشم,14115658,759520,3689934,6181661,8834048,8808913,4351903,5236984,10148280,56912
شابلن چلیپا,13942382,9723331,12431846,2101667,16858588,219969,7487162,7535192,7626899,123428
شابلون هویه,3385777,14094091,4241462,14346184,6996746,3140001,7018165,10479698,14034612,3245302
شارژ دسته xbox s,14466033,104631,9833806,14250473,6965505,147516,6805009,14577010,10519102,549702
شارژ دسته xbox360,361048,13615782,6823208,5746546,8587723,839031,8111206,8143640,8949562,3320722
شارژ دسته ایکس باکس وان,7360152,11648662,5396467,253393,5790627,12050377,388107,5630888,14500350,2927696
شارژ دیواری a34,11035508,6533827,2689056,14514895,5750777,13300445,11226032,2901148,9573460,12085726
شارژ قلم قرانی,312368,10563755,10587154,11324355,12688760,586696,513103,9086639,4304895,1138667
شارژ کن باتری متور سیکلت,10596165,533354,12861561,2898843,6417834,13796222,17981346,10656375,7990598,6260612
شارژؤ 20 وات,8472321,6299689,10112729,7495372,17294257,8521561,4433459,8476023,9619427,11368177
شارژر 180وات  لپتاپ,10697178,513849,11852527,6801165,7855730,7197935,1573576,5109551,9584036,6226528
شارژر 8 وات,6631202,6940473,9478647,1797827,1482145,961300,9380054,3540635,3083455,713893
شارژر mp3 player,4013155,139696,9628882,14245999,6498494,909730,5233434,2718808,401105,624926
شارژر ایفون ۱۱,3598086,11023896,6680257,9677180,12086278,3919520,3115148,4366604,1753907,5956223
شارژر باتری شیائومی Xiaomi,10689760,7584679,1538119,71623,9986629,3734565,10035800,6460419,769897,4631698
شارژر بدون بیسیم,336184,5409641,9436496,4528161,14346588,9360788,15321687,12534060,11872564,7835167
شارژر برای گوشی A05s,6614627,11872294,807859,9999118,6575740,10190962,12957372,7151427,996546,770896
شارژر بی سیم مک دودو,8223587,1257,1944269,14105831,6774949,1117102,1910538,13852850,10763058,9898703
شارژر تبلت سامسونگ t295,1492020,718577,4396103,12220101,4885697,4964326,9380220,13196606,14299009,13204440
شارژر دریل شارژی مدل 18,15114356,214841,1624566,795328,961925,9833806,5803476,764033,3038837,539062
شارژر سامسونگ واچ6,785023,6419280,544744,4256612,3713495,4593072,865529,3497052,7027586,482396
شارژر سه کاره,4486514,4596784,74921,9411876,5255608,9743231,5157397,3549810,1450945,9502262
شارژر سوزنی ریز,5469265,12123252,8950594,2654791,1426823,2701457,8444265,3896892,13816037,10061052
شارژر فندکی raw power,16720639,1575818,11097126,6869543,5004118,14204895,10471900,7168123,6779488,10999616
شارژر لب تاب ایسوز,6305458,8669046,12708949,4105740,13012373,10261729,3721024,12849731,6818217,968220
شارژر لیتو,5110719,231773,4968240,8793354,5241933,7422785,7505548,9983214,973138,11953252
شارژر ناتینگف فوت,751919,12349662,5004118,542546,1848840,2883420,5762765,9870251,212881,11473694
شارژر ۱۲0,10368784,13033468,6868419,10885725,8895848,2007405,7240398,7719498,6882054,3294846
شاستی تقیر اپل xr,6209833,3016694,9484090,1130185,12644844,12198705,12582151,349671,3500477,2431669
شاسی sopranos,7300449,10015130,12308731,1470935,14196425,10472652,4417091,7866153,12446652,2100510
شاسی ایفون سون پلاس,4256269,4181452,49762,14498545,880639,142327,14156185,877357,13692930,10164226
شاسی موتور سیک,4256612,8884238,387077,7862940,14065530,330843,17512480,612594,309830,5707099
شال  بابونه توری,5439069,452359,11152854,761749,4607814,12565176,5901390,806023,11781177,1114234
شال  حریر کربنی,6735488,608188,9615176,2294408,11246431,3871768,10835201,11071862,3564259,13733790
شال افغانی,11758156,13281581,10061052,14721045,183120,8792479,127102,14271321,13389998,14515067
شال بافتنى دخترانه,10040064,4852451,82937,865529,8162593,15087762,13431892,10358668,17479499,368458
شال زنانه گل گلی ریز,13832741,13644886,13167520,6533827,1745551,5782821,8239214,9573460,14456404,217153
شال مخمل گکچی,1874470,3791190,514988,12375903,210803,5762016,2980913,3598654,8136665,9036871
شال نخی قرمز مریمی,5879916,9427392,1683564,940240,10425290,3884717,22978,2221277,734233,8004738
شال پرده طلایی,3956184,14090709,457298,9239506,13547574,9398706,5696222,1064939,1122015,13254387
شال پریسه گل دار چند,3871488,3068985,8544546,3047128,1718585,971829,8312082,623637,440818,14346184
شال کونگ فو,1156848,10538809,11097713,782048,9306396,9850282,12402803,490390,5181784,8669736
شام پو سگ,13126767,6190722,961925,4291477,8084947,7844091,9542906,126688,3222791,816135
شامو الوینا,4288435,4234289,8141019,3818328,13185064,5984204,475845,4139554,8071665,11637871
شامپو  بازاریاب  مدل  موهای  فر شده,7631405,2313806,11145215,9351509,9699777,15030538,9623338,13827543,8934618,8112567
شامپو  برای موهای رنگ شده,12587156,2767668,14891626,955878,9039614,4355056,10251101,181330,1871957,14973035
شامپو hand sholder,839813,2191995,4226290,1134379,8766222,267438,12433865,10740002,15087762,4415511
شامپو آرگان میداس,4953306,13619045,3779119,6459788,14199778,10885725,74899,2441830,10934228,9388540
شامپو ارفین فارما,7985095,467306,3181280,2074248,4644665,13343888,1139189,184274,221090,761004
شامپو اوادرم,7278098,358809,12956290,5799080,708556,14344908,14219149,4842567,1078142,14453589
شامپو اوه ضد ریزش,10220255,2845294,7922395,951506,565132,11171072,12806230,495439,11563408,4302571
شامپو بدن شیر توت قرنگی,11188019,197421,14267990,4415866,5193119,55691,1998383,6936264,724480,11217197
شامپو بدن پوست چرب و جوش دار,7971987,52753,8827833,5936108,13369143,12535621,285041,12926669,8365210,10048426
شامپو بدن گلرنگ ابی,10438847,10217020,6821038,1734063,4914193,5421011,4670204,6129574,9445143,349378
شامپو بدون ط,2025154,13576150,416155,4517402,3432901,467065,8312675,8387799,14340995,49349
شامپو برای موی اسیب دیده,13602764,11968382,332914,3022844,359882,3516999,12294463,1115423,9748258,2958150
شامپو بی اند,9674839,432372,3517431,3575224,56743,5425836,6926013,2898190,9349513,1628655
شامپو تقویت مو زینک,7999221,12350031,959932,2586938,8884664,416524,14882746,7289974,4893128,31852
شامپو تقویت کننده دلانو,5433612,133187,8365940,5463310,4304895,14793780,916313,4754715,363346,3272499
شامپو تقویت کننده وچه مناسب موی چرب,10472652,10133351,8675008,4833378,16336108,4935468,1457546,4264439,7166735,230499
شامپو حجم دهنده اویدرم,402097,436821,806023,13977357,2583919,1949513,5522277,407488,6443194,4366176
شامپو درخشان کننده مو بچه گانه,12662591,2597212,3559877,880639,14287592,5663144,13568527,1719126,1140070,356804
شامپو رویش,2926894,498576,216900,394057,2949117,6003185,9004108,6595635,33857,725032
شامپو زنگ ساژ نقره ای,2476616,3718358,437766,4322738,475845,330843,134840,9704028,1740320,2487012
شامپو سر رزماری پنتن,13676387,7728675,460463,8671400,6256896,5497765,8182052,9668361,14759505,4645582
شامپو سریتا کاف,9623338,13628250,9735156,12004169,5148230,5460742,1154968,14109840,11077209,9183864
شامپو سیب نیوتیس,1653131,147439,2710686,1135071,1519836,6195938,946926,7032222,7797203,10498856
شامپو صد ریزس,9289318,5612312,5699051,10148366,11153458,4104507,7307739,11419550,6323922,9291384
شامپو ضد تعریق,284267,10881540,73006,4829705,3904662,8515333,5323286,3792052,2993408,14162875
شامپو ضد شوره daiyli,155877,2767413,3328828,17038129,284254,13917758,806089,13514411,7561144,12518888
شامپو ضد شوره مو اسکالیپا,16835001,4957468,6800616,6896633,11153458,12202419,13581904,13065873,3038837,99116
شامپو ضد شوره موهای حساس فولیکا,7166735,13611567,8941911,2571099,8729182,4852681,704994,564551,5385015,2552157
شامپو ط,10035800,9051704,9131125,6876011,11275113,5110719,14502462,10768868,5095256,2171400
شامپو فری سولفات چرب,11156752,3250980,1020800,9719761,4165937,11098166,2091251,12071121,13706781,3556125
شامپو فری سولفات کراتین,59380,221364,8725423,13343888,9826552,7750051,11506193,11421317,10632211,1122015
شامپو مو فولیکا مدل 01,2588057,10832056,3833118,10823817,494066,9970279,13154422,41099,7111920,6241074
شامپو مو مجیک,7338944,2025154,5699051,10148366,9798133,8503217,12375156,8836315,9054363,9357873
شامپو مو یاس,9524821,8339334,1161275,7623616,13918199,295751,3365847,12258829,4380808,12243728
شامپو مورینا,6631597,7053936,5890764,11506193,11404306,4430011,12096837,6446876,5294838,3277497
شامپو موهای فر خشک,5655690,9105099,9573460,3408934,12950092,2293574,7949157,10558674,802407,11107134
شامپو موی سر اوه,9764007,9843310,13452326,6775093,13094132,4571148,162492,1161678,192637,347537
شامپو نانوتمیزکننده تیزرو بدنه لاستکو..,7462044,4041666,7121107,9260208,2941244,11357204,6532707,5639174,15873939,4671970
شامپو نرم کننده مارال,14763533,4728336,12093910,2014710,7888690,12900943,9611258,3797526,2504677,915865
شامپو هد اند شولدرز برای موهای خشک,3607248,5171083,2272565,11247860,7290594,6227495,9819715,7272855,13518262,2257125
شامپو ویتامینه وضد ریزش لیتری,1157087,1914498,81555,3414388,15772253,11210768,186067,8215382,10442878,1505003
شامپو ویژه حج,9419737,11161719,9928540,1746928,9894892,890360,636662,7324155,8819237,9937001
شامپو کارتنی مای,12258538,12282998,11772475,8802883,11888964,5266126,9557066,9293603,1139189,4902284
شامپوdemo,2702152,99116,606382,14980996,11558606,3271100,1045063,10035800,1949513,5709489
شامپوایزدین,7969300,7370724,14428253,16023674,7545746,6136694,13717213,500264,70474,12571887
شامپوی سگ,806089,3389477,7139353,10396351,1487349,280271,4549471,4532245,5150034,13235338
شامپوی ضد وز و نرم کننده,521444,6870884,3202321,8924210,1518115,13929076,3229372,12294078,6292388,7910536
شامپوی فوم سریتا,10693211,7634670,14220422,8108879,8186728,3327411,2898843,576371,9837930,4355056
شامپوی کودکان,667278,8481670,2444236,2969602,15873939,7935982,7967010,8522727,8521561,2351861
شاندور,15205385,5679964,7691,14891524,715340,11960134,7495121,11074308,950423,11473694
شانسی جادوگر,9997705,539062,1932704,9171060,2075077,9101770,7963204,294570,1476154,13942891
شانسی جعبه ای,1958831,10661112,1345136,1709177,11226032,224150,4022270,5793021,10747176,3792052
شانه ابرو فانتزی,10237807,9623338,5595959,10679178,8282083,49393,12532616,5253135,13639566,2176301
شانه اصلاح مو,6772505,472306,14354432,13947776,8239214,12054697,13531438,891524,12602365,10390791
شانه دندونه ای,52031,1572826,8864800,7308250,309830,12884694,10822319,3741049,10268467,1476125
شانه رنگ,3740380,410177,930046,6261040,12624658,10190962,3318548,5366234,1710707,5796314
شانه مو مدل n,506035,2106764,6075796,7125606,4419202,12652333,14243874,2834962,2675756,9272294
شانه موزر درشت 32,2957013,4366176,4877415,8283197,12341846,11178970,1119662,8683837,9336161,14574080
شانه وبرس چوبی کودکان,15641477,4062985,11721686,3713495,3710946,7638525,2468843,7464696,4598909,3325837
شانهی,159657,3192810,9609031,4061084,10194563,983371,3283603,8630838,5343249,7096097
شاهین ۳,11403849,6367861,668165,185902,723003,10345721,13235104,6004161,3524979,4362824
شاومی 11T,1837601,5656107,5366234,3998803,534402,2825886,364889,9089254,325143,340424
شاير,4131783,8270275,1497226,2363856,996546,8895120,10413327,8084947,11424321,7559080
شاپور ام کیو,8659374,11792453,13615941,670162,10758233,178772,6294267,11463490,14078112,14398220
شاین لب سکرت,10287333,521085,4418268,5343249,123428,11089001,4893128,7993648,309830,8465179
شبشه درب پراید,11161719,15233659,7291575,14848042,3954961,680665,693325,1080166,9745335,6423408
شربت الکارنیتن,7575881,859481,8169830,10857322,14214794,13349064,7790253,852676,12749087,7151427
شربت مولتی,8397962,4819160,2958150,2725449,3208664,5753864,11217296,13518846,6770839,10677636
شربت مولتی ویتامین افزایش قد,5297748,14386438,12637319,8675008,1558485,3644217,26757,10454509,11704661,540860
شرت گوچی,11198942,396033,6735701,5351047,3390678,1968037,172614,10532492,14645,9770679
شروال,5109437,3460347,9336161,13865602,1897704,7142116,7373577,5857844,10120858,4288435
شروال مشکی بچگانه,14754405,13132232,7818581,670162,8928495,10355916,3904229,11263738,5119153,8245350
شست شو صورت پوست چرب,9336161,8136665,14081992,671737,8670445,13847395,16216627,13706781,4405075,725292
شستشوی صورت فوم پوست های چرب,10566095,10423280,5062142,7505548,267237,9516833,11216802,1621606,14135022,816444
شطرنج ماینکرفت,6431666,613239,8761808,11398900,9695428,9436586,3956184,14146381,7364909,11958261
شعبده جاذبه,10996552,806023,11107134,11492437,785154,4257429,3721024,12334337,691459,10260791
شعل,5612312,677319,981926,5134415,8582515,8806996,15294551,81887,10311608,2430131
شعله گاز روکار ولوم,267559,9623006,2355599,1432204,4470323,6974618,4680056,9673893,8280670,6992761
شعوار مام استایل,8257978,17942912,1626901,3994804,3150728,4262763,50796,3169130,5109437,9918604
شف ایستاده,428256,65292,9484811,716418,8732036,4320112,8938311,4972133,5057153,3528392
شلف دیواری مدل V200,13167520,10133351,1563637,15279663,913831,8149411,2969986,4316801,10262137,13951102
شلف سرویس بهداشنی,1037109,7847861,10402620,82111,12775091,10472652,6836434,6868419,15257467,4704253
شلف لوازم آرایش,7731917,11953252,14326964,6220344,543,2092880,15610484,4027344,1760290,4535049
شلف چوبی فیوز,7497665,7162291,9807887,12779149,810426,13954687,56200,16721016,8806208,979720
شلف چوبی کلبه,258247,12586562,8943078,4917214,11778310,6247153,4819160,513849,4010218,2825893
شلفررومیزی,3198163,11626547,5679964,5630320,1484542,6236121,12212151,6011939,491719,8648012
شلنگ رادیاتور کلاسیک,2873857,1135071,2387365,15966458,10828899,4286480,8777045,1075108,12666445,14043492
شلنگ پرای,451149,7035312,7910536,4233240,14135524,6770083,1689189,1780247,1075479,3634502
شلنگ پرموز,9611795,8798809,9895237,8812256,2793838,12804885,1161598,7964485,10739828,4151594
شلنگي اس ام دی,1914498,2081187,6735701,669351,716418,7340419,2074381,2776377,13929076,3275535
شلوار ایسلش مردانه,9984274,8761808,14868843,733785,294570,734233,2668036,2728223,5117449,810426
شلوار بگ استایل,8229567,4647335,4109459,8648462,2682398,7956277,62441,7970320,438429,10689673
شلوار بگه بغل نوار سبز,11097126,10867257,269151,11852994,3644217,9740033,3974550,14109840,8021519,4419202
شلوار جامه,6843702,797396,10965871,11786180,4389124,8630516,2381178,152110,10835201,73006
شلوار جی,14512098,9484090,5592158,8272088,10112729,5599387,1768509,3118113,5889381,14378102
شلوار جین زنانه بنفش,11377769,6461395,7033494,4954108,9846474,2182660,7507127,9540902,14007389,14943019
شلوار جین نیم بگ کمرکش,2513243,8671400,1580572,723132,8710128,7275002,6413628,5478241,9161608,440818
شلوار زنانه آوغونی,6620414,6596396,2510748,9010242,855992,10538026,10240052,4997418,6239105,3385777
شلوار زنانه اسپیور,787425,441847,12664128,3790582,11455959,10646502,7365384,714324,9593956,4747762
شلوار زنانه بگ,4201913,5413236,4242098,8423503,4622688,739779,10387007,3013942,8469468,6467802
شلوار سورمه ای مردانه دمپا گشاد,12552785,1505530,9530686,631757,12656609,13140719,12325010,9709270,5618276,3716034
شلوار لی دختر ۱۱ ساله,1585520,9138535,2970399,6261040,3384926,7337056,1827219,10688144,1082147,474279
شلوار مردانه رنگ پلنگی ورزشی,11151891,1115788,10621046,6411263,3612361,2832628,2535703,1426823,2428872,400168
شلوار مردانه عروسی,2693125,6974618,5338175,5652871,5407471,10653284,9684535,12528544,876931,147516
شلوار مردانه مدل شایان,11525184,4832192,5093286,1828722,7969736,8236672,11421317,11769387,3824225,10806235
شلوار کردی رنگ,1490182,571948,9234629,9826552,3825801,7178451,12930590,785436,6602967,7597200
شلوار کمر اینگیلیسی مردانه,8913983,92087,12387366,1378151,12773727,626446,282644,1958831,14337860,524407
شلوار کوهنوردی برای بچه های ۱۳ سال,10220257,7067157,12549554,4278971,3497052,12664128,13041645,5521775,6488097,7547715
شلوارلی زنانه زارا,170684,490549,8054249,3464453,699190,15104501,13415140,2973194,14759505,10519102
شلوارم پانیل,4852639,2525555,9524821,5630888,3310047,3618324,5519452,10268467,9798133,870862
شلوارورزشی سرمه ای,12563933,756145,2428808,5720202,7954211,3876412,12633409,13504983,14495355,8667588
شلوارپارچه ای پاچه گشادمشکی,10677094,2842627,6424773,8256500,9715584,3560857,96819,15380581,10217020,3565413
شلوارچهارخانه قرمز پسرانه,8397402,11830223,4522712,964898,4535049,717455,6576917,7246492,4742047,2137967
شلوارک کتان مردانه,8984756,9178314,10392705,3730774,3320722,11606815,13164394,9147929,4935468,1097022
شلوارک‌ لیورپول,151725,10289010,4190115,2275787,15126953,11859478,15627975,3079364,6458182,4892096
شلواری شیشه,8630838,14017564,7201615,3365847,12528544,16414350,12029059,3232487,71623,9860681
شلور کتان زنانه,3408934,1140070,3656144,2829818,630081,9378158,4862129,2751858,12935923,12974035
شماره گیر یدکی تلفن سلطنتی,10116615,487357,6706574,926580,14494540,7640136,5156672,266499,8367987,1115423
شماپو داو موهای معمولی,5426868,8129752,8509775,189571,14052039,54419,14180980,4494850,1848840,6035112
شمش 18عیار,13279036,3540612,9196930,9735156,12254764,14091628,5236892,85086,5855224,8429124
شمش طرح ملکه طلایی,14554743,9357417,7498101,5466323,876180,13237105,3984726,4178571,7380557,1505003
شمش طلا 18 کد sg11586,6062855,187585,6136708,1534778,1844063,12557249,3426975,733582,227680,8182052
شمش طلا 24,14162487,13586694,10984536,15436428,16720639,905385,8297769,4119534,5281080,962101
شمشیر اسباب بازی نورانی جمع شو,8842022,7246492,10965871,11277102,7709648,3390678,4108417,4145803,915219,4146294
شمشیر واقعی زنیتسو,157972,3815110,6356674,9688202,231773,14262609,3792937,12518888,2285284,3011771
شمع تولد رنگ طلایی,9086223,5442074,13466392,9724039,284254,8112340,14421004,7012721,2703757,12680909
شمع تیبایی,3346510,1036482,534530,12592698,5357021,8949562,3656144,4934866,3804921,3998323
شمع درب دار معطر قهوی,14271321,11592601,14262609,1991068,10857130,3506503,16376250,9010850,2770901,12884433
شمع دست ساز,4373764,137047,2351415,14263738,11838209,9866526,11294197,3307683,12696009,4935807
شمع دنتو تی تی,11199716,7350088,15030538,11505940,4007035,10747132,12522411,383320,11314151,7844352
شمع شرکتی پژو ۴۰۵,4182709,3686492,1112124,4593072,10085386,14195212,5123200,3170102,910553,7079570
شمع مدل زن,13518137,11256459,12639452,2508215,2450919,3405536,12652614,11281765,5933449,4810218
شمع مدل ژله ای دریا,10655608,14064817,9478609,12588138,6065680,1626901,8884664,7515632,715340,12081725
شمع ژله ایی,14435236,5277264,7365891,939238,1420638,16753709,7812634,13251588,4726765,1970039
شمع کاپ کیکی,10420928,3519439,5890321,2513243,4647335,3821449,4615121,9255949,7554094,1122123
شمع کوچک شفاف,8391149,14884689,13727848,3884717,12260841,5026418,10091060,3998323,2765082,2716151
شمع گلد,6076259,12071121,349676,2457948,7898863,13266203,989332,8834256,12784245,35523
شن آکواریم,9810520,6620414,1484542,6975559,9516833,11313296,4390181,2842595,9935382,7612293
شن ساحل,12720711,6926013,6616043,2894923,1034194,1020995,7471158,8229659,10418510,5608353
شناور برای ماهی گیری,12202771,5404798,6500407,532966,11128040,9979073,73702,17058307,14135524,11311087
شنکش ابزار,1789517,11246905,1790557,3540635,5806302,6975559,14082098,2103408,3204480,8718260
شهر نوش پارسی پور,4358875,12074006,10519102,876931,6172464,7190400,401242,6475537,16216627,14468998
شهریار در وال استریت,11249252,10725406,4315264,859111,2127951,13217179,11490088,5652871,7869818,13129724
شو نیز پانصد گرمی شکلات,2666771,7750051,14583873,401,2790099,8806996,897119,448733,12817900,1514664
شورا گنی,749384,3953926,8136665,14509327,1759545,10984525,9928892,3915183,13161928,8806208
شورت دخترانه ۱ تا۲ سال,3860138,6116245,9300325,1004171,7859766,14257955,11900976,15118188,870862,7360152
شورت زنانهکبریتی,2945261,3062680,2513243,4344817,6817528,3257807,9489581,14497586,1664086,533697
شورت قرمز لامبادا مردانه,6974618,2830753,5775119,277570,8368529,10822319,2801580,6433138,12363287,17815509
شورت لامبادا جلو باز توری,11349887,10220257,1154351,13677379,5005407,6906343,1738232,5442074,6231522,8166873
شورت مردانه آشنا,3713495,5231049,7533618,9749301,16310340,6323922,8387203,15278817,12004169,8775614
شورت مردانه استریج,4158441,13065873,8383328,8754590,6107200,608188,1705521,379679,1617886,5884397
شورت مردانه لوپیلو,586696,7497130,5930903,8244011,9052476,14179735,6748254,10784475,3123964,14659658
شورت مردانه مدل classic,4822834,12071121,2825893,4124800,816135,13431400,6806447,6787707,11381904,1605401
شورت نارنجی,350400,9029360,1460055,6556190,12005190,17137557,4228930,14603315,6556730,2382422
شورلت کولسی,2190909,6431666,7703175,1645296,995846,8071665,657178,3867621,263790,4916098
شورنده دهان,12083895,837213,10062088,3859841,163122,11270596,17085140,9525590,11276364,870862
شولدر هولستر,3828058,8498898,7461461,8922676,2598454,6252585,7142852,13807569,11314151,13141511
شومیز مانتویی زیپ دار,7612486,9306368,725292,1626043,6167628,816670,9546468,12563933,11717943,5709489
شومیز نخی جلو باز,908,11336547,10544675,7581955,7391150,3225041,6755271,766062,16755280,7773468
شوهر آهو خانوم,5274879,109512,12618675,647792,2980913,3115148,7268050,3389477,8176598,35523
شوکو تی دو,11380006,9330978,557051,597980,2710840,3560857,8631215,5907296,14391334,11011909
شوینده استونش,11510814,2106764,2783887,11636446,8774462,14096783,1144352,739779,7701298,1016194
شوینده بیت روی,1563457,13999587,8507591,5004494,4344817,12557249,3148813,734314,13644566,2406148
شوینده زردچوبه نونروژینا,3016694,6248479,7200364,6105280,9673893,2275515,3792052,14271321,5126221,1114234
شوینده سنگ,1490182,10283219,2094624,10649152,5067566,606578,7988240,6092808,9513945,9075233
شوینده صورت الوآرای پوست خشک,6815361,8688900,1848840,552599,15340740,3337746,6839209,11792453,8337405,6935322
شيمى لاك,6712337,332914,239854,9234149,113653,4141072,12286879,671584,8985053,7142852
شپش سریتا,11679069,5996903,542963,10289010,7268050,2407543,2094624,7715987,9958566,995846
شکالات قافلانکوه,882871,907973,876931,282644,10939946,14135022,9796558,1477021,8171818,14554731
شکر قهوه ای ترک,3961887,6331877,9984274,3398369,1563457,4270768,4321877,9294989,7826220,8164723
شکلا هدیه ای,6229102,670162,96423,7951437,3408934,313420,4435713,1602309,493281,14891147
شکلات تلخ  sairco,3867621,11826104,14793930,3117918,12364793,396213,12122174,9909994,2028711,932152
شکلات جیوتو,9536146,3087141,1424203,222871,5316473,4010218,8849022,2028108,5077679,4027344
شکلات خوری مدل شیشه شکسته,11833762,8827722,7612355,1489256,9073973,411197,5005407,14295812,4956709,11826104
شکلات مارتینی,12590872,13836558,2067611,402097,7745780,6959175,7566698,12647595,9380520,8537836
شکلات های کادویی باراکا,2214031,5792790,9379002,10544388,2106573,11322928,14279802,3457566,3329347,48078
شکم بند طبی طب وصنعت,383320,14334481,7949157,14045908,4842105,6559677,7776983,2614137,12826151,14456404
شکو رول نادری,217153,9377230,5853104,2842597,7581955,5652567,4049523,9614729,235857,12233936
شکوفه گل فومی,11932261,620316,12324455,13875404,3643724,807595,9722881,9622549,15029694,10148280
شی باتر نرم کننده مو,9455757,3517431,80316,598780,1804837,1874145,4428121,7290594,10719782,6748468
شیائومی جِی ناینتی فایو هدفونز,170017,7055116,7759822,294570,6965505,103095,13882612,4583999,3860866,4906095
شیائومی ردمی 6,4147872,11786180,9877650,1104172,7349530,31744,9565016,11689074,3318548,10952084
شیائومی ردمی نوت 10,2238243,11241363,1826076,4134877,4792905,1085299,10445604,7278168,1585520,855511
شیائومی ردمی نوت تولو پرو کاور,4310713,6997735,7963204,4291477,3741049,7360152,8318946,2023379,2316014,10689673
شیائومی ردمی نوت تولوس فون کیس,718132,8669046,13656268,7967451,9741936,9525590,12590872,17039636,10583707,14076582
شیائومی می نوت تِن فون کیس,5005407,8929380,3011771,4048051,5426017,2552157,7816428,230423,6740296,630393
شیائومی نوت 12 توربو,1710162,7663882,12957273,11109796,742799,14348441,2171400,152422,183101,1689085
شیائومی نوت تن بویز فون کیس,785436,4885697,368458,9586937,3861346,3062509,8531074,10591265,10878356,12523693
شیائومی نوت سِوِن کِیس,4827418,1093270,10655608,3382080,7922600,597957,5679099,7357501,10697178,502687
شیائومی هیلیو هدفونز,9336161,4889984,2182660,11281765,5407342,7124829,2793838,2533837,1160809,2081882
شیائومی پاور بنک,11781177,13644566,10634104,10999888,5483508,476011,6054997,7943088,13280973,35021
شیائومی کولینگ فن,10909098,1329243,2898190,8536946,7729464,9632573,60107,6073201,470122,937532
شیافت کلیندامایسین,2465131,16971721,8400609,1048946,13783263,4440247,1797827,7922203,5700211,14334481
شیاومیnote12  4g,11047327,2161876,12806230,9422675,2873984,7172933,1108894,571948,2249102,3330902
شیایو می نوت ۱۰ پرو,4934765,12588040,14973035,5229257,6231066,4390181,10811977,59380,7174761,13239760
شیایومی QCY GTساعت هوشمند,5321832,2137273,266499,6156841,14771408,26757,12587156,892501,5419199,1290089
شیایومی پوکو ستری,549513,15989810,4916098,4559139,1797827,3735641,4802206,11474073,7289974,11256459
شیر آب روشوی ایرسا مدل۹۹۰۵,2725449,14402753,12059223,7038768,17470082,9699869,4089442,14096421,7282833,12914704
شیر آبشیلنگخور,12021769,363896,10674345,11336547,1350873,1903582,9020294,6754102,7091950,7605704
شیر اطمینان پکیج مدل ترکیه,9664454,6461395,1881792,467065,11042355,14264177,14008542,11826104,5366507,926580
شیر امپریال,2552157,1029075,6817528,10217111,10837007,10081971,5109551,2746264,7455828,10454509
شیر بنزین یاماها ۱۲۵,5806302,7497665,3110912,3549375,7920651,3320896,6331877,8267393,5549870,5425836
شیر توس,1622380,3042739,9709270,1039612,67965,6092284,5612312,1424203,6913718,684396
شیر خشک قنادی کیلوی,10822302,7925806,13340581,5703297,4492680,9380238,14151404,777769,1167986,11241363
شیر شومینه,9713027,13132232,3745959,8141019,7983566,1037470,11261279,13430705,544767,8955487
شیر هلن طلایی,13876480,9135138,13568527,317579,1828722,9080302,5343249,4105740,6456374,9997705
شیر پاستور ریزه ماجان,5077306,6266760,8730255,8695838,9250533,532966,10085302,381254,7512465,12122174
شیر پر چرب دامداران سنتی,2394894,1552186,4286480,6557691,11362645,4242098,1907918,9470748,13715232,6940473
شیر کارواش دستی,3162606,9886572,3287572,12921491,10761877,3696981,8332806,527018,811751,5598466
شیرآلات قاجاری دیواری,7585894,2973194,13733790,11098593,14523408,4261189,549513,14024452,7117020,1980226
شیرآللات طلایی,13085782,212881,713893,8276226,8066024,10665659,9068845,198120,305810,14351770
شیراز لاستیک ماشین 405,6091941,8639614,8248596,13012373,14257955,14466154,14132342,11171746,4151594,1490799
شیرخودکار فنری,10812826,12532693,770458,14203413,12990949,9475069,6276346,7301351,7295598,9027322
شیرشر بدون لاکتوز,513849,8844118,13299223,9422726,7603988,5632277,11314151,838154,5261987,7455828
شیرپیکنیک مسافرتی,6331516,2986271,1047824,6781339,2309345,8986359,12214658,14096783,11269336,485090
شیرگاز برقی,1974618,8836225,7506143,5297748,11269336,9647975,880906,8315250,13033548,7915316
شیرینگ کوچک,2984540,4319256,7745142,9830425,4726071,13085716,6105280,13792904,4228930,6323277
شیرینی خوری باهومیا,14739156,13164394,7680985,12303596,2941363,8478946,9508030,10061052,14360660,14478692
شیرینی خوری لمونژ گلدار,5389706,4565345,1139189,4288435,1156848,5846463,1021213,780798,7987018,3758086
شیشه با پنبه چوب,1513242,8563832,2672984,9539928,589134,624673,4196654,12148937,11813652,105263
شیشه بلریانس,5424088,816383,3452323,14769556,7729570,6465396,7060930,14262609,7178451,2537376
شیشه جلو امپر برلیانس۳۳۰,8856459,8180402,12807344,12575332,8544546,13235338,13939525,6427337,13999587,6772657
شیشه جلو موتو,17607188,5026418,808546,7755871,1725361,3246560,7016098,3876416,5407471,1088721
شیشه دودی عقب پژو ۴۰۵,13536155,3340204,10164226,16797079,10290303,13656897,14049507,910280,1420638,142327
شیشه شمعدان,4354946,3890665,7865355,6305458,3593269,1048427,9809991,5700270,11171380,151394
شیشه شوررپیدو,11457302,5027766,10048426,7703175,13085716,5592965,3272499,97486,5717374,761211
شیشه هود درسا,10108761,10240052,8318946,757391,11210315,2898843,10218962,14195212,13175971,194931
شیشه و بلور اصفهان,6913718,205704,2927696,1603825,384397,472989,14325572,14295812,3016694,7919101
شیشه و لامپ حمام,8516352,5061921,3287572,8326812,12247139,9629367,27830,14365697,97486,1020704
شیشه پشت شیائومی نوت ۱۰ پرو,1877280,2408736,374119,1808733,9568957,5709489,10379710,732295,7161954,4886374
شیشه چراغ جلو ۱۱۱,7774474,14435236,267559,12463213,12884433,8866541,258247,7428555,14676761,1020800
شیشه چراغ عقب ماشین پراید برفی,9648168,7365384,3809063,6984508,36838,410177,2406148,652824,2670722,12817985
شیلنگ آب  ۳۰میلی متري,194931,10815671,13402069,15321687,12807422,4905454,5651845,4889984,4956709,11000988
شیلنگ استریل,4260936,9229172,9749301,7379172,15213679,14441410,10774889,7987018,5385477,13662403
شیلنگ بخاری پژو.,7954638,3929912,1704612,1510875,9793563,9033542,4318526,10823817,9435157,12442344
شیلنگ سرنگ,12120907,438452,14655793,5357338,17449743,5790627,14334481,359882,6214633,10308844
شیمانو چین‌رینگ کاور,10275604,6076259,11071862,9807887,9341782,7506143,7396949,7406081,24775,13849949
شیمی 14 پرو,217019,3698986,3402196,6167628,8582515,12496394,6469883,7915316,9641524,10864424
شیور کریستالی موکن,8083996,4062985,2531210,6280450,2430131,14495080,9337800,9347369,4919301,9715350
شیکر براش,10156991,687603,396033,3755533,1811853,9062550,3160022,7778595,6435888,629090
صابون بدن بچه,9868374,9391549,7935982,3382496,6748502,14030491,9796558,7734681,5060776,8549674
صابون روشن کننده پرودما,3238360,7719498,7600535,10388992,6548170,8445425,13569337,10767789,198120,1017455
صابون شستشوی لباس نوزاد,3716034,7963204,6896633,460463,862511,13085614,10146144,6164269,2949512,4862129
صابون شیر فیروز,9272294,2092880,1593759,9013302,10796599,9021822,7124829,5534645,10894781,9932602
صابون ضد جوض,180912,14782947,7308250,10722982,7798283,8206881,1915548,2753341,3801395,9360474
صابون گلیسیرینه کالوورا,11411415,11591216,384314,4666683,788542,10374499,13733790,618241,2293574,14390411
صابون گوگرد عطار,8860574,603611,9549667,5109437,10404044,6775093,3881239,514988,12991404,7596488
صافی آزمایشگاهی,9257304,7278624,3323638,2310389,2103525,74325,4122281,13379612,330734,6533827
صافی سوخت پژو ۴۰۵,1017455,8344086,11046651,12447072,3234768,921961,7999221,3588460,14884689,2597015
صبا باطری ۵۰ آمپر نور,646719,4911290,5366234,971829,284634,6310212,2525798,749119,17398361,4273719
صتدلی پلاستیکی,13158414,7394608,378044,14486755,8577079,2103525,341951,6214633,1932080,4454387
صحفه موتور بنلی 250 اصلی,449113,7451049,173542,13203408,11165930,1608330,589134,968607,602359,2050509
صداگیر پنجره,5133583,93061,17177349,2388994,11276364,4165937,10674241,15307573,9899588,19295
صدف تزیین اکواریوم,699252,3434836,6591032,4139554,13461620,10434136,2212054,3257807,5796311,14160172
صدف مروارد دار,10103649,9693280,7060891,409154,3524979,3929912,10835201,10231475,2259182,7053063
صدف نوک پرنده,5503358,13003487,7818581,750182,12074006,4196851,13389998,5170019,8182052,865529
صفحه iPhone 14 pro,4318526,9005713,13727848,8729182,6821038,11778310,4167728,1592884,2932463,4622688
صفحه برش استیل توحید,12126072,7060891,1768109,14208498,811532,6004716,9089076,10544590,8688900,8326812
صفحه برش استیل کرون,12601366,909042,7289290,5202043,9329759,5664022,7244370,6533827,7340419,2765082
صفحه دیسک جک j5,5826102,10148366,51588,12516025,7766073,9747174,13260181,4532245,2387365,1624566
صفحه سگمنت گوه تراشی,13466118,8938625,5522277,883904,816383,9843525,999220,11734482,9807887,14512098
صفحه نمایش گوشی سونی z1,16336573,482,11106492,10571974,13213147,4155832,1539197,6860843,7877545,145212
صفحه نمایشگر برای کامپیوتر,7022529,4748512,3331675,8934922,9039614,9418623,3308291,10757160,5131123,612594
صفحه نمایشگر ماشین حساب,7060891,6343668,13783263,5632277,4934866,9490267,532225,10362197,877357,5282679
صفحه چوب ساب پایه بلند,7655336,10457347,1034194,3229989,11467023,112379,12950092,3859880,6653298,6857848
صفحه کلاج موتور سیکلت هندا 150,11872221,2008043,7797377,3306896,13167520,14385221,7497665,10612566,436821,8912525
صفحه کلید great,4415290,9434505,242289,1673404,521085,3548683,5595567,13727848,3550905,1119610
صفحه کیلومترکامل پراید,14036003,9961030,10894204,13041645,317579,2106764,410036,5190171,13804774,4911290
صفخه دیسک,3179287,11381904,2396283,10948118,7334223,14018731,7422785,3571154,10475216,2309345
صندل ابنوردی همتو زنانه,3364429,13673427,999220,10722131,1426823,9900864,495528,1946671,2666116,5190171
صندل حصیری جلوبسته,7184806,849644,279853,1622791,5180245,191576,10530718,1021213,7813657,17037730
صندل دختد,10968638,6289222,9391549,6450361,4529283,9919695,7290673,8449627,378242,917261
صندل زنانه اسنوهاک,1006905,82118,2653959,5298345,1345136,7856934,13200706,6562545,9943533,13325975
صندل زنانه مدل چشمی,315578,7969300,12499229,2085571,5294838,4452500,1020800,8900256,5396489,1722737
صندل زنانه کتیو,6994897,13514411,5004494,1487225,699324,2425682,10290622,4952671,6187952,8950594
صندل طبی آریوان,4999495,169973,7592410,13121920,5351047,3624415,9952903,14038806,4765687,1923667
صندل مردانه مدل PM1323,7345740,3933746,2028108,15096900,5102330,5598466,11498716,608655,5024364,7290673
صندل پسرانه سایز۳۴,13656897,5441418,7106135,3280349,2429494,3498911,3033133,8166873,3683822,693325
صندلى پلاستيك صندلی ناصر,5561794,2415653,33592,11408972,10518512,16040039,6270270,916897,6013983,5662396
صندلی اداری پیام,5144437,7270861,3055781,2926552,4003038,9881235,10425290,4502122,1760290,4011001
صندلی اوپن جکدار زنبوری,879091,6595635,11132726,2448796,1722604,9846424,971006,7865355,14030491,12821919
صندلی اپنی سام فلز,5182912,13662403,7587086,1158687,10560714,2275787,12664128,4682310,7015905,4417031
صندلی ببمارستانی,7759822,4430011,7591088,4584106,4122281,3393158,8112567,4158441,2839161,10934228
صندلی بچهگانه,797508,15072221,9101770,9684535,552307,921961,11281765,17553725,15367789,12275335
صندلی جر,5839476,419298,1829340,11214778,8129430,3597538,26486,893475,493952,9503596
صندلی ماساژور vip,71461,11255216,329253,12920165,10062088,7248029,1162793,9147929,2140891,6293939
صندلی ماشین گراکو,6323922,10529944,14757059,3346510,14751687,514988,4288693,6424828,6556190,48078
صندلی مدل005,1048427,17751721,16613440,10634104,9052476,3414388,12523693,5803998,137047,14862152
صندلی مسافرتی dap,8476023,5688651,8339334,1489256,8792479,671584,5607915,6744212,14050066,7602522
صندلی مسافرتی چیریکی,6772505,12930590,17647594,3812340,1828722,9268477,14009648,606382,1659259,4338814
صندلی مسافرتی ۶ فنره,981926,2029719,11398308,14500350,759037,5123200,13677379,161971,1422486,7595453
صندلی ناص ۹۹۹,14771408,2144967,816135,651257,16040039,67965,1020210,951998,9747702,40971
صندلی ومیز غدا خوری,1804262,6827885,7747911,17537520,10668656,9513525,2241690,14554576,10483411,12914437
صندلی پاف باکس دار چوبی جعبه ای,4971284,11462027,6363775,7441638,14739156,31688,13380111,9445070,2825664,7513447
صندلی پتو,7999154,6005120,10939946,8129430,8136916,862511,4248271,9233353,2744459,4167728
صندلی کوگار,11244895,1140535,1492020,13976650,11505940,11042355,10164226,5562610,5668815,9520545
صندوق چه  چوبی قفل دار,6152102,8071173,14977026,15196681,8717298,8029592,7301351,7285915,1003910,7096097
صورتت را بشکر دخار,12047718,8948840,2969980,25959,9851720,7856934,9588977,356507,7635706,959015
ضبط و پخش,4301569,205739,5817739,4063077,10578487,2540239,11462027,10347632,8761808,12582151
ضبط وباند ماشین پراید,4236441,15595047,539062,15297206,7357985,11332174,2941363,409199,4421343,1120125
ضبط ویس,2255843,3627522,9334589,12229027,5556727,55691,2194673,16455986,6323457,885682
ضبط کنند خودرو,10646502,12553487,2441995,1590579,532966,4473720,214257,715347,6997735,8692023
ضد آب ساعت ضد آب,6408344,5487362,95563,2360509,13454932,2106764,11944672,6352215,7947685,14387651
ضد آفتاب سان سیف,11682082,3592192,14351770,17398361,14144893,7888690,11410963,5116408,3500477,2805018
ضد آفتاب ساین اسکین برای پوست چرب,8004738,13389998,1998383,10560714,3123964,3549810,1059820,2653959,2587235,8176598
ضد آفتاب نوتروژینا,1850809,14262609,13341550,6350909,540860,12535621,10130577,261051,11729642,6980916
ضد استرس دکمه لامپ,8394489,2801580,4444018,12795710,8304319,9589386,5035948,97115,9806934,1984456
ضد افتاب   لافارر,2262280,880906,7732577,7332407,10558674,11141250,4878993,6170447,11358108,14205631
ضد افتاب سانس گریم,3307683,4270768,11568979,11699280,2159526,7602918,1084233,8491338,5339885,10701828
ضد خش HUAWEI nova Y70,8191595,3451362,881664,8215382,565994,12258538,147439,1515420,4826432,12375156
ضد خش موبایل ردمی ۱۳,8814788,77165,12921564,9900864,3565413,1695565,7032881,602981,959286,2925288
ضد سرقت دنا 4 عددی,13942891,8112567,1901258,13369143,286688,2555157,1439864,13466392,12506267,5941649
ضد سرقت کردن خودرو ۲۰۶,543,9898703,3740920,684205,6231522,514988,49349,16376250,7742260,916408
ضد شوره پرایم,184924,12059223,7533618,9565016,9017177,5804075,8244011,7824158,11616787,12647563
ضد ضربه گوشی ریلمی 11 pro,111606,4547127,997096,52031,5072153,4544783,5056646,1763712,9937001,276319
ضد عفونی کننده وسیله کودک,3740380,6946867,513786,8609452,5236892,10758233,2092880,2058772,2330465,11247860
ضد عفونی کننده کماکل,10758233,148327,2160141,7505548,4276790,5750628,16026610,6529981,7287514,6936033
ضدآفتاب بایومازین,915219,4878067,4184949,2448796,17027259,8996747,1016559,14958401,163122,3328828
ضدآفتاب رنگی اگزوفارما,1127047,916324,9540902,532966,12949181,6065680,7532175,82118,2453294,368743
ضدافتاب فاقد چربی فیس دپکس,9167161,13005200,1056100,12673403,284254,12904616,1505408,3229989,6229770,10849913
ضدافتاب لافارر بی رنگ,13466392,472358,8392552,3337746,4289403,828633,11007995,765174,7093658,637957
ضدجوش بدن سینره,14299009,325143,8891000,7444105,12294463,7532175,1003390,11330221,4972133,6180333
ضدجوش درماتیپیک گلوبال,532966,9020294,11347199,1477021,380267,2560236,8890436,470122,4479388,295751
ضدجوش دکتر راشل,389052,2980913,4206221,31744,13379612,4165937,1489256,8070256,294570,5054403
ضدقارچ کلوسب,9600229,2938529,4236441,6293076,3237213,2110057,12428216,7191359,4791585,4170530
ضربه گیر آینه دنا,3323638,4957468,8519455,8609452,9391549,3500901,4386912,11382636,10752446,1454764
ضربه گیر بنز,12542807,1809169,10634256,12453314,1910538,3692410,9524821,4348794,3294846,7178451
ضربه گیر سپر برای ساینا,8329320,10432400,9693280,11346338,1582817,7680985,3189403,1017501,12836062,6554716
ضربه گیر لباس‌شویی,11246513,9561839,3815621,3288310,6882679,5821167,1592461,6559677,975028,2221277
ضربه گیر لبه در خودرو,14554743,17942912,2468843,632064,5004118,4241922,9736657,5157397,10648133,8353565
ضربه گیر پست در اتاق,11596055,11717455,623009,13691969,11207726,186930,7035312,8141019,12946769,9747174
ضربه گیر کاپوت تویوتا کمری,2916857,17942912,3622380,11185198,762716,2714348,5879916,6882679,4570342,9105099
ضربه گیر کمک فنر جلو دنا پلاس,7168123,429720,6800916,550878,14182497,6175504,10599126,14176170,877357,1555394
ضربگیر  پله,4916098,1435005,7278598,23859,9036871,216900,5662822,2825664,2074248,2063886
ضروف گل سرخی,4887454,1673404,7290673,9290682,1813686,5258933,12375156,10454509,13904421,3083455
طاه تدازه,14272240,11111095,3148813,11433406,2670722,8467382,13527053,12506465,177217,8891940
طبقات سوپری مغازه,959015,14271321,1432204,5616229,2058772,398852,156181,14793809,3025131,6574559
طبقه پی وی سی برای حمام,4621360,875262,5035948,14277291,7778595,14525482,4571366,396213,4982964,8234858
طبل بختیاری,10310417,6435051,2238243,3039913,143580,6429971,14333673,4307586,4738948,2728942
طبی مبتکران,7542677,14275370,612594,550344,4563908,9269465,202375,9953673,8806823,2046840
طراحی ثورتی,4256269,9435157,9051704,1738079,15641477,14018731,7442287,9686380,4374767,8338751
طرح اپل واچ.,17751721,7492512,6159606,2811369,13964899,1502558,184274,9807887,13200706,3882123
طرح تنه درخت,5927210,1526337,14476967,10898538,6854553,12293267,14782947,681270,365831,554983
طرح دوربین عکاسی,1720958,13948193,13466118,10442878,9747174,1655174,7561144,6164269,2007653,14109840
طرح ناخن برجسته,6533827,491322,13145967,11606815,7619749,9039614,10612434,915063,6532707,11912336
طرح چاه نفت,10621046,7805647,7278598,5170003,14050066,10668656,4878993,213423,6350909,3628688
طرز نصب تصفیه آب,3154318,8159256,9326693,8236672,9648168,14574540,1030285,7989717,1077362,482396
طرف رولت خوری چینی ساده لب طلایی,8108879,6463431,1765774,8912525,521121,14205631,4424783,4582181,5085615,1482145
طرف غذاخوری دسینی,14194971,16455986,483943,1156863,10011361,5323286,1024106,5057153,1430706,1859403
طرف فریزری پولاد پلمپ,14782819,14782947,8163672,5657434,54695,9665329,2523554,14281859,5063472,12773727
طرف میوه خوری وشمعدان,11625784,13954687,6839209,15069967,1760908,11374157,12722869,6770083,15114356,13219202
طرف چهارتایی پلاستیکی,17286872,540860,11419082,11467012,2342736,5651845,6616972,1470935,3250980,14059985
طعم پنیر گودا,9357873,6290252,6458182,13197805,4823914,2313052,619737,1743832,10998475,3701566
طلا زنانه انگو,875262,11479607,9969986,12308731,259278,4167846,5607915,7222721,13384382,14325572
طلا طرح جواد,1093618,8670445,796015,4968049,474279,5891778,540219,5058143,6206772,3671737
طلافروشی های میانه,3280349,3340204,9943343,8615306,2251277,5382851,8383328,8449261,5304337,383320
طلای 10 سوت,7208436,3257807,6962428,4306831,11392513,11795976,7094925,5281080,4149665,10304716
طلای کارکرده,11891856,7436770,7106135,8057538,12180114,14864302,14275920,11723131,5696383,11510141
طلای ین و یانگ,10974039,12447072,9864678,13431400,8370228,3579546,12561858,3016058,15260002,17311931
طلق آیفون,12031578,869964,5466323,915063,7133888,14740537,549702,9708098,10823021,9715584
طلق چراغ خطردنا,11792453,9296213,11464521,729439,13274853,125987,7275002,1738232,2406148,5749229
طوری زیر جلو پنجره تیبا,5089067,556119,10058591,5119153,14096721,2046840,70325,11207726,7631473,6680257
طوری زیر کاپوت پژو۴۰۵,9198712,3465817,15825827,7285915,8838317,7963042,519162,8798809,4249798,6461093
طوری فلزی روی کاپ قهوه,172614,5545020,1666656,178772,1659259,1573576,76982,2834962,2728223,3218826
طوس اسپرت,8028665,3346510,10352901,1683564,14541067,9740033,414587,10774889,12100106,1505530
طوقه‌اسپرت‌موتور,10822319,1932392,7919101,14019592,4415866,162579,8658743,12461983,4978160,5717374
ظبط پایونر میکس ترکس,11723131,1570634,9842660,13200706,401242,8842052,623352,5607915,7127833,8004738
ظرف آب مسافرتی,1505641,11060860,12944358,12645229,786933,6226528,9010850,1809232,5335486,17470082
ظرف آب و غذای سگ بنجی,9632635,14186549,14822087,6508907,5936108,14299009,2716151,689260,12804885,191291
ظرف آب و غذای سگ و گربه کاپپت,8849022,8890264,14199778,772755,13245538,1641788,9342140,8011488,7947395,2278496
ظرف آب و غذای گربه,9911195,5171083,73619,430950,13239760,6488097,12956175,12311903,6339428,4500400
ظرف اب  سگ,4852681,1970039,9272294,7301351,717455,3624415,13379612,12609686,8493464,35021
ظرف با طرح سگهای نگهبان,3798930,2749547,14467723,12702443,9810520,14498545,6305458,14220127,12441836,11476645
ظرف تک دیزی آلومینیومی,12297407,4545023,8339552,12376576,13634929,14089667,1616883,10302972,14333673,2531210
ظرف حلوا نذری,14490208,7876949,4963821,2016450,12110498,9196930,261051,7877545,4056938,6230942
ظرف خالی بزرگ,2242479,12646507,2022697,12499125,8450908,8632233,8950594,9089254,428979,7971987
ظرف خاک گربه سفری,715340,2050509,3786675,7791972,9372677,5598466,5994231,1917569,14132756,1668788
ظرف در دار فریزری,6838826,6613130,4833378,7632776,429105,7904244,3144782,12293267,3499111,14190688
ظرف درب دار پلمپ سو,7171641,3730774,4593072,1368162,6247153,4320112,4891946,13602764,6446396,15114356
ظرف سرامیک ست ناهار خوری,9800297,7947635,5062268,2118749,9861439,606578,4587844,831820,3166341,528137
ظرف سکبار مصرف اش,14852587,8792479,6290252,10641993,10729478,9347369,15949927,10368861,182309,9850282
ظرف طرو حصیر,10944728,623214,12395584,15302658,9618503,15165767,4054354,2829818,15278817,11362737
ظرف عسل مدل دوخانه,1602837,365831,12686706,12222869,9583859,12120757,14860361,8123481,5442074,13467787
ظرف غذا تهیهدغذای,4260861,787233,6754789,8780629,305236,10603317,946160,183989,849644,189571
ظرف غذا تک پرس فومی ۳۰۰ عددی,9133186,8985053,1126203,14566156,9614086,1601878,12364793,2744686,13507309,7454369
ظرف غذا خوری ۲۴ نفر,7561144,4197849,10612434,2877154,10823021,14049507,11923642,5140235,12684890,10680006
ظرف غذا سگ,534530,9393108,6882054,14884689,11648662,5346945,10183508,11296848,1746928,3656144
ظرف غذا کارمندی,1563662,1490799,17553725,4417091,3786675,10335660,11108937,7414717,10022247,11097713
ظرف غذایی کاوه,1659259,5195847,9525590,9072561,1762114,5853721,2661622,7847346,9493098,11974174
ظرف فریزری کوچک,14883397,8150060,7332407,9027322,10063253,13906032,2919754,2534522,9341260,10275826
ظرف كره خوري رايكا,7279987,190122,8275133,971006,10720087,4626315,1760908,3398398,9380054,7475432
ظرف لاستیکی درب دار شفاف,6292647,6107200,8112340,6004161,502687,3309641,10839890,9941383,462996,893475
ظرف میوه لعابی,6884446,7563592,13001446,11276364,9648403,169240,937828,8355017,7461461,10857322
ظرف نبلت,5410960,8948840,5350250,7487162,796015,880521,9772865,10985290,1884917,8586965
ظرف نگهدارنده خمیربازی,1811853,12005190,4883625,836894,1683331,4005690,11161719,7951437,13525678,9138535
ظرف نگهدارنده هوم کت پیرکس,1487225,5116408,9843525,12910731,8077717,1144060,15949927,1903582,12217516,177299
ظرف نگهدلرنده روغن,3597538,12498534,14009648,3322371,12309780,15297206,1457546,11679069,9984274,5651845
ظرف پخت پیرکس بلور کاوه,2132669,2089470,13977264,14659658,1545322,7436272,5696222,384261,4985247,4234289
ظرف چوبی مخصوص خوراکی,9063227,5339885,3057987,11029535,12804885,5274879,5070528,13322394,8061397,4214565
ظرف کشت میکروب ۲ میلی لیتر,11104578,13266648,11246431,1537340,8648012,909949,12838592,51588,9249898,2895961
ظرف کیک اسلایسی درب دار,14334481,180937,9747702,7065338,9086146,13964709,6062855,3198163,10844318,11596055
ظرف گوشی  Aصفر چهار,152692,12504445,15114356,7166735,9380238,3408934,13947570,49349,3103299,11459772
ظرف گیاهی,6012268,7836765,7843220,3790582,126151,3875716,365831,9861439,3565413,4216970
ظرف یکبار مصرف برای جشن اسم,17536916,11457302,12087708,3718358,4823914,235857,739779,13804646,916324,1035800
ظرف ۲۰عددی,13784427,3236541,5885141,11393731,3954961,11911500,1616883,8503217,7998713,2666116
ظرفشويي LG مدل DC,3115148,1114234,13897697,3756468,8293985,13325975,7859766,10683103,1161598,616505
ظرفشویی اسنوامدل226,8450192,7179227,8639614,11404306,12326145,5077306,1454599,13869378,8270275,11747272
ظرفشویی جی پلاس مدل m15,2490223,1425618,544744,3636273,2900208,17637807,6292388,14141928,96240,5338291
ظرفشویی رومیزی رودکس,8800744,9314740,205704,11153458,699252,6993065,12020076,6054997,13593631,3181280
ظرفقظ   کودک,14132756,2085875,7283591,12308731,2839217,4529789,3120224,2406148,11947253,7505141
ظرو ف پذیرایی,5050942,12992663,11150542,2442889,733582,8011488,1513183,2610656,6265787,6680257
ظروف آشپزخانه پلاسکو,8609452,5709489,9183156,8187878,2555717,2898843,9086639,8208392,9201855,4522712
ظروف بلورمارک کلاسیک,15114946,4228930,268240,615164,12492669,14882746,7742260,6768238,14181343,7394608
ظروف درب دار برای پذیرایی برای غذا,633507,8895848,8112340,10229655,10368784,3588460,5150034,14476967,11217197,1552186
ظروف سرو  مدل توت فرنگی,12164451,8367987,2821156,14176170,7674446,5548244,12453934,9872209,2432359,40971
ظروف سفالی هفت سین,996559,1626901,10815830,13950898,4261129,5428339,9570970,5150034,10768868,9133186
ظروف فریزری 1500cc,1864688,2261333,12213603,9141108,1558485,414587,1802368,7990598,9586937,12662004
ظروف هفت سین رزینی,2124125,13469479,1648360,5062268,4268372,9161608,6826975,12417844,2132669,9330978
ظروف پذیرایی,14380342,718132,11705624,3524979,2129272,6296693,6884317,4744930,14018731,10890604
ظروف پذیرایی طررح فرشته,4986492,6984508,7278168,12520106,12664128,7462044,8970641,1524858,1619768,532966
ظروف گوش ماهی,12914437,14523987,2872550,8387744,962101,921124,3755533,5782821,4165937,480743
ظقابلمه مسی,6829003,9119757,3657318,3458009,6446396,3701580,3981709,5821167,10692740,9846312
عایع کمترلی,17456185,7063890,8800744,1924146,5529084,1529575,9115881,13261389,146494,9393108
عایق درب ساینا,10162415,9732811,9516833,11194782,7033494,3469722,10122262,6460591,13634628,10612566
عایق رطوبتی بی ر,12106618,2894923,4850572,5261180,11409541,13148210,7954638,3265330,6308150,12830552
عایق ضد آب سرویس,6378150,12921564,11348511,14199778,2781637,860740,12124805,12981618,653921,8968351
عرسک دستی طرح گربه,80694,716113,4425039,12575332,5652898,15027444,12056902,162509,1806576,7423741
عرق پروهیل,7541011,11872294,8714551,3820358,14078112,3536593,7293937,13231368,7559080,10683941
عروس هلندی کلسیم,4214565,12634048,17589456,6060757,12899343,13379612,9717360,15390774,5521775,2854783
عروسك بزرگطرح اسموتي,571948,17536916,11558606,12149756,10045773,3941575,11675039,6453152,13239760,10689673
عروسک  کیوت   خرگوش,12318197,12375903,14023903,8293985,6013513,571948,4825795,1638404,4990008,7375515
عروسک ارسال رایگان,6508907,5055853,8730255,15247016,9897042,11161720,12774902,8017337,521121,5064582
عروسک اسب هندی,3628695,14574080,10528127,4528161,14554743,14128574,533354,74921,266499,9897042
عروسک انگشت,620316,1732149,5258935,9289318,5664068,3026760,519162,947718,4607814,10730025
عروسک بالشتی مدل هویج,5879916,14078112,9947129,12991404,6902160,6807225,13963533,790252,2973194,7994727
عروسک دختر کفشدوزکی گربه سیاه,1003390,5150034,4369668,7474345,11637871,8620945,15165767,6206347,9806934,11116973
عروسک دخترانه یک متری,11244895,11407210,16027580,13827543,3208664,13131177,2476616,14018731,14472064,9636489
عروسک روسی جفت,425857,5796314,2166223,589134,10805661,10852536,9786391,56912,7154852,8486799
عروسک سالاوان,12851647,11404947,537668,11512116,71942,5205149,4341046,11592187,15095964,5209137
عروسک سگ که روی تخت,10742490,4489668,2357214,6843443,4536071,5488302,2767668,10146144,1927795,7462044
عروسک شاش کن,5035423,8516352,2597015,7645751,340424,11223338,17217836,11270596,7816428,7477029
عروسک طرح خرگوش ۲۰ سانتیمتر,5181784,183120,5549883,4886374,5129444,1487519,13777064,4268583,7475432,13671627
عروسک مقلی,5813081,4415866,8902718,7374449,3346510,10131996,8673314,216366,282643,15294551
عروسک وودی گاوچرون,7492512,6190722,10082054,3778601,14721045,662613,2014465,3830917,15121526,14264177
عروسک پاندا نرمالو,12300886,10761877,2933367,11207726,3057987,1645222,623352,5064040,9357873,16216627
عروسک پلاستیکس,2745154,3876063,1577264,7235544,13012373,3277497,614287,804739,2676218,482116
عروسک گوشتی,13622794,7279314,1808733,7291575,7147625,6712337,4134877,13656897,4245075,7940220
عروسکهای پولیشی پونی,1020210,7165658,4043035,8000168,11707618,14544185,7102362,9652451,1770347,8934922
عسل بلک,12943759,12648431,5109437,1688380,7855730,14065867,142327,8852035,16971721,1519801
عسلی پایه دار فلزی,8824958,5371740,14036003,608534,10572753,6929586,584095,274675,2949117,506035
عسنک ورزشی,7618225,6239105,12600106,2561992,3833118,3984726,14556961,4532802,3666815,4417108
عشق اذدواج,11568979,101056,14210521,5618453,8933199,14764965,8339552,8044249,9475069,143233
عصا جادویی اسباب بازی,5483508,7801311,9094859,7729570,162509,1505567,2342736,461904,1140535,7283591
عصای سفید نابینایان,4197849,2015247,2032185,7987018,6748254,4516244,13103817,15379121,8749280,2308497
عصیبینا مایند گیم,12277034,2448796,3398369,5841076,3264348,2995939,7980019,138837,11596055,9177635
عضویت دیجی  پلاس,10111279,384444,6926013,15772253,2817052,3062509,7213087,4616527,10815671,8723324
عطر GREEN SAPPHIRE,6099091,82169,184924,11070523,1868597,951506,4593072,10347632,6553359,11244895
عطر Lira,12106618,3784786,10432400,6180333,10611243,150119,651025,5592158,1843483,15489612
عطر اینوکتوس جانوین,5054450,11419580,8186973,14457840,13581904,2140891,10618688,1037393,161524,8511358
عطر تام فورد ارکید,4145803,2597015,3098779,1605401,6560493,8387799,8670445,7619749,7596488,8531080
عطر جیبی زنانه اسکلاره,9136299,713831,13602764,7445177,4819160,6374300,10596165,6943577,9686682,9878083
عطر جیبی مردانه کرید گرین آیریش,7514224,54695,1806932,374678,7100817,2272565,1789517,10523389,9414390,10781225
عطر جیبی هالوین شات,8066024,4683221,2533881,10463434,3548085,12659336,13504571,3379854,4941927,11891856
عطر جیبی ورساچه یلو,3734565,13969235,11342834,1085000,8772003,6966279,11349568,405946,3269571,11841668
عطر جین پال,379621,8134825,7843326,8371040,2197659,3934246,12203063,9669100,186930,2781637
عطر زنانه باقیمت 476هزارتومان,6325240,2310389,12318197,12455954,882871,8984756,9360788,8968351,6851000,1734256
عطر زنانه فراگرانس,9302065,13969562,4475955,9001111,3257807,7181587,14693608,16858178,7493128,2864628
عطر ساواج پیور,9713027,11467023,12594084,15257467,9851720,10912200,8582515,6532707,12416760,4366604
عطر فراگرنس ورد,3644156,7451334,2091251,9422726,7285915,5075705,4104881,7479385,3432901,14271352
عطر لارک لاکچری,10082929,12774881,7241123,14985370,937828,6435705,8286788,12543936,5161662,11103549
عطر لالیک پرستیژ,7293937,9976901,13430705,3378428,3074423,7969736,4952671,2199154,14105350,13219202
عطر مهران مديري,10753494,10333025,10654402,12565176,4419347,791053,7440533,3865146,3245722,5469203
عطر نام فورد فاکینگ فابلوس,393078,1612355,11580764,11007251,13358306,6033622,4661132,9569556,3206052,13530628
عطر های ویکتوری سیکرت,4315264,13880861,5344498,6245130,4956004,4952671,5268387,2351861,594909,12363313
عطر ووودی سنس,6653298,11156752,193342,8282083,7603988,1980226,197421,2028711,3280349,6792674
عطر کنزوفلاور,6107940,16709388,1718000,2833159,412826,13782957,10206229,630081,12458926,13569337
عطر ۲۱۵,5089563,2411284,10804858,8732036,653921,6991372,7614409,7428555,4261129,4251866
عطر ۲۵ میل ورساچه مسکی,4233240,15233659,5865442,1753907,9819715,5112407,10480997,7550613,10747132,14292205
عطر ۳۰میل ایفوریا,15114946,6331516,2013405,12722869,14243261,1111878,2746114,13963533,665130,8902718
عطرchnc,3315334,11357204,9520539,8159256,5503358,287451,4647335,10148366,6350909,13012373
عطرورساچهبرایت,11512116,4157305,456337,1806932,14977026,219969,10653856,6593322,11707618,10290303
عقرب روباتیک,11625433,8529234,11419550,1555394,2610656,13827589,2171761,10343254,730045,626446
عقربه ساعت قرمز,6760868,8435633,4354964,996120,9169334,6976717,5587465,13141511,632064,4869443
علف زن شارژی,7514224,9039614,6167628,7490531,108540,156181,11443530,5116408,4378150,7142116
علم یونیکا abs,3955299,14006297,2022697,5240881,13804646,14340995,328565,14105831,10697178,7334223
عمود بر ر ونیکس,4268583,10277141,268240,10311550,602359,9446010,2067611,10498126,8084947,878724
عنبر پوبی,7978816,5753864,3984726,5165276,3178498,2129272,2610567,16592579,13415140,5190171
عنوا لوازم تحریر,9618503,286688,13942891,12457774,490435,11679069,534530,12427672,10055914,1021213
عنواع صندلی,6854659,17537520,6448085,11224344,9217198,2419368,14359691,532966,9390955,8578896
عنیک uma,367085,816444,2965700,13231718,13942891,552191,468522,8771613,7706929,9491143
عود مدل آبشاری طرح چوب کد ۵,12540137,5002501,1471612,1860173,12722910,10472005,12541409,6562476,6438146,9607810
عود مدل فلورا,6159749,14333673,10923236,11313296,2668036,1122950,1619768,1003999,9314740,14990284
عود چوب دارچین,9283557,3710946,13147836,5413819,17398361,7165658,17093058,760425,1905089,10532492
عکاسی کوچولو,4322738,10350155,487357,1804837,964286,10674241,52457,5652567,15246177,13024773
عکس  تخت‌ چهارطبقه,6349054,11150542,10220257,12939789,9815559,2969602,7989717,17601869,1120125,7337056
عکس آلاجیق,4671970,10784902,9139656,3605044,1760908,876629,961300,7997167,12075125,5378489
عکس انگشتر ست دخترانه,4197457,7422589,7337056,6631202,770259,10875835,108540,1590579,7265386,959898
عکس خامنه ای,3369509,12680909,1655174,6735488,9839599,2936817,5635948,726125,2724761,11630643
عکس دختر روستایی,5727653,13358306,9505521,640031,11236294,11214778,526527,31688,2053912,4452530
عکس رهبر وسلیمانی,5080871,4124800,8169649,383320,2944457,7220792,13880861,13579808,9615843,629090
عکس روی کارت رانکی,14457840,8683837,14331365,5036141,4601661,13939723,2230780,10972745,596481,9283347
عکس سوپرانو,6574559,11778310,624673,2689056,12149756,5357338,3051315,2069117,9761959,7241123
عکسی  رونالدو,3500901,12459822,3796868,7847866,9308907,6976256,3572983,6436457,4061084,7127873
عکس‌.مولا,10689673,13283717,14234612,5202043,4705655,12224131,13341550,4630447,6276346,14128745
عینک GANEG,2898190,15836024,9357873,537668,6095671,17637807,3984726,3656144,4728336,1904571
عینک آفتابی  بچگانه,12202419,13706806,13897697,3686404,13832741,1464377,10129178,13132596,8780629,5195847
عینک آفتابی اوپتیک اصفهان,3189791,10823610,526527,9118510,11035508,5785486,56743,942712,5180245,14514895
عینک آفتابی ری بون,9491143,5806302,12618675,2561992,13440432,12308731,2363856,5347861,143233,552599
عینک آفتابی زنانه آنا هایکمن,4738948,563823,11551035,1115788,1932704,11792453,7247698,11372593,363896,7547715
عینک آفتابی زنانه پلنگ,8285771,10111279,500264,2571099,14132342,6768238,1874470,806140,9177103,2294408
عینک آفتابی فریم باریک,5130999,10780879,13197805,14271321,2749547,715340,7380375,9864095,9724039,14024452
عینک آفتابی پلاریزه سه بعدی,7102362,2830753,7963204,11909673,7638525,8552325,5058143,9717141,6461093,10351598
عینک آهنربای,9732811,10560714,11269336,9395415,5961873,878724,7633230,715347,11145215,1511968
عینک افتابی زنانه مدل  gf,13593631,6796444,13282306,2793838,11097126,6892322,14199778,11075754,839031,787233
عینک افتابی مدل G2,6230942,11088610,6095671,11616787,8191595,3580571,8489421,1612670,4660654,390870
عینک افتابیزنونه,13983929,7814724,153508,6206211,4573008,274302,6681201,2333256,4230579,10697178
عینک اینه ای بچگانه,9578637,3017645,13527881,7963042,8386109,7091950,8191595,1064939,2415001,296151
عینک ایکس باکس وان,171977,4990008,11162265,2825886,1094947,10740002,10832056,13875404,8677650,1581754
عینک جمع شو,1150578,14514895,9516833,10157236,14391683,5652871,7003011,1452948,6139064,4871471
عینک دو کاره جوشکاری,11247860,4041666,9089254,3236541,3166341,10944728,8658323,506035,4836859,1683331
عینک دید در شب اصلی زنانه,6460591,2213318,619737,13918199,1439864,14760870,13530777,10903141,1149791,1942334
عینک رنگ فرم ابی,10528127,4532245,540796,9445099,542963,6913718,10635917,3221442,7436272,14312014
عینک سرجیومارتینی,10120510,4874779,10015130,12218381,6752724,13231718,26486,908356,11351156,1029723
عینک طبی بچگانه,1808578,9843310,14771408,1725361,2434476,9422726,1438846,8429124,4444018,2525798
عینک طبی دیور مردانه,7362047,9677180,10157236,5813081,3277497,1145291,9729133,3444158,6744529,14128574
عینک طرح عبنک تونی استارک,6389978,13939525,12688760,11690142,12311903,2308497,97486,9870251,12546851,1093618
عینک فلزی طبی,136984,7802622,5739874,12344937,9935382,9796558,8276226,68830,2938529,364527
عینک مجازی. قوی,1640291,9681293,207314,11106490,530419,23134,4549471,3734565,3400318,2100510
عینک مردانه,3740920,7958880,337494,9439568,2406262,697280,1683331,12534060,7269213,2712971
عینک مردانه کاوردار,7929922,9380520,6310212,14586691,14759505,8077717,9567321,7952832,9250533,9713027
عینک های فرم عوض کن,12455954,2533837,14151937,862511,12722869,6245130,5205149,10066747,10934228,433357
عینک کروم هارتر,8630838,3055781,8093927,15205385,11361274,1110843,2094624,1482105,5862804,8513506
عینک‌‌هوشمند,1688380,4565345,8708852,2349276,13976650,2682398,5746546,973138,7462044,6035112
غدثذای خشک رویال,10984536,6940852,1022396,7118751,16234113,10438847,6602710,10886706,5598466,2534522
غذا  کیمچی,14152346,4878993,5443698,9798133,4233240,11840984,11276364,9954981,7542677,9882049
غذا با,1496876,3871488,10618588,12282641,12216494,17992293,16026610,8820530,14250473,9745335
غذا خشک هپی کن یوریناری,12889866,8922676,11625433,3233122,649509,14472064,8577079,9356340,286137,5360007
غذا ساز seven star,12695788,5762016,13431892,7695557,11112937,11407210,6577358,7539519,17536289,10822319
غذا ساز الکترا,2242479,9878812,9470748,11165628,164619,9434505,5357338,38873,323611,2007405
غذا ساز همه کاره سون استار,14360609,2063886,2186330,486417,741130,15636106,6980916,2206978,8535502,11315279
غذا گیاهی ماهی,6770839,8259803,11942039,11909673,5419199,12318197,10253259,14014431,7542983,6204956
غذاسازهمه کاره,9133186,8834256,2118749,5679964,5109328,3730552,2636930,3790582,880451,13343888
غذاسگ ژرمن شپرد,8486799,4439658,15511163,734180,11594759,9562492,7952832,5095256,3792937,759520
غذای خشک  جونیور,3390678,1804262,6884403,7179227,10484612,6460839,7445177,1989272,8873557,775333
غذای خشک جوسرا,14116165,3068071,12427672,1614021,14091628,10644422,3881239,9197280,13025803,11558570
غذای خشک سگ‌گیلز,8838317,11517957,115561,514062,12097231,10897293,3490827,3400318,8503217,561419
غذای ماهی امروز کد T103,2945525,10722809,16613440,10189915,12799796,11722455,164619,8924210,6002837,7434537
غذای مونلو,9108448,14086563,11560128,9878812,11723131,9944694,3638241,505309,475845,9068845
غذای پرنده کرم,15937518,12222869,14055948,539062,7490531,9341782,74921,11281765,7134009,7340116
غذای گگپی,11481780,7521904,11360242,309830,12536422,11419580,10280312,10649152,5190712,10085302
غلط  گیر,2981561,9384920,8729182,7297459,8400609,2103525,7515632,12391533,8991413,12170248
غلم خش گیر 29020k,379758,5190171,17185045,12744393,10210459,10544388,9267983,347269,9250533,13991427
غوري چايي ساز برقي beem,7174761,12634048,4753019,1487519,9772859,3531299,6453152,12789773,4545023,12878488
غوی رو میزی,10523389,10262137,9875795,6459788,8163117,10311550,7776983,10343254,7139353,13602764
فاب a12s,202375,543,8943078,13153601,17210794,4626315,13710651,10362197,6768238,7264632
فارمند کوین چاکلت,13717213,1050226,987316,193342,926580,14453589,5148230,14274910,309830,8511358
فانوس,1780247,4280661,6953542,5026418,5748923,9833806,7576867,6526822,6807225,9101426
فایبر هوم,7391150,16026610,11636446,3387748,11152854,1760290,3365847,885682,2170719,961905
فایر دیپارتمنت واتر اسپریر,1558818,7954927,2734184,3640444,7295871,875262,10554732,2407152,9053136,9589386
فایرباکس زغالی,1425618,476376,2501174,6277532,4185887,6166323,1849719,4177353,997096,912146
فایل کشویی  سایز بزرگ,4206221,10856427,8423503,6170447,9321700,11106492,199083,1443507,3181280,5756007
فایو فور سون زیرو,9567496,9445099,5612312,9899588,14739156,10904951,12233240,14309629,7294795,13639983
فایو پیس تِرِی سِت,797290,10551233,695191,12283291,6484699,7213087,7454369,8423503,8552999,4366604
فایو کیلو پِینت,2097496,11165628,6838467,11311087,1695565,7278168,7205043,9401053,7199802,10996549
فایو گروو دریل بیت سیکستی سانتی سایز ترتی تو,8561802,3911995,2360509,4917171,11196611,880639,12325010,168079,5813081,1776517
فتیله شمع,6226528,7869818,7348309,3039913,3871488,1447978,12233240,5060451,1585520,2507543
فخرماسی,685587,6227495,3234768,12965291,5110719,13343245,14006784,11314151,6882679,1503088
فر برقی زیمنس,7258579,2523554,13816908,4934866,11346338,9234629,13239760,5542160,2067376,13983929
فر داتیس dt-812,3933746,9513010,1047824,2378379,14659658,1519801,619874,2970399,916897,542546
فر ه انفجاری,31644,6290252,730045,9795665,55691,5095462,426944,11419580,5373322,12656284
فر کنده مو پسرانه,14360660,1945353,10591265,13712573,7166735,3570870,13662403,1457546,15316254,11580764
فراگما,10279663,2585084,3550905,14264177,6775093,12542807,12504445,5941649,14095647,693887
فرز دان چنگ,8991413,410596,129694,3644163,806023,13528435,4402895,5092438,5129444,837412
فرز پوکا,10890604,8882003,6681201,388107,11042962,2888891,9385254,6323457,3500901,8764944
فرزانه مستعلی,11132726,6392775,11071024,1515420,11947958,2302424,1851696,12398907,1843483,1624566
فرست ایرپاد,2579717,3656144,3575224,7162291,7275212,6870884,1075479,670162,8132436,37261
فرش دستبافتتبریز ۶متری,52457,565994,712400,10346293,15514368,9294989,2492887,3246560,5005362,2275787
فرش ماشزنی پادری,7687466,2394240,9342140,1037109,3756468,7423741,6197922,4241121,9171060,4909407
فرش ماشینی ۱۲ متری هزار رج,63831,9174799,402097,4908919,6830905,12795710,3575155,534530,5126221,7663882
فرش مشکی,8537836,4244981,14218455,14220127,4202210,3382496,8695838,1080166,309830,11578379
فرش کودک,6245149,5664068,495439,1290089,983371,1645570,3101194,6557691,12952974,904956
فرش گرد بیرجند,12277034,4791585,156181,407488,12283291,1577264,364889,7691,3400318,890360
فرش ۳×۲,197421,8655927,12401564,284634,6062855,2768162,3419880,306005,837412,2051041
فرفره 29,4291477,2610238,5839476,1575818,5407342,71623,10479780,7106192,5159983,2032757
فرفره انفجاری لوسسوس,1629774,12987634,8223587,7100817,11108937,11942039,13942891,12957372,1153178,5585111
فرفره مدل انفجاری اسپرایزن لجند,2854783,185902,1586166,2029719,8093511,12062791,1416631,14413764,2644760,11643040
فرفری انفجاری والتریک,8991413,12543936,14484598,1518404,796229,6841625,14359691,9005933,624673,2971948
فرم عینک,8304319,9341782,13531438,312953,97486,8193958,8068521,3013565,2667217,807523
فرم مانیتر پارس قدیم,6891483,932152,1072595,17480967,49762,713893,12937088,11675039,3475356,17177349
فرمان تیگو7,8814788,133158,12664128,4291477,13200706,603611,7676113,6090847,3207817,8765904
فرمون ایداس,3160022,662613,384444,11098593,6248479,769897,389247,7190400,10240052,4563908
فرمون ایل ایکس,757630,6290786,1439867,3452323,2469861,7504753,142327,6774949,10434325,8414644
فرموژه رازالی,3322371,3431953,11463490,8683837,11410049,9745335,4049858,1114234,6770839,26246
فرموی نانسی,4257429,2285284,14399184,11723341,4765687,13380111,5264418,534631,4013119,6349644
فروت کاروینگ تولز,9005713,14109840,449113,7375515,2609936,8084947,13662403,3919055,2767668,4891946
فرچه انگشتی ناخن,576821,6585774,4155832,4747762,5592158,2365230,7394608,10661237,1440386,14495355
فرچه تمیز کننده برقی,10434382,11891409,2406262,597957,827203,9327243,14064817,14638250,699324,16204164
فرچه مخصوص شستشوی مبل,3315334,6247153,4909407,2926552,13454932,9308907,11792453,8994914,1763712,4418268
فرچه ناخو,4087034,178762,14116165,7955083,14663227,9216197,14042768,3382496,3627290,2901148
فرچه یا برس ناخن,7133888,5205149,62441,10897293,6438146,2212020,602199,12318389,817054,8068949
فریزر 14فوت,7451049,1486568,4682127,1122123,10886706,11942039,407488,14379315,4408025,487503
فریزر قندیل,3592999,15636808,10690988,11315279,854219,1863310,10133630,3867621,8400609,797396
فریم عینک  طبی  osse,10361389,11104578,8531080,10247677,515848,12660368,2579717,754380,8333179,589998
فس پرنده,777769,14554037,6065680,6577358,7877545,5727653,12075125,4935468,9491143,13798541
فشار بای پاس تصفیه آب,2050509,15895722,3545064,14554037,4682310,15379121,14074201,6653298,6836305,2110181
فشار سنج مدل hem,3532676,12064951,12877469,11581465,5698096,6278780,8883926,10040094,14219149,5306585
فشار سنج کولر تزریق گاز,8073921,3833118,428256,9947773,9342140,2453294,6818217,4791585,2579717,1516654
فشار سنج گالا,1634821,12576663,3506503,138306,10273269,5011442,2448796,1584616,6392775,14009648
فشنکی,13231368,14272240,1486568,313551,2293574,2732077,6827885,3359298,14128574,15772701
فشنگی ترمز تراکتور,16753709,13581904,11723341,8397962,9796828,861621,897119,10881540,5419091,736488
فشنگی هیدرولیک روغن,8498898,4696564,8481670,7423741,15595047,1602309,14006297,6349644,491322,11968382
فشنگی پکیج,804739,10464170,14017355,1725361,1662534,6431588,2205733,7283591,2752622,1732149
فلاسک mexxi,7524780,1763589,6459788,2860406,9554045,7108523,14240532,1093661,443008,7882390
فلاسک بنیتا,12710813,398852,3246519,13503755,13213147,2973194,9314740,9044427,10652816,685587
فلاسک کهکشان,4439658,8481749,8077717,2476616,1953011,10560714,1523112,8132070,3821449,7000516
فلاش رم16گیگ,5739874,184924,6650080,10311550,12905727,2555717,7761127,10902708,8237708,9337800
فلاش ۶۰۰ ای ایکس,539320,3429963,9714651,13340581,8718260,9846474,7295598,9638669,14638569,6787332
فلاپ  تیبا,6214633,11447064,815931,1153178,12455954,13354498,1432204,4423608,10332707,195015
فلاپ اینه بغل پرایدی,9573460,11942039,8348995,3062509,1882481,12821919,71461,9627102,9588977,10728359
فلاپ بقل اپاچی,7592410,9201855,4386912,7652099,281447,2465131,7947685,83472,4512980,4729870
فلزیاب ساده,13804774,11207726,1047824,4371738,6557324,9174799,2783887,11408972,1075479,10780879
فلسفه جان استوارت میل,13188635,8561802,15034899,6819000,277950,9724039,3765030,1154968,6238884,2523554
فلش ایکس انرژی۱۶,7380557,13494305,4729870,7731917,5031075,13727848,13227880,14574143,11238413,10740002
فلش بولوتوس,534402,2249102,11592601,14469461,7952832,12202419,2672678,124806,9235064,3170650
فلش دیتا پلاس ۳۲,677563,15367405,3445541,64316,5747445,7393227,15986310,13413731,12586759,7611671
فلش ماهواره ای بدون دیش,12294345,2732077,10968638,1942334,14378102,2507944,14554743,9557746,9684933,11852994
فلش مموری طرح هیولای تاسمانی,3539343,9641524,10245642,7406081,820870,526527,3198163,3549810,1122123,6116990
فلش مموری وریتی ۶۴ گیگابایت,14943019,12020076,7067157,8777045,7618978,14581595,14574540,7645751,11517957,651025
فلش مموری ویکپ,3825594,8163117,3575155,394057,13986631,3327411,9044427,42785,11593938,14380342
فلش مموری کوئین تک ۶۴ گیگ,5190712,2999253,4748512,8141377,7662665,385198,9749301,13471783,5231049,11506193
فلش مموریVicco,7929922,10237644,10238864,790252,6768238,1520528,12071121,2841775,7460246,1501452
فلش گردنبندی و قلبی,8824958,905385,4318526,8107171,10566257,15073378,7067157,3218826,6593522,1602309
فلش ۳۲ lonark,13012373,795328,5620616,7188846,13141511,12830552,12691832,13224953,10655608,977697
فلوئید ضدآفتاب فیزیکال سان سیف,7847710,10891628,14213476,12648431,7178449,144154,15952446,9255949,4251149,13413731
فلیتر کاغذی موکاپات 6 کاپ,3951436,13461620,11463490,803587,15073378,493952,544744,358187,9764007,11698854
فلیپ یوک,407841,12819153,11221056,576821,6461395,10751064,8087355,12375903,1827219,9630536
فن 220 ولت کامپیوتری,5449274,816444,8817686,4897005,9216197,3008567,1633485,1144032,11214778,11047327
فن 24v,7279987,11435290,4216113,1551517,11409541,3745959,11423012,5657434,4952671,6139145
فن 24ولت اینورتر دستگاه جوش,4887454,1792412,7060930,9893926,2919754,10842479,3523514,6460201,3497052,1003390
فن cpu کیس,9895237,10578732,80150,1461793,7917791,752467,3692410,669307,4048051,12684920
فن تابلویی ۱۰ در ۱۰,9293603,15636106,14512098,5488302,5419091,9180751,10815671,4305079,2525555,13163447
فن توربو جت کوچک,12775091,5812779,8366107,13568527,7983359,4834974,9101770,2537376,10611243,14181093
فن خنک کننده رادیتوری,9878812,306005,2393637,14890627,14544185,13466392,1023734,10302972,1804837,12694048
فن خنک کننده گوشی a12,5410960,6830539,7375515,9329759,9997705,9709614,8793843,13353223,6562545,12467982
فن زیر داشبورد پراید,1110843,9886572,5019972,6195938,14413968,2945261,5398220,6325240,4325093,51924
فن هیتر بلاک اندکر,10914314,8798809,9306396,394057,11270596,214841,1563637,5616229,1037470,761004
فن چهل سانتی سایلنت,1802368,12148937,5620278,7162291,4000750,8996055,93061,1887326,14050989,14055890
فن کامل کامپيوتر,14525482,3872759,5562610,12522406,13655115,9747174,8071665,3689934,14793809,712400
فن کامپیوتر آرجیبی,1844063,2137273,549513,4629071,284634,5266126,8770709,15873939,8563832,9872192
فن گرافیک ۲۲۰ ولت,13327900,899210,9336161,12587156,367650,8094333,9435157,9360474,480704,6882679
فنجان بوگاتی طرح اوپیوم,13167520,10527270,5460742,2052436,485090,1619296,8567079,10120510,7513569,12110498
فنجان جنوا لب طلایی,4660654,10719782,2441995,8307641,10741729,12949181,11275113,7275212,10057487,513849
فنجان زیر سیلور طلایی,11510141,11404306,13156440,494104,8118539,4575062,148327,9629625,6839209,10446405
فنجان لورین مدل ملورین,8318946,6997735,14250473,12628511,1898312,3162606,7943088,7722162,12100809,10842479
فنجان ولیوان آدریا گلسس,10132814,10968638,5350930,7742260,11695682,5274047,7455828,13399395,755465,14519554
فنجون چینی برای اسباب بازی,11866878,12110498,3500477,16749668,5193420,12594212,276319,11989700,1513242,9063227
فندل زیپو اصل,5407471,13579808,2941244,10066747,13085782,12212151,7676113,7586528,10617230,3258412
فندک flame,7291575,2258357,2672984,15260002,2552061,5587260,13737183,811532,5282709,8267433
فندک جاسوییچی,539647,13245538,2776377,2249102,5188656,6210801,10648392,1491939,8552325,6808740
فندک جعبه ای,6202877,6595635,2109104,17431061,1066894,455580,5618453,9609031,2101667,5874959
فندک شاجیدویستمن,3514157,4070674,9525590,13804646,12976560,10979517,3926163,11396255,5749229,13224953
فندک طرح اسب,11106492,314196,410177,1718585,11255090,456337,1709177,2214031,12421466,4226290
فندک طرحکلوله,11090385,8397402,2839217,9200427,349676,5483508,10661290,2965700,430950,1029949
فنر اسباب بازی طرح پونی,5403418,1922447,14874782,3632996,8884664,12926669,14157096,13783263,8315267,11145265
فنر سوتکش 405,9986629,4256269,518694,2051041,9239327,10638348,13384011,12647563,1378151,4931849
فنر فرانسوی تقویت کننده مچ,10719782,3148813,12043381,8478946,12957273,6460591,9151144,14037794,115001,2190909
فنر لنت جلو ساینا,12965773,31848,1127801,10886706,7885034,14882746,9864060,10860371,3138852,3169130
فنر لول اسپورت,6955660,11106490,4226290,10598469,13274672,14554731,10632942,537379,4065469,4851682
فنر نگهدارنده هالتر,2949988,9636489,13012373,5665364,1439902,11255216,3389938,9994878,17664542,771961
فنسی کیس فور ردمی نوت ترتین پرو,7504753,15372734,330159,2315554,8739624,6567845,13364158,4823914,7798283,10156991
فوت بست,1126203,2012052,11475653,7501115,924058,2137174,14091628,7533584,9513525,6500978
فورد جی تی,11920312,2833159,8582515,890570,9716931,12784245,6760868,1938623,12258492,5062205
فوم شست و شو صورت سی گل,5025436,10100862,9708003,337494,13816908,1642892,3796868,3179083,13526092,5720281
فوم شستشو رز الیا,8860964,7066450,4223955,3984726,4653509,2850289,73702,5406516,13358306,374011
فوم شستشو لدرو,4871471,11308070,7022529,6737394,1932392,2710840,9619427,10839890,334514,4172151
فوم شست‌وشو ویتالیر,3929078,1050835,4793273,252103,457298,15533994,2089470,13656268,6888770,9789567
فوم شسنشویی ژنو,7505548,269306,10984536,14037723,6808740,6435133,3591118,10329529,11433978,10115746
فوم محرک رشد دلتازکس,3408934,838154,4989781,623352,388107,5264862,4661330,1127801,1484777,3229372
فوم نوزاد موستلا,99127,6522340,8330682,74921,54145,1802368,702346,3254639,4348794,6367861
فون کِیس مادِل اِی تِرتی فور,15967853,4155832,513177,6998499,9525590,152422,13784427,14196425,4954108,10874215
فون کیس، ای فایو,1734063,5150034,2432245,4041666,9286195,717913,14243261,10320748,1045063,7695557
فویل روغنی,2973194,5061921,14262166,957790,6526990,13266648,11510141,10875835,1161598,10848612
فکر و  آموزش,7715882,12282998,14749791,14281859,3511657,10343254,10087528,6812434,14135323,3364154
فکم شستشو صورت  بیواکوا سیلسیلیک,13906032,1141733,2856776,8636262,8150060,6774949,5321832,191846,5698096,14096421
فیبر اب اکواریوم,23134,12990949,12212151,645600,6099272,6526990,723825,4192569,12005190,9480573
فیبر نسوز,12940098,379343,4800187,5069534,1036482,14144893,3179537,14336077,6448085,212881
فیتر کاغذی قهوه ساز,5005407,14793930,9063227,11560128,10352901,8985053,7922395,14471723,1792089,9780840
فیجت دسای ضد استرس,6204956,1128977,2050108,1689189,13185064,4202907,9788096,3382701,539062,11626547
فیجت شنی طرح موز,5813081,7205752,2066449,2268047,3578425,10280312,607213,4054354,1645570,8963792
فیجت مدل مغز,8586965,13526092,1022396,3016058,12284171,11625784,13763185,2610238,190122,8701936
فیجت پرنده دنده,14089667,15294551,3855137,7612293,13706806,1515290,1744686,3400318,2938529,2351888
فیس لیت ps5,6815361,13527053,9962261,14065867,6095671,7976209,8682841,11813652,13219202,8754662
فیسدوکس,6087736,4249798,1516654,5450132,14054239,3686404,12659336,728927,52412,11591216
فیش bnc پرسی,8884275,2126582,6850079,10396494,8975182,11609497,6992761,14275370,6554847,9048521
فیش بال لانچر گان,7247698,12904616,7506143,4512980,5536763,65292,4013155,10059377,8537836,3614592
فیش تغذیه از USB,1139189,319553,3332088,312953,5930508,14076582,5366234,820863,3656144,9585969
فیش مادگی ۶.۵,368458,2250588,9283347,9607570,9894892,9609031,9868369,2895142,14346588,7917791
فیش هدفون,2030253,7889284,3612361,5221431,33857,3951436,3372647,2222566,5785486,9645029
فیش یه به دو,10784902,4260861,9889442,15231794,9033542,4256612,8718260,7139307,5205826,11153458
فیشر آب میوه گیری,371256,862511,7980019,8949562,438429,552599,12441836,12433865,9502262,8348402
فیلا بندر انزلی,12220101,2834962,9105170,1956056,11246905,12213603,2067611,14076582,1605401,11261279
فیلتر تصفیه اب اسمارت,1942334,7396949,4314484,9161608,4534159,5685312,9296213,7924512,4048051,9398706
فیلتر دستگاه تسویه آب بزرگ,356507,4851682,3571154,3772284,3820358,9169334,2854554,4122281,5739874,8366107
فیلتر دوقلو یخچال ساید,14553599,8162593,8277238,14218455,9585969,3085247,7545746,733765,7559080,9895237
فیلتر روغن شرکتی ساینا,9239506,82048,2678496,13220379,7275002,5149251,22481,1447978,6252585,400168
فیلتر روغن پاذس,202682,8873557,14468998,14032551,5349411,14676761,7111030,14720281,11069323,349378
فیلتر قهوه مدل فرنچ پرس,5281087,6872675,4916098,2383637,833899,9493098,905385,6892322,11891409,2064685
فیلتر مادون قرمز,14980996,8774462,13939525,396033,12180114,5423191,14340995,336184,14162487,9341260
فیلتر ممبران تصفیه اب اکواجوی,8149411,7924960,3055781,8814788,4875708,2701359,13842343,3272499,755465,5792790
فیلتر ممبران ۱۵ لایه,15772701,4834974,8671752,765991,20559,14030174,10597675,12395584,9438140,11846022
فیلتر مگنتی,8004308,7529183,12131211,13145967,728927,11137693,9715584,1119662,4783176,2941363
فیلتر هوا s3,10892052,4971284,913831,7300449,8620945,9863628,2678496,8541903,2009191,6229102
فیلتر هوا اناق مگان2000,2666771,2109417,10229655,7866153,2206978,2009191,728026,2302424,8229659,14386438
فیلتر هوا فولکس,9693280,4649136,1923667,7914100,9786391,2965700,5072153,576100,5885141,9919695
فیلتر هواکش اسپرت برای ماشین رانا,10112729,9021822,892501,2381229,576100,2840245,4967179,14663227,6033622,733582
فیلتر چایی سیلیکونی,2710686,3896057,1440386,6406422,14799817,11729642,566235,3337746,96819,15593973
فیلتر کابین اچ سی کراس,836586,8225657,11032647,6448047,13341550,14410679,7222721,16216627,1552131,916897
فیلتر کیت مکش زانتیا,9071525,6759371,12671574,2023379,12595243,7275002,7876949,1844063,11433406,4097330
فیلتر گازووئیل کشنده داف یورو۶,10753494,13848972,9360474,83472,10368784,4597703,9126030,8943078,4405075,6269908
فیلتر گیر ماشین لباسشویی,13527053,7612355,13727168,3183048,48961,13163447,2182660,2533837,10875835,842691
فیلتربیولوژیک اکواریو,5748923,2511416,749476,6424957,12807344,12100106,11255090,6372064,4448013,9520539
فیلتررسوب گیرپکیج,1857547,539647,2976227,9641524,14196425,5069534,2763623,7836235,3730774,13280973
فیلترهای دستگاه تصفیه آب آکوا اسپرینگ,2714348,2898190,13907409,314384,7128270,3524979,8330682,11558570,9036871,10985290
فیلدر جاروشارژی,12407843,9700707,7866153,537668,1946671,5652898,2090561,6324209,1026247,3382701
فیله شیر استیکی,3701580,4441224,442730,3047128,6557324,4309206,3820358,728621,2275787,49393
فیلیپس 658,1620325,6806905,665130,6940852,10885725,8337405,9086223,3390678,2100510,11424616
فینیش دیشواشِر لیکوید,3554456,1422486,482666,8824958,10132814,8282083,10821081,9791693,7955083,8297769
فیوز ترانس,6062855,2014710,4249798,7038768,8507186,11070498,8800744,11866878,2885887,5664068
فیوز سه راه برق,476376,385198,14410946,14659658,5926516,6248479,2577240,14980996,11953252,16336108
فیگو ر انیمه شیطان کش,3785854,303259,162492,13782957,12453934,1411709,2429494,9659575,3679832,735088
فیگور  آدم بدها,5595567,13235104,1514106,10685206,1828722,12575332,13655115,17038129,17048438,12883002
فیگور water law,631598,3576216,4435713,11275113,8463027,1733659,10977036,1048946,3013565,1516895
فیگور انیمه ابشارسرنوشت,10244388,11026740,14862524,5264549,1122950,9872277,2728942,10566257,9563117,7517005
فیگور انیمه توکیو رثنجرز,3238360,2579717,5235259,75129,3098913,11475653,7497130,9843525,7314195,1508629
فیگور تزئینی,8423792,499049,6896633,7221868,581101,1077362,1132730,9562492,5607915,304696
فیگور تیرکس,14606650,5182103,93061,11790946,8866541,7289974,1710707,14391334,5223293,136984
فیگور حیوانات دایناسو,723895,14645,1085000,6170447,191291,996120,5779434,3537831,6450361,1159678
فیگور مدل روباه,5248502,14152346,3881239,6424773,3297315,14112919,1572826,4415290,7111030,1885744
فیگور مسی مدل پاپ,4486352,5466323,8229659,1562421,3605044,5304337,4886374,9557746,3705686,9800297
فیگور مییلورین,14565825,12297407,11255090,9105170,11336522,13274339,12889866,7601292,4302571,10120510
فیگور چیبی,13341550,2315399,14579086,10884328,15030538,9919695,12075125,13251635,1537340,2406103
فیگور کارخانه هیولاها,6007873,4347082,9054363,10472470,4753019,7847861,9005933,7858136,716113,7969300
فیگورقورباقه,8317281,3579546,12871160,14498545,6431666,5428339,4564067,10498126,6980916,12229027
قاب  a13,11103764,384900,2510748,10722809,3790582,13852850,9800468,3062509,4682127,13282374
قاب  تبلت ایسوس,9546468,5064814,512798,3833118,3368623,1595405,706778,5654096,935619,3690229
قاب  دخترانه زیبا ب ای جوشی شیمی نوت 12,6576917,11382636,4041666,2945525,6602710,3320722,4415511,8136665,8560835,937828
قاب  گوشی فزار نورد ایفون,9680078,78001,2842162,816383,5679099,3868112,1015441,3181280,11750358,9296213
قاب A24 ارن,4886795,598677,3066530,4353116,12056902,1861018,5294838,17589456,712594,7454369
قاب Poco X3 gt,7859766,259278,684205,1119610,2423504,10288460,804699,9738989,2461046,1020210
قاب Poco X6 pro,513103,3437431,12047718,11551035,6102391,5873413,9970279,8938625,14862152,5231049
قاب Tab a,6090847,4032241,11456874,14333262,17097822,904956,636662,9542290,1582864,11891856
قاب a12 انیمه ای,2787116,15095964,1780834,3571386,14008542,859481,9798133,6353974,512798,11419580
قاب a23 سامسونگ,476011,6276346,475424,285259,4587844,4624691,3228627,82127,698981,10961693
قاب a35 پافر,8408333,6252585,2307028,9033542,2075077,14279802,3540612,4423608,9222733,9906836
قاب a73 هولوگرمی,4608283,10839017,1956056,917875,6562545,5004533,3085247,251724,812887,4041666
قاب honor y6 prime,8630516,6141650,5696383,3517431,2767413,2529858,2455351,4744930,190122,12463754
قاب m62 ساسونگ,1813686,489695,12807422,1568281,6413628,3549810,6013513,8580963,14574080,6225235
قاب me11 lite,7691,8028665,15087762,989332,7734681,7862940,4306831,1942334,14724466,192498
قاب poco f4 Gt,13924135,7222721,7268142,4871471,12708949,4022270,4415511,7559080,14894786,341682
قاب poco f5گوشی,5266126,12120907,9980852,4419347,274302,4818336,12229027,6801649,12235594,6223265
قاب redmi12,502687,12592698,12656609,2258784,12648083,9244901,7211105,1875365,2583919,9667367
قاب آیفون۷پلاس تراکتور,951998,6360785,8186728,12600106,3644156,13673427,284634,2960094,6431588,13906966
قاب آیود,6158866,1792089,11410049,7932823,4931636,6343668,11116159,5806302,216900,6940473
قاب آیپد مدل,11209558,5066622,2956453,4104881,3618324,6231066,8890436,8618394,5884397,890360
قاب ارپاد کیوت,2561758,3582917,4419202,6241499,1857547,883904,7185932,11116159,41099,2993408
قاب اس ۲۴ الترا,13716822,1921465,5205149,11241363,491322,1844063,589998,8804022,4984375,448364
قاب اکورایومی طرح لنز دار m12,4369697,7788990,8913983,631027,1026247,7819136,1048014,14064817,33589,3792052
قاب ایرپاد قفل دار,10237644,12401047,12558561,204608,5408675,4121114,6578308,2387043,15627975,48690
قاب ایفون ۱۲ پرومکس کیفی,11333471,7348309,37686,5346945,282730,9124465,6806447,11580764,633484,947718
قاب ایینه چپ لیفان,5807161,12508996,9861439,5536763,635310,6343668,12607232,14608584,9242187,3112577
قاب بازکن گوشی موبایل یاکسون,9308907,5396489,9370,4296039,2490223,11781177,15196681,8070256,2007653,1003107
قاب برای حبوبات فریزر,16006742,7127873,7603988,14065867,10117064,8891940,10651505,13581904,50718,7924512
قاب تبلت اسمارت,4235617,12934720,349671,4105740,104851,860740,7959398,8902718,12535621,8304319
قاب تبلت تله ا,5371740,9231800,1770347,10544388,490435,9326693,8682841,159657,6839209,1586166
قاب تبلت سامسونگ گلکسی a۷ انیمه,5587465,11711364,16998315,14112182,13000495,7338292,2007653,6958247,1915548,9764007
قاب تبلت لنووا 8505x,879091,9250165,1529575,806140,14176170,3283047,14181093,11648685,7407820,10923236
قاب توالت فرنگی,9291384,633387,11199716,9909994,2672984,9899588,11404947,587821,3306896,960381
قاب جای ظبت ریو,14509327,7161046,7323361,7275002,9623810,8329320,10554606,1506889,97756,8800744
قاب درب کولر گازی,3701566,8017337,1508629,5855224,12710813,1558818,14354432,4261129,5357338,7365891
قاب دسته های پی اس ۴,6459788,13847395,8917094,11475653,9478609,37686,2137967,6278780,810426,8169649
قاب دلار گوشی شیائومی نوت 8 پرو,14793930,4626056,7402345,4196851,12260841,7564833,11463490,8355017,2568772,3955299
قاب دور کیلومتر خودرو مناسب پژو قدیم,1932392,804925,12775091,11588770,4201913,1057886,4418268,10237644,12324455,7283591
قاب ریموت تصویری دذدگیر,4569256,4286480,5077679,2153646,10335726,9106893,12817985,5776870,224150,7016098
قاب زربه گیر گوشی ایفون ۱۳,9659575,8203862,10651437,11314580,9326693,2094664,17037730,1944985,515133,183101
قاب سامسونگ A14,3400272,6118411,11405801,1808258,8739501,5907296,9423172,2679897,12004169,6902160
قاب سلکونی شیامی نوت 12 G5,12910731,9378158,11025870,8133642,3804921,5890764,11382636,1505567,736488,82169
قاب سنسور دنده عقب مناسب برای برلیانس,12164324,4207087,6926013,11610493,4519838,8578896,11456874,14365697,5156672,2333256
قاب سه بعدی ایفون ایکس,3876416,1628531,7956277,6890835,10097967,1905130,10603317,16998315,495439,4366604
قاب سه کلیده ریموت  دناپلاس,8422631,9877650,14413764,14207701,8280670,8359706,13986631,13363407,769897,13876480
قاب سوییچ405,12878488,199083,15325496,11852994,6650714,12664128,10173363,8402429,13105650,14390411
قاب سگی خفن گوشی,14391683,13963533,7591088,2309345,15096900,3519765,10514238,11246905,12349726,10329529
قاب سیلیکونی  redmi note 10pro,6448085,8895120,2763820,9838220,2933479,12643128,7781648,11464521,13301972,623637
قاب سیلیکونی نوت ۱۲ s,4433578,8203862,9293603,4866896,1426823,2058772,5534645,9401053,3389938,9782160
قاب سیلیکونی نوت ۸ شیائومی t,5528497,381254,6548170,13167520,2911194,8472321,14578891,5364951,7902972,2068072
قاب شفاف گوشی گالکسی جی ۵,157448,13983929,7065338,9480418,1457546,12349726,715340,7788990,7432686,8770709
قاب شیائمی زدنی نوت 10s طلایی,11071862,14982487,7908031,464362,5807161,7178053,14519554,4124800,6997676,13533011
قاب شیائومی 14c,7947685,10903141,3721024,160392,17642899,1452948,6007873,9529336,2540239,3087141
قاب شیاعومی poco x3 GT,5027027,757391,2792992,6760814,8986359,90520,12458381,3403213,306005,3068071
قاب شیامومی نوت 8,6980916,12633409,10156991,7373577,1809269,320657,252103,6533827,12120757,12648952
قاب شیامی 12 لایت,52824,7709648,4466558,3400868,11249452,187585,2130522,2069117,16051918,6991694
قاب شیامیx5pro,4409667,8387731,5710882,14214794,3229989,4452658,12131211,13471564,12152772,9869248
قاب شیایومی 13c,9021822,152422,5054450,10218962,9384931,12453877,4276790,8304319,1938623,9382384
قاب صورتی برای گوشی هواوی y5 سال 2019,254080,4348794,7847861,179460,159657,7437726,7556398,5996903,6327528,9062550
قاب ضد ضربه a7 2018,9863317,13002646,5922059,9260890,11568979,9722881,13981188,3258412,6474778,6732562
قاب عكس قلبي,7022529,9493098,11361274,8714816,4448013,4783176,9321700,2238243,830064,7461831
قاب عکس حضرت فاطمه زهرا,13160534,5202966,11228214,1605401,14287592,2888891,6459788,8884238,3358668,8445425
قاب عکس سالی وود,7587493,9780426,8541903,4270359,11419550,117568,2137273,5223293,436241,7270861
قاب عکس سه در چهار,6247336,2661622,3628695,549702,7761127,2008349,13710651,1490799,4486220,1122950
قاب قاعدگی,806227,17025073,12965773,9747702,1378151,15502469,10097967,3289173,9970279,9110721
قاب لنز کلیپسی گوشی,946160,10245642,3780778,13947776,12123595,11652937,14696,1079839,326100,8883926
قاب مانیتور خودرو برای پرشیا قدیم,482116,671036,14271321,8873626,9357873,5112626,3238403,11852994,3750835,8631215
قاب مدل گوشی مترولا ۱۴ بتمنی,13816037,2662413,3500901,12402803,80694,10472652,2450919,5907296,11101125,2006069
قاب مناسب xs,11772475,2927696,2849057,8873557,458555,10768868,9836112,2277393,16721016,14295812
قاب مه شکن ۲۰۷,162509,4014257,15073378,2257675,7990655,9645029,7199802,4585575,999262,3183082
قاب موبایل iphone11promax,899210,13786741,14541067,13147836,17751721,3994804,1828722,408153,7545746,467306
قاب موبایل طرح فضانورد a32 4G,10550567,3266048,859931,8351078,2501820,5892803,8448494,1851303,2081187,5620616
قاب میدرنج 10اینچ,1868597,9886572,142598,12230709,3539343,3683822,8896427,7380375,13717450,11851294
قاب نیو اسکین ردمی نوت ۱۱,7394608,749485,8852035,134840,12637319,8759938,14210521,8891000,16752010,3855137
قاب هواوی میت تن لایت,1663833,5171083,7563592,10737095,7038768,8391414,9216197,4547127,8536946,12532616
قاب هواکش عقب پژوپارس,341677,10599126,3934246,734233,2767668,7431580,269151,7632776,16537303,12594084
قاب هوای y9s,4616527,4189613,12224131,8681180,13712573,7199802,4565345,926580,1745551,10730025
قاب و شاسی اصلی نوکیا ساده 230,7373577,13581904,14042335,7004735,7022444,917261,5892737,569376,4810218,12886918
قاب پشتی s8,8884238,1526337,11423012,2103408,9422675,568650,8371040,1447978,13969596,6105665
قاب پلاک مناسب برای زانتیا,14187695,2220861,728026,2285284,14763533,14607379,3810323,12747983,374011,2487012
قاب پنل پخش پایونر,16455986,13906032,14763533,5741169,2698211,4207087,4264439,6992761,9623338,458555
قاب چراغ مه شکن چپ خودرو 207,3722838,11699162,10487720,873644,5385015,7967010,8636262,12365445,251724,8469468
قاب چشمی دزدگیر,13266648,9545062,5417052,1725361,6061721,6774949,13323051,7758153,130176,4057122
قاب ژلی آیپد پرو,10689760,1037109,8684709,190713,1956056,7967010,1558818,10253259,2675502,9843310
قاب کافه,2032185,2581733,6808740,10464170,1447966,17981346,712400,5652871,5630888,13530777
قاب کلاسوری نوت ۱۰ پرو,4875708,10720087,2430131,8522727,5406516,10240052,8421261,4209856,5294838,7722162
قاب کیفه برای گوشی m13,284046,2792992,1127718,693887,11035508,9315706,4878993,6092808,8639614,2191995
قاب کیلومتر405,9554045,7274780,11019622,534402,5347861,804925,5347419,70325,202405,13816037
قاب گارد ایکس برای a54,10615202,12991404,9699777,3919520,410596,6261040,6838163,2932463,1471612,5073393
قاب گوشه 50a,6011939,10164226,5274879,7624816,1533016,4475952,3592470,771961,2680052,4514009
قاب گوشه سامسونگ گلگسی هفت گنگ,9246246,12247887,12575901,5389706,8111206,693325,12648743,847989,9684933,7053936
قاب گوشی  A 24,2839557,8507591,7917791,13085614,5384390,4916098,12401564,9268477,542963,5343905
قاب گوشی  mi 11 lite شیائومی,7556398,7640136,14277291,2678496,8023443,9516833,10864424,5205149,6276346,974348
قاب گوشی 11پرو,180912,5762323,3308291,263737,12055540,9629367,7922600,4356887,265143,7751621
قاب گوشی A40 بی تی اس,3000679,10218962,115001,1482145,532225,4935468,914077,2095608,9530686,3389477
قاب گوشی A52کیوت,7922600,22978,833471,12222869,2383451,7167500,1129343,803587,3818328,2388884
قاب گوشی Ao5s سامسونگ عروسکی,11711364,17085140,1645570,11380006,3868112,1827219,4590811,9524821,7969300,15414041
قاب گوشی C53 ریلمی,12090299,151725,7758131,1743832,3872759,2079564,2032757,2364525,11342834,6803405
قاب گوشی G plous Q20s,1586166,9686380,2610238,4291477,905385,6484699,1050835,2041020,8675578,9717168
قاب گوشی HUAWEI Y7,8159256,12504445,4753019,6854553,6148399,14157096,966563,10680006,5011442,12387366
قاب گوشی M 12 سامسونگ,3254639,515848,14891626,1001967,6943665,82093,3638078,138844,683854,4867366
قاب گوشی MGSAFE,6884403,8509775,9141108,9000958,11562239,10110079,217153,7742260,1502558,7799532
قاب گوشی Poco x4 poro,5148230,8004738,7947685,645879,8365210,12935923,3437,8824958,3523514,9911195
قاب گوشی a12 عروسکی دخترانه,1161275,8215692,9027322,10472005,890360,7374449,3815764,14494540,5410960,7524780
قاب گوشی a20 دخترانه فانتزی,144966,9251888,13237992,143608,1710162,5460742,2864628,1554506,3111577,179951
قاب گوشی a21s اویزدار,1572826,343482,14257955,812887,6562476,157424,3710387,7922395,7294241,3457566
قاب گوشی a25  5G,11547843,5497765,14152346,12775038,3125401,13712573,24775,8332806,3308291,13128770
قاب گوشی a32 کشویی,9306396,2050509,7497665,10358668,4545023,7951437,35523,7701298,10457347,11591216
قاب گوشی a52,7295871,4984375,12587156,7391150,50675,10472470,10611243,6377946,2682398,707892
قاب گوشی a55سیلیکونی,6728368,162509,123215,15216852,5119105,5803476,771961,4823914,12956290,4978160
قاب گوشی a6پلاس ساده,2109104,12518784,14333673,3981709,8244011,8774462,7969300,9422726,5446799,3048569
قاب گوشی cr7 iphone 13,1949513,2961825,2094624,9272294,8890436,3929078,2394240,68695,4887454,4076941
قاب گوشی mi 10 t pro پاندا,431367,7506039,5143645,10536713,4322738,734314,155877,15068848,8630516,411197
قاب گوشی redmi 9A,736874,104511,7734681,8098125,14862524,9294022,9861910,4517402,10611401,4356887
قاب گوشی y330-u11,14523987,4911193,7265386,5421011,11578379,5873413,2453294,7332407,8348402,1480794
قاب گوشی y7 ۲۰۱۹ برجسته,15989810,13369159,14182497,3232487,259278,9717141,502687,10034337,6526990,9741936
قاب گوشی آیفون پنج جی تی ای,6118411,5632277,2538094,1874470,4644665,6843443,10479698,14973035,11625784,5460742
قاب گوشی آیفونایکس,883904,4952995,1918189,6393459,7836765,187585,9527609,8052513,14262609,2413323
قاب گوشی استند شو,52824,2091251,6754789,13954676,8387203,4615249,5752183,13982222,11418399,8895120
قاب گوشی الجی کاکاشی,4489476,10566257,4487521,728168,7124918,2676218,2285284,4901144,12247887,12673403
قاب گوشی اولترا۲۳,2373857,804699,4677719,17113088,5469203,11695682,9715584,11128040,15197364,10674345
قاب گوشی اپل ۱۳ معمولی,3000679,2949512,7300449,56912,138844,10434382,14043492,7844352,8320625,4276790
قاب گوشی ایفون se,2008043,5064582,5432465,7720365,7289974,7445177,4290740,7461288,7165658,3598086
قاب گوشی ایفون هفت پلاس شنیل,6533827,17145362,4226290,7067157,7600535,3782930,9329090,15294551,3048663,7797203
قاب گوشی ترح موتور برای M11,7605704,495136,12549554,7697738,3595884,10823610,3971425,6860798,8286788,15306465
قاب گوشی خفن مناسب a12,5426868,5385015,17431061,6936033,743370,202703,9709270,7374449,7915316,5333465
قاب گوشی دختران سامسونگ,1029673,608655,552307,12560315,12490009,11923642,14693608,10611401,9069160,2213318
قاب گوشی دوازده پرو مکس,10335726,1882481,9174362,1699984,9141108,916313,7770517,5134415,13322394,5083435
قاب گوشی ردمی نوت 11 پرو سبز,13950898,8106665,2103355,13100447,1562421,6145047,2290116,14771408,9001111,3993200
قاب گوشی ردمی نوت ۱۳پرو,14759198,6278780,10527339,9951863,7144000,12016209,12398907,6408344,5698096,12950074
قاب گوشی سامسونگ    s۲۴  uitra,371256,480743,6116245,11188019,2721355,6593522,11443530,7935982,1923816,978692
قاب گوشی سامسونگs24fe,8891940,13364523,9965789,2133970,6213165,7088760,4235421,230499,9872192,8817686
قاب گوشی سامورایی 11tpro,12998878,12506080,8869441,14281859,3457766,314213,224382,14220127,1677625,3540635
قاب گوشی سامیونگ j7 پریم,10480997,12588040,1515420,8004308,532225,9516833,17113088,6072525,697280,6939250
قاب گوشی سیامی نوت ۹,414587,16006742,2787336,3954961,3536591,5116408,6431666,9647229,797290,12694048
قاب گوشی شفاف m11,4270359,12640343,8053291,6993065,12172280,7924960,6371134,2170719,4181452,6450361
قاب گوشی شیائومی 10c,9629367,2715002,8896427,7856934,773877,2250588,5585111,9063247,10082054,8718260
قاب گوشی شیائومی ردمی  8,177299,12926669,8526695,2257125,1139534,14525482,12999394,909042,15186788,8183334
قاب گوشی شیائومی نوت 12s پافری,12454100,5050942,1666656,9475069,6654067,1802368,17601869,5182103,7094941,2450919
قاب گوشی شیائومی نوت پرو خرگوش,2457634,771961,14116165,7140776,20388,12522411,10343254,11995524,2394321,9729133
قاب گوشی شیامی 2a,13105650,10661237,7601292,9329090,11999163,10860899,6239105,9917529,2901148,136984
قاب گوشی شیامی مدل Redmi 9T,6770083,7451049,10605416,1489256,12956290,7602918,5221431,67965,10251101,1167986
قاب گوشی شیامی می ۱۱ لایت عروسکی,8683837,11476129,13121363,476376,5419199,3185092,10385896,364889,14315407,4242148
قاب گوشی شیامیRedmi 9A   بی تی اس,6863297,3855570,2249102,12691832,761211,6206772,10290303,7788990,10653856,12293267
قاب گوشی شیاهومی نت 8,143761,1845303,1848840,2696573,10126465,11266518,6562526,13367746,602111,4202907
قاب گوشی شیاومی Redmi nore13 Pro,775333,396033,6129574,13213147,7289290,5109437,2419368,4573008,6152802,685446
قاب گوشی شیاومی not12 pro,797290,4551871,7608860,9382384,8449261,6622267,8418553,9893926,6779488,16130108
قاب گوشی شیاومی نت دوازده  رباتی ردمی,1075108,7924512,7461288,5505856,9080322,14874782,10190962,3164744,5018045,156097
قاب گوشی شیایومی mi 10T lite,8924210,3935194,17607188,1632582,2792992,77165,5385477,4314126,7908031,3988597
قاب گوشی فانتزی  دخترانه a14 سامسونگ,1930327,166234,15055116,10268467,9238765,749476,11640834,17039636,17815509,11241494
قاب گوشی فانتزی سامسونگ a71کرومی,3598654,1539493,4520505,13615782,2909460,855953,5720202,10904951,4151594,358187
قاب گوشی فانتزی و کیوت سامسونگ s8 دخترانه,633507,9208067,2100510,13639983,5845932,7709648,17088276,1718000,5193420,1628655
قاب گوشی لاوا وی ۸,10498126,10674345,10887699,2554355,5304337,82573,5425836,7706929,9438140,936338
قاب گوشی مدل deer سامسونگ a33,10912200,7655336,7604444,4337355,14220127,3330793,433182,384444,7963042,7600535
قاب گوشی مدل sm_a015F,7835167,13254387,8208392,3773186,6958247,6975559,3289306,13880861,6976256,7128898
قاب گوشی مدل بتمنی ردمی 12,559882,11510814,12691832,9351509,5123200,11404306,8589994,12212151,13961466,9863906
قاب گوشی مدل ردمی نوت ۱۳,4210424,3550505,5719130,14990284,8422631,14250473,6932366,3575155,9554045,5059161
قاب گوشی موبایل X20جی پلاس,7423741,6293939,8824586,7703696,7542677,4430288,3074423,8945874,12673403,7035312
قاب گوشی موتورو گوشی موتورولا,3283603,15127930,5948638,7178451,9786391,912948,26709,9077569,12804885,8272088
قاب گوشی موتورولا 72,3825594,13402069,8548321,2731192,4517402,11173228,11506193,7230201,3400272,939238
قاب گوشی ناتینگ فون ۱,4197849,145838,7914100,7295871,14287592,3083082,9826552,3505056,7998713,11826104
قاب گوشی هانر ایکس 7 عروسکی,6274414,3644582,12680909,4184949,2013405,7913417,4707890,1760985,6163212,12431846
قاب گوشی هوآوی nova 8i,12891981,14793809,129694,3561465,6535734,869662,11349568,11769387,4419202,10183601
قاب گوشی هواوی g525,3809063,6408344,3327411,5193420,7172933,5119153,1863815,607213,3571154,41099
قاب گوشی هواوی نوا پلاسساده,1901333,10683941,5620722,6748254,1616592,9935382,10217020,4355056,519162,7180091
قاب گوشی هولوگرامی هفت رنگ off white,3825801,2388884,11682472,815931,5432465,513177,915219,476376,15128623,3213581
قاب گوشی پوکوC31,8162593,2821694,472358,14439591,178762,4460787,756145,9530686,3398205,14208498
قاب گوشی پک ایکس پنج,4863462,9364733,4417108,12212151,6792674,7884372,6293076,3039913,1516651,1037393
قاب گوشی ۱۳ a,7221141,10691718,16432146,8395302,2106764,13070262,12869215,7876949,12054697,5483508
قاب گوشی.poco x3,443008,10728359,8098125,14262609,11911364,14754405,2425682,80316,463273,3500901
قاب گوشیA03sدخترانه خرگوشی,8032608,1475568,7835147,13318293,7787605,168079,6575740,8395302,2976227,12106618
قاب گوشیA52 فضا,5884397,7465654,9198712,6580689,258247,11457161,7340343,7308250,8191595,559882
قاب گوشیa60 سامسونگ,6932366,9147653,10693590,8949562,12180114,869662,4559139,78001,8081582,6681201
قاب گوشی‌A31,10240052,11410958,1664086,2554355,1932392,9132888,5298345,3470463,2993448,11872294
قاب ۱ شفاف۲ پرو,8206881,196762,12664128,1568408,5659020,7922203,3549810,5228840,11380006,2133970
قابs24tra,10693211,217019,8909113,12504445,9357873,5011442,8286788,2050108,594909,4241922
قابلامه kzp,3118113,407841,13220379,539320,4328920,8880977,6448085,6356790,14030174,7334223
قابلمه mgsسایز ۵۰,8800744,1110715,4729870,8203862,1140070,8384280,11866878,5117308,3524979,9200427
قابلمه استیل نسوز,5245403,5036141,6602710,1075108,221090,10500732,16793428,10287333,6338303,10066747
قابلمه رویی شرکت مهروز,14519554,3437,2608053,4999495,12594084,7248029,8391149,14391683,14176170,1813686
قابلمه عروس سایز ۵۰,5503358,859111,155877,16336573,9584036,5620722,4528161,3686404,13235338,5557830
قابلمه فورته,9062550,3027097,7644331,14793809,11249656,1432835,515848,4051553,6836434,12662591
قابلمه مستر پرو,10823610,11185198,314213,8513848,1870307,115001,787425,7537782,11266518,11075754
قابلمه چدنی زرساب,7282833,97756,4640717,456337,6099091,14556961,4941927,9897042,9060954,11274192
قابلمه کاندیدقهوه ست,4207087,482,3645126,14386438,11589912,3039913,1006905,472306,2752622,4452530
قابلمه کرکماز ۱۶,6167628,13655115,10923236,8310880,2491087,1573576,2212161,2031949,10946286,8732036
قابلمه کفه لیزری,699252,11557366,3277497,83472,15761801,11997868,2610238,194931,7192914,6755271
قابلمه ۱۷ پارچه دسینی,6998190,6417834,2958150,6092284,2032185,10781225,669307,10903361,763107,17815509
قابگوشی ام ۱۲,11196611,5262741,182309,11568979,7229796,5785116,2561758,10566095,15967853,1945353
قابگوشی هواوی ۳۰ پلاس,10690988,5398220,3809063,2279639,12054697,9396692,5482819,3592999,10172799,13905556
قارچ کش و باکتری کش گیاهی,9684535,431367,12093910,358809,3956184,13951101,2538094,9607810,4354296,4492609
قاشق و چنگال دونه ای,8386109,3437,3598086,3257807,8392552,9221710,2351153,679366,709944,11404306
قاشق و چنگال ناب استیل مدل برلین مات,6884317,4256269,10025189,12592698,6787215,9197280,8435633,14272240,7200364,12691832
قاشق و چنگال چندکاره,6148379,14410946,8517823,8107171,5133583,5926917,10279663,632064,3618324,4099036
قاشق و چنگال یکبار مصرف,7370328,4204893,14188564,9688202,721672,4917171,8232361,9357417,5073393,7340343
قاشق یک عدد,13325975,2614137,4660654,5362159,5790627,12990949,26486,4642638,4260861,1078142
قاقچه پرایدی,8688900,9664817,458555,9632153,2381178,2776377,9115881,2227589,8394489,11351156
قالب بستنی کوچک,6152102,266499,6855429,7975822,12064951,10958076,5652898,13531141,14031452,9004108
قالب تزینیض فلضی,9881235,10229655,8276973,7396949,15072221,2586263,312368,10674241,3204480,11900976
قالب دسته کلید اکواریون,12442344,50796,5035948,8519455,913351,1432204,9931729,441365,10620531,15247016
قالب دستگاه پوش فیت,2094664,15980268,10082929,3815110,13321487,4340475,6587059,3238403,721672,78001
قالب رزین اپوکسی,108573,7561144,9372677,1789517,2436338,11827932,8339334,3570769,14045908,2103525
قالب رزین اپوکسی حلقه سایز مختلف,9799940,2793838,31744,2614137,11224344,7680985,6099091,12260841,8371040,2429494
قالب رزین حروف,11394257,3578808,6335260,2110057,5449274,3050864,6443194,1984456,14024452,3889239
قالب رزین مدل سر,8384280,13369159,6461395,1738079,2986271,734180,13804774,13144366,7147625,2025154
قالب ساخت  زيورآلات,12943759,12878488,1592884,8929380,7518451,9283347,8365337,5688544,2487676,12892691
قالب سنگ مسنوعی سیلیکونی,2661622,4854648,9272294,2294408,6829003,12021769,3511923,2129272,10583707,6970871
قالب سیلیکاتی,4829705,14029625,192276,3790582,6004716,2973194,14479735,6092808,8077717,4892096
قالب سیلیکنی,10011361,4675504,12709456,429105,12375156,3307683,487357,2536578,9215637,543
قالب سیلیکونی رزین,26757,6854553,6986157,7674470,8421261,2745154,3537350,6374300,7836235,10930347
قالب سیلیکونی ماه وخورشید,9896560,299236,12190959,379200,1047021,4486514,379758,147439,202993,7219645
قالب سیکیکونی مار,2945525,7954211,14089667,12671574,963026,104851,3166341,10463243,6392775,10665659
قالب شمعی,5890764,12889866,3539005,5170003,6524315,676111,7761127,2679897,3294846,886651
قالب صورت اسکلت,14151937,7638641,1586166,712400,604326,3997038,10134957,7053063,7038768,8503217
قالب ظروف طرح بسقاب,80694,10343254,7142116,4184340,6660785,1585425,8627776,6806447,9276686,14612250
قالب فلزی چاه,2586263,9403178,7506143,8481670,1134379,2381229,341951,10260791,6356790,1660828
قالب فوندانت کریسمسی,2887055,14076582,8230805,6035112,6940473,7796412,13274853,7206667,2832628,9529336
قالب مالد ارکیده,16432146,6752724,11116973,7624529,11404306,8235932,4433578,10703295,8955395,6526327
قالب نرده باغیچه,48690,887927,2993702,7086864,8449627,5618276,9326693,296290,4378150,9304907
قالب پری دریایی,14398220,11920312,4397081,2171400,9106893,5366991,10066747,16336108,2171811,7946573
قالب ژلخ مربع,4786483,8111206,6245130,6561991,1504171,815931,17314096,3569970,4818336,806089
قالب کاشت  ناخن,17058307,5442074,7308250,11846022,1506889,59446,12760388,12463213,847989,5109328
قالب گوشی s21 فانتزی,9941383,749119,9243998,10578732,9053136,9252574,5717374,9315706,14490208,307095
قالب یخ طرح,1130441,9693280,1110843,11476129,4105740,3325837,11675039,524407,13613146,4088765
قالیچه درب حمام,9377384,7050231,11944757,3341501,11160874,5427924,10693211,839031,5258933,3138852
قالیچه دستباف ابریشم,12419954,5620616,6062855,869964,13466118,962101,8057538,222399,26666,11419550
قانون ۵۹ ثان,14220127,224382,4230579,33857,13677379,498576,1501452,1033928,7012721,10587391
قاپ تسمه تايم پژو,9932602,723003,255406,17632730,336184,2660180,6004716,13615782,14359691,7032881
قاپ ردمی ۱۰,10560714,2893970,5165276,8996747,2238243,1117465,13349301,16721016,4885697,3550869
قاپ گوشی 5700,10490287,6712244,4341832,426131,4971284,4952671,5561794,5752183,11111095,449113
قاپ گوشی ش,7179227,674062,868716,1868597,8187292,404652,7820922,736488,3120224,5956223
قاپ گوشی طرح علمی,6003185,1584875,587934,13947570,9568957,1140660,8732036,8474138,174943,37686
قاپ گوشیa02,1099886,14586070,5934742,11362645,11589912,736488,5700270,11332174,6365957,448733
قایق بادی ضد قرق شدن,9573460,873054,6446757,6292647,10720087,2993408,9147929,2323984,4549471,2423504
قایق بزرگ برقی کنترلی,8710128,2945800,9899588,12588040,5879916,862511,12673045,7891241,4748512,16072099
قبض املاکرسید,12937088,17314096,11025870,6310212,7432686,9505521,5703443,8280670,4564067,5196771
قتب گوشی A15,4266141,3888213,2936817,11752085,892472,7021668,7501115,7184432,456337,6888717
قرآن کوچک توی گردن,7375409,14089667,13528435,8371040,7626899,12804885,9747702,5592158,13431892,12643128
قرص Chrom 200 بسته 60 عددی,12362441,4146294,2833159,1546996,7240959,9490267,8033239,7796412,6503651,5339885
قرص zink plus یورو ویتال,11699162,5157397,12698831,691459,9937885,7232503,13128770,5665364,260265,8609452
قرص استوئوپلاس,9283557,8000168,5156672,8244011,1714761,3605044,7524780,6855429,6884446,11572853
قرص ال آرژینین 1000 یوروویتال بسته 60 عددی,2811235,4545023,17423036,631027,10984525,4351903,899210,12694048,5875063,12433865
قرص امگا ویژن,12646507,1537340,10463243,9169334,4351903,1037470,4742047,11313296,5581620,9428054
قرص تقو یتی ولمن,7591304,581672,13644886,5433612,6152102,296151,8368358,3500901,126151,2883420
قرص جنسینگ یورو ویتال,8423423,9733549,13656509,14766903,623214,11249656,12117693,9221710,649522,9221077
قرص جویدنی مولتی  ویتامین,10599126,7983359,6148399,4852451,7096895,1487225,4834974,11476645,7152359,795328
قرص جینکوگل گل دارو,12886918,7230201,2221277,6616972,13132232,14416125,7161954,14782947,7135168,13938626
قرص زینک پلاست,859481,11648685,943846,4997418,10620531,8607412,9139656,6787990,4391448,2466261
قرص زیک پلاس ۵ میلی گرم,8636262,17039636,7655336,14193478,10553926,752467,999262,1160075,11433406,3471245
قرص سفت کننده تاخیری,2355599,13618602,8529398,1496876,2961825,1651504,154011,14782947,68716,9329759
قرص فلاروپو,7940220,1551517,1523112,1138667,693325,112897,6706574,9330621,9928540,14271321
قرص قلابی,12779149,13452326,9221710,8598954,4793273,13631449,6010088,2666116,3967585,8996055
قرص لاغری کامبوجیا گارسینیا,7505141,9125167,3437,7375409,142420,12586823,624926,8931122,8685101,1584616
قرص لیو ۵۲,14583873,11891409,6888770,14472064,9380520,7027586,10689673,8627776,13754764,9788096
قرص مولتی ویتاین,2081187,6880140,10742490,681938,3876063,7587086,8398100,11727101,4244981,8282083
قرص مکس cla,9235064,441365,760425,4626274,13218038,4236441,13879779,2808706,6135391,744941
قرص ویتامین دارو,5321832,2725449,10538809,68716,3397736,691459,10392705,8792479,4437935,5058143
قرص ویتامینه پوست و مو,4146139,10275604,951506,7791972,5703297,4454387,1563637,14271352,8169830,543
قرص پارکینگ سی,5698028,6986157,5550069,7032881,12004169,8910724,329106,9735156,2407543,5547262
قرص پر پست کننده مو,1603825,8913983,13172847,13318293,9365889,3507554,5663144,6460591,2288660,2973194
قرص پرفکت پلاتانیوم,3408934,2906190,6406638,11418399,1760078,2536578,408153,13100447,4396103,640156
قرص چربی سوز الفا اسلیم,5719815,3889673,14346588,3801395,10217337,10082995,1029673,2604338,14511107,1471612
قرص کرومیو,12522411,14413968,6393459,10362197,1705521,14086563,13145967,12536422,12688760,6170447
قرص گریفیت,6774949,2100510,7963042,6261040,16006742,12152772,749384,1059820,2153646,762716
قرص گلوکوزامین سگ,8344086,222399,2672678,38243,14512098,915219,7793395,12020076,14494381,5116408
قرصزپیگمنتا,1097022,4212044,52031,6787215,2415001,1664086,10306216,5116408,215632,8764944
قرص‌ تقویتی فیتو,3801395,9178314,5231049,11217296,831292,2492887,9445143,10583707,11245945,10088444
قرقره سر میلنگ,8826576,440818,11274003,13942891,1615286,1085299,1753907,1582817,7670489,9094859
قرنیز چوپ,2543130,14006084,12044854,8658323,814435,877254,5381957,10201221,11433406,12050377
قصر پونی,11856664,12031578,8376289,5189,7781648,6702032,13343245,7820922,4216113,10603317
قطر ۴۲,2505836,4496965,10823610,9463740,7009820,3691173,2262129,10532492,13002646,708556
قطره آهن فرووس,4475952,11596055,781018,4421343,9826552,855511,82697,13083849,10630704,2614137
قطره مولتی ویتامین ویوا کیدز,8516352,4328920,10521208,10965871,7595752,224382,4238492,7192556,4481700,8423423
قطره چکان روغن مو,1070635,192637,759037,539062,13235104,2873857,6488097,625647,12671574,7199802
قطره چکان لوله,8270275,48078,1001967,7796412,11029586,2636930,9135138,294012,2028108,2744686
قطعات بنلی ۱۵۰,4681587,9953477,3756468,12020076,6105665,4479388,964898,594909,13099858,4322738
قطعات داخ,7139307,4423608,4816326,6289222,7687466,3553600,1491994,7436770,13727848,12522765
قطعات دریل ماکیتا,8899824,4321877,11241494,5150034,284254,14032131,1592461,1107630,7142852,997096
قطعات رله,10610361,1452948,3549810,11552790,13504983,6498494,2069596,3040455,8912688,603143
قطعات ماشین,4297629,7435487,379758,674036,10677636,7632776,7814413,5450132,2357214,12869215
قطعات کولر ۱۲ هزار,7503155,9276214,4288435,9864095,14857729,4454387,13031790,2101667,6498494,9976443
قغک.,10591134,14891147,9380054,5853104,3581552,395762,1863815,6163212,22978,9395415
قفس برای مرغ تخم گذار,8927059,10687227,152123,14876850,4475952,10914314,10290622,1560539,1484542,6013983
قفس خوک چه,3554456,1586166,9164788,1602832,15963251,9869248,3306896,8387744,4397081,8128699
قفس طوطی مدل شاه طوطی,12554237,7533584,11835776,314196,14150938,2075425,2554355,5070528,16559392,2382422
قفس مخصوص طوطی برزیلی,487724,9947773,13282374,16320519,14655793,1150578,6427985,12933971,10691718,14783795
قفسه گلدان,12110173,12575332,7154852,5597635,12594084,13981188,8815105,616284,4876888,2144579
قفل داخلی درب ماشین نیسان,4792107,2042181,326100,950423,9527106,606578,9839599,6129457,4607814,9255949
قفل داشبوردی کمد,12123252,1768109,1137514,7581955,4852495,9237582,10210459,11098593,11911364,1110843
قفل دوچذخه,9861439,5005407,11204388,60107,6231522,6854553,4113547,8670721,2074248,9932602
قفل سقفی,7190400,9792746,732825,13000495,868521,12891981,16720639,11171380,8435870,12656609
قفل فایلقفل چهار لول,224150,2413323,7618978,11626547,5707099,14310946,10646502,27956,10340665,521444
قفل فرماننووا,8891000,9677180,3223084,1426823,8161925,587821,6223265,15260002,49349,10893935
قفل یوموتور,8595427,1037393,7188846,7393227,10418510,1621699,6323457,8033239,12217516,550878
قفیه دیواری افرا,9422726,11171380,1111878,8658323,7151427,187585,7220776,10333025,873054,8754590
قلاب بافی,9597396,8898035,1496459,3454479,7279314,14583873,13073651,12421466,55691,6260612
قلاویز سایز 3 میلیمتر,12163667,13879779,9244901,2666771,10475216,648468,419298,6230942,3254639,7279314
قلاویز ماده ۵۰ پارچه تکی,8616655,13389605,1126099,5703369,2241846,1932704,3419880,7612293,249941,14277291
قلاپیچک,9859965,11456874,8344086,12950291,9877650,7178449,12746508,9800468,6230137,8310880
قلم اسپد,14679714,1020210,9593956,6237630,8814788,10784475,12020425,6766561,15246177,519363
قلم خشگیر 207,7944431,5143645,2700176,8081582,12695788,3875383,10067768,847989,330734,17027259
قلم خشگیر بدنه خودرو1150501,8716895,3899873,8009061,7370328,8658743,5175141,14350372,9915584,8937638,2251277
قلم خشگیر خودرو ساهین,12804885,9126478,10275604,9051696,2614137,5134415,10010228,14042335,1004171,2333256
قلم خشگیر مشکی سایپا مدل nv676,4307586,2597015,10828899,12789392,15390774,14324362,1519801,2536578,966215,14055890
قلم قرآنی  بصیر مدل,11256459,2453547,9686682,12804462,23859,4225984,8172433,14958401,5764692,8503217
قلم قرانی مدل نگار,11790946,8489421,280271,1885602,6431588,2058772,4288693,12076186,11112937,576371
قلم لمسی آها استایل,8367504,806227,1571159,1003107,10066747,8198325,6975352,1582817,10170656,8387203
قلم مو پارس ارت سری ۱۱۱۱ مخصوص رنگ روغن,6870884,4044799,13920852,11443530,8996747,622748,5050942,12090699,10683941,9131125
قلم موی آریا,1120125,2887055,4882532,16023674,180395,9364524,8244011,544767,8489068,10722131
قلم موی کاشت ناخن اشکی,216366,12090877,2171811,6888770,15761801,13471564,14135524,8581051,8827833,3318548
قلم پارالل پایلوت 2.4,3364429,12443301,12018001,12044854,7441638,10615202,9234149,64316,3381620,420288
قلم گوشی اس 23,50675,1454764,6266760,1070091,6436144,10904951,1548670,3637389,295751,17060887
قلم ۵سر,13301972,8938359,5410960,13816037,15306465,9360474,9356340,2949988,12911938,14034612
قلمطراحی,9372677,9899588,12684920,10523389,3184247,253294,3170102,13988661,4105452,6997676
قلمو سر تخت ره اورد شماره ۱۲,2759976,6792674,917220,5522124,10693211,6427221,10720932,8481670,4566955,3935194
قلمو شش تایی جور هفت رنگ,3519439,12203063,564551,3234768,9064677,10347632,152741,8855064,4337355,12942068
قلمو گرد استنسیل,22978,10977127,432653,419298,14890627,58060,4124800,716418,4645582,2008349
قلوه موتور هونرا ۱۲۵,14973035,12784245,3488445,8670445,7886575,10472005,862511,6997676,8938359,5632277
قلک دفترچه ای,1718000,7139307,4273719,11347199,1768483,6367861,2130522,13242277,5436725,5749229
قلیان تنه چوب گردو,12214987,3536523,6367861,982993,10649152,7771001,9627102,9276686,14579086,1127047
قمقمه 0 6,7730595,7797971,17443537,8806208,13278587,11796792,9525590,781227,1516133,9729133
قمقمه 1 ليتري,5812779,12573233,577147,9171060,4862129,1497226,3289306,6204956,7623616,8611971
قمقمه آب باش,12365445,12894238,2608053,12576663,4046257,917220,13001446,3519402,8368529,8187878
قمقمه آب رادیات ال۹۰,3057987,5068713,2763623,2531210,9358671,2661622,14116165,3904812,2523184,9133186
قمقمه داخل استیل,10248995,408640,8792479,6533827,14391334,3579546,1581754,11313296,7770517,11171072
قمقمه طرحدار بدون بند,6577358,6092284,7021668,11909673,5930903,12299894,14195212,13706781,2586430,10828899
قمقمه مشکی مدرسه,3204480,11111095,7506143,73702,14633627,4204115,4862377,1569146,7221141,5586007
قمقمه کودک دختر,6237630,12965773,7357501,3381528,2969602,7465654,9717141,7720365,2693125,3500394
قمقمه ی اسموتی چراغ دار,999220,11266518,1412732,14204895,3889239,9361439,468936,14208498,9094968,7434537
قمقمه یوزداسپیس,2849057,2394321,8430508,4798605,3252733,8326311,6010088,9752721,790252,3475356
قند وانیلی در دانه,14299332,50792,379621,5409641,10747176,10930347,11000524,5064582,13942221,5210649
قنداق سه ماه,379679,649509,10201221,1024260,8297769,2075425,4748512,4234289,8730255,13401329
قندان ساکورا الینور,6595635,9396692,7505617,17792304,15196681,303259,8033239,8589994,8502630,586696
قهوه ارده,7591916,11716692,12506267,6230137,3614592,5178689,14190688,14494381,11491004,14057588
قهوه جوش مکاپاد,1802368,13040232,12091506,1452542,6994897,5196771,8414644,12754374,1624566,1439902
قهوه ساز  نوا,13656147,9244048,10747176,12747983,6575740,14312651,1740320,11835776,8509775,2186330
قهوه ساز NCiva,2249102,8881982,5662396,4967179,3545064,15087423,8983236,914077,9278594,11107079
قهوه ساز زونیخ,10011361,12290041,6953542,8598558,430950,9719394,7357314,5160907,9201855,5720202
قهوه فرانسوی ساز,3871488,939238,2171115,7063890,9798133,12721879,11682207,11075754,5936108,2109104
قهوه فوری موکا قارچ گانودرما‌,3107660,5792790,14263738,1137514,12520106,7796412,1126203,8239214,3551212,9863317
قورباغه شکم پر,8304319,7004735,1703895,11159404,11042962,5873413,8368358,1603825,12719812,7035312
قوری آلپکس,7808672,3264348,181535,6003185,7645751,14608584,9623006,5632277,9896560,12830552
قوری یدک قهوه ساز مدل سام,5066318,5182912,2670722,4423957,15260002,10741729,12308731,2251277,329253,4704253
قوری ۱۵۰۰,13917758,10729281,333942,15379121,13083554,12506890,3571154,12720711,13031790,11393731
قوز بند پشت,13463142,17443537,2387043,14182497,3888213,649509,8884664,6990645,10828899,6575740
قولفو زنجیر,174943,2351415,5333465,12212151,11649541,7695557,9546468,7720365,7623616,8244011
قيمت  خودکار براق,4596784,6175504,13102138,7902972,17470238,7435146,11643040,9623338,1110715,14271321
قیطون کتان,13399395,749485,14541067,11795976,14488282,7094925,7503155,11637871,6520197,4917171
قیف تا شو,12588040,206083,281447,963026,11007251,6835557,4953306,10287333,10823817,13133550
قیمت a۳۳,4949229,12120907,426944,299236,6647088,11145265,5961873,8988196,1047824,4433459
قیمت آب میوه گیر سون استار,14052039,551270,7213087,13640746,8133086,5657434,14468998,12391577,17294257,4486352
قیمت آژیر پراید,4515379,4119606,5258933,11055808,631598,1593759,151394,184274,10856427,6181661
قیمت آیفون ۱۵promax,1804837,13639983,3184295,835347,7139353,4189613,4212044,142327,11019622,3657318
قیمت اتوبرس سشوار,11851294,1827268,4798605,495439,10063253,14891147,1161598,15302658,11097126,788542
قیمت انگشترطرح فروهر,7577059,4290740,159941,12503760,10253259,6562545,16971721,111707,557201,4982964
قیمت اکسل عقب پژو۴۰۵,12997079,13364158,6596396,7117020,11071024,8945874,7991742,6231032,7546584,2457634
قیمت بارفیک,7390635,7517222,6989297,5066622,6806447,7178449,7241123,9315706,6329182,13528435
قیمت برچسب ps۴ جوکر,11434306,2259182,576821,14782947,10570478,11715642,2781637,13848507,2375395,10368784
قیمت ترموستات ۲۰۶تیپ۵,8775614,1905089,3179287,6650714,13662403,7246249,10237644,5223293,3551212,328565
قیمت تشت کولر 7000,7451334,1526337,8329320,10306216,12889866,1709177,3536591,11188019,8489068,172516
قیمت تلویزیون ۸۵ اینچ سامسونگ,14176170,9378158,7889284,5133301,790252,9250165,10968638,2682398,10134957,10172799
قیمت جاپایی عقب,5841076,2712971,3309641,3724793,909949,3644163,6139064,937532,14645,11244895
قیمت خمیردندان کلوز اپ,1518115,2771659,8627776,3446756,4261189,777689,5337932,7855805,3299334,6953542
قیمت دستگاه پولیش موزاییک,13943953,697280,1048014,15436428,192498,4514009,9684535,17992293,2943388,14457840
قیمت دستگاه کوله پشتی KnC,4996641,7619749,2061569,7608860,12911007,13770069,1067669,2535703,12575332,5890764
قیمت زیزکمک پژو ۴۰۵,5025977,11349887,7985095,1112133,13950898,12844284,2074381,13954676,8317899,14574080
قیمت ساعت ارینت,9527106,4070674,1763589,8632233,5874073,13085716,2418637,138306,2944457,4374767
قیمت ست دنده رنجیر پازل,8856459,9931729,12541409,13027898,996559,1047021,11462027,7563592,9119757,9619427
قیمت سمعک جدید,17792304,213731,7434537,6732562,11000524,7862940,3899873,1505567,1744686,2963787
قیمت شکلات بسته ای مارک هوبی,3696981,326100,312953,1860173,12920165,4925584,10319520,6129457,13013539,13343245
قیمت شیامی نوت 13پوروپلات,12441836,10836611,5005407,3488445,10520916,6996746,4170530,2074248,1652570,2676218
قیمت شیر کاکائو میهن,10368861,212446,6810419,7262444,285259,9911195,337494,13238409,669307,161524
قیمت شیشه ااب به رنگ ابی,3517431,11826104,625647,13466392,1137514,14495355,5558420,14146381,10836360,1516895
قیمت عینک آفتابی  زنونه,921961,8824653,8141019,10392279,11772475,9434505,8714551,361048,6170447,14525482
قیمت فرش صفویه,319553,4337355,1610096,11241494,2760515,15514368,10957908,13671627,7291130,4089442
قیمت فرشاتاق نوجوان,294012,12894905,9669100,12459822,12721879,2085571,13954687,12637319,5255608,1744686
قیمت فلاکس یک نفره smart cup,4827418,7824158,9864095,37948,9062550,3825594,3047128,9373848,5963977,5071561
قیمت فلش advanced,1513183,1629443,10220686,9947129,1560539,2276162,8714816,8432672,691040,7691559
قیمت فنجان چای خوری,14490208,4452531,2721355,8283341,26709,10288460,13842343,622748,432372,762716
قیمت قیمت فر توکار تمام برق اخوان,8129430,2919754,1506889,9428054,16040039,8732036,17969085,13129724,7524780,14109551
قیمت كاشی,10132814,13402001,5056646,5839476,7185932,384314,728168,9623006,11377769,6880140
قیمت لاستیک ۱۸۵ رینگ ۱۵,9573460,11246431,1091098,5062142,13379612,11255090,4830134,2509472,4307586,3572733
قیمت لباس لیورپول سفید و سبز,7290594,7545746,11380006,11368177,16859043,3025131,6755271,1998521,5005709,596699
قیمت لیدردنده کامل,14724466,5064040,1101531,13280973,11361274,4671970,2307028,2485521,14644123,3825594
قیمت لیپ بالم دکتر ژیلا,493281,13568527,8684709,4906095,11786180,6429971,7016098,10347632,14168666,9398706
قیمت ماشین بوگاتی واقعی,2926552,14214794,10017891,4268583,7790114,8318946,595379,3382080,765174,2074913
قیمت ماشین لباسشویی 5 کبلوییبستو,8793354,4341832,9677180,11055808,10387007,2821694,4151594,8934618,3458009,6781339
قیمت ماشین کودکانه,2860902,4852639,6823327,152741,2951264,1020704,4098932,4791465,138844,5110719
قیمت متورپاکستی,7345465,5139942,285259,10857322,713831,3724793,1921996,7142852,14098747,3734565
قیمت مهتابی شارژی دیوار ی,2801580,14176170,646719,214841,2505460,6882679,9365889,14024452,3364429,7758153
قیمت موتور سیکلت بوکسر 200 cc,721359,2094490,9976443,9798133,6072525,8826576,10822319,7205043,5054450,5091399
قیمت موتور پمپ آب بنزینی,6048935,13012373,977697,3493675,7454369,4238561,52824,6882679,3272499,2528095
قیمت مکش کاشی,8670721,67965,7565868,6762673,2793838,3679832,3851079,2841404,3927967,6296693
قیمت میز برنز,1958658,4575062,733582,4234289,14754405,1003390,10130577,16749668,8367504,11275113
قیمت مینی فرز رونیک,4226290,13847395,1502682,708556,10406553,749052,6890835,9567496,12071121,6296693
قیمت نبات 16عددی,12523693,1776517,1097022,5321832,11851294,7432217,543,7504341,2441830,13235338
قیمت هارد اینترنال ssd,55610,11089468,787425,8751512,274675,9269104,13677379,14017355,11070523,9364733
قیمت هلی کبتر,844531,1780834,172516,13526092,3882123,4488066,11106291,14199778,38932,1471612
قیمت پکیج ۳۰ هزار,17590677,13531141,4358875,9832146,13341550,6225235,3155935,13939723,12795710,3941575
قیمت چاقو چند کاره,3575155,8627776,5339885,9445237,9952903,7517005,8984756,5782821,1438846,412826
قیمت کاب جام جهانی,7766073,1786026,6391068,68716,4919301,13807569,1768509,14763098,12656609,5548244
قیمت کت شروال,11124441,12905727,10749548,3578425,829181,10948118,1651116,1732746,12120907,10634104
قیمت کتاب علوم پایه هشتم,6506441,10335726,14900308,7565868,3798930,6520197,9075982,1746928,6007873,12534060
قیمت کفپوش دو میلیمتری خانه,8656536,1464377,9276214,7980019,2289856,7240420,8673314,2041100,2097924,2010553
قیمت گردن بنده دخترانه,475845,7988240,3164744,4506119,8172433,8367504,10517307,10201221,11838209,3154318
قیمت گوشی  a۲۳,12056902,4454387,7780382,6605848,4563908,6654067,17484673,15302658,10253376,4107592
قیمت گوشی سیامی ۱۱ تی پرو,11826104,2501174,5941999,3907654,6299689,7591916,7027586,5036141,9915584,10006431
قیمت گوشی نوت ۳۴,5409641,13213147,10852536,3011771,6090847,2177862,14007389,12087708,9703599,6012268
قیمت گوشی نوکیا مدل۲۰۶,10210459,3150946,1699984,13013539,909730,3218980,3773573,7066026,11315279,842100
قیمت گوشی کی ۷۰ پرو شیائومی,5884397,12224131,3548683,7812216,8891000,11398248,12747983,5110719,4792107,26486
قیمت یخچال فریزر گالان,599786,9879686,7294075,2441830,9897042,10530718,5963977,2418637,5301082,7096623
قیچی  اصلاح,4593072,84636,15325190,12337287,12573997,7561829,219969,15367405,623214,9029360
قیچی آرایش گری ابرو,1122950,3109712,148036,12910731,8873557,12090877,3434836,11173228,10082995,9815559
قیچی آهن بر,12522765,1468629,9234149,19295,17443537,4584106,10610185,11558570,253393,3359298
قیچی دستی تلسکوپی رونیکس,10156991,5750628,5062268,10742703,10612434,3364429,3249394,2103525,12247139,10361389
قیچی رونیکس کد۳۹۰۶,9419737,2760515,7494692,7180922,15636808,13131058,7944449,4511632,5507303,2394240
قیچی شیا,10090799,11494321,4830134,16620811,63831,9147790,6872675,13354498,4494747,8134825
قیچی هویجی,10528127,7060891,4415511,4834974,5561794,10088444,9976443,9053136,4289403,585659
قیچی پلا ستیکی,10463243,8232361,8487318,14017564,15027444,7857661,8531074,744279,8804482,8922676
كارواش استرانگ,15920872,4117274,7657613,10183508,1130511,4013119,7235784,502687,227680,14690036
كارواش بنزيني,5488302,5236892,13848507,4173722,9250165,4006831,6202877,159941,2468843,2516249
كاور مدل bear,7237753,10621046,7890775,17479499,2205336,9886572,11198942,9490267,13770069,797880
كتاب اموزشي زبان هشتم,15257467,12455954,10844318,7788990,13102138,6002837,5936108,3378428,8236672,11721686
كتاب جامع شهاب انارى,5497765,3569970,2278496,14241455,13954676,49393,4738694,303259,5483508,6554847
كتاب جنگ جهاني,14068241,10693211,13604669,7423741,4089442,7535129,12230709,11019622,143608,5261472
كتاب مور مور,11777691,13804646,12213603,6431666,12557249,6053278,963026,12277034,7645771,10572753
كرم سفت كننده بدن,4233240,5062268,157448,8307641,12120907,12324455,1864688,10420928,6613130,448733
كفش اسپرت چرم مشهد,11699458,8127544,576100,7190400,255406,10952198,1675658,3782930,12996305,1584616
كليپس,4875708,3218980,5558420,11266518,766062,9089076,253294,17815509,5708150,2981561
كوسن قلب,1516133,235857,1140660,10148366,2660180,1159678,7240959,4991935,11778310,3101194
كولر گازي ٢٤ هزار اينورتر جي پلاس,3815764,2063886,1722737,12575332,9094968,11558570,71942,14769556,13647786,13841267
كيف طرح لوييس ويتون,14262609,429720,9286195,7379000,735088,6243257,6596396,4977877,1837601,1640291
كيف لوازم آرايشي زنانه فندي,2873984,4057964,536476,8871466,6152102,14274910,8716895,10977036,2764863,3046384
لا فمیس مویسچرایزینگ کریم,904956,4536071,31744,101735,736874,7375515,4117274,1443507,16112946,734180
لا مبر گینی,2438582,3605044,2710840,950423,3904229,13518846,833899,4437935,581672,5076264
لاته مولتی کافه,4251149,2610567,202375,16531727,761211,11141250,7344545,13040232,786933,6005120
لادن ۱۸۰ گرم تونا فیش,9436496,5262741,161524,14494381,11606815,8492349,8970641,3208664,13379612,6850079
لاس ورزشی مدل تیم ملی,4589312,1350873,873054,190423,660941,7645771,540860,4181452,14014663,10111279
لاستیک  بلک هاوک,204608,3765030,11069323,12447072,785023,2176301,7861160,4725165,7212482,3306409
لاستیک Aplas,12648952,4621360,2223115,7471158,7991389,3419880,14009423,13380111,1078142,14188564
لاستیک بارز 215,17085140,3509610,1683331,811751,12456849,17637807,1845303,12283138,2534522,9677180
لاستیک تیبا صندق دار,7278168,12458926,5426017,26486,7373577,1675658,10548632,873644,1025472,48078
لاستیک تیغه برف پاک کن اپتیما,1732149,12698831,9648403,8507591,8069225,8949562,5129645,10697178,3824225,17837434
لاستیک تیغه برف کن 24-20,1675658,7699090,12914437,216366,17431061,2696573,10871908,12739978,9051704,35021
لاستیک خارجی خودرو سایز 15,8938359,7790114,2850289,7455828,13274853,6159749,6033622,9673893,11900976,14078112
لاستیک در آور,10521208,6986157,2568772,11707618,2679897,6073201,14210521,161506,2388994,10571974
لاستیک در قابلمه زودپز,7247698,2689836,55610,5148050,5228491,8071173,7983850,14900308,9654161,552191
لاستیک ریموت دزدگیر,13999587,3166341,10621046,168079,363896,5710882,5398220,7507127,2840245,11409541
لاستیک سایز205 60 14,9161608,5133301,13808069,11288948,10262137,2381178,8225657,2316014,8023119,1464377
لاستیک لرزه گیر موتور,8476668,4883625,3408934,2714257,6180333,8880977,13997922,5347861,3071170,7546533
لاستیک موتور ایران یاسا,8789858,3068716,6460591,7940220,6720261,361048,2055943,482498,2935649,5840935
لاستیک موتور سیکلت وکو,267438,10546457,12457774,12638151,10948118,3563723,2171400,5371740,1627285,10823021
لاستیک موتورسیکلت بنلی250,7432018,227680,2137875,14336571,7969736,6580651,6433028,11423012,17548788,1505408
لاستیک هابیلاد,16752010,14322527,12212151,4658327,2094624,7222721,6884317,2101667,133187,11403849
لاستیک چرخ جلو موتور سیکلت,10805661,8749280,9011955,7013482,13073651,633484,8180402,522903,10689673,831292
لاستیک ۱۴دنا,13580657,11255602,7861160,2898190,930046,7375409,4681587,13156440,2935649,4810357
لاسیک پیکان به قیمت مناسب و ارزان,17035873,49766,1664086,10544675,2571099,4901144,7220792,16310340,3876412,9221077
لاسیک کنار درب جهت ضربه گیر,10334174,2829818,3382729,552191,9337800,5443698,9520545,6994218,6680257,5443628
لاك ناخن ليا,9267983,1826076,7178451,3460347,1518404,11772475,9308907,9177635,2140580,167334
لام راهنما خودرو smd,9593956,6363324,2487012,7517222,4582181,14212796,10864424,1537340,13001446,10237807
لامپ 10 وات فرنام,4108417,9069160,4322738,6807225,284634,7604444,6196537,9264756,3471063,6335627
لامپ 2 کنتاکت,10670241,1533016,11054007,5668815,2074913,5316473,6245149,152741,320285,3900675
لامپ USB UV,411716,10836611,10251101,9962261,13525678,7345740,11838209,2323984,10445604,13842343
لامپ f,796229,1501452,5561794,490549,4032241,7432879,12877469,4792739,11374157,4906095
لامپ led نواری کوچک,2882917,9281658,7638525,296051,9493098,150119,12222680,9585121,3115148,7118751
لامپ uv,8766133,230423,1850862,428979,3706469,9952903,1416631,12453877,4742047,6553359
لامپ اس ام دی پلاک ماشین,3636273,5522124,14958401,12884694,10459614,814435,9180751,878724,9360788,15489612
لامپ اشکی ۶۰ واتی,2915486,1973811,7435487,15836024,13968566,787425,6159606,1958831,13349064,5395458
لامپ ال ای دی usb,11695682,14467723,7391150,6718443,1447978,12233216,11596055,5031075,13102138,13842343
لامپ ال ای دی افراتا ۲۰ وات مهتابی,9286195,13259598,1060996,2614137,9108448,749119,7574820,4231446,4044799,9986629
لامپ ال ای دی فول لایت,337494,10059377,9567048,6830539,8150060,2597015,9857792,8667588,7212482,5384390
لامپ ای وات لیتومکس,15055116,10347632,9648168,1107630,5927210,1520528,11548891,5035423,13854825,11696856
لامپ بخار حلیم,6223265,11826104,999981,9588977,13838424,10857322,6212262,9387650,10674345,14185470
لامپ برای کاردستی,681270,12957273,12987634,12639452,1568281,10146144,12965291,4207087,6090993,1563637
لامپ خطر‌چشمک زن,1658599,12217516,7205043,3265733,160744,8069225,7914100,15627975,8141377,521085
لامپ دانهی,3170650,12799796,5157397,14467723,7295871,7033494,5892737,6817528,3506503,407841
لامپ دور کاشی,13929076,11944672,437766,7241123,8141019,9272294,8461297,6446396,11705624,4616527
لامپ دوچرخه کیشی,2010553,5622922,1763589,9094859,919220,860400,7009820,10661112,8910937,7529183
لامپ دیکسورنگی,4885697,14843838,14497586,15536181,2434476,7093658,152110,12965773,12376576,10583707
لامپ رشتی ۱۰۰,12656284,13533011,11196611,2097924,5652898,7038768,4155832,1810798,12325992,544767
لامپ رشد گیاه 60واتی,9371896,8304319,7079570,5339885,3993549,5608353,9603981,13735302,14467723,10837007
لامپ رشد گیاه ال ای دی فن دار,172501,13150307,101735,282644,3496519,16693891,3500158,4147872,7497665,9868369
لامپ زنونh3 سفید یخی,4362824,2945800,3445541,2714348,1140969,10082054,7963042,14783795,7100817,855511
لامپ زیر در دنا,7294075,104511,637473,14036003,1496459,4729870,9563117,4131783,2302424,6349054
لامپ شارژی اضطراری,3691173,2351153,14135323,5657434,7281442,8937638,6851000,11636446,12649782,9372061
لامپ شعمی  ۶۰ وات,482116,1452948,12085726,379200,7349530,16234113,4242148,14006784,3953926,3272499
لامپ فابریک پایه ۹۰۱۲,4230579,7172945,2106764,7847346,4423391,797880,12665229,123428,4569256,3179287
لامپ لا ایدی شاخه ای,1489256,9530686,13188635,2064685,12643128,1864688,3257807,9870251,2725058,416155
لامپ لوستری 7,9896560,6229770,7964485,49762,52824,8421822,1708587,5696383,3559877,5110719
لامپ مه شکن ۱۱۱سفید,907973,1460055,13299223,5316473,11419580,4440247,12749087,288078,14679714,9962261
لامپ هالوژن ۱۹ وات,4344817,14135524,12773727,2841404,10752446,6331516,7802294,806227,1420638,15126953
لامپ هید لایت موتو سکلیت,1070089,13906966,1064939,1085299,3554505,5134415,5895194,7517005,7998713,433182
لامپ پرده ای,11042962,15319527,4104881,2508215,801751,4679632,12233936,7512551,11560128,9872192
لامپ کم مصرف 18 وات پ,6431588,6660785,2763623,2212054,10857322,356507,12558572,9221710,2678496,8257978
لامپ کم مصرف ال ی د,7596488,7178451,9937001,8093511,11188019,7199802,13045848,12214658,15029694,12004169
لامپ یخی برای پلاک,10290303,14577768,11618796,6204956,4291477,5102788,2069609,785535,9630536,416524
لامپ ۱۰وات پا رس شهاب,7576867,8694502,3893790,7674446,594909,9952903,15949927,8285100,12233240,482666
لامپا دکوراتیو لایت,12258492,15511163,14581595,13503755,619874,7172933,4989781,10047735,27956,1116925
لامپ۱۲وات,6906343,4318526,2529858,795502,536476,2841404,13533634,7759822,1350873,5963977
لانچ بگ,13105650,10521208,2191995,2869840,5424088,6575740,7929922,6791039,7888010,17185127
لانگ زنانه سایز سه,7584679,408153,10656375,9686380,268240,8164723,4319256,1122015,877192,2956453
لانگ لایف ویمنز پرفیوم,4184340,7828202,13716432,1585520,9290682,9052476,544767,8835397,2581733,10874215
لاوِرز استَچو,9591547,3801395,11165930,1115788,11108015,10322404,10498856,2406148,308442,12739978
لاک Troyaشماره 832,7724759,3757788,13218038,7695005,10146144,6940852,4952995,7926499,6748502,7529183
لاک لوسمنت 220,551270,10612434,11105977,15001598,16835001,811751,6247153,419085,8077717,2434476
لاک نپاری فانتزی,4624691,432653,194931,11721686,4479388,1617886,12672505,9961030,7142852,2256187
لاک پاکت ناژه,173542,4207004,10541057,876931,144966,10500732,9089254,759520,4248271,1823585
لاک ژل ۴۸ تایی,4256269,17589456,774908,6992761,5221431,8815083,4196851,10578487,4792739,10806235
لاکهای پاستلی,1497226,2856776,3447048,1457546,5615117,42785,14497586,4791585,2864628,5785116
لاکچِری کلوز دراوِر,10677094,11893422,12294463,9294022,12747983,8828407,8766133,923971,5281080,9719731
لاکژل ناخن یونیکورن,13836558,5148050,11019622,8054513,12997079,4167846,3090192,479520,674062,7780046
لاک‌ناخن داتمه,8938625,8826326,8317899,6876011,6406638,8941911,8702467,101735,80237,916897
لای,1077362,2552982,9269465,5700211,8736641,3828058,4209856,12054697,14199453,6145047
لای انگشتر,11721686,1093618,7506143,12414641,10648392,9224976,3426338,14502462,3269571,11589339
لاین برند شوز,8739624,14884689,9567321,15247016,1024260,3081860,11308070,9378758,10248995,6427221
لاینر تری,6181661,11995524,9237582,10186767,7866153,5063472,12318197,2015247,3424623,294012
لب تاب ایسوس Tuf,9586268,942712,5005407,2887055,8844118,10129178,3792052,10867257,17088276,9221710
لباس اتنشانی بچهگانه,1099779,337494,981922,7428555,9358671,7038535,751919,11675039,12282641,9959461
لباس ارشتی,3570870,5285459,7929065,6316207,9330621,11498716,158528,1980226,10268467,944925
لباس استقلال وپرسپولیسی ورزشی,6184497,4234289,13229539,9009983,1545322,3400868,7812626,7524780,7865355,451149
لباس استین کوتاه پسرانه,13261389,8127544,15659202,877668,13105650,7474345,9094859,10268467,472306,9387650
لباس اسپایدرمن بچگانه,1050226,10674241,6975352,320285,7016098,1029075,17470238,12436834,8387203,10351455
لباس باب اسفنجی سایز ۵۵,8586965,12673270,4905582,14203413,2487012,6383690,172516,11330882,9071525,2959261
لباس برا کودک,5551688,9715584,11393731,320657,8234858,11196611,1017455,12456849,10082995,3249394
لباس برای چهار ماه,7799532,11101125,15514368,5846463,12452046,5077306,12774881,786933,9632573,11911500
لباس بلند کشی بارداری,1622791,3935194,8368529,9341260,877668,12258492,8658743,4621203,12986138,1474518
لباس بلژیک جام جهانی,10691915,11188019,6289222,6563344,396213,2758594,9283347,9589386,8489068,14472064
لباس بلینگهام,5728155,7997167,1067669,5750628,3689934,3322371,14751687,326100,2315554,11989700
لباس بچه گانه سایز ۳۵,1508629,260265,14220127,10558674,15937518,10676179,2661622,8596417,5778111,9427392
لباس بچه گانه مارک مادر,161506,13321487,2288660,1125449,9875795,7290673,3465817,10708778,3294846,12373966
لباس بچگانه سپیدپوش,10593941,296290,3149841,5381957,6559677,10948118,6936264,15920872,12522411,10226912
لباس بیرونی بچه گانه,1524858,186930,17431061,1481699,13082050,13471783,8423503,1968037,8836225,8256500
لباس تولدالساانا,1154351,7695005,11374157,27956,7655336,12942068,6473213,10420928,11575630,7865355
لباس خواب بلند,6427221,4196654,8488225,266499,15585289,14874782,8873626,8461494,681270,3609559
لباس خواب زنانه لاولی,3329216,4146294,1167986,3291393,13364523,4461026,13220379,2022697,10514238,14031452
لباس خواب زنانه مخصوص عروس,3825594,14191430,4109459,13550999,3778331,6383690,7964485,146494,15367405,670162
لباس خواب زنانه مدل فیسنت,1424203,5181784,10920318,1827485,14098747,14663227,7924512,6808740,691040,5385015
لباس خواب فانتزی فاق باز سفید,869662,3085247,10087528,12243728,978692,3257964,3914219,4000803,9362011,3798930
لباس دختر ابر قهرمان,3040455,9772865,11920312,3327411,2333861,8368548,5656107,9586268,15087423,5168003
لباس دخترانه نوجوان اسپرت,7655336,14762075,3784568,12854812,3868112,5432465,804925,14068241,8513272,796015
لباس دوچرخه کریویت,8968351,10579283,4017472,10587391,4238492,7541011,2603992,1498932,7451049,6613130
لباس رئال مادريد نارنجی شش تکه,7334223,3890870,10130577,10985290,14515458,3245302,12760907,5699257,12310300,5018045
لباس راحتی نخی پسرانه,6787215,9033409,4876888,8229567,4060266,14024753,9439376,2137875,12062791,6593146
لباس رونالدو از پرتقال,11974409,7237459,3016831,11418399,10129178,12305688,10644422,6136694,8033239,9126936
لباس رونالدو سایز 3 رئال مادرید,11334503,8328373,16669316,7970320,155877,9051704,1529575,6826356,6720261,7857661
لباس زیر  عروسکی.,4216113,6363324,2008349,12383241,10164226,2945261,8286788,10874215,10661290,482795
لباس زیر مردانه موری,3943782,4087034,10722809,9550584,3496519,3839766,7140776,3179358,10634256,12496394
لباس زیردکمه‌نوزادی,6129457,6404806,1932704,1117966,5301082,8384140,3083082,3458009,6460839,9474398
لباس سگ طرح بتمن,9918604,623352,13384382,1762114,11505940,15707925,10362197,482795,14638569,14006784
لباس سگ پاکوتاه پسر,1913391,6236121,12688957,11707618,14088436,791053,7961102,5664068,2351888,3183082
لباس شیک بچه نوزاد,14398280,513849,14096783,4982964,14554731,7858136,936338,913351,17642899,6800916
لباس شیک نوزادی پسرانه,9554045,11562239,164619,10059377,14086563,7604444,11361274,1048014,14651486,1020800
لباس طارمی پسرانه ۳ تا ۸ سال,12213603,12760907,10217337,8529398,552307,435088,6770839,10749548,3880381,14219149
لباس عيد پسر,5385015,9384920,2945525,1761476,13615782,9033542,8467382,9314740,4206221,4825795
لباس فوتبال  رئال مادرید,13091349,10288925,13278587,12884433,10527339,9126030,4244349,17751721,13963533,3254639
لباس فوتبال پیکان,2394894,133158,7742260,9752354,9418623,2689056,3184295,7506039,2767668,401242
لباس فوتبالی بترشتگن,7206667,2925288,3458009,251724,11404947,12114587,11424616,16971721,739779,5261180
لباس فوتبالی توماس مولر,15536181,2118749,580425,7674470,14109551,11575630,16559392,1874145,8800744,6099272
لباس مجلسی جواهردوزی,7715987,10434382,5266126,1710707,5679099,12504445,8432672,12081725,42991,9921696
لباس مهمانی برای ۱۴ سال,3389477,565994,4314693,8910937,12294345,5119153,1885744,7808672,6206772,7584679
لباس مهندس ایمنی,6129574,8141377,5885141,13344920,12638151,7219736,14034612,14344908,9780923,500264
لباس نوزادی ۲ ماهه,11696856,54419,14191430,1004021,1515290,13098387,9161608,279853,1163645,3554505
لباس های تولد دختر ده ساله  که مجلسی باشه,1127047,14541067,1134379,4802206,6154135,806023,8824586,10654402,6752724,2255843
لباس و شروار ورزشی دخترانه ساده,12588138,1621304,14188564,17217836,7393072,4032241,2926894,10017523,9250533,181330
لباس ورزشی در بازه بانی,693325,5555879,9177635,12388741,14052039,8127544,11410963,12894905,48690,224849
لباس ورزشی زنانه مخصوص والیبال,892501,16537303,9938759,7916430,12588138,11562239,3202248,3243004,1928758,11145265
لباس وینسیوس  ورزشی,7344545,5740503,14267015,9290682,16835001,4366176,10040064,15959093,12363287,8766222
لباس پرتقال ورزشی,12549554,5537905,6500978,178772,12309780,4418722,4318526,14891626,1450945,4583031
لباس پسرانه دو سال,6436457,7600535,11944672,15986310,5622402,1744686,983854,6990645,6712244,11923642
لباس پسرانه پلنگی ۴ ساله,9403178,567638,3762603,11357204,14262609,13413731,13504983,15029694,3592999,10566160
لباس پنج تکه نوزاد دختر,1689085,12224131,3280349,12100106,6450361,9630536,9250533,6048427,2507543,8530198
لباس ژاپنی قدیم,5581620,5551207,4408429,14098747,195015,3730774,11648662,570764,721359,8729265
لباس ژنامه,5522277,1930327,2869152,12318389,12305674,51924,12286879,14876850,7847710,11781177
لباس کار فرحفاظت فیزیکی,6184497,1953011,9686682,13134598,10262401,5426017,6866316,9828833,7428555,7274780
لباس کراپ انگشتی,9588832,830064,7793333,13217179,6213165,11475653,1072595,6875862,17607188,8732036
لباس کرر,11705509,3332801,8581051,13227880,12673403,6653378,7212482,20388,5984204,8050293
لباس کفتان,7166735,7943088,6164402,11682207,4786483,432653,340424,717913,11392513,934862
لباستیشرت  خونگی بچه گانه,10462363,12935923,892501,3778331,1662534,12804885,9244901,6806905,14068241,4180871
لباسشویی L870,7173763,10893935,9842660,5956223,4887454,14078112,4261189,11373570,7542983,9953477
لباسشویی اکتیو ابی,2177862,3054003,855953,9676345,552570,11277102,11856664,8182052,763107,9021822
لباسشویی جی پلاس ۱۰.۵کیلو,12754374,3506503,404652,11699280,11210768,9491143,8197472,10159708,4369668,84463
لباسشویی مدل فریدولین,8174589,10288925,8774462,9445099,3859841,3686404,14606650,5703297,5866703,65292
لباسشویی ۹ کیلویی میدیا,10566160,166234,7230201,6962428,10544388,572256,11476645,3083455,7471158,198120
لبتاب مارک ایسوس,11410049,2938529,2262280,4310710,14146381,9994878,10459614,9396692,8972866,12437914
لبلس زیر سایز کوچک,9855378,674036,11249656,2976227,13000495,962101,8718260,224849,8487318,9786391
لتفن تحت شبکه,3305777,6970871,11421030,5927210,374011,8789224,10815671,3490827,215632,14523408
لحیم کاری سیم,6561991,13875404,12719812,6870884,2871672,15096900,10529944,6090847,8487318,14566452
لرزگیر خیاطی,9151144,7967451,17607188,5785486,10811977,12166354,4754715,1140969,1626562,13129724
لسیپن بدن,706269,8391149,7491913,9032772,130792,1575818,14884689,8695838,10806235,13359318
لموفو,12309780,1150578,10183601,2920090,14133879,10709261,9585121,3519402,1932080,2507944
لمپ ریفلِکتور,10481951,4519838,9976443,13167520,7781648,10217020,1946671,10952198,2645301,14176170
لمینتور رول حرارتی,1757699,431195,143761,15307573,10067768,11792316,2391271,2129272,2854925,5253454
لنت اوا,4656769,12826260,7861160,4630526,7000516,6932884,4901144,13587558,17512480,5423191
لنت ترمز تببا,9647229,3326464,4418722,12401564,6753202,7592410,8472321,428256,1130511,6327884
لنت ترمز جلو سوزوکی ویتارا۲۴۰۰,7812216,11655097,8106665,586696,13671627,5170019,2283053,1057886,3683822,892472
لنت ترمز جلوی سمند سورن,12992663,9001111,8513506,807523,172516,12055540,8511358,16971721,957800,3155935
لنت ترمز ریبار,2137174,5548244,8884238,16971721,1093618,5054403,2474467,3587147,6993065,312953
لنت ترمز عقب تیبا مدل ۹۰,15072221,228408,3488445,8910937,11623178,4479388,961905,14749791,10836360,7801311
لنت ترمز مناسب برای ۲۰۶,1638676,3679832,999220,6748502,14217959,8522727,7422589,1558485,843847,7012003
لنت ترمز کفشکی کامیون,712594,4396103,667278,6775093,13763185,12531760,9819715,4822834,10389840,813564
لنت عقب ۲۰۶ دیناپارت,820870,607269,59446,961448,512798,6812434,1153178,13121363,1004171,9875223
لنت موتورسیکلت بنلی کی وی,586696,4999495,5703369,7967010,8050293,10649152,1487349,11033708,16320519,8789858
لنت مژو جلو های تکس,8449627,106674,11116517,13807569,6003185,10587391,847989,974348,5592158,12381319
لنترن استایل,11089001,487724,1610096,16633807,6557691,8955395,14868576,6851912,3398369,10984525
لنتیلز ویت ماشروم,11032647,2420241,8431072,14410946,10388992,8713891,13245538,12453471,2468843,4753019
لنت‌ترمز‌دوچرخه,5557830,3307683,7934152,1683331,7000516,6631202,13340581,9621656,12258829,3517431
لنز آیفون 13,608188,9503513,7666578,11351156,17537520,6854659,12458926,6924312,9294989,4956709
لنز آیفون hd,6228161,6561991,699190,1350873,3640583,8729265,4660654,3402196,11089001,1572826
لنز ایفون ۱۳ صورتی,2487676,11419580,11007251,92226,1850809,5528497,463273,983009,10170656,6158866
لنز دوربین گوشی A55 5G,384444,799177,2132786,1809169,798880,3207817,9389159,3882123,14295074,12296936
لنز ردمی ۱۳ پرو,11246513,10055139,4354964,73702,11427562,9004905,2285284,11750358,13220379,2279639
لنز کلیپسی tele,9126936,4225979,12076186,2842595,9239506,9836112,6164402,9986629,9589386,3810323
لنز گوشیa15,6915883,13854825,4836859,527018,10220686,4288935,14580646,4792739,877192,11101125
لنسر ماهیگیریکوچک,11403849,14077482,7035312,6580689,14212796,12444156,6798757,5343249,12683475,1789517
لنوو لجیون فایو,8445425,5839476,4146294,1487519,13466392,608655,1130511,4901144,1487571,6064800
لواز تزئینی ماشین نيسان,8729182,9819715,2534522,261051,9846474,9004108,14398384,2152076,5362159,14076582
لوازم آشپزخانه پلاسکو,10709261,11124038,10133630,3397736,2074913,3042455,3875573,10097967,3710946,996120
لوازم اسپرت پژو ۴۰۵,12109643,26246,8384140,843847,11923642,10566095,6991372,3627290,6455521,2995939
لوازم اسپرتی برای میسان,3876063,6053278,9372061,210706,13260181,6770083,7371634,1910538,515848,8582515
لوازم اشتوز خانه,15115718,1886413,9824297,14720281,17969085,981922,4782055,7798882,6330542,4190115
لوازم اشپزخانه اجاق گاز,15316254,9964641,467306,7780382,8714711,8869441,3830917,1135071,614287,6073201
لوازم التحریر دخترانه انیمه ای,10554732,255406,5665364,9065602,11625576,13692930,932152,13514411,17037730,4212044
لوازم انیمه جوجوتسوکایزن,10085302,4891946,2679897,13832741,14762075,8339552,4304895,7232503,10722809,10653856
لوازم اچاچی,6139145,168079,3984726,9339374,8955487,4705655,4529789,6080148,8671400,12720711
لوازم بخاری,6145047,14973035,5131123,9439376,8824653,3889239,915219,7890775,8615306,11330882
لوازم برای بازی کالاف,9414390,11362304,8884664,8395302,2220861,3730774,5321832,8616655,4489476,14693608
لوازم برقی صورتی,14633627,1932392,7127873,6890835,1881792,5668263,296151,7540371,12458381,5823722
لوازم تحریر  دفتر چه,1482105,9800468,2749547,6770083,723825,14860361,2441830,3055781,11313296,1115423
لوازم تحریر بسته ای ماژیک,5548244,12673805,9364733,889145,7797203,10558674,6596396,4065469,14264177,12282998
لوازم تحریر فانتزی ست کامل,9921696,646461,8824653,13969596,10186767,5550069,10894204,7820922,11256459,4954108
لوازم تحریر مورتال کامبت,143601,2765082,11089468,14007389,1845303,12645229,9882049,1420638,13656147,7145828
لوازم تحریر نرمالا,1457546,12773727,11792453,9832146,8134825,2869971,9851111,2137174,6202877,6526822
لوازم تزیینی خودرو رانا,586696,7431580,15147960,1529575,1167986,14964963,13494305,11162265,7577455,1569146
لوازم تزیینی ۲۰۷,162579,2689836,9782160,3728454,7695005,9529336,5165276,8619571,4452658,10055914
لوازم تیلر کلتیواتر,11594759,6327689,12090299,8187292,8806823,6206347,9810520,5025540,215632,6338303
لوازم جانبی دستگاه فشار سنج,912146,410596,14020596,4952671,13141511,10676179,14162875,14333650,189571,11007995
لوازم جشن تولد سگ نگهبان,5129444,12164451,9647975,16023674,13635201,11090329,7638525,8802883,1624566,4649136
لوازم حانبی ماشین اسلاح,15636106,2670,4954085,6965505,6561991,14891524,8096411,11734482,5235259,15772253
لوازم خانگی برقیمدل,13384011,13954687,8873626,73006,2701457,10749548,9882049,9931729,59380,10668656
لوازم رابط,305810,7422785,14197726,10148366,14472064,1734256,10720932,408760,217019,9800297
لوازم سراتو سایپا,9591547,285259,11589912,3604636,12085945,1035800,3500901,13369143,4929072,1140969
لوازم شارژ باتری موتور,8598954,14874782,817054,84463,112897,8009061,80150,9944694,11108015,167334
لوازم غذا ساز,1117102,637957,8021519,13158414,9796828,7230201,14151937,6770785,11156752,3536593
لوازم قفل سازی,9101770,681938,3283047,6371952,7859766,416155,10961693,3359298,478133,19295
لوازم لنت عقب 206,12428216,12395584,6456374,5282709,2716707,10558674,1490799,7553658,3900675,14079258
لوازم موتور جت رو,11042962,2404828,10683941,13924135,11411164,10903361,959898,12076186,12085726,13203408
لوازم مکانیکی برلیانس,1029673,12218381,1813686,2241846,13576150,1923816,6731038,9026799,4415866,2103525
لوازم میوکی ژاپن,12899343,9268477,11765611,6391068,2275515,7604444,1439864,9709614,9604701,11953252
لوازم ورزشی آریا,12362441,9017025,9419737,7391150,13211709,6389978,12974035,15316254,4487521,10651437
لوازم کادویی,6851681,5175141,14380342,51924,112379,326946,7222721,13933524,7167500,12937088
لوازم کاستوم‌ پژو۴۰۵,6265476,957800,1029075,951998,2883420,9357873,7166735,790252,860400,12573233
لوازم کوهنوردیفوم زیرباسنی کوهنوردی,4172151,90520,7963042,475703,3539005,12294078,6325240,910280,1645570,13094132
لوازم یدس,12598258,6839209,13920852,6289222,831772,6614627,1606824,4671970,2586430,7969300
لوازم یدکی کیلک,5668815,9382384,2887055,3900675,3882123,3974550,1159678,8925030,2888891,9251888
لوازم.  دیکس و. صفحه والو. سبز,7517222,7038535,1675658,9364524,13985468,4325093,14428253,285259,17085140,6310212
لوازمارایشی,198120,4995373,9703599,7009820,12220101,71942,12587156,3875383,10823817,3382496
لوازمهای کیوت,126151,5075705,1168656,12804462,8612151,1586166,1910538,4248271,8023443,8057538
لوازم‌آرایشگاه‌مردانه,5426875,221364,7278098,971006,915219,7287514,9279178,5666089,3289173,1023734
لوازن تزئینی اکواریوم,9060954,138306,12889866,7542677,781227,9246246,6766561,10796599,8276973,9329759
لواشک به حروف انگلیسی A,12719812,495439,17992293,11255216,13933524,7290594,1944269,8348402,5568535,431195
لوبریکانت ایموشن,5140235,4957468,14336077,5551688,2984540,6161608,4496965,7510865,15294551,6713474
لوح تقدیز,5428339,9937885,7577059,13950061,14603315,15319527,9033409,14380342,1290089,811751
لوریس حجم,12299347,16336573,9895515,1610096,9877650,274675,7504341,7096623,7791972,6076259
لوستر 9 شعله,7432018,10387007,971006,6102391,14514895,143580,1930327,13504571,9861910,1675658
لوستر اتلق,9772859,8815083,2748851,7709371,2871672,829327,299236,9752354,13259598,9663993
لوستر ام کی,12760388,15836024,55610,12530933,568650,6991372,9527627,3595884,214841,1350873
لوستر تارا مدل مدرن کدsPB360,7248029,4323821,4452658,284254,13281648,9826552,5321832,2227589,7624529,4911290
لوستر دور مشکی کریستالی,741348,6946867,4542839,82093,714324,8480468,1642892,13376228,10985094,5109551
لوستر پادینا مدل مدرن b-ring60,4559139,6227495,3722838,13318293,4310710,12088288,261051,9895237,3337746,9020294
لوسترسقفی برن,4151594,3716034,13148210,1501452,1538121,2670,7047648,12546851,12075125,7294241
لوسر,587934,3315334,4677719,55072,10795084,7013482,1638404,9276327,8312082,603143
لوسیون adra,4022270,3658747,8333179,8671752,12202771,8061397,9623006,10633491,8198325,7061153
لوسیون بدن Q10,6419280,8318670,13188635,6531055,8630516,15087423,6533827,10898538,4966806,8248596
لوسیون بدن قهوه ای,14077482,14018731,7345740,14116165,3367562,11792453,1546996,11835776,4105740,2555157
لوسیون بدن پس از لزر,10570478,5890321,12095645,4742047,4184949,7874377,6212262,11932261,4571148,7591088
لوسیون بعد اصلاح مردام,807595,1760078,12749087,14882746,2360509,10693211,14852587,12363287,8127544,9221077
لوسیون ضد چروک آردن ویتامین ث 30 میلی لیتر,3166341,194931,5790627,12363287,4088765,11410958,14515067,3755533,48078,3922252
لوسیونم چ,6809572,3016058,5413819,10958076,13804646,4337355,995846,13033468,14868843,6577358
لول خرطومی,4885697,5615117,6792674,6712337,2430131,9819715,645879,5188656,7531652,26486
لول پژو۲۰۶,2365230,10392279,7556398,619874,11506193,14357221,489695,3609559,7574820,5586007
لولا شیشه,15034858,10708778,7734110,2259182,3179083,6352215,5325285,3042455,13068451,12956175
لولای رگلاژی,4495195,8497576,9604701,2391271,9815559,6654067,13699053,10332707,6465396,8242042
لولزم ورزشی درمنزل,8163672,17601869,10597675,4360062,12694048,3571386,3596037,15307573,2294408,6254543
لوله آزمایشگاهی پیرکس,7952832,2046421,11410963,206083,8257025,178762,172614,5884397,7203816,8197472
لوله خرطومی جارو برقی پاناسونیک,3500901,4076941,3083082,10839890,3490827,4711031,6238884,5366234,9362011,3405536
لومکس هوم اسپیکر,7370724,8817271,9234629,7171641,1857547,4566955,1848206,7266005,10661237,1722737
لووازم جانبی لگو,326492,180395,5062268,8737931,14257955,877254,9089254,3373841,127102,7172933
لوپن شاپ,4280661,10726910,1057587,5095462,623214,6002837,13692930,2840245,2854783,191576
لوکساب آب معدنی,9611795,7709371,2826482,2745154,6787707,12453877,5196771,13950082,1584733,2825893
لوگو رانا,12341846,2199154,7295871,1742756,7465654,11626600,4146139,836894,4566029,2378379
لوگوی صندوق پراید,5131123,1804262,5064582,14042768,16670787,27830,14554037,9859965,7886575,9380520
ليوان شيک,10220257,5465929,11792453,13827589,1015441,379343,162410,13098387,6808740,12214658
لِمون لاندری بَسکِت,10035800,10120510,11652937,9830425,5306585,8869738,11403849,3865146,5025436,8737931
لِمون کالِرد بال ویت وَلو,9863317,7593002,8355017,9611795,33592,6566014,7857661,7248029,2042181,7985095
لِنوُو لَپ تاپ لاک مادِل,2667217,6526327,4914193,11795283,854219,12463754,4993916,9527609,10556052,14541067
لِیرد چیلدرنز هَت,4197849,9970279,3289306,14176170,16592579,4266141,15489612,12553170,12233216,4452658
لپ fx507vu4,10493947,4486514,368743,8355873,2949512,16072099,1329243,2856776,10737352,3179358
لپ تاب ایسوس 7,7969736,8376289,3612596,10438847,451149,10570478,15104501,13281648,11607769,7067157
لپ تاب لنوو l13,10656375,9276327,3716034,6458182,4146139,6647088,3361033,1125449,6616043,7877923
لپ تاب لنوو zenbook,8567079,9621656,1378151,7474345,1127718,14476967,4273719,143580,5796311,4461026
لپ تاب پر حجم,6139145,11492437,10302972,5004118,12100809,8729265,14762075,5102938,9484811,8359706
لپ تاپ 15.6 اینچی ایسوس مدل TUF Dash FX507ZI-F15-i7 16GB 1SSD RTX4070,6810419,3038268,7588252,451149,3644217,14574143,5436849,9172828,11747272,17479499
لپ تاپ ایسوسG533,3624415,1882194,7644288,8526695,10946286,2826482,5891015,4428968,8111206,7890775
لپ تاپ مایکروسافت 2 in,8714816,6226528,2842595,6417834,6506441,9131125,15502469,9147653,8560835,11047327
لپ لپ 1000,4798605,7575881,11064523,10333025,8994914,10404044,741055,433458,14162487,9126478
لپ لپ شانسی یوونیکورن,2064685,6159749,11655097,1584733,1592745,5652072,9986629,1768109,3275535,6974618
لپتاب  پسرانه,754380,4522712,4395571,8529398,3376676,406291,9693280,979720,13882612,5599387
لپتاب Zenbook,9089076,979720,1071003,2267012,4882532,16051918,9371896,7814413,9419737,10635917
لپتاب اگزو,2763623,8886721,9708003,11281765,6869543,3307928,2190909,6419280,3431953,14186549
لپتاب گمیگن ایسوز,217019,3444932,12625697,5268387,12573997,13132232,999262,11769387,943846,16736391
لپتاب ۵ ملیونی,1552186,187301,475703,6261040,7199110,10347632,6105280,80150,6888770,14181093
لپتاپ ایسوس vivobook Pro 16X K6604,3740920,12911938,6556299,9079562,5196771,7380557,3054718,9931729,752022,981926
لکسیون مو سوپکس,11196611,412370,4836859,15034899,13983929,7722162,5205149,8765904,1949737,9837930
لگ شتین,532966,3286166,13853364,6461093,862717,12153023,11097713,5395458,3152704,10849913
لگ هدبه,5948638,1447978,11706172,12673270,10302972,2670722,3818328,68716,13358306,3890894
لگ ورزشی زنانه رنگ روشن,8044249,6305458,11460512,221090,2430131,6460591,3165952,4374767,8134818,14751687
لگا اسباب بازی,12031578,2829818,597980,2811369,930482,2753341,8930636,9250165,13413731,3716034
لگو آخرزمان,983371,3553600,8179314,8702467,8143640,8537836,152110,5602345,13152830,2110181
لگو انیمیشن‌,1800278,8164723,4356887,356804,3358668,9026975,12243728,11627926,742799,1683331
لگو اوستا بنا,1927521,3532969,10061052,5144437,11196311,12381319,2588590,6994897,10347632,2875868
لگو خونه بازی,15772253,74325,31852,6654067,359882,5338175,4268372,9377384,838154,534631
لگو د  درخت,11129004,9724039,14214794,4991935,6633877,9493098,12745641,14271321,7759822,1516133
لگو طرح تک,3181933,49349,10587154,718132,8492349,395762,7272855,12921564,4545023,15659202
لگو موتور بتمن,10901919,12490009,12081725,5557830,7294795,1806576,1885602,646719,14566948,3081860
لگو موزان,3624625,8890436,7050231,449113,6941354,12991404,10632211,3531299,11103549,112379
لگو مینی فیگرز ست آف ۳۰,4792739,6265476,734314,13882612,915063,7828165,1490799,123067,7885034,1572826
لگو واراک ژوراسیک,6595635,7368232,4423391,5189,14578891,286918,6446757,15096900,10593941,908932
لگو یک تمنی,3329993,10839890,1481699,16752010,6363324,2126582,485090,134955,7311695,3225041
لگورونین,14068241,14192208,6800916,540860,2725449,6323277,10162478,5385015,1629443,735088
لگینگ  انتی سلولیت رویین تن,4209856,14413968,2667217,9997705,12965773,1787549,5382851,7460246,2137273,15511163
لگینگ  زنانه,9349513,485090,14078112,214932,1974618,8577079,251724,75270,889145,9234629
لگینگ زنانه مدل قزن دار,11372593,4616527,1021268,11388363,12185047,12090877,8481749,11116517,814435,6450361
لگینگ لاتکسی,14794205,4931636,13656147,4718551,2841775,649278,1634779,15055116,533697,3475356
لی لی توی,3218826,10280312,8162593,3183048,12467982,5095256,981926,3797495,14336571,10827963
لیبر پرینتر لیبر زن قطر ۷,607269,13344920,112897,2770901,14425829,526298,7338944,14271321,1135071,8806996
لیبل زن چند کاره,15126953,15231794,796611,6197168,1414797,1885602,11228214,13402069,7653577,935451
لیتل بوی فور دیور,4964326,1645570,9839290,16040039,5110719,10311608,10073361,12212988,12126126,11876002
لیتیم ازمایشگاه,17038129,1955382,10355916,2978266,13717213,15895722,435240,836232,2783887,7168123
لیزر دایم,11626547,1597971,5064582,2906550,831292,9706010,8501934,10055139,9147790,10860371
لیزر زخم,6500978,7926817,4549471,1651504,1806576,2053912,14488282,13635201,6833688,624926
لیزر طد,4681587,11467012,2614137,5089067,10597675,4087034,471143,4753019,8491338,14162875
لیزر پویاتر,5663144,5144437,619737,3212987,11708864,2289837,6834237,6148379,9151144,3246560
لیزرbl303,8257025,1845303,6809572,1091098,7855730,12350031,7248029,170684,13167520,4816942
لیست روز ماشین لباسشویی دوقلو پاکشوما 15 کیلویی,2998855,9108448,862717,2191995,6742314,8182052,13838424,12391533,6424828,631027
لیسک بنایی,6932366,2926894,10634256,11517957,3308038,604326,3496519,10345721,13677379,3202248
لیف,1016559,13579136,3644156,10960911,3550905,4315264,557051,197421,1122123,11281765
لیف کودگ,7930359,9567496,5357364,1024260,10490287,5209137,9695099,4641312,12170248,5389706
لیفت ابرو با نخ,2552449,12283267,11721686,1619768,777769,6560177,2176301,9445099,2211341,6206772
لیفت کننده ابرو اسنس,3182932,6959175,4528161,4801614,629090,9296886,787233,2091251,3085247,1104038
لیمونادبهنوش,521085,13880861,6833688,12594212,12391577,7991742,2902421,10170605,12453934,723003
لینگوینی,8681180,6622267,6338303,3028345,9119757,10893935,4852681,40971,313420,13886812
لیوان  کاپ,14017355,7819136,14007389,4180871,1556521,2255843,7844352,6208094,12284171,9567048
لیوان برای اسموتی,2323984,14843838,9554045,3735641,5071561,1441868,8483580,3868112,8259586,2986271
لیوان بلوری بلینک مکس,332914,8732036,9053136,4791465,961925,11441579,1049100,7798997,10528127,8526695
لیوان دسر بلور,8277238,4244349,3444158,11178970,3778601,2432359,11826104,10985290,9071288,263299
لیوان سند بلاست,9380054,1608070,3269571,5347861,9178314,8186973,566235,84463,569376,10237644
لیوان سیلیکونی مک کویین,11106490,2249102,13015000,10426374,5000646,7781648,6208094,4597703,7547365,9736657
لیوان طرح سوتین,5602345,1809269,2212020,112379,14884689,164820,10665659,38820,3987504,13804774
لیوان طرحدار,11315279,1526337,4707890,7229796,5054450,1709177,723003,14380342,5409641,8429124
لیوان ماگی  دخترانه,5064582,4437935,224849,3207817,811532,3181280,652824,120258,1860173,17449743
لیوان پاشا مربعی,7542677,13677379,2092880,3598086,4048051,7623616,10406553,10490287,7142851,584095
لیوان پلاستیکی در دار,2118749,7142116,189770,8182052,14763098,1158687,8815105,10432482,12054588,12323073
لیوان پلیمری طرح کودک,11752085,12216494,637232,3597538,3400456,681938,12286879,7971987,11156711,8659374
لیوان چایخوری  ژاپنی,9577321,8370228,7691,4238492,3768855,1563637,14413764,2028711,10958076,429105
لیوان چوبی مدل مصطفی,1476125,9810520,14275370,5304337,6373656,4641312,5811498,892394,14045908,11288948
لیوان‌کوهنوردی,3893790,7301351,8141377,9480573,15772701,829181,10130577,6163212,7197935,1070635
لیورپول قاب موبایل نوت ۱۲,7205841,17013373,1496876,6654067,12694048,3085247,17815021,2090561,2672984,9001111
لیونل,5190171,4009351,12124805,5350930,17048438,13121920,10432482,73702,3786675,4131783
لیپ اگروز استیل,5679964,3852727,14267990,3537350,5156672,2716151,8612133,8453861,1023734,12220101
لیپ سپر .راید,13907409,860740,10947891,3403213,12547362,10832056,17751721,11270596,2199154,14135524
لیپ گلاس و تینت,4583031,11322928,2137174,11981269,108540,11459772,8800744,12527301,12784245,2137875
لیپ گلاش,1554506,1454599,8236672,15094280,7340462,487724,475424,6003185,13203408,12518784
لیپوزوفر,7407820,11909673,2949117,286688,10591265,1127047,11705509,12180030,5620616,1615286
مابع دستشویی صحت,11128040,1645570,13717450,14413764,3987504,9403178,14467723,11795283,12633409,7435146
ماجرا بیست زبان,367085,11330901,3782930,8329320,20474,5442074,11778310,6374300,74325,2230861
مادربرد‌ گیمینگ,10289010,5753864,9961030,586696,770896,9983214,8326311,1622791,2262254,7706929
مادگی فیش آنتن خودرو,8938625,9827862,7093648,2537376,8909113,4630447,7257502,11210768,7574820,12587156
مادگیکابل تایپ سی رابط,5747445,5519812,17058307,5050942,2161098,4494850,10952084,7404404,15258075,12149756
مارال  شت,11380006,6099272,10513443,8429124,8312082,10823021,10806235,7161954,12518888,6984499
ماربل شیت بژ,8315311,3500901,2839161,1139534,11717943,412826,7761127,15306465,7283591,11090385
مارشمتلک,1765774,6241074,5116408,12804462,14219149,10828044,1760908,11971046,10653284,6450361
مارپیچ چرخ گوشت پارس خرر,10017523,10403857,115001,8338133,3953926,5927210,12516025,12016209,445937,9337800
مارک جی نی اوس جعبه بکس,3519439,1980226,13082050,14272240,5245403,11498020,17751721,17011472,16895824,12283267
مارک روی موتور,5337932,6622267,1949737,11042962,5666461,279853,2126582,1584616,9215637,9248539
مارک یوک,9342140,7100817,14157096,164619,10904951,7442287,6720261,1609964,7566698,3195329
مارکارانی ساز,1049100,9716931,9079562,3644163,13389605,12359875,901181,90520,305573,263299
ماری گلد ضد لک,3055781,7963042,10186767,2585994,6099272,7631473,3229372,11893422,537668,13005200
مازراتی مشکی پارچه,11103764,7491913,845953,11498020,14740537,5666089,3382496,591097,9994878,12258492
مازیک براش,3090192,8054249,9435157,7865355,11492437,17113088,309830,9931729,13781222,7808672
ماساژور فیزیوگان,3460347,3865146,3688118,9921696,14287592,6839209,3976530,7396949,11498716,4014257
ماست پروبیتیک,13504571,1514737,3233122,494066,13986631,109835,9654161,7205752,12996305,12233240
ماستخوری فرانسوی,7884372,13235338,13611567,12212151,7888010,3408934,8093511,9378158,14565825,41099
ماسوره آیسر,7145828,9372061,3488445,12122174,14309629,12619125,1257,7781648,12751996,12937088
ماسک اسکارفی کلاه,13024773,7565868,14891626,5170003,6762673,214841,13384382,3181280,10857322,11351156
ماسک اسکراب صورت خیار,14763098,11089468,2092880,4792905,1617886,9629625,12784245,2050108,1584808,4006952
ماسک بازی ماهی مکرب,332914,1017501,11188019,3569970,13632307,384261,14132342,12889866,11689074,13323051
ماسک تنفسی ریما مدل سه بعدی n95 نانو,14190688,8930636,6236121,633484,6393459,7499349,3860866,4726765,1877280,3245722
ماسک جوغده,143233,2213318,11214778,11852558,3458009,15967853,3068716,7961102,6048427,7094941
ماسک ذغال مینی استار,5350250,5150034,14274757,2969602,14190688,11433978,2434476,807595,8487318,734180
ماسک زغالی هیدرودرم,10420928,7934152,4108417,7488509,13655115,7595752,7283591,11185198,13276121,9665402
ماسک صورت جلب دریایی,13172847,13154422,11958261,7503155,6991372,919220,2725058,519363,7417615,4747762
ماسک صورت سادور وزن,8220841,11228214,4748512,14292205,10343254,14439591,944925,1154968,14156185,3432901
ماسک صورت لایه بردا,1661937,935619,9516833,9395415,2050108,7697738,735088,11562239,4408025,2675502
ماسک صورت پوست خشک,11419082,12110498,515038,10747176,8658743,8110066,115561,13827589,10538870,12999394
ماسک طرح,8395146,6661078,7285915,782048,1151425,3373841,9349513,6926013,1645296,10944728
ماسک ماک فری,7732577,2406148,4165937,6424957,589134,9958430,8754662,2137967,8739624,4241462
ماسک مدیر اسکویید گیم,11159404,1333664,11625576,7843326,7834490,3564259,2075425,7491913,6558638,13527881
ماسک مرد عنکبوتی سیاه,11007251,2961825,13231718,14196425,8329320,4475955,228268,7512551,1617401,7537782
ماسک مو yellow,3804921,13939525,2872550,7367110,4494850,432372,4374767,5568351,5404798,6099272
ماسک مو ارگان هایرر,2848026,983602,3013942,5747445,7134009,4454387,8334051,13699053,2047207,12656613
ماسک مو بدن آبکشی,6996746,197421,42785,4897005,8717298,4319256,11932261,2171811,909949,7378417
ماسک مو بدون سولفات,7947395,170684,16613440,2523554,10442878,841622,10815671,5595567,2242479,11161719
ماسک مو رز,6090993,1615286,11475653,959015,2206978,1757699,7539519,4108417,836586,996546
ماسک مو لای,7184806,14782947,14569480,14185470,14541067,330159,3572733,3828058,699324,6465396
ماسک مو چینی,3871488,8164723,10542440,81323,7600535,2936817,5170007,3922252,11953252,6981524
ماسک مو کراتینه دنی وان,9733549,6288066,7999154,2176301,6237630,5817739,1928758,8222387,14096783,3165952
ماسک مو.,13235104,1491115,16720639,4711031,1039612,12428435,60107,10898538,3592999,4887699
ماسک موی لاتنیس,14413968,11424321,286918,6990645,632064,364752,101056,15147960,3519402,4369697
ماسک موی گلیسس آلمانی,3368623,8498898,2289856,8988196,14556961,2882990,1482105,8950594,2662413,7174761
ماسک ورقه ای برای بچه ها,1930011,6830905,7539519,17038129,12030029,923971,9351509,2531210,7808156,5066318
ماسک کراتین مو مای,10823610,1586166,543,870862,9793716,1931645,10985290,2776377,3859841,4640717
ماسک یا کلاه موتور,14096721,5253454,25959,4049858,14079258,706269,9569556,14762075,5853104,456522
ماسکه بچه گانه,6720261,81373,9457871,282730,9360474,7221868,11723131,299236,3554505,7877923
ماسک‌شرابی‌صورت,17470238,162410,17048438,3875383,6374300,37948,4801614,10100238,12387366,5803998
ماسین کوچیک,15641477,8873557,3967585,3085247,13619045,15380581,101056,127102,3465817,794651
ماشبن اصلاح حجم زن,8561802,14569480,12958743,7835596,6506441,157972,3325837,52753,319553,12020076
ماشن اصلاح کیمی,7237753,7691,10795084,604326,2293574,6208094,8968351,6116990,7406081,12447072
ماشناسورها,852735,5592965,2895142,10860107,5019972,2208667,9873944,3177340,9789567,3539005
ماشين اسفابازی برقی,5417052,7591916,12014271,8391414,6870884,6821038,10287333,1905089,9294022,6695990
ماشین  happy dog,17037730,9609031,11362645,17590677,13816908,3875573,2563598,7724759,10795084,411197
ماشین  حساب طرحی,4121114,4104507,11107079,5589187,2682398,6252788,6148379,3204480,9732812,96240
ماشین  لیموزث,12110173,2702152,787425,16709388,7983566,2869152,7796412,4726765,68695,1457546
ماشین monster jeep,7360152,1692778,4359657,1031583,1584875,9761959,8844118,2092880,618241,9131125
ماشین vgr071,75270,8096411,4417031,9365889,3245722,6435705,10329529,9428054,17591730,7967010
ماشین آهنی فرد,10529944,13763185,8963792,5189,9021296,11942039,12305674,326100,389422,8239214
ماشین اتوبوس برقی کتلری,163122,1070089,7597200,4044799,5717830,916313,3229372,7118751,7474345,1780834
ماشین اسباب بازی نيکو,8834256,6800616,31848,2444236,3042455,8864800,9976901,10528127,14586691,3245302
ماشین اسباب بازی کوری کارسوی,4487521,8222387,4506710,11708864,410177,12391533,8370228,6252585,5123200,8827833
ماشین اسباب بازی.کنتورلی,3592192,1476125,5236892,9860401,7161046,7954211,4417039,3555626,12401047,8339334
ماشین اسباب بازیپراید وانت,11266518,2511416,12247887,14271321,12254721,9200427,630393,1733659,282643,5595567
ماشین اسلاح سر وبدن وی جی ار,7828202,13454932,13379612,1154968,5892737,3471245,227680,6484699,8736641,4506119
ماشین اسپورت 3تاکسی,2101667,3202092,14217959,9054363,16693891,7367110,604326,6718443,812887,6349467
ماشین اصلاح vidas,2555157,3792937,14295812,7956277,9586937,5595567,7303131,2176301,987316,844531
ماشین اصلاح استایل کراف,7715987,615164,412826,1980226,813540,7495284,5651845,2091251,13174538,5487362
ماشین اصلاح موی صورت,14325572,7808672,8658323,6213165,284254,11592601,5483508,10651467,12213603,11872564
ماشین اصلاح کیمی 2024,12708949,7195939,1710707,12527301,10886706,13121920,9336161,1740320,1484777,13320636
ماشین اصلاحی مو,2152076,5635159,9133186,7291130,7997167,4104881,4850572,7987904,15319527,3915183
ماشین اندیس خط رن,1595358,680665,11116517,10729478,7066026,16006742,725292,7729570,4854648,607449
ماشین بازی راهسازی مدل چشم دار,14024753,7515632,5082578,8765904,9396692,16204164,6578624,7289290,4207087,8370228
ماشین بازی مدل فلزی کامرو شولت,10261729,396213,937828,14578891,4810218,4415290,7154852,13635201,10536713,9846474
ماشین بازی مدل کامیون خاورباری,6974618,10649152,12381319,4278971,1554506,2969980,14822087,1560539,294570,143761
ماشین بازی پیچ و مهره ای,7048378,14214103,4977840,430494,13527053,5110719,13507309,759520,12229027,1134379
ماشین جک,401242,6229770,7697832,8421261,173542,14525482,6265787,3671737,4418268,7798139
ماشین حساب مدل Kenko CT-8875-120,1619768,13527881,3118113,7012003,5189,7094925,3941575,13174538,2725162,6986157
ماشین حساب مهندسی CATIGA,2089470,3062680,5022247,5058143,645879,24775,12573997,3329216,7393227,677563
ماشین خط زن 5027,5388918,5700211,3184295,414587,7612355,1763712,3713495,8386109,13579808,12212151
ماشین دو زیست چینی,2914569,6548170,8928495,12077629,5589097,12009083,10596165,2112414,3383776,17484673
ماشین دوج چبنجر کنترلی,5148050,10487720,12935923,10520916,3164744,11109796,11626547,4397081,5059385,84636
ماشین را مبرگین,7958880,4641312,14105831,3423831,3993549,11411164,11999163,14656328,5812779,4109459
ماشین ریش اصلاح,9740033,48961,2663954,4978798,12647595,9555021,15321687,3346503,762996,4097330
ماشین ریش تراش ۳۸۷۰,9800297,10229655,4897005,6854837,8844118,2279846,674036,8648462,3635153,3330793
ماشین سگهای اسکای,12401047,286137,7591088,7404404,6460201,10335660,11227268,8823095,10688144,9020294
ماشین شارژی نگاه,70325,6099091,9567498,1161598,8934618,8789902,8968351,8725423,11249452,152692
ماشین شارژی کامیون تریلی,3500901,2653959,6835557,5366991,2555717,269306,11960134,14091628,1592884,15233659
ماشین ظبفسویی,1584616,5241933,1515420,540219,2241690,8011488,6913718,8806823,9250165,457298
ماشین ظرف شویی مارک بوش,13465465,7691559,13503755,5140235,5482819,5298345,6556217,7015905,9919695,7963042
ماشین فلزه بزرگ خارجی,7428555,111606,1030285,11841668,2262254,11404306,3218826,9743231,13188635,15068848
ماشین فلزی بوگاتی,13251588,691099,9636699,4640717,13081627,6616972,14365697,5632277,8685101,1789517
ماشین فلزی تبیعی روز ریز,7614409,245396,2430131,7268050,12383241,11403849,7297459,1725361,6929586,709944
ماشین فلزی تراکتر,9169334,5274879,6463431,314213,17025073,4971284,4615121,4013119,12203063,9089254
ماشین فنردار,12926611,1160809,6718972,13969596,859481,12695788,1653093,1130441,14263738,1021213
ماشین لباسشویی اسنوا سری واش این,13502179,9715584,11708864,3359298,303259,2028711,2969980,9677180,6103339,6559677
ماشین مساوقه ای,6404633,96819,9364524,2090561,6766561,4424783,7165982,2008349,6650714,2505460
ماشین مکویون,12878488,8541903,4585575,585659,2308497,8068949,6436457,11947253,3258151,2408736
ماشین میوه فروش,11830223,6069316,113181,550878,15578494,7340419,14568223,7128270,2221277,6989297
ماشین های مینییاتوری,6498494,5654096,3539343,3943782,13147836,5132596,8166873,5148230,1443507,9636489
ماشین پلیس کونتوری,340779,7129303,5413819,2861067,7888690,6580689,794651,1077019,5027027,14467723
ماشین کنترلی bmw M3,1078142,9080302,10157236,4165937,2926894,6135608,7047648,3462515,13581904,7608860
ماشین کنترلی آ فرود سیم دار,5620616,5338291,13134598,8481670,6239105,5845932,8960641,14037794,9708003,10651437
ماشین کنترلی درف,7750051,10229655,167410,8387799,6819000,9623810,8714551,4529283,7513569,2290116
ماشین کنترلی دی ۷,13065873,816022,5750777,8912688,7601292,2149655,5276317,7943088,14214794,17037730
ماشین کنترلی کوه نورد,8714711,59446,9004905,7266005,6827885,4631112,5823722,5597635,591097,7499349
ماشین کننرلی شارژی,152422,3934246,438452,10220255,8669736,2215376,681270,14494381,1514008,13503755
ماشینک فلزی لیموزین,13364158,14162875,2058772,7512465,142327,7268050,8949433,6533827,3289173,1515420
ماشین‌حساب کاسیو,9169544,5193420,3569970,4242098,5266126,7546522,101056,6915883,12921564,1550981
مالت گربه پنیری,5276317,13103817,9278594,4181452,5073393,230499,5469265,13150307,27956,4423391
مالتی پیس وال آرت,9952903,12062791,16006742,12077629,7290673,152741,1802368,16670787,6823327,1573576
مالد سیلیکونی ریز,4170530,2721355,738077,919972,13299223,14250473,1915548,4516244,10306216,15284231
مام telegram,8616655,15302238,6980916,13551839,4601661,6435051,14324362,1072595,4271476,2552449
مام بهداشتی لجن,42991,138837,9037666,3511923,6461093,3308291,11111095,13344920,8283197,2016450
مام تعریق سورملینا,3382496,54419,12318389,3011771,1523112,9797238,5936108,5318554,12703423,684205
مام فیت مردانه,183120,12528544,13627720,38243,7991742,7747911,14308846,2031949,3415050,8179314
مام ورول ضد تعریق,9905265,10523389,14043492,3534947,10116615,11589912,787425,10329529,179951,493952
مام ۴۸,10650567,11851125,12427672,1626901,4099036,52031,4829705,981922,3929091,9222733
مامتو شلواراداری,8582515,10823817,11852994,13324355,714324,11447064,365831,11111095,381500,145212
مانتو دخترتنه,11695665,1817540,3915183,8279929,7096623,2106573,983371,1094947,295751,4512980
مانتو شلوار جنس مازراتی با قیمت. کم,6227495,8891000,8991413,4013155,1804837,7338944,7088760,2149655,7198042,1710707
مانتوباطرح خرج کار,4584106,2678496,10596165,8895848,9293603,4832192,13576150,224150,5836503,10611243
مانسترز اینک,1602832,1505330,10587391,155209,7612355,9357873,7364490,3750835,8826576,8736641
مانع ورزشی 30 سانتی,11247860,9391549,6762832,12305688,6211018,401242,12656613,1059820,734314,1628644
مانيتور شياومي,4374531,791053,9740033,1510875,10311550,12647563,804739,2014465,8171818,8186973
مانکن طلا و جواهرات,13550999,2041100,2382422,6099091,9941383,15321687,8820530,10593941,1070635,12088906
مانگا پرتقال انتشارات نگاه آشنا,1661937,2209409,7593002,1482105,4270359,6736549,5064582,7494692,17470238,7535192
مانیتور  خمیده 19 اینچ,607269,9851720,6770839,12416760,9877650,9723331,4877415,9857792,9221710,3384926
مانیتور LG سفید,8561802,13676387,4307586,4242148,6404633,5226140,6854659,9838220,3408934,1562421
مانیتور ایسوس مدل VS197DE سایز ۱۹ اینچ,2776377,4836859,192276,5655690,9004108,733765,6448047,829327,276319,13999587
مانیتور دوربین عقب,12671574,464080,6435888,728927,7843326,55691,4261129,191846,16286253,13727015
مانیتور شائومی,613239,763971,12965291,626446,13217179,3481212,10687227,14985370,5373611,2211341
مانیتور ماشین رنو,1775829,4264439,10709261,4826432,755465,4165937,14958401,9611795,10985094,4137141
مانیتور پژو 405 سینه قدیم,4630526,3534947,12114587,5371740,3310047,9855378,2355599,4344817,4863898,5067566
مانیتور کوچک دسته دوم,6556730,3683822,2882705,5170007,5426017,2052436,2081882,349676,8133642,349671
مانیتور ۲۰ اینچ,514062,14042335,6821872,13950898,4950327,14868576,7967451,14346547,10665659,697280
مانیورمانیتور,4006952,5545020,8234858,2602908,2429494,771961,468522,4882532,1628644,11276364
ماه ضد جاضبه,15980631,4742047,11491863,13416734,15068848,8397402,2531210,12014271,10529944,5130999
ماه چرخان,12990949,9086223,5102330,9806934,7422785,10358668,17637807,1718000,9052410,742799
ماهوت gameboy,5616229,3027097,3283603,11161719,14160172,2993408,4593072,10130577,9568957,909536
ماهک دنده پژو,11246431,9393108,2307028,6263638,6230942,3289173,3500901,11351156,11851294,1114234
ماهیتابه سفالی گمج 5,623637,3554456,440818,16040039,7370328,15837828,299236,3728454,649515,2716707
ماهیتابه مستطیل,3815764,12534060,14320127,987316,9614086,14064817,5261472,288078,4461026,594909
ماوس tsco tm700w,4626315,6963614,3346503,9319210,489695,7504753,12944358,485090,10566160,3730774
ماوس پد طرح شطرنچ,10961693,4925584,12560315,10554732,1004021,2044653,723132,12506267,9540940,1914498
ماوس گلوریوس مدل و,14365697,9943533,10190962,7812216,6012268,8802883,11090329,9915584,10901262,12464920
ماوس گيمينگ,12295499,6735701,12506890,12739978,11704661,1161679,766062,6228161,17304884,7731917
ماوسبا ترح جی تی ای وی,2133970,3876063,3716034,4931366,12775038,7904244,9987921,4044799,8714816,9755208
ماژوررآمپلو فایر بلوتوث.,5744373,567638,2745154,9493098,7732577,3236541,946160,5505856,3410956,11029535
ماژول usb به c,7797203,11247860,5005084,685446,9119757,5251269,11827932,5119105,11625784,10261729
ماژول آمپلی فایز,5696222,7275212,7930359,5926516,2391271,2667217,3534947,2268047,6247153,378242
ماژول افزایش دهنده جریان,9439376,966215,11002739,7920573,842100,5630888,4909407,12648743,1125449,11752085
ماژول افزاینده ولتاژ 3 به 220 ولت,3532676,4319256,10475384,15147960,11519492,13359318,1130185,8235932,8806208,552599
ماژول امپلی فایر xh,7729570,9264756,1915548,9017177,1066894,3241307,4486220,7451617,5231049,9333587
ماژول بلوتوس فلش,7373577,3237213,1923816,6745919,2044653,3434836,9246246,13784427,10633491,5193420
ماژول بولوتوث مدلm18,1537340,13231718,9478647,9586937,10881540,15659202,8789224,3971487,15069967,16336573
ماژول دوربین \\,10941341,13471564,5026076,3022844,4433459,11088610,7491913,670162,7152359,12020425
ماژول شارژ باتری دوسل,14525482,7855730,3797526,2749111,6276346,4489476,9277692,7191359,4046257,5487496
ماژول محافظ شارز ۳ سل,125987,9220839,14898338,7955821,3576216,9708003,4301569,10262401,7546522,8367987
ماژول کنترل دور سنگ فررز,1792412,796954,10479780,9051704,12838592,8658323,4916098,9796828,13763869,493281
ماژول کنترل شارژ باطری دیجیتال,13164394,11007251,3365847,410177,2678496,299944,17278326,13656147,3790582,2501174
ماژول یون,5581620,3465817,7944333,9668361,12673805,1157087,384397,17311931,7022444,1760908
ماژیک راندو طراحی دفتر حرفه ای,4351903,9944694,5904494,9364524,14014431,2275515,13710651,2870931,5117308,744279
ماژیک علامت گذار جوهر دار,7145828,7947635,7178449,15961661,3008567,380267,162410,13231718,8994914,550344
ماژیک قرمز,13906966,11460512,13149286,13126767,10085302,11859478,16286253,12688760,5762815,12534060
ماژیک لکه بر چوب,5073393,55352,6800616,761749,5936108,9830425,1533016,7132885,408760,9622549
ماژیک هایلایتر پاستلی,258247,7857661,1482105,13613146,1505330,13527053,8065760,2009530,7778595,11281765
ماژیک وایت برد بسته ۱۰۰ عددی,9265137,7048378,6835557,11216802,5746546,13628250,2525763,12633409,11727101,17060887
ماک حرارتی به اسم مریم,10589713,15114356,9857792,7546533,8737685,2758594,7574820,12095645,2014710,3821449
ماک خودرو چای ساز,616505,2645301,3679832,11241494,715340,1581825,11888964,2749111,9021296,5620722
ماکت GLX,11435290,3255186,6787990,11872294,10676179,2441995,6718972,9439568,8497576,187585
ماکت ادم,5134415,2817052,681270,13364158,9842660,4027344,2206978,12126126,7480008,12323073
ماکت اشب,2025154,6984508,8222387,2429494,3444158,9177635,3179083,11245945,12602365,9628316
ماکت اموزشی کره زمین,4216970,4415866,3109712,10742703,5548244,6265787,3765030,13939525,7585894,217019
ماکت تغر,7380375,7125209,3859841,1810798,7488509,2845294,12905727,395674,5140235,3515888
ماکت دکوری ماشین  فلزی بزرگ,7451617,2945261,14096783,11558570,9520539,4520505,5419199,12976560,13238409,6884317
ماکت دکوری مجسمه ازادی,3511657,68716,6308150,6102391,364889,4744930,14360609,11082522,8334051,9161608
ماکت فلزی,17311931,11103549,10463434,6335260,1874610,5051624,2262254,852676,2725162,4251866
ماکت ماشین شوت,3305777,1808578,7674470,689260,8136916,14466154,11581465,735088,13099858,4063504
ماکت ماشین عروس,12203063,9593956,56743,12453314,14860312,3195329,9799940,942712,6500407,7096623
ماکت ماشین کاغذی,855999,6806447,5426875,5419091,6932366,12277034,2568772,7947395,10894204,8612133
ماکت ماینکرافت,7451049,3540612,411103,4878993,13525678,7983566,7258579,13777064,4629071,2112414
ماکت ماین‌کرفت,3572733,8754662,1037470,14439591,3055781,12233629,11152854,8400781,7888010,10253376
ماکت پیکان قرمز,6735701,10030958,13369159,11295564,723178,3722838,6327528,14057588,5823722,837412
ماکت کوینگزد,17058307,1613260,11116159,11727101,14467723,9427392,671036,10632211,3170650,14190688
ماکت کیک تواد,7290594,11270596,1516133,890360,13359318,6935286,9706010,7882390,14477251,9544629
ماکر وفر,3627290,10649152,15585289,2068072,3612361,9838220,6892322,2032757,10480997,5696383
ماکس  ابر قهرمانی,6760868,9755208,198120,3791190,13132232,10087528,917875,9918604,5294838,4043035
ماکیتا 108,12091506,6563344,9253428,15986310,8476023,2008349,2831303,777689,11465854,210706
ماگ  دخترانه کیوت,59132,5424088,1733659,3955712,1505530,7588252,7964485,9843310,349244,55072
ماگ  سرامیکی مدل ابر,525614,1026247,5845932,7775792,1435005,12097231,10226912,9138535,11224344,7498101
ماگ  گوجو,197421,7797203,6500407,8523888,8112567,15414041,2986975,5652567,5726740,14556961
ماگ آقای توکلی,1481699,9370,7657613,7373577,7402345,9398706,1156863,9959461,12428216,5548244
ماگ اسم النا,11696856,8270275,13677379,6533827,10572753,7922203,9705085,9567496,6290252,7375515
ماگ اسم ریحانه طرح دختر زیبا انیمه ای,14009141,4439658,5318554,8180402,532966,10795084,305810,9878812,9786391,4048051
ماگ انیمیشن hazbin hotel,3698986,14633627,11245945,1930327,10044979,5064582,11247860,16749668,4256269,2577240
ماگ بزای معلم,5190712,14739156,8752810,4119072,12309780,4196851,11336547,17336734,17969085,8372721
ماگ ترید,12215001,1138667,6363324,12739978,12081725,4852639,16687691,981922,4153002,5258935
ماگ تولدت مبارک فانتزی,169973,50796,274198,6535357,9022790,374119,11108015,1411709,8087355,9062550
ماگ سرامیکی طرح اار,9147790,12180114,11107134,6394152,9846424,9097395,11382166,8297769,521085,955878
ماگ طرح اسموتی نی دار,5193462,716418,587821,5022247,4266141,4270768,7576867,6962428,2911194,5717830
ماگ طرح جی تی ای 4,1110843,9607570,8270275,4754715,1605401,6855429,1642892,10566160,10930227,4792739
ماگ عاشقانس,713893,6932884,10217111,576821,1020995,7291575,3536605,7338066,13167520,2678496
ماگ فخرین تاج,12751996,3961887,8687712,5171083,695191,286137,1738079,2013405,1551517,2949117
ماگ وزیر لیوانی ست با نی,8506314,11077209,3085247,9597396,8326812,2793838,4609145,11589912,3571154,9567321
ماگ کلاسیک,4415866,14566948,4622688,2310389,8054513,13699053,6872675,2360509,11698854,7118302
مایع جلا دهنده فیری,13632307,788542,1077019,2205336,76628,148327,3716034,5662396,775333,13950082
مایع دستشویی herba,264920,5408675,6737394,2205336,1032542,2895142,7791972,7529183,1533016,14469461
مایع دستشویی هوم کلین,4661132,4425039,395674,15436428,14421004,2313052,546625,14763098,9445143,14574143
مایع زد جوش,6435888,14541067,3048830,14199453,10587154,3718358,6076259,9327243,15045013,2970399
مایع شستشوی لوله توزن,6999050,1513183,12804885,503450,407488,9611258,376930,10633491,12334337,1452948
مایع ظرفشوی هومکر,2596634,3432901,6274414,626446,5210649,9586937,15260002,7053936,184924,2103408
مایع ظرفشویی پریل برای ماشین ظرفشویی,12428216,11717667,14390411,527018,5005084,1626901,3988597,10674345,7162291,13349064
مایع لباسشویی نویتکس,1973811,14922341,1426823,2919754,12436562,2986975,532225,3889673,12450379,1980226
مایو,1056100,228268,2789485,9864678,4380808,3875383,7703175,1778968,14245999,10082929
مایو دخترانه ال او ال,3723264,142327,7435146,5707099,12695788,4990008,15196681,2419836,6240057,11007995
مایکت کتاب,5507303,7687466,8187292,389247,390870,811532,1743832,14009423,9174744,14943019
مایکوویو اون,11115659,1150578,14380342,10290303,1586166,12937088,4149665,6695990,13469479,10523389
مبانی روانشناسی بازاریابی,770896,3185092,12213603,3308038,10319520,4832192,3310047,3398205,3833118,1806576
مبایل a03s,7220483,14541067,3554456,606382,7640481,11368177,8827833,12258829,180937,7745780
مبدل usb type c,398852,11655097,13091349,12005190,5811498,11786180,9846312,6706574,7759822,11349568
مبدل برق 12 ولت جوشکاری,10472005,7559080,8985053,13465465,6936033,10201221,809776,2830183,14985370,9147929
مبدل برق تیراژه,5469265,419085,2118749,892472,25948,5362159,9118510,6943665,3241307,5025436
مبدل تایپ سی به hdmi,11145265,11696856,14333262,5403851,3575224,14486755,7240398,9269104,12318197,6463431
مبدل جک ۳.۵ میلیمتری گیمینگ,12760388,1870307,16537781,1504171,13918199,2552982,8423503,6163723,10909098,2215376
مبدل دسته ps5,5728155,7018165,1552186,7922203,8315267,11214778,13983929,4356887,12433865,9724039
مبدل دوشاخه به usb,8235932,14771408,591097,13103817,8798809,7835167,13369143,8529398,10751064,907973
مبدل هارد ساتا ۳.۵ اینچ,7720365,5025540,5057153,12057521,5066622,9403178,828633,7790114,9442728,384444
مبدل پرتابگر فرفره های انفجاری,4660654,9414390,205704,12754374,9380520,6941354,3437431,14488282,9717360,7147625
مبدل ۳ به ۲ پریز,4791585,6787707,7585894,10808695,6663320,16432146,1659259,4783176,9126030,6892322
مبدلusb-cبه hdmi,4113547,2821156,7836235,6154657,14131504,1519836,7036283,3054003,693887,6212262
مبدلیو اس بی تایپ سی به یو اس بی 3,2859399,12698831,14176170,919220,11505940,4478021,6327689,683854,25948,3162606
مبرد r12,2679897,13461620,67965,7421005,14651486,4233240,7467783,441365,2636509,8913983
مبل ال تن اسای,4007035,6230137,12672505,2759870,14608584,12247139,7515632,3954961,9622549,771961
مبل انا السا کودکانه,613239,977697,9068845,3889239,5703443,11505940,698981,9382384,5813081,2419368
مبل بچگانه ی دخترانه  بزرگ,14162875,6761083,14898338,7958880,213423,6335260,12543936,3081860,5679099,6500727
مبل دورسا,364889,14760870,7032222,1161598,4882532,7626899,7121107,381254,8435633,743370
مبل مینیمال,11055808,4502122,10530718,10194563,3160022,12646507,2935649,2046421,17590677,5421011
مبنی اسکارف بابونه,6905273,5622922,6510095,8834048,4972133,12557249,14343367,6061721,2760515,8387203
مبوه حوری,10823021,10548632,2919754,9291384,9700179,4842105,13431040,7118302,198120,8754590
مبکروفن کامپیوتر,7929065,13340581,12778555,17480397,5460742,5562610,10551233,451149,8729182,6105665
مت گربه سیلیکونی,14152346,9371896,11607769,723825,1843483,9220839,2092880,1003390,4570342,430950
مت یوگا سبز,12866569,8688900,13644566,2262835,9301361,16752010,13841267,4409667,5321832,14243261
متال پراید کار,2678496,314384,7118751,493281,8387744,9242187,8873557,178772,9846312,13639566
متر دنلکس,6905273,13384382,6508907,9128967,2109417,3085247,10808695,12091506,4878067,3184295
مته خزینه چوب,5425836,4064721,7834490,9294022,733582,17097822,2215376,12976560,14782947,7303131
مته سایز 5میلی متر,285259,468522,3934246,9875223,49762,5165276,10763058,1003107,2438582,152422
مته کاجی کبالت,7517222,4522712,5063472,9997705,4704767,14041181,1104172,1016194,9906836,633507
متهذقلاویز,482498,12185047,285259,2391271,348422,9321700,4305079,1558818,6880140,7361950
مثلت خطر,104851,249941,3280349,6175504,14763098,7404404,10740002,1558818,1568281,5664022
مجسمه metallica,2533837,181535,1156848,544744,10722809,14793780,3204480,15436428,7720365,10350155
مجسمه ارواح جنگل شب تاب,11462027,8925030,11707656,4352555,12884433,9141108,12900943,12441836,430950,9224976
مجسمه بانوی رقاس,433458,9221710,9781991,212535,2849057,2441830,8793843,8129430,2144967,1601878
مجسمه رونالدو,1582817,1651116,1804262,14577768,5115533,7635706,12124805,744279,7898863,10598469
مجسمه زحل,11476129,3604636,1573576,7491913,8922676,4458966,294012,11715642,4373764,384571
مجسمه سفالی برای اتاق خواب,3038837,12149756,14425829,831820,10183601,6323922,1538121,728026,12097231,6290786
مجسمه سگ ژرمن,11840984,1720958,6693613,8467382,466066,14580646,5426868,549702,3805248,8730255
مجسمه پولستر,8108879,13904421,12817985,14523987,11891856,16687691,777689,9919695,3219595,3633322
مجسمه. GTAV,12220101,1490799,961925,8073921,7978816,16797079,12224131,5599114,12362441,82573
مجلات دایناسور ها,4060266,1592745,912146,12349662,3724793,106674,7004735,13431892,4666683,3554456
مجله انگیلیسی,12775091,14351770,154397,14690036,7956277,811459,14477251,6762673,2406262,3926163
مجموعه آجار,4435713,9800297,6841625,3636273,619737,8326812,9302065,5652898,5005407,4925584
مجموعه ابزار باس,774908,9600229,178772,3237213,7244370,10085386,2973284,1077362,951506,6431053
مجموعه دسته راهنمای 206,8630838,8792625,10761877,6774949,55352,2915486,8685101,6406905,15825827,10076719
مجموعه رنگ امیزی,340424,13283717,10654402,9673893,7820922,3350124,12648431,5407471,8004738,10611401
مجموعه قاشق و چنگال سفری,5866703,10058099,8141019,6787990,13402069,5439069,6772505,15114356,1514008,11407210
مجموعه لوازم جانبی,9105170,5792790,7914100,11409541,1487225,156181,10661237,457298,797290,859481
مجموعه لوازم پنچری,2191842,4261189,8011488,11334503,1156863,505309,8397962,6585774,8844118,4433459
مجموعه نرم‌افزاری پرند,1127718,22978,11153458,8535502,1079839,13677379,5728155,608534,2995939,16613440
مجموعه کتاب زبان کره ای ویتامی,14525482,602111,10220257,180912,8684709,3541573,10319520,11462027,13012373,6433028
مجموعه کتاب های راه روشد,3570870,17589456,6335260,3364154,9503513,81323,3810323,13939723,2821694,11682472
مجموعه۵عددی صفحه فرز,5419091,12463754,6919034,1506889,1915548,608188,932152,2474467,5598466,10006431
مجوعه تم تولد,272857,12804885,6012977,14943019,6187952,12365445,8612151,9370,8686817,427025
مجیک کار چهار چرخ,2888891,9863906,10336591,5707099,14203413,3955712,9493098,13401329,7152359,6406638
محافظ a15,12560714,6713474,3209596,4630447,8169830,11689074,8739501,15489612,813564,3178498
محافظ برق ای پی,8286788,4916098,2995939,5117308,33589,1156848,542963,384900,4529283,2419836
محافظ برق با طول کابل 3.5 متر,3705686,9843310,11679069,5994231,762996,2696573,12204734,5443698,9445143,6718443
محافظ برق چهارراهی بدون سیم,6404806,2854783,7048378,23134,2153646,1664086,8928495,14094091,2599596,315578
محافظ دربین a21s,7774474,14894786,6243091,13174538,6980916,6762832,9397341,3825801,5366234,11558570
محافظ ده آمپر,14086563,3067219,1168656,5404975,12664128,1753907,10903361,10010228,3598086,2009191
محافظ دوربین گوشی ایفون ۱۱ پرو,3294846,3595884,9843310,5428339,11727101,11246431,8206881,12652614,12088191,10451019
محافظ دوربین12 پرومکس,7954927,3741049,14764965,665130,12203063,9578637,5843481,1071003,2907018,14014431
محافظ رینگ پژو,9005713,1641788,10578487,9086223,12694048,4621203,14498545,9703599,9330621,11721766
محافظ ساعت rt3 LS04,6331877,653921,9089232,2406262,1871957,6292647,13031790,14862152,164619,1030285
محافظ ساعت هوشمت QCY GT2,6801649,9010850,9277692,971006,11145265,557987,3328828,6653298,36838,3855570
محافظ سیلیکونی ظرف شویی,7806669,10651467,13626990,3447048,12078880,5901716,8334051,7670489,14320127,7379172
محافظ صحفه نمایش بدون حاشیه ساعت هوشمند,11178970,3465817,6966279,9745335,3824225,1689189,12921564,6277532,10697178,11217296
محافظ صفحه s8 plus super d,9938759,2744686,7961102,1161275,4565345,826701,1407137,9810520,7969300,490435
محافظ صفحه ال ای دی ۴۲ ال جی,13389605,2986975,187723,4389124,3402196,8223587,14608584,17479499,4355056,12602622
محافظ صفحه ساعت هوشمند سامسونگ سری ۵,8949433,9843310,5350250,13131058,6976256,9776588,892181,8498898,9391549,2596634
محافظ صفحه ساعت هوشمند مدل کیو سی وای gts,8366074,7517005,12900943,3871768,16835001,6859966,7674446,50675,15339692,4260936
محافظ صفحه ساعت هوشمند واچ شش,14739156,4626315,7987018,14079258,10694984,4931849,10237807,8348995,6010088,467853
محافظ صفحه شخصی سامسونگ a32,7432686,3644163,5202043,320285,36838,10025189,7219645,6891483,10112729,738024
محافظ صفحه نمایش note 10pro,9341782,6554716,10017891,9442728,1620325,15379121,3170650,681270,10403857,7118302
محافظ صفحه نمایش s8+,11914277,14410679,13384382,7805647,10771614,5190712,16895824,436241,9585969,2716151
محافظ صفحه نمایش امنیتی سامسونگ a54,408153,4546262,12804462,4711031,5152752,3398205,2351415,4395571,587821,12428216
محافظ صفحه نمایش اپیکوی‌iphone 11 pro max,8890264,11557366,6209833,16040039,8461494,8428516,814435,11840273,3183048,356507
محافظ صفحه نمایش ساعت ultra,759520,9545099,11851125,2355599,576100,17038129,756145,9952903,1584808,5264549
محافظ صفحه نمایش ساعت هوشمند redmiwatch 3,4854361,3840587,5700211,5696222,1949513,4006831,6383690,10085302,4009351,3184295
محافظ صفحه نمایش ساعت ۴۹ میلی متر,306998,862717,5632277,8777045,10761877,1973811,16858588,3162606,2745154,5703369
محافظ صفحه نمایش شیشه‌ای Privacy گوشی Poco x5 pro,5026076,12889866,10288925,13083849,12684890,12258538,3341501,2707188,14581595,2411284
محافظ صفحه نمایش مناسب گوشی Radmi note 10 5G,14299009,12656284,631757,287451,495439,8234291,1573576,761645,2357548,9052410
محافظ صفحه نمایش گلس شیائومی نوت ۸,3755533,426131,73006,3876412,2689056,9964641,14579086,12388741,1088721,5152752
محافظ صفحه نمایش گلکس واچ ۶,2262280,526527,9807887,4063077,1440386,4882650,2583317,10985290,13938626,4852451
محافظ صفحه پوکو f4 gt,10240052,766062,1505003,959932,7230201,2394894,33674,6699387,288078,1132730
محافظ صفحه گوشی  A54,6616043,790960,12957273,2617328,852676,827203,12531760,13215408,8804022,7165658
محافظ صفحه ی اتو,2921252,430494,3118113,13105650,11463490,7247698,1851696,1080166,12926611,13349301
محافظ صفحهگوشی zte,11241363,2106764,8384280,5093286,1568408,1153178,104511,9797238,10753494,5345214
محافظ فرشکاور,2915486,13827543,12646507,3233122,2552157,2196258,9260208,11970874,8772003,1537340
محافظ قابل شارژ,15028893,9427392,11214778,1514106,10100862,359882,13121363,9752354,442730,14864302
محافظ لنز Note 13 Pro 5G,7983566,5762262,4816942,3786675,12456849,12773727,509122,379758,4374767,11592187
محافظ لنز آیفون 13 pro,7844352,2455351,16797079,4415866,3054718,2149655,14064817,115001,3904812,757391
محافظ لنز برای گوشی s23,13503755,630393,10253376,474279,1470935,2075425,7478847,6830539,8331727,10077614
محافظ لنز دوربین  redmi 13 pro 5g,2693125,10120510,9539928,3308038,12506080,156181,4925584,735088,639574,10886706
محافظ لنز دوربین ایفون ۱۲ پرومکس,791053,113653,9915584,4307586,10479698,1030285,8387731,12247887,7595453,17035873
محافظ لنز دوربین گلس شیائومی نوت ۱۰ پزو,1145291,12703423,6265476,14333673,6800916,8682841,9738989,3971487,4747762,811751
محافظ لنز دوربین گوشی note13,12428435,9722881,16286253,9980852,8334051,10062088,17470238,5845932,3400868,305573
محافظ لنز گوشی a52s,8522727,5077306,286688,2965700,2895961,709463,8684709,3184247,2276162,2209409
محافظ لنز گوشی a73 سامسونگ,9220839,7624321,7012003,13364788,9527609,4977840,13627720,10361389,11418399,10164226
محافظ لنزه دوربین گوشی جی پلاس,11747272,934862,649522,10783503,8280670,3555626,13981188,4534159,11462027,1931645
محافظ مانیتور  x33 کراس,4893128,11841668,8842022,14852587,2190909,6526990,7432686,6753256,12560714,723132
محافظ مسواک گوانجو,2238243,7518451,9489581,410177,14186549,835347,5839832,5262741,3570769,15534948
محافظ نگهدارنده رادیاتور پژو,12534060,808546,11707656,11194782,3378428,12059223,8334051,11648685,4854648,7550613
محافظ نی نوش,937828,14553599,284634,12560872,11411164,3540635,14338296,164619,2474467,13118786
محافظ و قاب ایفون ۱۵,7834490,6175504,9852658,8338133,699743,7888010,1001967,17406399,6011939,3287572
محافظ ولتاژ هاردون,7731917,396213,13856310,1860173,10253259,9296886,1584808,14410946,10117064,14749791
محافظ ولتاژ کولرگازی,2588590,6391068,408760,15257467,3068716,14082098,8684709,1514008,11064523,7889284
محافظ پشت گوشی سامسونگ a03core,1487349,578192,101056,4415866,11588770,12044854,4271476,11424616,12680721,870862
محافظ پشت گوشی لیزری,2978266,13015000,2523184,728621,2819510,7291130,12628511,14156185,12624658,9585969
محافظ پشت گوشی هیدروژلA25,7275002,8132436,14009423,6562526,14410946,3570870,1122123,13318293,10456796,2406148
محافظ پشت گوشی گلس آیفون ۱۱,93061,10948118,6260612,721359,11781177,3062680,3536523,10479780,4423391,1910538
محافظ پلاستیکی پشت گوشواره,6593322,16336108,10333025,2387365,8234858,12553170,1806576,3252733,6760814,626446
محافظ ژله ای کلید ضبت ۲۰۷,8028610,12702443,1029673,12998878,15231794,14466033,8494072,2842627,7985095,503450
محافظ کابل شارژ بامزه,11717667,13303554,2390325,12114587,4886795,9994878,5662822,3213581,9439568,9667367
محافظ کالیبر ترمز,12778555,10148366,6821038,9838220,3481212,3280349,17480397,12467982,5744373,14857729
محافظ کلید فرما هایما اس ۵,12004169,14128574,9584036,4492609,10939946,12461983,6631202,3147621,13943953,1819575
محافظ کوشی کامل not 12 pro plus 5g,761749,11637871,14009648,3400318,754380,817054,4830134,10974840,13282374,8098125
محافظ گاز,7547715,6013983,1070091,2066449,2333256,9380520,4593072,813564,5264862,11876002
محافظ گلس گوشیpoco x3 poro,12868672,14190688,13939723,4855941,2066449,2085571,917261,996546,35021,8881982
محافظ گوش سبک,9119757,1053271,6718972,12836062,10490287,10849913,2257675,6167628,14416125,10665659
محافظ گوشه های ساعت های هوشمند,3177340,13160534,2276162,1017501,4124800,1156848,2014465,8118539,8073670,5236984
محافظ گوشی sx,10707054,2089470,11511469,4823914,964898,467306,868716,1871957,13415140,3759644
محافظ گوشی سامسونگ جی ۷,633387,3369509,1593759,6713474,6962428,5551003,42991,11124038,8922676,909536
محافظه صفحه فیت بیت,1516654,2293574,8871466,466002,10653284,9953477,486417,699252,6190722,2323984
محافظه کیبورد لنوو,3833118,733785,10633491,9738989,13185064,9863628,9663993,8949246,10566160,2571099
محبوب بنز,7379000,217019,2787116,9792746,9171060,5276317,11572853,8618394,870862,10126465
محرمانه یک پزشک تازه کار,14092946,4345700,12243728,4458966,961925,6105280,10612434,2609936,15843973,12506465
محرک رویش موی سر,163122,11682082,496620,4822834,796954,8400609,1489847,6940852,5441418,7038768
محصولات بتادین,12015718,1049100,10689760,5796311,6247153,8257978,14402753,8112340,10766629,3759644
محصولات دلفین بهداشتی,923971,11398900,13003487,549702,13131177,10334174,13852850,7505548,4351903,9830425
محصولان,5385015,81323,6290252,6702032,8163117,2895961,6099272,2743922,142420,7946573
محفظه جک,7701298,4417031,8516352,1570634,7952832,9027322,604261,12684890,2468843,14577768
محفوظ برق,3629964,8519789,2927696,10463434,14360609,773877,2404828,12807344,2432359,1120456
محل عبور موتور سیکلت,11246513,12212151,378242,1026521,6237630,5102788,11361274,7205841,1944985,13238409
محلفظ کابل دو عددی,3067219,14453371,14192992,6796444,5092438,9169334,416155,5066318,14891524,7295598
محلول تقویت موژه سریتا,2555717,5133301,13259598,10085386,5204175,770896,14207701,7808672,16234113,8609452
محموله ترافیکی,14421004,1505003,9053136,9360474,6602710,777769,7494692,5892737,5700424,6772657
محول صفرشویی داخل کابین خودرونانو,11388363,152422,831292,10587391,5436849,1585520,1718000,739779,6712244,2487012
مخافظ برق پکیج شوفاژ,7976209,630081,428256,487357,2731192,11354540,2714348,12991404,8255486,13172847
مخزن آب عمودی,12054697,6288066,671584,8021519,649515,549513,11404947,917261,14380342,10710833
مخزن آب ۳۵۰لیتری,2672678,2074248,12031578,96819,12431846,8929741,3890870,12365445,384900,6839209
مخزن تصویه اب,6593522,5028427,4534159,11968382,1411709,9126030,698981,2610567,11368177,10632942
مخزن رادیاتور بخاری ام وی ام 315,11082522,3055850,8423503,738077,11707656,684396,15636808,9446010,13142006,638338
مخزن مایع دستشویی سپیدار تاک,49349,1910538,12795710,11606815,5413236,5668263,10211121,303259,202375,8365210
مخزن گاز، سی ان حی,671584,1078142,3825801,10282482,808546,1026521,2212161,11077209,12334337,6205093
مخلوط کن sanany,2413323,10085386,5150034,13735302,12457774,833899,5618757,10799443,3904662,3264348
مخلوط کن یو آی بی,11296848,3571386,10680006,3860866,12398907,1601878,9329759,8169649,7561829,6566014
مداد بلک,15307573,8018435,13804774,200770,820863,8383328,6760868,7050231,9294022,671036
مداد ذغالی ماریس سافت,12547362,5568535,8329320,11079523,7798139,11332174,11558570,5226140,10570478,1020210
مداد رنگی 12 رنگ مدل,17048438,9958566,9628882,148036,1120456,5329771,9387650,2970399,9180751,8330682
مداد رنگی 48 وک,11108015,3299334,999220,17088276,646879,14023903,947718,859111,4995311,9339374
مداد رنگی فابر کاستل 36 تایی,7444105,770896,899210,9895237,2949512,429105,10923236,2351153,4823914,16035296
مداد رنگی فلور سنت  ۳۶ رنک,2406148,14477251,7791972,13001446,5117308,3875383,7611671,3945686,13145967,3331675
مداد رنگی ۲۴ رنگ استایلیش,12598258,1020704,8658743,425857,190713,942712,1683564,2670722,2849057,7235784
مداد رنگی ۲۴ رنگه,12594212,10148366,9641524,6693613,806089,7027586,85086,2719011,1127718,374678
مداد سیاه طراحی آریا,16576316,71461,657934,8143640,17353965,697280,9502262,5199389,9385254,8244011
مداد طراحی پارس,12590872,1615286,7877545,8929380,5984204,11595254,205739,646667,11558606,10961693
مداد فشاری a47,10822302,7517222,3326464,7179227,8337405,1020800,14168666,9037666,7386687,7920573
مداد لب بارین بیوتی27,11981269,4417091,38873,5089067,5070528,6839209,265143,6240057,2047207,962101
مداد لب فلورما ۱۱۱,13197805,645879,1484777,6159606,2432359,3003351,668821,10934087,10517307,3179287
مداد لب یوبی,1622791,3683822,14766903,9708003,5826102,16749668,12203063,9647229,532966,5160907
مداد مشکی لیدی گاش,13463142,17718484,9717141,4341832,14574494,7899721,8073670,9705085,14023903,5058143
مداد مغزی ۷ دهم دیجیتال  رنگارنگ,10133351,12625697,532966,13455141,3581552,11273164,674062,942712,15121526,1710162
مداد نوکی خرگوش کد ۹۴,9791693,12779149,6854659,408760,8838317,6994218,16613440,2333256,394057,14262609
مداد نوکی فانتزب,9645982,6261040,9636489,7205043,712400,1743832,6231032,2267012,880451,6013513
مداد نوکی ژله ای,7066450,3271100,10957908,9837930,8670721,561419,6004161,7940220,3506503,6909316
مداد چشم قهوه ایی مدل اکلیلی,17536289,10741729,7053063,4512980,787233,1048427,1663833,961925,5705932,9864060
مدادفساری کیوت,9004108,13785575,4411947,35523,5889381,284254,11210768,10463243,6556299,4122281
مدادنوکی ۹,190713,1111878,2561758,3656144,8066024,2391271,5241933,13576150,13276121,10082995
مدادچشم مشکی یورن,9860681,10985094,15761801,6560493,4862377,3919520,498576,5283135,11000594,9855378
مدارس سمپاد,12203063,13465465,7638525,3722838,10334174,6500407,6159606,8577074,6946094,5102938
مدل nutella,5792790,10815671,3865146,1714761,5274879,4707890,8665806,797290,1719126,4383345
مدل خانه عروسک,6331516,4959376,6230942,14199778,8842052,10554606,12085726,14006784,17314096,4684626
مدل د ظریف,2272565,5260079,17145362,2917060,1099886,14763098,12560315,12830552,1161679,12110498
مدل ست ساعت و دستبند,2355599,777769,9080302,6433138,42991,8164723,8900054,11398248,22481,2469861
مدل فضانورد p30lite,12379255,9314740,2094624,586696,13879779,8960641,12021769,6392775,1569587,12030029
مدل قاب اکلیلی گوشیa51,11643040,17398361,13494305,11636446,6373656,779617,9563117,2383637,1161679,294570
مدل میز تحریر و صندلی بزرگ سالان,2161876,914077,4595538,7118751,14362168,721359,1162793,493952,579617,9380220
مدل2250,10237644,3696981,10638348,8367504,17537520,14428253,6159606,14574494,5005407,11277102
مدله دخترانه,5357364,5551003,12643128,13551569,10472005,8239214,880521,10795084,6335627,10456796
مدیا استار کنترل کیبورد,2999253,2516249,15318307,14181343,52824,2160141,542546,5129645,1634821,3057987
مدیرت مالی,5836503,4583031,3358668,14308846,9308907,10186767,2960094,946926,276319,2476616
مربعی روکار ۸ وات,4678062,13629361,6556299,13239760,905385,14157096,11695682,9490267,4893128,14985370
مرتب کردن ریش,7181587,2006069,12323073,796229,6531055,15400948,3451362,565994,12050377,10214171
مردانه آیکات,7065338,14391683,2675717,6500407,5385015,4307586,4931636,153508,1117966,530419
مردکبود,3098913,408760,816022,5132596,6245130,6958247,42785,7978816,8312082,960381
مرطوب کنند  نئودرم,8869441,7374449,5874959,8730255,11202573,7303131,448733,12688957,741348,1664086
مرطوب کننده  فیس  دوکس,17025073,5683107,6787990,408153,4977840,6860798,7205752,8259803,13518846,202703
مرطوب کننده images,14958165,214841,9615176,13950082,1597971,9068845,71942,3592470,6596396,419298
مرطوب کننده بالا,3039913,973138,14580646,11377769,9677180,431195,6884317,7033494,2241690,12849731
مرطوب کننده برای جوش,9861910,2365230,12849731,14179735,1030285,5895194,14096421,1955382,76628,9051696
مرغ خوری ایرانی پیرکس,432653,4170530,7597200,12522406,6116245,3046475,3740380,3604636,2381229,13040232
مرغ خوری برگهف,9984274,12283138,3387748,14023903,13770069,877357,1826170,11707618,14391683,10455143
مرگ ایوان الیچ,1930327,892501,7889284,7180091,1827485,2097496,12088288,10521206,9852658,1154968
مریلین مونرو تابلو,12362441,11441964,10157236,7780046,10519102,14081992,14864302,683854,5633731,9659575
مسافرتی,8789902,3008807,5551207,936338,14006084,1759545,4260936,52031,11630140,60107
مستر تاج جی اس مانیتور,8616655,2725058,11217296,11246431,939238,8234858,2860902,12021769,4544783,7062154
مسواک برقی ارال بی اسمارت ۷,646667,108540,6891483,8800744,379758,1837601,2595835,794980,12391577,9094859
مسواک برقی اورال-بی مدل Professional Care Oxyjet 3000,2869971,11408972,7230201,11704661,13274672,3364154,14042768,3138852,782048,8370228
مسواک بچه‌ گانه مدل دار,7363962,202405,4214565,646461,1651116,3710387,9377230,12656613,1776517,12177638
مسواک دندانه نرم,183101,435451,8054249,5319481,13341550,15830110,4909879,13197805,14018731,133187
مسی آرجنتینا دیزاین جرسی,2415653,1664086,11283001,8806208,8581051,8435870,6461093,9177103,11410963,7475432
مسی اسپرتس جرزی نامبر ترتی,5318554,15937518,6851681,6863297,6526327,3852727,6712244,5698096,10253376,14105831
مسیر تی وی,8208392,37686,4288693,33674,8450908,1813686,2654791,1030285,8620945,812887
مشمبا فریزر پلانگتون,816670,533354,12219863,14192208,14703444,5652898,13943953,10172799,10611401,12461983
مشهد فارمسي,5599387,10563755,7460260,8445425,13455141,6661078,2577240,880906,4677719,14387651
مشهد کارپِت پیکاک مادِل,14312296,9881235,10609076,6378150,9115881,15585289,308442,7798283,7053936,9567048
مشک سکسی,4492609,4366604,649278,9339202,6790296,3042455,9550584,5976140,10218962,8481682
مشکی شوی اکتیو,582429,7967451,638338,13568527,13281581,759037,623637,2171811,15514368,5028427
مضراب یه تار,908932,4570342,7514224,5620616,1489847,7016098,15595047,3048830,12166354,8754590
معامله گر منظبط مارک داگلاس,192276,1136176,2421535,4223955,4819160,7956122,14982487,12093910,11270596,763971
معامله گری منضبط,14135323,9372677,7128898,7631405,10279663,13969596,155209,602199,9827862,8772003
معجزه‌گر گربه ض,13533432,8891280,4982964,3551682,161971,15830110,6888717,8330682,912146,7771001
معجون جادوویی خوراکی هری پاتر,4615249,4419347,1514737,13593631,9125167,2584390,1030285,649522,7602918,3644163
مغازه خودکش,7147369,8332806,11813652,2663954,2651073,13951102,1806576,1765774,4165937,149716
مغذی آنتن پراید,745924,17145362,557051,3911995,202993,9265137,13841267,8236737,3880381,3389938
مغز اتود ۲ میل,7379000,11173228,3464453,7802622,11171072,15585289,9063247,3683822,968607,5775119
مغز من و رنگ آمیزی,1452948,9863906,3103299,401105,8469468,6533827,4070674,14467723,9647975,12359875
مغز کیلد,7958880,4911290,12230709,6231066,880906,6148399,646879,14065530,8187878,4315264
مغزن بنزین پراید,4791585,11173228,4583031,10901919,11249452,13786741,6851912,52824,10463434,14194971
مغزی خطر عقب موتور سیکلت,9036871,8616655,7814724,8112340,5466323,5507303,12056902,652824,10462829,1616883
مغزی فندک زیپو,374011,869964,3934246,10302972,8799078,8421261,3308038,7184806,12152772,8279929
مفاتیح الجنان اثر شیخ عباس قمی,11270596,13507309,14413968,9169544,5409265,1946671,7724759,6363324,12665229,3654193
ملحفه دونفره ضد آب,11473694,7504753,12310300,4878067,3904662,11007937,5963977,9174744,5281080,4009351
ملحفه هاوایی,2597127,11852527,4340475,6431053,7922203,1026521,14472064,9810520,10687227,9979410
ملخ هواپیمای چوبی,12830142,3063351,12878488,5700311,2987852,17837434,552599,4310713,5963977,4642638
ملزومات شمع شازی,6955660,1516664,3202248,794980,10578487,35299,695191,1479187,2933367,2212020
ملزومات کیک گزی,6772505,869662,10691915,3784568,11923642,15708070,2294408,1829340,10206229,607449
ملشین کترلی,190713,1813686,4607814,5152752,14337860,5205149,10795084,12991404,581672,11891856
مناسب برای x22,1829340,348142,6003185,14052039,6787332,2842162,6905118,1140535,14783795,3008567
منبع آب جک اس فایو,4088765,10572753,11398248,384314,4963821,4437935,9136299,865529,3559480,5116408
منبع آب پلی اتیلن هرمز برکه,9540902,4819160,12275335,1625468,10115746,6940473,2585994,16687691,11475040,8827722
منبع آب یخچ,804699,14891626,5091908,7340419,8826326,619874,5335486,8180402,329253,7662294
منبع آب ۱۰۰۰۰ لیتر,14453589,10884328,11510141,6554847,6102391,4850572,8688900,10611401,9306396,14495080
منبع اگزوز اسپرت پراید,1005433,15390774,2275787,490549,10146144,7980019,14214794,9810520,14511107,4866896
منبع تغدیه ایفون تصویری,12379255,11699162,9807887,14673891,164820,16858588,8052513,9005713,9877650,6180333
منبع تغذیه دلوکس,6834237,716418,833899,2094624,20474,2132786,9736657,631027,1763589,3015594
منبع تغذیه گیگا,2206927,7265386,2106573,831820,9075233,4260861,4640838,11510141,8310880,12956290
منبع شیشه شور کتابی,7301351,7618978,2648343,5002501,10920318,3609559,2849057,865368,7106135,178762
منبع شیشه شوی پیکان وانت,4642638,12664128,3037283,11393731,615164,42785,6460591,3773186,4414114,4885697
منز نکلس، بریسلت اند کراس پندنت,7461461,9931729,639574,3524979,904082,384261,669351,3233122,13436618,5799080
منقل با پایه تا شو,5992012,8068521,13325975,4534159,7504753,3015594,1558485,1514008,4621203,4360062
منوش ارامشبخش,2675756,14638250,582429,14279802,2259182,3039913,11042962,10302972,8789858,9614086
مه شکن زنبوری پراید,11227268,11474073,2675502,59380,4887454,11367985,8871466,6431666,9546468,9911195
مهارت های یادگیری نوزاد,17642899,1626562,304696,13282374,1641465,4167846,52824,348422,3169130,2074248
مهتابی تکنو تل,3308291,12660228,3860866,831483,9954981,12043381,2787336,3195329,3871768,4225570
مهره آب ام وی ام ایکس ۲۲,16286253,8680295,9357873,1516133,7179227,647792,4397106,3381852,7638641,4626315
مهره جواهر سازی,3607248,9422726,977697,959898,3170102,4119534,14577010,11104578,13462878,5630320
مهره سفالیبرای پرده,13628250,8395302,10237807,1053271,11706172,6245149,479520,7553658,7230201,11851294
مهره شطرنج عثمانی,8492349,11000988,10974840,3633322,812887,2097496,714799,14295074,3638241,10475384
مهره شلنگ کولر,9860401,10598469,99328,2110057,4823914,1435005,935619,11974409,7273908,13620175
مهره شکل گل,5285459,8798809,14478692,7532175,12582151,9842497,8271644,274198,7323361,222871
مهره های کرسثیستال,11625433,13938626,3016694,9851720,3740920,204608,2971948,9380054,6105280,7359906
مهره گاز کپسول پرسی,13364158,6324209,101735,7474345,3337746,7922600,10653856,7920573,881664,7311695
مهروماه 20 ازمون مولتی کمپلکس,9422975,4515379,9174799,7435487,11625784,5972745,9795665,1484777,6712337,6884403
مهری آهی جنایت و مکافات,4280661,425857,5632277,11679069,10571093,3701580,1077019,10183601,7644288,5274879
مو گیر نرم دخترانه,8432672,2205733,11607769,2552061,2555157,160744,157972,7337056,6245130,6810419
مواد پروتیین مو کادیو,13266203,15213679,12120907,2686164,6943577,7709648,4416503,1480794,11007995,9732812
موبایل آیفن 15,16286253,2133970,11162265,14574494,533697,10634256,139696,5413236,13091349,951998
موبایل اسباب بازی مدل آیفون,2533837,12844284,438351,3575224,11997584,5720202,13380111,10703295,2744459,5170003
موبایل تاشو سامسونگ قدیمی,9491143,181535,968831,305573,889145,12838592,12214987,124806,12437914,6875862
موبایل ردمی کی 60 اولترا,11602537,9676345,13644566,8275133,12086278,1484542,7506143,2842627,1130185,6994897
موبایل سامسون a25,12789773,12436562,2214031,8804022,562382,6991694,1049100,7229796,12254721,15014636
موبایل فون کولینگ فَن,10237644,11704944,1740203,11270596,714799,977697,155209,2523554,1614021,1828722
موبل کودکانه  تهر,8739501,12722869,5148230,11210315,10611401,6256896,8215708,9603981,5357364,12401564
موتر ماشین لباسشویی دوقلو,813540,5782821,2751858,10302972,14243261,1742756,12532616,3481212,3027097,735088
موترشارجی,6507549,5077679,13349301,7060930,1907918,7990598,2636509,2016450,9715584,12380068
موتور   برقی صورتی دخترانه,3379229,1032542,5963977,7391150,7836235,10984525,2258357,26666,6323277,1622380
موتور اسکوپب,11362304,11409541,443008,10498126,14128745,4260861,8320625,4999495,13128770,599786
موتور برق بنزینی گرین,70639,14020596,1420638,4320112,181535,1122015,12719812,8242042,7990655,7587493
موتور برق ۱۰۰ وات,8315267,3867621,5182103,8835397,6866316,9249898,17484673,11460512,2323984,7535192
موتور برقی کیفی هیوندای,7888690,892501,4371738,11696856,5907296,5276317,6965505,9970279,4425039,2110057
موتور بنزینی دکوری,9033542,2581733,13929076,1568281,9699777,10082867,14466154,2547504,11558606,14693608
موتور تریل کویر ۲۵۰,12503760,6893620,7053936,3882123,9928540,192498,831292,4877971,12101460,6280450
موتور خامه گیر برقی,3713750,4977877,13763869,15126651,416155,7722162,9231800,9347369,6963614,3710946
موتور درب سمند,14081992,7687466,9717168,10333025,3884717,3118113,308517,17548788,13251588,1077362
موتور ساعت  پاندول,389247,9554045,2672984,16234113,1083193,5092438,11419580,14497586,804739,4380808
موتور ساعت میوتا مچی,6779488,1479187,891524,9351509,11777691,9161608,2775237,4906095,2911194,3564259
موتور سی پی ۲۰۰۰,12096701,8686817,4270768,1516895,1432204,11705509,730811,1923667,5615117,308517
موتور سیکلت روان,8827722,7474345,14052859,7529183,13237105,3329216,16633807,8425139,12233629,4341832
موتور سیکلت طوح زدیکس ۱۰۰۰,11419558,12673270,10674241,9172828,5709489,6750721,699324,4765687,12991404,4440247
موتور سیکلت پیشرو پلاس ۲۴۹,915219,2387365,12446652,14096721,3779119,702346,5298345,3229989,7593002,3016058
موتور فن 405 عظام,4371738,10857322,786933,9800297,7128898,7349530,3638078,10708778,10413327,7441638
موتور و پمپ,7338292,2917060,951998,7478847,4986492,15034858,12282641,97115,1913391,1084233
موتور کوچک ۲۵۰ سیسی,4151594,3670271,1800278,6435265,10164226,12647563,6266760,7776983,3135503,12506267
موتور ۴ چرخ بچه گانه,2241690,4999495,11368177,6779488,855992,816383,2872550,279853,620316,13091349
موتورجی250,3781711,5727653,33592,4302571,5665364,14334481,11042962,12804885,9337800,8765904
موتورسیکلت 200,5853104,13942891,10094197,10566160,9445099,11695665,2927696,5119105,8057538,561419
موتورسیکلت بلند,14041181,9422726,1661937,8359706,1651116,7239559,5739874,6909316,3689934,10235306
موتورسیکلت طرح کلیلک,7391150,14553599,13533634,3202321,15055116,584794,638338,2153646,12592698,6252585
موتورشوی خودرو,9851720,5403851,3635153,12198705,2933367,3331675,6469883,6766561,3365847,6547871
موتورمیکسر,3728454,8422052,15772253,7362047,744941,6857848,2680052,13431040,13644886,1562421
موتپر مینی,735088,6350909,13527881,3333664,1582864,14497586,6650080,5545158,637957,13068451
موجب بنلی,1487349,9860681,4347082,2829818,6781339,509122,10605416,7754712,8071665,542963
موجگیر عقب جک,10347632,7582077,15072221,1101531,3645126,1998383,4878067,7279314,13231718,7780046
مودا 02,408640,3398205,13842343,378242,4535049,12535621,3237727,9119757,76284,1914498
مودم  tdl teپی لینک,12215001,7587493,11407210,11032647,7967451,4417091,2958150,7032222,13129724,11851294
مودم  مبین نت MN-6200,10402620,8695838,9359293,12092316,12789392,8398404,14105863,8934618,8828520,11161720
مودم nzt 77,12819153,7550613,6090847,7066144,7964485,734233,2842162,3821449,6035112,3150946
مودم آوند کارت,2901148,939238,9895515,5652871,9713027,3570870,11161719,5231049,3735641,8963792
مودم روتر هواوی 3,2676218,859931,12693128,222399,9475069,26666,1584808,12688760,810426,8963792
مودم سیار,10475384,1546996,17436439,781227,14350372,14348441,10116615,886651,12229635,3570769
مودم سیمکارتی b622,12950074,7499349,452359,9918604,6248479,16546620,8353565,6851681,581672,11893422
مودم وایفای5g,154011,14512098,8387203,15772253,6197168,8873557,14029625,6316207,8836225,12254764
موراکامی,977524,11060860,6680257,3872759,14387651,873126,12634048,7016098,14456404,7834490
موزن بینی  باطری,11435290,10164226,2644760,8513506,2895961,3451396,733582,5123200,3072164,7127873
موزن ماتیکی صورت زنانه,528137,282952,8988196,3155935,1991068,14478692,4241922,1787549,4249798,1438846
موزِر کلیپِر بلِید,2388994,9614086,4887699,487357,14413764,3525340,8257025,9167161,15027444,11626600
موس RED DRAGON,7287514,14862152,811751,13877857,15578494,2103408,12437914,10618688,3451396,8169649
موس fg,5005709,7275212,5519812,13340581,6585774,16835001,996546,589134,1110843,3710387
موس اچ پی s1000,1930011,2191995,6299689,1592745,11161719,17025073,12123252,3840587,14267990,2196302
موس بیسیم  tm 631w  tsco,6214633,7278624,7533365,8488225,3689934,14299009,9542906,1714950,8994914,8616817
موس بیسیم برای لپتاپ,618241,5840935,494066,9020294,7362047,99116,2453547,7290673,13128770,7338066
موس پد سوپرنچرال,7349530,1845153,6460419,123428,4729870,608655,9063247,8523888,3068716,1127047
موس گیمینگ ریز,706269,3713495,4825795,82697,8215382,13462878,14017564,9036871,7775792,5450132
موسGenius,2316014,5420778,468478,9863906,3570870,172516,11824655,1930011,13832741,1505408
موسگیمینگوارجیبی,5366507,8198325,3621667,7032881,12031578,816444,12684920,99116,1514664,8988196
موش داخل پنیر,9673893,3417603,4683221,3426975,10669131,1491939,11236294,13602764,943846,4495195
موشک کوچولو,11281765,12640343,17314096,3638241,3740920,2843881,6436457,9872209,214841,9480418
موطبیعی,11228484,8612133,8683837,11967777,7147369,2682398,7987904,472358,4792739,1587710
مولتن زنبوری توپ,696912,2012052,13519626,5083435,1887326,5149251,10808695,8751512,11069323,6080148
مولتی نانو مدل X-F1M مناسب برای گوشی موبایل شیائومی Mi 11T Pro,4416503,6435051,8054249,1141733,5707069,12233216,2672678,13943953,1907918,6759371
مولتی ویتامین گربه پرسا,630081,11392513,10741729,996546,8896427,12774881,11505940,13131058,8348995,10554732
مولتی ویتامین گلوک ویت,9389490,12213603,16216627,14333650,10808695,6633877,11075754,12648743,6547871,6280450
مولد میکینگ,13237992,7323361,9208271,618241,3028345,14883397,12774902,13152830,154011,12688760
مولد کیج,4419202,4515379,9586268,9667367,2278496,3710387,8656536,2110057,13282374,13028920
مولفیکس 2,164619,7167500,6419280,3150728,13656268,4391448,299236,3509610,3993549,7574820
موم سرد عسلی پروین حجم ۷۵۰ گرم,159941,2315399,2825886,441847,5764692,9044427,9124465,7363962,7325334,1047021
موم مو بر وزن 3800,1020800,16023674,14720281,7645751,6327884,963026,16204164,3063351,1020704,9286195
مونو پلی اسباب بازی,996559,489695,13550999,9178314,82093,5148230,12401564,31848,13847395,11595254
مونور تریل,2161098,19295,5223293,17633615,1776517,6411263,381254,10639005,37686,8215692
موهره بازی روبیک,2313052,80316,9947129,12883002,6293939,6905273,26246,7835596,9814011,5537905
مَک هِر کلیپِر,3993200,9921696,9364524,14050989,3519439,2873857,6577114,2920743,3825801,11043427
مِهر اُ ماه جئوگرافی,8670445,4421343,5930508,8495570,10554732,8163117,14472064,54145,14980996,7576867
مچ بند هوشمند سامسونگزنانه,13399395,9846312,685446,8450908,384900,2381229,3340204,780798,12656613,4824790
مچ بند ورزشی ای تمر مدل والیبال,8717298,3556125,4344817,10066988,51588,8032608,12561858,6206211,1476125,336184
مچ بندی چسبی,303880,4792905,9958566,5056646,1474518,3734565,8869441,12952974,2599596,11589339
مژه فر‌کن,1050835,7645771,13204440,11707656,542963,714799,12056902,608534,13828983,12645229
مژه قهوه اي,17815509,937913,1980226,847112,6404806,6360785,9795665,14803529,13391818,3225041
مژه مصنوعی درمی دی,2465131,4536943,3713495,13844762,763107,16204164,9958430,1080166,8527470,12323073
مک بوک ۱۳ اینچی. برچسب,5019972,6241074,1887326,3805248,2289837,414587,8909113,9860681,24775,17027259
مکره فر,12774902,12637319,11909673,741348,8370107,2801580,8775614,17845107,717455,8616817
مکرو usb,4473720,2598454,52824,1829693,1547931,6593322,1459602,7340462,10262401,681938
مکسیدر 900,14883397,4615249,10974840,5128268,11859478,2068072,15316254,3087141,14852587,2466261
مکعب روبیم,1017501,368602,11912336,5790627,2746264,330734,12086942,4417108,12431846,8765520
مکعب روبیک یوکسین,4305079,3596209,1501452,2849057,4597703,384444,13080560,11947958,6556730,9835817
مکعب مارپیچ,144966,614009,7797203,2962922,14079258,567638,5054403,6228161,13853364,7260100
مکعب گیفت,5297304,3286166,761004,4901144,8339334,8819237,14055948,7994727,6616043,5426875
"مکمل ,d",11511469,10979517,6373656,3929912,9339374,3519765,10472470,9749301,3500158,69845
مکمل بدنسازی,6507549,10082054,6012977,4000750,4753019,12050377,13875404,13504571,9004108,12170248
مکمل کاربو فایت,4466558,4337355,6761083,9147790,8732036,848151,12926669,7536027,330159,12071121
مکن دکوری,10287333,9503513,5059385,7943088,9886572,134955,2277393,14292205,9567498,7379172
مگ سیف ۱۲مینی,6560177,4737240,9983214,1612355,6853124,1904571,4570342,3899873,7691,14333673
مگامار جسیکا,13727848,8513272,52457,11510141,9735156,13167520,9981331,10752446,12643128,6323277
مگنت kuromi,11023896,5170003,3329347,7125606,6090666,3074423,4506119,3644163,13376228,7844091
مگنت آهنربایی 85 تکه,11254524,5739874,1677740,1467660,1491939,9198712,2610238,3876412,9378158,4105452
مگنت رولر و هاردی,3149841,7862940,3213581,6129457,4345700,5051624,1149791,4978798,2944457,111606
مگنت طرح مادر,4062985,196762,7178451,8135591,14577768,12586823,9065012,10661237,9126478,7414717
مگنت کاکتی بهداد,6781339,6240057,3679832,733785,14898338,11447064,3400272,7940220,11476129,13634929
مگنت یخچال سوپر مارکت,9080322,12775091,16336108,3713495,10947891,8522727,11441964,3198163,1610096,2949988
مگنتیک اسکرین دور,4754715,6782659,544767,3554456,10464170,14133879,3656144,3954961,9022790,13531141
می سیلیکون گارد کیس,5254220,4131783,2074248,7378417,828562,921961,9520545,14187695,1806576,16613440
میبور استرپ,7899721,3868112,10551233,8560835,14116165,8567079,4737240,8532954,2124125,6657649
میخ مکس,5085833,1555394,5112626,13514411,22481,8619571,7295598,637957,13629361,9719761
میخکوب اروا,10618588,7584679,340779,6003185,11273164,5930020,4885876,9126478,17038129,17223962
میدرج راک پاور,1870101,7808672,6265476,7451617,6335627,371256,4321474,8141019,5469265,6208772
میدرنج jbl,9503596,161506,2153646,1591871,1505530,2009530,6064800,1515290,8187878,2860406
میدرنج ۸ بوستر,3083455,637957,2220861,3382701,10823610,12016209,3191825,14312651,10821081,52457
میدنایت بادی اسپلش,11723131,2667217,10546457,10156991,4098932,836894,11572853,5116408,1811853,4338814
میر اسنوکر,8492315,11019537,8366074,15325496,13466392,1088721,6854659,649522,14299009,8129430
میز آرایش و اینه,2552449,5551003,6775093,13677379,14241455,14876850,38932,11011909,7094941,1572826
میز اینه ارزان,5204175,3042739,4696564,4738694,1683331,7492512,166234,1901258,10635382,4640717
میز با پروژکتور زرافه,12665229,12553170,4802206,1435005,4855941,5806302,4919301,3730774,3507554,3554456
میز برای فارسی بر زدن ام دی اف,11724481,12575332,13777064,5726740,1621699,699252,2406148,49349,7798283,11255090
میز بنسازی,1459602,4506710,2949512,13898090,8395893,12541409,7504753,3495091,761645,4184949
میز تحرير,9010242,803587,3042455,7224236,7703175,15578494,7513569,8339552,14860312,12296936
میز تحریر بانک,1692778,15094280,12673805,13117072,7118302,14165122,14094091,12602622,2227589,314196
میز تحریر تاشو 60w,7061153,7365891,1435319,8423503,9540902,7780382,1593759,11460512,2609936,482498
میز تحریر تاشوی وایت بردی,891524,2010553,12050377,8000168,7698593,2817194,153508,14862524,6435051,5264549
میز تلفزیون شیک,12341846,10652816,3184247,909949,12670804,549702,14497586,6090993,10418959,7394608
میز تلویزیون ترکیه,10480997,2177156,12587156,3246560,2268047,7140776,13068451,9648721,13231718,11747272
میز جلو مبلی مدل To,419085,6827885,11616787,13838424,525614,2262835,6460419,7278624,13471564,1628655
میز جلومبلی,7330976,13091349,10396351,10434382,4402895,2041100,5927210,5616229,2391271,5820108
میز جلومبلی دکور,829327,2712971,4423957,4149665,1660828,794980,12684920,12527301,1659259,13716822
میز خاطره برنجی,9976901,3115148,11273164,10860899,80237,9359293,15578494,14472064,9864678,7330976
میز صندلی چرخ خیاطی,3423831,7142852,10808695,8659443,5581620,8423503,4738694,7295871,9384920,3926163
میز مدل استار,8395146,10462829,7168123,13188635,12029059,3257807,470122,194931,6484699,25948
میز ناهار خوری n104,4937291,6830791,3490827,8607412,1823585,6469883,11473694,9879686,6553359,14766903
میز ناهارخوری صفحه گردان,924058,4510377,5409641,14651486,10352901,4371738,5209137,3211073,9278594,4565345
میز و صندلی گرد شش نفره,1491115,13504983,5585111,766062,13203408,7487162,2511416,17314096,9928540,716418
میز پاذیرایی,8267157,2700176,10416315,9086639,5442074,11721686,10133351,4202210,337494,10615202
میز پایه برنجی,11089468,4000803,4641312,8276973,5139942,10726910,4197849,26486,7983850,4528161
میز پذیرایی سه عددی,8023443,9250165,1077019,11591216,7983359,13733790,8951540,761028,8480468,12592698
میز پرس کاره,14292205,467306,17035873,4642638,12560714,2543130,9591547,14638250,5051624,9120939
میز پزیرایی جزیره,9301361,7602918,6833688,6984508,9478226,1708587,17060887,7142852,10837007,12436834
میز چینی,73619,12530933,3258151,368602,14574494,9952903,10416315,556119,8033239,581101
میز کاخپیوتر,13983929,3797526,3361033,4584106,15578494,657657,3524979,763107,14210521,525953
میز کامپیوتر طرح L,6745919,3713750,11198942,3500901,4704253,2137875,7248029,81323,12275335,11382166
میز کلمن,15825827,103095,14267015,10116615,14757059,13514411,16187751,9717168,2177156,9611258
میزناهار خوری دو نفره‌ی دخترانه,8824653,14803529,17058307,14203413,15912361,221364,2831303,804739,8445425,82573
میزوسندلی کوچک و کودکان,10651437,6554716,280271,5891778,5338175,17038129,1126099,1138304,10683103,7503155
میط ناهار خورز,13673427,2375395,4378150,2561758,13191343,11852994,8302742,93061,13566198,3638241
میل بافتنی قلاب بافی,2357214,7278168,12091506,2294408,14197726,4566955,12673270,12974267,2413323,7745142
میل روغن,3934246,11241363,10082867,1803281,10598469,14586070,13098387,40971,13354498,13303554
میل سوپاب تقویتی پراید,9457871,4421343,7124829,10740002,12212151,10277141,1047824,10220257,881530,11079523
میل سوپاپ ۴۰۵,12523693,2771659,3033133,8480468,506035,5264862,649522,8523079,855992,15319527
میل شنا,13612974,15126953,8549674,13531141,7619749,877192,607213,5005709,598677,2645301
میل مارپیچ فرمان پیکان,3539343,2577240,2137967,2094664,4908919,6803405,6252585,5719130,263299,639574
میلانو ایرپاد,11462027,13255175,961448,12662591,1005433,7993648,532966,11609497,15028893,6553359
میله ظرف,7561757,13849949,104631,8334051,12914704,12419954,14554743,161971,932459,7491913
میله قابل انعطاف پذیر,815931,15302658,4288693,761028,2267012,1122950,6202877,15511163,14581595,5972745
میله قفل درب ماشین پارس,1861018,4571148,2986271,2504677,438452,9126936,8050293,6843443,7185932,9244901
میله پرده ۴۰۰سانت,2941363,11071024,1440386,15489612,4289403,3911995,9115881,13907409,4514009,7297459
میله چادر,14032131,7774474,14151937,796611,12334337,49393,5442074,4165937,11778310,7178449
مینا خوب,1825326,8461270,5205149,899210,2421535,1094947,3471063,7100817,1622380,17815021
مینج چوبی چند کاره,11209558,12504445,187723,584095,955878,9872192,9561936,9539928,8244011,8223587
مینی بیلی,337494,14245999,7670489,493281,14740537,5633731,4441224,813564,10332707,267438
مینی ریچارجبل فن,8136916,2223115,5251269,4473720,13835855,2971948,6595121,741055,14541067,3048663
مینی سنگ مدل LlfE styLE,7393072,10108761,4512980,8334051,14645,9986629,16797079,2112414,2137174,7553898
مینی فرز دسته بلند دیمردار اینتمکس,9000958,8836315,10513443,2375395,12453314,17048438,4423957,6148379,15920872,2061569
مینی فلاسک ابسرد,14203413,12149756,10920318,10636233,7444508,88643,5110719,10634256,9827862,4233240
مینی مون اند استارز پروجکتور,7096623,8988196,6247336,75270,3797526,12275335,14868576,10361389,263299,7798283
مینی واش فریدولین مدل sw 25,8739624,3223084,108573,14031452,5439069,7192914,8899824,12552785,6293939,190122
مینی واش مطلری,11362304,3330902,463273,14749791,8206556,2789485,5085615,7582077,1428539,8860964
مینی ویفر فندقی بایکیت,2364525,7096097,5662822,8522727,9909994,258247,1675658,3414388,14089147,1467744
مینی کنسول ال90,33857,4575062,12946769,468522,494104,11643491,2873984,16166965,6406905,3993549
مینی کوله فاتزی شیک دخترانه,5744373,4228930,1077362,6556190,12958743,1765774,9480573,7657613,9351509,37261
مینیون محافظ کابل,14980996,11462027,13977264,2708994,892501,729439,7221141,9674839,7281442,744279
میهن قاب,8133642,284267,9788096,10420928,7437726,26757,5343905,10312343,11851125,1082147
میوزیک پلیر,1590579,3229989,1457325,11419580,57321,1624566,10045773,16971721,9502262,348142
میوه خشک مخلوط ترد,12807422,1134379,4867366,10823817,14030491,13219202,11340226,364752,1112124,10100238
میوه خوری آلمانی,9549667,1498932,4871471,5930508,5235259,6823327,5065763,7220483,7100817,5385015
میوه خوری ساکورا مدل پایه دار,7165658,2603710,7998713,7325334,6622267,3860309,8960641,723825,8474138,6404633
میوه خوری طلا کوب,655912,7340116,8778416,4989781,7219736,12639452,11007937,5182103,6404633,1699984
میوه خوری پایه دار نوری تاکه,4862129,1874470,4800187,3859880,760425,839031,732295,192637,2949117,7094925
میوه خوری گل سرخ,4230579,1810798,8110066,7393227,7107507,6457930,8400781,835347,3500901,12323073
میکاپ براش,4966806,1806932,11381904,9439568,4585575,10311608,14676761,9648403,7478847,5662396
میکدوفون ریزر,12074006,9593462,7521904,836586,12375903,5388918,10402620,7442287,14696,1585520
میکروفن فلش خور.,13628250,6602710,2839217,8494071,3318548,14195212,9022790,7662294,3784568,4953123
میکروفون استودیویی هایپر ایمس,7268142,9937001,6863297,2363856,9110721,12508996,855953,406291,8991413,3154318
میکروفون بدون سیم,4104507,2357210,190713,2949512,1450945,9629367,16023674,577147,961925,4005690
میگروفن,2648343,272857,8522727,3554505,222488,8518680,11007251,6500727,186930,11277102
نئون برای ماشین,12444156,787425,7190400,1843483,12100106,3426902,4266141,13082050,3640444,7371634
نئون سی او بی  ۱۲ ولت,4305079,785535,15761801,2603992,12911938,11969895,6650714,8370107,459395,8587723
نات کوک,347537,618869,2805018,379200,17278326,4386999,493952,5478241,6394152,8694502
ناخن  بلند,11580764,60107,2068072,139696,14724466,1050835,8949562,10677094,8017337,1115423
ناخنی جرثقیل,10111279,12282998,10091060,8132070,159657,1120456,70639,11891856,14453589,770259
ناخون مصنوعی دست و پا,1424203,12446652,12114084,142327,3255186,1848840,8812442,13969596,7844352,479520
نازل rp 0180,13796222,12202419,5205149,8577184,1024106,168079,3893423,333942,2568772,7278598
ناشر جنگل,5987137,716418,8659443,12190959,7513447,396213,6562476,8898035,15258075,13869378
نان غلات,10874215,13939525,11330901,5403418,2140891,9083865,5152888,3791190,4793273,3658747
نانو بادی کلینر,763971,13951101,8320625,11098794,935451,916897,7171641,11393731,156097,8492349
نانچیکو زرد,11408972,12662620,2801580,6533827,13786741,2849057,14884689,11997584,671584,14128745
ناوی فو رس,7357314,1998521,556663,7944431,4251149,496620,3783648,9664817,6392126,27830
نایلونی طرح دار,11026740,7270861,27958,691099,4737240,4307586,1144060,6833688,5381957,6780397
نایک کفش,3731327,9976443,4419202,12224131,8448494,13254387,8435633,5345214,2676218,1593759
نبودم کن,10240052,4178571,14038806,11813652,5664022,15593973,12323073,5665364,222488,5841076
نت بوک مدل,5790627,669307,10253259,2041020,3702757,5700424,13877857,8176598,8856459,9174799
نت های ساده پیانو,532964,4366176,2106764,5071561,14874782,17479499,8725423,286688,13040232,666882
نخ د,13463142,2597015,8991413,3768544,10217020,379679,6803405,2882917,14024452,12656284
نخ دندان فلوراید نازک,2137174,1120095,5439069,11835776,503450,7666578,2176301,1555394,10737352,35021
نخ دوک کیسه دوزی,6164402,11595254,2075425,10689760,14340995,14199778,11765611,2636509,12075125,7118751
نخ رافیا طبیعی,10726910,12091506,17536289,5018045,685446,7623616,10728359,5366507,3575224,11128040
نخ زن وای دی ال,12217894,3618324,12198705,3658747,7814413,11198942,11137693,4433578,7198042,914077
نخ زیپ لاین,495528,330843,7494692,6231032,99328,7066144,7611671,13611567,2765082,3277497
نخ قلم سه بعدی,7596488,716418,5589097,8162593,5904494,13528435,1016559,12656284,9864095,13167520
نخ موم دار سیم,3221442,4842105,868521,14346184,808546,7361950,15319503,745924,16336573,7060891
نخی خیاطی بزرگ,14322527,1689189,14898338,5700211,3549375,2871672,2552061,3578425,3519439,8498898
نرده بان عروس هلندی,1689085,12029059,1047021,12648952,8315311,1882481,9167161,8764944,7814724,10156991
نرم كننده ارگان,4006831,8860964,8435633,10350205,7930094,4875708,5236892,269306,11626547,9680078
نرم کنندت نئودرم,8774462,2909460,6556651,81323,10611401,13031790,618869,3046384,12203063,10979517
نرم‌کننده مو باله آ,14413968,7295871,6935322,14763098,493952,13282374,12076737,2764863,7612293,12077629
نزل موی مصنوعی راپونز ل,5202966,12586759,3437431,9053136,92087,13353223,4176124,14468998,9843310,2939544
نسس باربیکیو,877897,6926013,2615017,6997735,11724481,3155935,4990008,1800278,8824958,7294241
نسکافه بونمانو بدون قند,6989297,12436834,7729464,9680078,5236984,939238,14219149,9308907,11944672,16537781
نشاط و شادمانی در زندگی,14109551,8365210,440818,1658599,5060776,13402069,14052859,12560872,14388923,3423831
نشان گر  کتاب آهن ربایی,8618394,12671574,5406516,52457,7877923,2680052,4286480,855999,9577321,70474
نشانگر درصد باتری,8774462,7935982,6060757,4607253,55610,8716895,12532616,5812779,6105280,8596417
نشانگر دما ماگ,17443537,13677379,15595047,570764,6825028,1091098,8469468,6308150,456337,8984756
نشانگر کتاب نایلونی,12804885,11872221,5996903,1625468,14186549,11362304,536476,17177349,13945893,5343905
نظافت دوچرخه,14883397,5720281,1139534,9370,224382,2920090,681938,971006,2768162,4430011
نظریه ها و روش های مشاوره گروهی,14132756,1489256,14554743,8122684,6107940,7096895,3569970,14479735,7306054,2898190
نظم دهنده  صندل,979720,4190115,7111920,13301972,6383690,2753341,255406,4071139,1053271,3716034
نظم دهنده درب ق,1689189,3553600,5024364,15511163,11223338,6578624,4307586,572256,12492669,3633322
نظم دهنده سفری 15 عددی,3371358,8285771,8924210,3893790,2787116,602199,1054461,14531056,14476967,4061084
نظم دهنده لوازم تحریر,8596417,13536155,10996552,982993,1562421,1534778,7096097,11781177,1629443,169240
نظم دهنده کشو پارچه ای,1441868,2373857,9385254,868716,3882579,5426875,10386289,1088721,10641993,12222680
نعلبکی لبه طلایی گلدار,5347861,4670204,3516999,7004735,9478647,1160075,10767789,181535,216366,9603981
نقاب سه لایه حجاب,6702032,99696,5338291,8516352,13655115,6461395,11108937,14279802,93061,3726850
نقد,15165767,4396103,4360062,9229172,7125606,7221141,14351770,15319503,7975822,13796222
نلبکی پولیش دلر شارژی,7858136,12638151,12375156,6136694,2468843,5503358,2767413,3880381,8009061,2710840
نماد دكوري استانبول,12981618,8537836,6693613,6408344,8523079,6090993,11090329,4096476,10379710,9780840
نمایش دلتا,598780,205739,842691,3627290,7723998,12203063,12702443,7819136,7442287,6575740
نمایشنامه مرگ یزد گرد,11900976,6145047,9872209,12126126,221364,8472321,5261472,3452323,11394257,12693022
نمایندگی نیک کالا,263737,11241363,5165276,12461983,10211121,9208067,429720,11475040,7051551,5433612
نمد ال۹۰ کد ۱۱۰,6818217,13430705,942712,12283291,3365847,74325,3379229,559882,1843483,9603981
نمد صندق پژو 405,368743,14078112,7140776,8507591,3578808,11433406,2414671,999220,5060451,1159678
نمد صندوق  ۳۰۵,3706469,320285,1471612,916324,3500901,3037894,13676387,16859043,8665806,7670489
نمد ضد صدا خودرو,7566698,9921696,13969596,6054997,15072221,9253428,11511469,5255608,7958880,7655336
نمد کاپوت ایکس شصت,6774949,4621203,11717455,467306,11592187,3627290,9339202,11098166,13514411,3209596
نمدی سقف پراید۱۵۱,5503358,2944457,14793930,10017891,325520,7161046,11989700,3891080,479520,17423036
نمدی طوسی ۴۰۵,3896892,8912525,17145362,14385221,3271100,9889442,2016450,1792089,2752622,5269360
نمك پاش,6329182,7643866,11970874,10649152,1512525,284634,13204440,9427392,184924,1621606
نمک اسکراب,514062,3400456,1850862,3238360,6177461,2934337,2894923,7086864,11457302,6798757
نمکدان شکل سیب,1498932,3859880,5762765,4460787,4278971,597980,1602837,10985290,1119662,16414350
نمکدان گل,674036,5276317,2941244,6293939,8123481,2858093,9147653,9921696,3041030,11117061
نوار  چرخ 26,12450379,6935322,63831,7494692,11593938,7802294,4589312,7818581,3621667,1135071
نوار ارجی بی ۱۰ متری,13939723,692320,3880381,14322527,76284,8449627,3165952,13145967,728026,8718260
نوار بهداستب,4386999,594909,12878488,5406516,4178571,1901258,2313536,10201221,515038,8552999
نوار بهداشتی نانسی ۵۰ عددی,7128270,5298345,490549,12656609,2364525,4963821,14092151,5128268,8494072,8523079
نوار تست قند ایزی گلگو,326492,7224236,8927059,8775614,11467023,14357221,10044979,12243728,4225979,4280661
نوار دستگاه تست  قند مون,2758594,10235306,8054249,5170019,2211341,5268387,13197805,11137693,10206229,7602918
نوار دور درب یخچال پارس,274675,13161928,5843481,1844063,12233216,4256612,1032542,5460742,11103849,6443194
نوار دور شیشه مثلث پراید,4439658,4747762,73006,6761083,3042455,10173363,10781225,2429494,3884717,937828
نوار زیر لبه کاپوت 405,847989,6245130,4890217,4063077,82111,11558570,9234149,10519102,11696856,14017355
نوار ضد لغزش حمام و وان سالمند,3635153,717760,13231718,17480397,123067,11108015,5255608,4615121,5442074,3152704
نوار فایلر گلاس,4087377,7432217,396033,13783263,10644422,3376676,7987018,7788990,6774949,1161275
نوار قند اکتو,4626274,282644,134955,13149286,4489668,5841076,1645794,12660368,5319481,440818
نوار نقاشی,8710128,2609936,3929912,7190400,13431040,4925525,3692410,7301613,395674,6270270
نوار و لاستیک دور در سمند,10237644,2525555,5656137,7128898,13842343,155877,14720281,1515290,10610361,3437
نوار پی‌وی‌سی,7798283,5622922,4661132,2191995,2597127,1496459,10707054,9724039,10126465,1470935
نوار چسب زانفیکس,7587493,5026076,13065873,1932704,12559255,6035037,14208498,6136694,7291575,3561465
نوار چسب محافظتی,8368548,2523554,14156185,15127930,10479698,8537836,13274672,8487318,3246524,14799817
نوار چپ آلومینومی,4791585,7563592,10302972,566235,10674345,193342,7191359,48078,12215001,4374531
نوار گیپور آبی,609325,13237105,4862377,14017564,811459,6577358,3740380,12296936,16797079,14757059
نواردرزگیر پشت چسب دار,4201913,13080560,5403851,1136555,9508030,2408697,8280670,4661132,7934152,14751687
نوت 11 اس,11034432,4089442,8387799,16187751,12618675,12934720,2144579,7417615,914077,4439658
نوت ۱۳ کاور جی کی کی,5744373,10527339,10621046,1603825,3229989,5091399,11715642,12088906,7999221,1070091
نوتور سیکلت بنلی,6650080,820863,10148280,1577264,13027898,7988240,5679099,11457302,7166735,4931454
نودل تند فلفلی,1786026,4488602,5568535,5347419,7597200,70798,5703297,15514368,6427221,8234858
نودل شین,12595243,9370,9614779,7096097,16072099,1516654,7944333,12552785,2920743,7624321
نودلیت با گوشت بچه,7205752,3346510,262253,13154854,10873922,1555394,17637807,3875716,367650,2100510
نور مخغی,6622267,644103,1626901,11107079,6002837,9000958,1634779,4765687,495837,11467012
نور پرداز رقص,11764073,7836235,8800744,8814788,881664,11592601,633507,9434505,2406262,3998323
نور پردازی گووا,2783887,9953477,8423503,2012052,4331855,1426823,12722869,205704,5067566,1972289
نور کوچبک برای ماشین سمند,7301351,7591304,92087,161506,13706806,13947570,989332,5180245,828562,12773727
نور‌زیر‌پایی‌ماشین‌۴۰۵,13538016,6455521,8502630,11135079,151394,1125171,1945353,10821081,15114356,419298
نوزاد,1863310,7022444,8996055,4430011,11999163,8133086,13242277,10414149,6976199,7260100
نوستالژیک,5460742,9772859,5065763,3055781,2023379,6062855,13031790,9632153,16669316,6507549
نوشته عاشقانه,15302238,11374157,8384140,8949562,9051696,2715002,1787549,10120929,4968049,14554576
نوشته ماینکرفتی  گیمینگ,17480967,496620,14241455,4925584,438452,1827219,14096421,1610239,4236441,10769991
نوشته پشت نیسان,8933199,7929922,3500901,4049523,71942,9257304,4268583,8686817,7053936,2689056
نوشنیدنی کراک,816022,13367746,4049858,2664209,7844091,1746928,7507127,409618,3621770,6099272
نوشیدنی شریسا پرتغالی,13677379,8220841,515848,7363962,4000803,3875573,13260181,11704661,745924,10402620
نووین لدر شوز,14964963,7504341,10624539,1738079,4242148,724480,12607232,735088,2767668,7232503
نوک اتود نه دهم,1029723,5446799,3500901,145212,829327,2414238,9222733,285041,6750721,6827885
نوک مداد سی کلاس,6826975,4630447,8297769,12376576,3871488,4064721,14763533,4119072,2032757,11221056
نوک مغز 7,6984499,562382,3523514,5148050,10646502,6943665,7890775,3060549,5662822,8530198
نوکیا 2760,2703757,444227,3038268,5427924,26486,11263738,7432217,671737,210803,3882123
نوکیا فون کیس ویت بیوتیفول دیزاین,49393,11141250,197421,9546468,3390986,9423172,6850079,2648343,16835001,12773727
نوکیاپیشرفته گران,4124800,8136916,15325190,10884328,7117020,9445070,9147653,14112182,4725165,12499125
نيم ست ملحفه هتلي ١٦٠,389422,8004738,6327884,14473540,15302238,3062509,12031578,1426823,4977877,5668263
نيم ست هندي,5349411,8339334,13280973,10085386,3184295,12077629,1917569,10288193,10402620,11071862
نِیل استریپس فور نِیل اکستنشنز,9772859,12673045,4532033,11161719,11007251,2413323,7016098,2842627,13225463,2215376
نِیوی بلو بِرِیسلِت ثِرِد,160392,7290673,10423280,7167500,17450264,15290047,8387731,1497226,14042768,432653
نکته های گفته,11923642,4328920,6435265,3036946,11002739,3426975,2758594,10085302,927004,17217836
نکلس جولری,2830183,14030174,514062,5632277,5056646,4212044,8494071,11124441,2597015,13593631
نکهدارنده گوشی و موبتیل,8627776,12235594,7591916,3497052,4495382,11082522,11277102,1470935,82169,12830552
نگاب ترسناک,2676218,2944457,11347199,7317800,6404806,356804,2357548,7303131,11382636,8891280
نگشتر مردانه استیل,10676026,919112,10609076,9214719,1905130,11337905,2744686,725292,2969986,184274
نگه دارنده اب ۲۵ لیتری کیش ترمز,2260890,15339692,5703443,7666578,2258784,3971425,1161679,1519836,202703,9380520
نگه دارنده شید گلخانه,7423741,633484,490390,6327689,15837828,13525678,11717943,9026975,314213,1126099
نگهدارنده گوشی سینه,1658599,13369143,12553487,7287514,5884397,6582726,7780382,7239559,4225979,15743868
نگهدارنده گوشی یونیکورن سیلیکونی,9717198,7432265,2610238,11853882,496620,763107,8220841,10849913,4470323,7237459
نگين حرارتي مشكي,1789517,8925030,143761,6327528,144966,983371,3716961,12532616,3257807,1714950
نیترات پتاسیوم,804699,10011361,8933199,10832056,2660180,9097395,13065873,11969895,1545322,619737
نیترات کلسیم 25 کیلوفف,9898703,11340226,346512,603143,13531438,8444265,12428216,279853,1850862,921961
نیدل سایز۵۳,6348578,2465131,17553725,9442728,49762,10842479,2956453,6065680,8395146,10131996
نیز غذا خوری,10058591,7969300,9045018,557201,14077482,10418510,11349568,10094197,12443301,4473720
نیسان دکوراتیو اکسسوریز,49762,3786538,3904662,10737352,4307586,1581754,4071139,7488509,490549,8826576
نیسان پاوِر ویندو رِگیولِیتور,108540,4892096,14150938,9795665,1662534,8326311,10108761,12391533,2751858,10349066
نیسان پیکاپ ساید میرور,9719731,5796311,10260791,7118302,11337905,8431072,5333465,7494692,1569587,3591118
نیل اکستنشن پاودر,2960094,9380054,881664,2041020,408760,6806905,7914100,3257807,7345740,12739978
نیلکین m31,7956122,9879686,7843326,9868344,3934246,723003,781413,9806934,8307641,13876480
نیم بوت زنانه مدل بغل کشی,1452542,6854659,14209762,7988240,379343,12194222,202993,491846,10544675,11646607
نیم تنه خرسی شکل,7971987,959286,7548524,7835596,671737,741055,7656850,779044,12817900,7246249
نیم تنه دخترانه مدل ts ng fa,6821872,2196258,983371,2276162,6748998,7504341,7505617,2227589,1714950,38873
نیم تنه مدل کش پهن,14209086,7279987,12458926,3212987,519162,2920743,1034194,2763623,10346293,5855224
نیم ست جی نایس 73,11137693,6857848,9183864,6586909,12986138,6770083,13239760,3805248,12163667,5063472
نیم ست دخترونه ماه,77165,11427562,3980308,7935982,2839557,17456185,52031,7179227,1130511,13231368
نیم سکه طلا بهار ازادی قبل,14191430,10133351,272857,3327411,5561794,10237807,1870101,11646607,9909994,769897
نیم پوتین بچگانه,12911007,10082867,12123595,8716895,14990284,761211,10510261,10387007,7432265,12708037
نیمبوت لژدار مردانه,1811853,7079570,1861018,1621304,741348,646719,16576316,7978816,13938626,4291477
نیمتنه دخترانه طرح پاندا,7955083,13431892,11517957,11269336,467306,13528435,7325227,3255186,12499125,1808258
نیو مِنز نِک بَگ,5782821,7374449,14771408,10632211,1705521,12094463,7345465,10146144,11246431,1760078
نیو وان تاوزند کارنسی,9478647,1553498,1666656,1487349,6556190,13717450,3541573,4048051,8513272,4087377
نیو کبینت مادل,1003488,5404798,200466,1734275,4855889,3382496,4461026,2008043,927004,3398205
نیوع rgb برای پاور بانک,6247336,629090,9609031,4296039,937532,1003999,6851000,6787215,1591871,8842022
نیون Ava,9708098,6158866,552570,9673893,13671627,1810798,12457646,1130185,7431580,9674839
نیکلین,1722737,286688,7050231,4173722,5337409,630081,12163667,11361274,777689,408760
ه ابچکان,739779,12813282,5987137,1851303,7877923,9905265,9336161,1763589,8511358,7094925
هئد کن پادریک,213731,4137141,400168,13231718,6976717,6843443,3988597,3039913,2414671,5705932
هاب 8 پورت USB پرووان مدل PHU595,11974174,7086864,3254639,1675658,192637,619874,10247677,3038837,3000679,11781177
هاب وب,10117064,74899,368743,4711031,11171746,8802883,2357214,17484673,10403857,5356031
هابا,12523693,108299,10157236,272669,3490827,7780382,769897,5762765,3496519,42785
هات واتر باتل,5025436,9959461,12043381,12950092,12152329,9463740,7278168,10752446,10140363,10133351
هادی چهار انگشتی حرفه ای,9911195,280271,674062,11851294,13033468,4153002,2310389,8804482,2654791,2833159
هارت شیپد بریسلت,728026,4825795,272857,3036946,4248271,764033,5091908,9937885,20559,671584
هارد a85,6807225,12739978,15029694,3111577,9250165,16709388,14663227,9360474,9478226,7761376
هارد enet,1496655,1454764,10571974,7033494,8960641,2351153,11592601,11029535,14413764,1447966
هارد اکترنال 512,5427924,14176170,11410106,1135071,11373570,842691,8267433,9401053,5716984,14495355
هارد اکسترنا240گیگ گیگابایت,230499,5080871,5134415,13832741,3225041,7766073,3326464,9248539,4957468,12662004
هارد اکسترنال 500 کیلوبایت,10618588,4869901,11263738,10120929,5240881,8169830,13145967,9976443,6830905,1512525
هارد مارک فدک,7695557,5223293,7975836,12784245,12702443,3144782,8106665,14092151,3792052,904082
هارد ۲.۵ اینچ,285259,14205631,1570634,10268467,11362304,12351230,5683107,7127833,916408,12202419
هارلی دیویدسون,6500407,5420778,6170447,5420739,4810218,12318389,643764,568650,7889284,2513243
هارلی کویین بیلدینگ مادل,6208772,3496519,11841668,3195329,889648,794651,5497765,6393459,5696383,6061721
هارپ,15096900,5347419,11465019,14456404,7843326,12254764,5066622,14663227,8927059,4535049
هالتر 10کیلویی,12670804,753092,343482,82937,8627776,2614137,4294804,4314484,13462878,979954
هالوین می کشد,638338,3246524,13364788,3914219,1378151,10527339,408760,1538121,10697178,7935982
هانر 9 ایکس,13986631,36838,7180922,4645582,13920852,4877971,4242098,14081992,12383241,15989810
هانر گوشی x9b,8646801,2333256,12152772,8481670,9795665,4877415,6461395,9370,11643491,10122383
هاپو روباطی,1257,12417844,2103525,13100447,6427221,942712,10691915,980807,4225979,9843310
هایبپ,6075796,539062,8293249,7497130,7308250,5428339,16670787,14894786,2268047,3191825
هایما x,4322738,2888891,4065469,7814413,6526822,539062,10183601,9278594,4271476,5067566
هت بند ارایشی با دست بند,14009423,4418268,1484542,942712,16644032,4479388,10737095,631598,12986138,13389998
هتفن میکروفن دار,3592999,1140535,8206881,892181,8339334,4546262,2917060,2074381,13279036,4551871
هتفون گربه‌ی,10129178,7999221,16455986,14876850,13844762,955878,2873857,11872564,11104578,356804
هد بند گره ای چوب کبریتی,12686779,457298,7954211,17038129,6263638,14064257,477164,12688760,1817540,2528095
هد نقاشی شده,9385874,880639,10591134,7300449,7139307,9064677,5659020,7798139,2765082,10392705
هدبند هندزفوری,12667651,15836024,9097395,4978798,4882650,9599582,11160874,4385504,7715882,2581733
هدست اینجوی,2849057,154011,5236892,8816886,715347,10823610,2636509,11999163,10475216,3880381
هدست صورتی صورتی صورتی,10445604,559882,9478226,4909879,11711364,7944449,9468485,9588832,5522277,7474345
هدست مخصوص بازی تاچی,5351047,487357,14362168,4430288,467065,1870307,5195847,11888964,14010607,3206052
هدست کرومی,17436439,11795976,170017,3581552,7566698,10110079,438452,2588590,12062791,5051624
هدست گیمیمگ بلوتوثی,4374767,7393227,9578637,599786,11254905,9358671,13091349,3403213,790960,11079523
هدست گیمینگ سیم دار آئولا (AULA) مدل S608,2394321,13897697,486417,2127877,1595405,2771659,12283138,807859,2728942,3046475
هدستapel,14333378,4276790,9951863,684205,2745154,810426,2666116,10692740,9249898,9302065
هدفن,8739501,2507944,1870101,674062,2724761,13142006,5301082,7990598,10550567,9846424
هدفن بلو توث,10692740,862717,9593967,7338944,4455409,10471900,3283047,668165,9326693,15297206
هدفو سونی,6854837,7781648,13416734,12375903,1548670,9491143,9222733,7930094,10058591,14655793
هدفون X10,7619749,2900208,7626899,6924312,7812634,11362304,3953926,4649136,963026,9268477
هدفون استودیو سونی,4041666,12068731,7922600,13167520,10483411,12588040,11923642,10587391,7576867,606382
هدفون با قیمت پایین,11294304,3464453,9293603,4289432,475845,14009648,5550069,499049,11696856,1460055
هدفون بلوتوثی  k55,7478847,12552785,1913391,5190171,6791039,6753202,8772003,3880381,10423280,2233703
هدفون بلوتوثی p9 اپل,12946769,4439658,11026740,11588770,8800744,1790557,2776377,13065873,9953673,4935468
هدفون بلوتوسی مدل inpods 12,9717141,6350773,6902160,8580963,9364733,10279663,2767191,544767,12149756,1563637
هدفون بی سیم p47  اصل,7969736,10674241,788542,156181,7287514,385198,12224131,2700176,11119109,9851111
هدفون بی سیم مدلinpad 12,14554037,3505056,202375,8492349,5127858,11722455,7219736,2842162,959286,12889866
هدفون سیمدار لیکو,2555157,797396,9870251,10610120,9337800,11373570,17942912,4494850,843847,6963614
هدفون مینیسو,11981269,13344920,8855064,11263738,7161046,2313536,8618394,12965291,13266648,9321700
هدفون های پاپیت,2425682,4609145,3016831,13431400,416155,4909879,4954085,6435705,2819510,5664068
هدفون پسرانه طرح ماشین,9726998,12083895,13081627,4405075,9969986,4544783,499049,8729265,2267012,12254764
هدفون کلومن مدل,7955821,1516895,6815361,10359413,10334174,533354,2394321,14862524,4139554,3551682
هدفون کینگ پلاس مدل ۶۵,8418553,3919055,15325190,4486514,7676113,4155832,8772003,1460055,174943,5364951
هدفون گربه ای,6586909,456522,200466,1519836,1897763,7129303,12884433,6860843,8193958,396213
هدلات بنفش موتور سیکلت,6882054,2222566,1064939,4852639,3778601,11315279,6231522,15260002,13324355,2898190
هدلایت 5حالته فلاشر زن,5587260,8884664,6929586,2381178,12197331,11106291,8328373,6556651,2053912,1457546
هدلایت x-sun,38902,13835855,5131123,11196611,7004735,7278168,11104578,1738232,11876002,8068518
هدلایت تکی ساینا,6377946,4354296,8789902,8387799,17664542,11460512,2644760,12081725,3390678,11209558
هدلایت پرنورپراید,3212987,12838592,7501115,7285915,4452500,6976256,9958430,13656897,8737931,699324
هدیه به اقایان,9220839,11274760,11244895,13763869,2052436,12224131,7691559,14321650,16709388,8804022
هدیه کریسمس,9846474,6435705,12628511,13281648,7898863,8746196,1803281,7531652,9947129,4842567
هر پاتر و فرزند نفرین شده,14079258,3627290,4532033,5436725,2507543,3914219,111707,7592410,7213087,8891280
هربال استاماک ساپلمنت,9984477,10157236,3369509,10828899,17470082,120258,7697832,9446010,6360785,7362047
هروز یک طوال,14346184,10186767,4440247,14034612,12557249,12992663,14152346,3025131,10467137,7618978
هری پاتر بوک کالکشن بای تندیس پابلیشینگ هاوس,1520528,1569587,14346547,585659,93061,9976901,444227,3042739,9619427,12506267
هری ‌اتر,9629367,8834256,7124918,11427562,1901258,10749548,17015612,11171380,1882481,10959853
هسکی,17480397,11380006,674062,11643491,9110312,1539493,9126936,8449261,6772505,159941
هفت ترقه برای چهارشنبه سوری,14078112,5149251,5110719,14279802,17381762,6998499,2577240,923971,3457766,4867366
هلبکوپتر کنترلی 6,10481951,12804885,8710128,7571853,168079,436241,10796599,9027322,445937,14749791
هلرد ssd اینترنال,9208271,7550613,9565016,10387007,713831,14416125,565994,20474,401,26486
هلوکوتر کنترولی,8494398,1523112,6841625,2843881,7576867,3849615,8798809,515133,1634821,1516133
هم زن‌ صنعتی,15321687,7246492,3790582,9108448,1029075,7501115,1826170,4288435,8516352,5555879
همبرگر هایزم,1851303,1652570,14116165,1634821,10170605,12836062,633880,13126767,12420468,4477129
همزن mac styler,14441410,3976530,4099036,733765,9638669,249941,14415657,38932,6955660,14274910
همزنبرای نقاشی ساختمان,4189613,15231794,3993549,4747762,3981709,837412,158528,7357985,4138822,9260890
همه دسته بندی ها,2826482,1505530,3062680,8334051,3150946,5747445,9684535,12229635,1556521,1030285
همه کالاهای ماشین  ظرفشویی,9200427,15641477,180395,9717198,797290,12920165,916313,3882579,839031,7402345
هند فری بی سیم مدل inpods12,9329090,6105280,7173763,5209372,5549883,9713027,12775243,12586759,5655690,3051315
هندا کویر ۲۰۰,14525482,5268387,4151594,899210,11590250,7517222,727852,3202092,4233240,7361950
هندزفرب بدون سیم,108573,2394321,12774881,5193420,5119105,6838467,12075125,13521833,15128623,1949513
هندزفری  pro 5ss,8368358,757391,3428211,11228214,9221710,4952671,4934765,5592158,7929922,796611
هندزفری  بلوتوث  گیمینگ,10894204,13604669,172747,630393,10560714,2058772,9941383,978692,3234768,9636489
هندزفری LS29,524407,9700179,11769387,10148280,3026760,589998,7899721,9780923,12235824,1875365
هندزفری seinheiser,2094624,660941,8494072,6616043,8400609,7556398,7435146,3397736,14488282,2930956
هندزفری اورجینال شیائومی,10996549,14894786,9665329,4566914,14479735,1512525,5055853,9395415,3713495,11404947
هندزفری اینفینیکس,6206211,7920651,10217111,13163447,4291477,14077482,714799,5663144,9080302,82004
هندزفری با سیم AKG,11729962,1084233,5873413,9011955,6064579,9224976,4707890,3778601,11249656,303880
هندزفری با سیم زیلمی,2144967,13150307,12326145,4887454,152110,13454932,7888690,5356031,555310,5436725
هندزفری بلوتوثیLP40,9414390,6614627,6863297,13692930,8912688,1864688,7372199,7417615,304734,11706479
هندزفری بی سیم کالوس,10067768,213731,542546,9289318,10544388,5027766,8985053,10558674,4547127,4260861
هندزفری شیامی anc,191846,2238243,2333861,6457930,9715584,1513183,4542839,10532492,9434505,8215692
هندزفری قیمت 4000,3488445,14894786,14031452,5152752,3593269,7959398,12838592,1714761,3559877,9695099
هندزفری لنوو مدل HE01,1548670,4184340,15034858,4455409,11054007,1714761,8384140,7858136,2118749,2849057
هندزفری کوکو کلاستیک,8834048,2241690,946926,3067219,7232503,5436849,877668,2725162,7154304,349676
هندزفری یاسی,10593941,4827418,8615306,4682310,7135168,330734,3135503,716418,4433578,8029592
هندزفریAkg,8708852,11914277,10598469,4782055,16998315,1529575,6712244,6929586,7773468,11588770
هندسفری بیسیم دخترانه,569376,10311608,5298345,2809693,4087034,14876850,3988597,5202043,13950082,347537
هندل در برقی,836232,5987137,12889866,7053936,13467787,1333664,4096476,12804885,14721045,10894781
هندی گارد موتور سیکلت,191576,14724466,12660368,10277141,5356031,1162793,10960911,12009083,5597635,10418510
هنذفری ام ۹۰,3598654,5005362,1746928,12311019,6069316,2399631,2276162,2007653,9075982,2351888
هنذفری گردنی,9944694,8083996,3943482,10751064,741130,742799,5719815,1079268,1484777,3481212
هنذفری گردنی اچ تی سی,8686817,5421011,11346346,212881,2763820,7946573,8754662,9017177,2313806,9747174
هنزفری بلوتوث تاچ بکس,7404404,2869840,5281080,13245538,9053136,466066,10359413,7608860,3859841,8729182
هنزفری بلوتوسی.,411197,2563598,31688,3027828,9562492,1050226,13781222,9377230,5329771,281447
هنزفریLwA,6260612,10513443,3497052,770774,7542983,8347046,10413327,379758,3951436,9342140
هنس غری,4139554,5664068,889145,1158687,3824225,2825664,6438146,9699869,1874610,6213165
هنسفری بلمسامسونگ,6033622,1097022,9641524,9792746,6457930,1959209,3019317,3702757,4744930,12275335
هنسوری جوجه اردک,17013373,2944457,10596165,6755459,11734482,15233659,909730,7884372,2902421,12506890
هواوی وای سون پرایم فون گارد,1117465,13786741,2127951,7987904,7308250,1619296,5089067,12381319,9171060,6654067
هواپز,5050942,699743,137047,5764692,14523987,3893423,3424623,8884275,9648721,10194563
هواکش پژو,868716,1003107,9039614,10722982,10320748,3280349,97486,7930094,495136,1829340
هوای فیت ۳,13160534,1072595,10558674,1776517,3381852,10578487,14488282,12294345,3008567,4087034
هوتوپرکنتهلیقیمت,637473,10609076,202703,379758,5529084,645366,11398248,4598909,9699869,8398100
هود زیر کابینتی بیمکث استیل,8683837,2191995,13816037,814435,4226290,12499125,15294551,3257807,714324,9677180
هود شیشه تیبا,3730774,1601878,13364158,26246,2381178,7125209,974348,15514368,8891940,1720958
هود مخفی رمیکا,7780046,120258,7032881,179951,2509472,1168656,5384390,8910937,4919301,6834237
هود ۹۰۰ مخفی التون,13620175,92087,12463213,11475653,7291130,7788990,17223962,3860866,3192810,14362168
هودی دخترانه زرد طرح خرگوش,12427672,12172280,8630516,9869248,12100106,947718,9097395,4344817,1944985,9663993
هودی زنانه,15489612,6446876,3079364,6461395,11456874,6562545,11019537,11023896,534402,586696
هودی زنانه درس,2355836,2743922,2842627,4726765,11443530,9027322,811751,859931,5934742,13898090
هودی شلوار بچگانه کرم,3635153,9115881,11593938,3773573,9248539,6761083,10544590,11223338,2419368,1138304
هودی پسرانه مدل فوتبالی کدf05,10701126,3724793,13175971,14081992,13533634,6586909,7533365,576100,881664,12956175
هودی پسرونه با طرح ایتاچی,11708864,3272499,12647727,885682,7975822,10691915,11238413,7535129,3461150,503450
هودیی بچه  گان,13045848,5382851,7600457,6808740,9105099,9709614,6013513,3713495,9958566,7958880
هوشنگ ظریف,8507591,2333861,74899,540219,6547203,1601878,10120510,6556217,16644032,7465665
هوشی خان,9665329,9607810,5778111,910280,8206556,1898312,13031790,11374157,9422726,9619427
هولدر سیلکونی,693723,4630526,10984525,80708,11103764,869964,9216197,4985247,3922252,14749791
هولدر پیک,7754712,9220839,13627720,4644853,1504171,1577264,14257875,11476129,1054461,4262763
هوله مهران,839031,4391448,6254543,4411947,5378489,13828983,9378158,4463663,2079564,6823327
هوندا,3464453,8432672,2746114,4197917,14574540,14209086,13197805,13856310,1633485,557201
هوگو ورسوز عطر,9242187,8595427,1487349,905385,13033548,5449019,13391818,9172828,6507549,7224236
هویه قلمی ۴۰ وات,12449332,4621360,8061397,4396103,15231794,5948638,11362645,7975822,1809169,8804482
هویه ی سوخته نگاری,9684933,745924,5364951,5585111,13875404,11000594,14794205,6631202,10957908,7899721
هِر استایلینگ ژل,7932823,513849,3582917,1496876,1037470,10701126,384900,1776517,3876063,13401329
هِیر ریموال دیوایس/اپیلیتور,996559,937828,10467137,7445177,2643710,305236,151394,152123,8684709,92087
هیتر برقی,3403213,4624691,11358108,4301569,866046,6901968,10484612,13527053,6265476,10312343
هیتر فن دار برفاب,9215637,9294022,3896057,6011939,10638509,13105650,9872192,2768162,151394,1144032
هیتر مسافرتی,7102362,8793354,14089147,4241121,9062550,11358108,862717,7666578,1881792,12235594
هیدرودرم قوی,7340116,2262280,8134818,7531652,8881982,458555,14478692,6928475,3635153,9147790
هیر درایر استند,6699387,6940852,8486799,12554237,3465186,5276317,6821872,8277238,1930327,11721686
هیفون بی سیم,12498534,1539197,14135022,1515420,1439864,11618796,13085716,876931,9086639,48690
هیلتی ۷ کیلو pm,3390986,2667217,13218038,9052410,4390181,33589,11295564,5618757,3184247,54145
هیولا های میکروسکوپی,743370,7060930,7417615,8991413,2858093,7877545,4630447,10570478,12204734,9987921
هیوندای مدل تن امپ سینگل فیز مینیاچر فیوز,5236984,6184497,7229796,645879,253393,12077629,2397717,5132167,8800744,14315407
و سایله آرایشی,3243004,11242972,13580657,3987504,2907018,7061153,7684242,2197659,3213581,7510865
واتر کالر نوت بوک دراوینگ بورد,3321686,2029719,3768544,7432217,113181,8448494,11997868,10665659,5403851,1874610
واردی ایندرا,9706010,11281765,6744529,3596037,42991,17037730,2250588,9761959,6435133,9542290
وارنیس براق,10418510,923971,3415050,8902718,9810520,9894892,5992012,326100,2109104,726125
وارنیش پایه آب,1047824,1707673,1638404,9857792,7492512,11772475,295751,1826076,3679832,14566948
واساژر گردن,525614,9260890,6296693,10583707,10159708,4793179,11160874,4201913,9743231,868716
واشر ترمستادپراید,9253428,13455141,1154968,1126203,7192556,6406905,13080560,5487362,2283053,428256
واشر در گیر بطری آب,2586938,5853104,9391549,13677379,5744373,3691173,1048014,1121434,8605280,2357214
واشر سرسیلندر خوب پژوپارس,4696564,12349726,6231522,139696,8806823,9039614,7421005,12407843,721672,10649152
واشر ماشین لباسشویی سامسونگ,1808258,881664,15087423,3890665,865368,12379255,1048427,8236672,5005084,9436496
واشر کاسه نمد موتور پراید,5926516,8577074,16432146,1921465,3471245,5093286,3022844,568650,9237582,7505617
واشر گلویی اگزوز موتور هندا,12109643,1563637,7561829,8826326,13827543,4486352,7577455,6078390,7826220,5529084
وال لایتینگ پنل,616284,5933449,8494071,11888964,1290089,10290622,11392513,495528,13300445,4366176
والف رنتال ایپرت,7913417,9645029,2046421,10456796,6010088,12830142,6099272,277570,619874,12673045
وان تونتی کالرد پنسیل کیس,13185064,14478692,6966279,2666116,5128268,11481780,14090709,12083895,7758153,2639830
وان پلاستیکی شیرتخلیه دار,14909514,4616527,8804022,8061397,1097022,3403213,14168666,17336734,12891981,11989700
وان ۱,11210768,10620011,3042455,13964709,9022790,519363,3571154,11398308,15830110,13035118
وان‌وی لمپ ساکت,4048051,12449332,4956897,11792316,8995528,8317281,2748851,10708778,8370107,11795976
واچ جک استند,2817052,10466890,10632942,6825028,7421005,10653856,876931,8659374,9357417,1163645
واژن پلاستیکی,15165767,6533827,12934720,4452531,9549667,99696,10985290,10965871,169973,2094490
واکس بدنه خودرو سوناکس نقره ای,6324209,9928540,10541057,6909316,3246524,12535621,752467,9791693,3792052,202993
واکس بدنه کار سان,4134877,10217111,4209856,13235338,3778601,7402345,3595884,8896427,9684535,8423423
واکس پاواکس,84463,8467382,3497052,16320519,7687466,6976256,482396,3692410,6323922,286918
واکس گیاهی مخصوص چرم,13402001,4452530,393078,5316473,1923816,542546,7367110,2986269,5604877,13550999
وای 7 بی,1455168,7546522,8187878,7200364,6374300,476376,8395302,3622380,3997038,363896
وای فای‌ جیبی,12958743,5338175,7460260,10306216,12662591,10094197,5855224,3211073,1953011,8494071
وایت اَکریلیک پِینت وان کیلوگرم,8581051,12974035,4049858,8673314,394057,14851833,10729281,676111,5346945,5398310
وایر تقویتی موتور سیکلت هندا,11911500,912948,5321832,1563457,8337966,7185932,13160534,3017645,9733549,14522041
وایر شمع خودرو,90520,8368358,5874073,6181661,13841267,7162479,8884238,2360509,80316,13430967
وایر پرایدوالو,3549810,534592,6620414,14234612,12804885,451963,12575901,6327528,9648168,6647088
وایر ۱۱۰,3341501,12957273,3219595,2014710,14388923,5130999,429105,13156585,4957468,10587154
وایریش حرارتی,12283380,14292205,10133630,9474398,5932038,7188425,5261987,68830,10201221,13471564
وایفا جیبی آلکاتل,6069316,7857661,8176598,2587235,117568,11765611,8084947,915219,7910536,9944694
وحشت دردبستان شونیان,14523987,9879686,68716,4185887,5936108,4418268,1580572,5463310,7944449,11393731
ورزشگاهی,12350676,3891080,8387092,111860,13012373,14531056,1585425,11947253,4517402,9330978
ورساچه پوروم,2728942,6254543,11792453,513786,14514895,6851681,12557249,1067669,10112729,7340462
ورق سنباده ۴۰۰۰,9557746,5534645,1513242,3101194,1552131,6533827,595447,9251888,8531074,7920573
ورق یونولیت ۲ عدده,13717450,12407843,143580,15806224,11358108,8682841,4380808,7834490,880451,6229102
ورم طلسم,9365889,9544629,9060954,2212161,5210649,9793563,12774881,9330621,10442878,5069534
وزن مصنوعی,12149756,8670721,6940852,12645229,506035,889145,10343254,2537376,6905273,14092946
وزنه ترازو میوه,602307,11288948,10087528,11103549,12911938,11795283,3397736,12540137,5879916,7971987
وزنه فرمان,2919754,10578487,4607253,5568535,70325,2365505,2279639,6616043,7835147,10730025
وزنه هالتر خانگی,2608053,8400781,11112937,2856776,4631112,13906966,74899,5656137,178762,8368529
وسایل  ترک پا,754380,8882003,2675717,13465465,9540902,859931,7947685,13673427,10479698,2525798
وسایل اتاق دختر کفشدوزکی,13527881,1763589,2221277,9136299,8267157,1518115,13781222,10668656,12561858,2701359
وسایل اکستنشن مو,2075425,1115423,15966458,677319,9717198,6712337,6154657,11846022,3706469,6830905
وسایل بازی از۸ سال به بالا,5927210,3245302,13215408,1629443,7178053,3971425,407841,2406262,989332,8869441
وسایل بازی ی,5054403,7656850,6152199,7050231,10148366,5652072,273192,12518888,12375156,14006297
وسایل بازیگرانه,3283047,3382729,104511,10661112,1026521,13033468,13656268,8680295,7053063,3452241
وسایل تزیین روی میز,11400727,13322394,5338175,1613260,10638723,4906095,1808578,12364793,832740,7531652
وسایل تزیین فانتزی,860740,2830753,7955821,966215,2838753,6290252,3506503,202375,10186767,7518451
وسایل خابیدن تو ماشین,14054239,13827589,4892096,8414644,7237753,14740537,2032185,6801165,1545322,964898
وسایل دخترانه لوازم تزیینی,5663144,4076941,3365847,12005190,7745780,3644217,9978291,4810218,13677379,14042768
وسایل درست کردن اسلایم واتری,3519765,4139554,472358,2943388,11124038,2085875,9544629,6855429,8371040,12258538
وسایل رباتیک اریانا,2839161,5662822,14391683,11071024,6770839,5407471,7601292,2936817,478133,2747336
وسایل زیر لعاب,10058099,14308846,80316,7488509,2869152,8982851,13514411,12419954,17011472,10189915
وسایل سفری سگ,8824958,8949246,4158441,1416631,12804462,10148366,14176170,3988597,8143640,4428121
وسایل شمع دریایی,9201855,3563723,8632233,7576867,381500,8397962,11715642,3871768,12044854,3271100
وسایل شوخیوشعبده بازی,3798930,2970399,13081627,8279929,619737,11851125,5236984,7168123,9478226,4056938
وسایل غذا خوردن چینی ها,14055890,6935286,12648743,812887,6559677,10111279,11069323,12401564,11792316,2531210
وسایل نظا فت,196762,2821156,7340462,3541573,7766073,14596741,842691,4905454,9249898,10901919
وسایل های ورزشی باشگاهی,781227,7066144,2130522,5622402,11161719,7924960,1808578,5026076,183989,12078880
وسایل ورزشی لاغری,4271476,9984274,5555879,7759822,10261729,6349054,2068072,11652937,9928540,9937001
وسایل کمک زینتی,839813,1932704,10126465,4003038,1725361,4461026,2068072,15321687,1539197,4887787
وسایل کوهنوردی مردونه,10812826,5407342,10544590,7016098,284254,5035948,8824653,8886721,6161608,623214
وسایل کیف مکرومه,2275515,8765520,14096421,7697832,9851720,9895237,5992012,9586937,13886812,11011909
وسایل یک اتاق یک استریمر,1851696,5285459,7022529,12754374,8702467,490390,3306896,644103,3257964,1496655
وستامین ا,8886721,162492,4088765,2137174,5036141,5423191,16234113,6209833,556119,860740
وسسیله بازی زن و شوهر,3245722,3640444,7172945,4408429,515038,5804075,3740920,3036946,5277264,12619125
وسفنر جلو موتور,669351,10532492,10726910,2787116,12639452,157424,691040,12095645,10520916,16310340
وسیله اتاق تزئینی,8448494,57321,4854648,3465817,916897,12665229,1104038,1714761,8868046,147516
وسیله طرح انیمه,143608,1827219,3623050,170684,2790099,645600,1021268,550878,15372734,10694984
وسیله های پلیس و دستبند,3536593,13167520,3323638,2511416,5064040,13363407,17336734,12085945,10737095,7428555
وسیله ی تمیز کردن گوشی,2767668,2854554,14565825,6556730,8127544,3519439,12090877,6261040,7378417,7475432
وشایل اسپرتی ماشین,14402753,12344937,1563637,3414388,2817052,7924960,1803281,4138822,6231066,97486
وصل کننده بلوتوثی ماشین,6377946,3125401,8276226,7546533,12877469,1584616,6256896,405912,651257,5891778
ولورانت,2856776,4782055,4566914,2092880,4441224,749485,104631,1017455,1085299,4933374
وودن فولدینگ داینینگ تیبل اند چرز,645879,17470082,11589339,1584808,11505940,14525482,5666461,14055890,1760078,2976227
وومنز چوکر نکلس,12294345,12974267,2882990,14357221,8746196,5593181,3971487,1151425,9724039,868716
وومنز کامفورت سندلز,10737095,15325496,138844,2679897,2716707,3359298,733582,8348995,9665329,3183048
وومنز کروم مودل اکسسوریز,9540940,3072164,217153,712594,139696,6274414,6392775,8355017,2523554,4704253
وکس آلوارا,2375395,12215001,12628511,6772657,6310212,282952,11308070,2129272,8387731,3561465
وکیوم صافکاری,330159,3596037,10451858,11398308,277570,9705085,9554045,3955712,3054718,10287333
وی ام اف کتل اند تیپات ست,10112729,3408934,11636446,14544185,11705509,1508629,142420,7444508,9868369,13012373
وی جی آر V-981,147439,202375,16320519,13536155,8285100,6076259,6100632,14109551,6276902,6566014
وی جی آر هِر کلیپر مادل وی وان وان سِوِن,3385777,9749301,7364909,14862152,5568535,13430705,5403418,7221141,12283380,11342444
وی جی ار v_071,7171641,10985094,1870307,6508907,3967585,7436770,6467802,97486,11249656,3308038
وی فیفتی تو,13504983,7944431,8513848,15372734,5589097,5083435,10472005,7731917,472989,3621770
ویالون واقعی برای خرید,3872759,12100106,7491913,12009083,4967179,815931,2262835,2220861,549513,11772475
ویایل نزیینی جشن,6163212,12284171,12744393,12664128,10480997,5930508,13951460,11161720,12817985,14973035
ویبره ساعت هوشمند,3400868,6890835,10420928,3654193,14891626,3390678,8808913,406291,81887,2152938
ویتابیوتیکس 30,3572983,4565345,13576150,5209372,14497586,5762016,10832056,16072099,6327689,5785486
ویتالایر اکتی ویت,1885744,9863628,9609031,8483580,2921252,5337932,6100632,943502,8387799,7021668
ویتامین cu,6929586,12453934,1845303,85086,348422,4517402,637957,13126767,2854925,11274003
ویتامین برای جای جوش,15114356,3160022,961905,1149791,836894,14468998,8421822,766062,8686817,5228491
ویتامین دی و ک ۲  نکستایل,405946,12686779,7988240,9446010,11403849,13215408,109835,8632233,4374531,1161679
ویتامینویتامین d,10722131,3688118,13099858,7154304,4892096,7140776,6706574,726125,6602710,6556651
ویدئو,7181587,4585575,2781637,2941363,17981346,3634502,797508,14428253,14574143,3772284
ویفر مغزدار,1414797,2166223,151394,3943482,8400609,475703,4226290,13413731,6220344,2535703
ویلد کولر,5478241,11676603,12819153,4517402,9387650,9397341,7944333,7902972,10806235,2055943
وینی جونیور,9010850,10885725,9075982,732825,3016831,13321487,4396103,7816428,468422,515848
ویو رزیا,1619296,13188635,10061052,3246560,648468,195015,8884275,4499873,4351903,3679832
ویوالدی آلبوم موسیقی,138306,11695682,781227,889145,2888891,13581904,757391,7542983,3915183,4830134
ویوو بوک سیکستین آر سیکستین زیرو فایو زد ای,2257125,10821081,9629625,7930359,5065763,5666089,733765,7247698,10583707,13325298
ویوولون,5130999,287451,835777,142420,10462829,11043683,607213,10472470,11382166,4425039
َشامپو سگ,7836765,12956175,5398310,6062855,6556651,12166354,4897005,230423,451154,2355836
ِیوان کودکانه,6170219,589998,1642892,806089,2525555,107982,4897005,5285459,65292,1114234
ّبذر میوه های استوایی,4044799,6838826,3598654,10566095,7462044,471534,10609076,14338296,5408675,2830183
پا دری کوچیک طرح دار,6118411,761211,9611795,4941927,17314096,13929076,804925,11596055,914077,14555784
پا سماوری عروس,1533016,10612029,8071173,12914704,57321,5604877,9647975,405912,6975559,3888213
پابند باشگاه چیاکو,8669046,11705509,13854825,4348656,5140235,1482105,9833806,2809693,2941244,9020294
پاخچه عقب سه بعدی,2044653,10648133,5597635,2693125,835347,6060757,126688,2825893,8132436,1621304
پادري مدل چوب,1610096,14876850,12056902,10538809,9629367,14014431,15593973,6860843,107982,1161679
پادری   طرح ماین کرافت,980807,947718,5741169,10396494,1140070,3066530,8938359,12172885,1138304,2898190
پارافین شمع ۳ درصد,639574,2205733,5126221,10722131,6257808,9695428,8955487,10170605,4395535,8658665
پارت بایسیکل توی,13323051,8960641,8425139,2227589,4044799,1489847,1800278,3778601,6356674,12311019
پارتی‌کاپ,1770347,9422726,7240420,9264770,9805389,4925525,3539343,5409265,1745551,4408429
پارس آرت براش سریز تو وان وان فور سایز زیرو,11330221,13551839,2805018,8766222,3398369,811459,3252733,1692778,1127047,4352555
پارس اویل,14014431,65292,11655097,6184497,11682207,8073670,3027828,6554716,224382,2355836
پارس پایا روغن موتور,6838826,989332,964677,10333025,3516999,5460742,4909879,4793179,6834237,6211018
پاروه تور,13964709,7303131,13969235,3437,14894786,2032757,1800278,4170530,3330902,1350873
پارچه انگشتی برای بازی,9810520,8486799,6770083,4897005,341951,12124805,4551871,7922203,451449,12746508
پارچه ایینه طرح,905385,1573576,10164226,9652949,1659259,892472,9588832,2171761,6090993,10483411
پارچه برای لباس لری,10040064,11809430,10566257,12950092,1167986,12233216,2653959,11315279,13939525,224382
پارچه بند دوچرخه,5123200,2315399,6419280,8806208,4511632,5749229,6212262,12640343,9382384,15959093
پارچه تمیز کردن خودرو,2825886,14862524,2771659,763107,721672,9513525,5068713,15982093,9747174,1513183
پارچه سفید برای زیر پرده,10591265,330843,9807887,732295,11221056,13950082,11866878,17011472,12686706,961925
پارچه لاکرا,522903,143233,6095671,4043035,4968049,7495372,5568351,7577455,17470082,8452901
پارچه مانتو سبز کمرنگ,8347046,13604669,2747336,14193478,6857848,14456404,869662,1710707,2069609,1874610
پارچه مانتو کتان لمه,15128623,14612250,7814724,7244370,7514224,733582,2925288,13164394,1645570,8890436
پارچه مخمل سرویس خواب نوزاد,4230579,14009423,8595427,13527053,11228214,1608070,713831,16310340,10620011,11636446
پارک اسباببازی,10272500,261051,10904951,1079576,6965505,9231800,12618675,11971046,6503651,12014271
پارک دایناسورها,8902718,14439591,3987504,2636509,14218455,8827722,5059385,9713027,14135022,215632
پاریس ان جرمن,14031452,5747445,6872675,8929380,7363437,3971487,10336591,2351888,133187,4225570
پازل هزار تیكه,8988196,224849,6211018,265143,9947129,12662591,10253259,6135735,26750,10487720
پازل پنج هزارتکه,253393,14763098,14884689,5051624,10766629,317579,9964641,3893790,734314,17992293
پازل۳۰ تکه,8449261,6748998,15937518,2097924,11079523,10519102,8162593,8549674,1991068,11974409
پازل۳۰۰۰ تیکه,6891483,1029949,5301082,14131504,3572983,6984499,245396,4228930,4416503,3026760
پاستا بول,138844,4417039,12204734,10690988,696912,379200,6265787,3511657,10346293,12821919
پاستای سبزی,347269,3929091,3860138,1080166,6984508,1803281,296051,358809,10350205,3400868
پاشا برای رنگ چوب,11153458,224382,11697889,2215376,9682747,2561992,5717830,3629964,4791585,7882390
پافر بچه گانه,461904,9976443,881530,6406638,7190400,12436834,3225586,11392513,7047648,9527609
پافر زنانه طوسی,5957385,364527,707892,5132596,7375515,2917060,8823098,8775614,3899873,5460742
پافر مردانه جیب,7248561,7888690,2124125,1161598,8648462,12189253,10132814,4883625,716418,3984726
پافرسیلیکون,9886623,12293267,13416734,133158,13379612,10618688,12299112,221364,8986359,7600457
پالت دریایی,1743832,8445425,7151427,1675658,3164744,299236,11765611,4316801,4433578,9126030
پالت سایه چهار رنگ,1695565,2961825,3551212,8895120,4314693,13240386,3570870,12456849,9538562,10591134
پالت و ابرنگ,4520505,1158687,3434836,95563,6999050,4270359,2153646,9851720,8527893,284634
پالتویی کودک,1003999,669351,8326311,828562,10633491,1627285,8329320,2523554,13369159,12987634
پالس ۴d,649522,5855224,505309,13081627,16859043,801751,8567079,4726765,287451,6913718
پام نیتِد هَت,1683564,17038129,13954676,5662822,2102520,1508629,7086864,2840245,12216494,12455954
پاند پراید عقب,11630140,608188,1628655,17111036,1023734,1622791,6231032,13191343,999220,9935382
پاور iphone,9752721,8136916,12722910,4887454,14179735,7565868,5260079,10245642,5197288,13224953
پاور ال ای دی ۲/۵ وات,4631698,11398248,12799796,9371896,8465932,80708,2667217,8270275,13533011,15636808
پاور بانک sp 30000,12283380,7861160,2672678,7592410,2599596,847112,7454085,4006831,12965991,4529789
پاور بانک ردمی 20,9029360,3718358,4726071,4440247,908932,14032131,10653856,5059161,2939544,8552325
پاور بانک لامپ شارژی,5199389,11475653,7173763,12749087,11721766,1584875,7855730,5442074,9239506,329253
پاور بانک گلف مودل,10644422,2191842,14947512,9722881,1129343,3671737,2085875,6129574,7278624,4225984
پاور بانک ۶۰۰۰ هزار,7657613,7858136,530419,961448,10591134,370531,8812442,11026740,6706357,691040
پاور بانک‌گرین لاین,13197805,623352,5930508,8895848,7265386,7027586,11342444,196351,13237992,5064814
پاور باک بدون سیم,13413731,13969596,16669316,5688544,9017177,13174538,8701936,3423831,4061084,5926516
پاور پلاگ تایپ توینتی وان,14574143,8816886,2759976,7932823,14466154,13185064,7561829,3016058,9870251,261051
پاور پنل,5903516,1468500,9045018,6353974,580425,14982487,15257467,8960641,10493947,303880
پاوربانک  قوی,5261472,13431040,8029592,323611,2586263,113181,7294241,4631112,12185047,7729949
پاوربانک 3000 میلی,308517,3783648,12124805,8203862,1638404,77165,8928495,4014257,11813652,16709388
پاوربانکADITA,12436834,13879779,859931,3048569,408760,2418637,6955660,12081725,5360007,9835817
پاورباک کاسکو,4418268,4937291,13412906,10466890,1959209,4734311,13875577,2423504,9339202,3686492
پاپ سوکتی طرح سه خرس کله پوک.,848151,813540,9937001,5589187,14146381,13709607,482116,15347992,8692023,6237630
پاپ کورن نیمه اماده ماکروپف,213731,445937,8673314,5488302,14466033,8615306,3531299,7655336,13033468,6353974
پاپیا ۲۴ تایی,811751,8754590,589137,10687227,5157397,9614729,192637,14271321,230499,10319520
پاک مدادی,9980852,6443194,2504677,3022844,6170447,10183508,16336573,14333262,16656476,5199389
پاک کن  برقی تیهو,1505530,5357364,10275826,9780923,5790627,9126823,2801580,3638078,7345740,3690229
پاک کن طرح طوطی,10122262,14041181,12043381,9071525,13942221,12258829,13231368,15034858,3679832,1563662
پاکت بسته بندی مخصوص محصولات پرپتینی,8276226,17792304,8714816,6329182,9740033,12419953,10350205,4099036,8771613,6712337
پاکت جارو برقیرشف مجیک,4616527,13897697,9953673,9480573,3258151,9135138,12249900,13118786,5338291,11273164
پاکت هدیه کادو تولد,12020076,6798757,8618394,8242042,1070091,7695557,9342140,7930094,4963821,161506
پاکن استدلر پاستلی78123,5152888,1515420,924553,4016639,4060266,725292,4941340,8996747,8688393,7094925
پاکن مدل استیکر دار,4832192,12560714,8237708,9741936,6363324,7431580,10066988,4925584,7553898,3815110
پاکن مدل فانتزی طرح دونات,10784475,1541231,14308846,10691718,10392279,1730180,8681180,12775038,6202050,4842567
پای زیر درب,12283267,8366074,4305079,13717213,4511632,9563117,10739828,9795665,6408344,14568223
پای مصنعوی,1745551,806227,10461490,4644665,5775119,1628531,9445237,6424957,6575740,12778555
پایps4,9529336,2561858,10201221,3147621,2230780,5804075,13413731,4105452,4954085,4416503
پایتون به زبان ساده,9294989,5463310,12285836,1942334,2421535,10578732,2382422,9863317,6748254,3265330
پایه  نگهدارنده تلفن همراه در خودرو,8112340,11580930,2089470,6984499,4017472,7142852,4598909,14398220,8171818,8408333
پایه ایستاده نماز,7127873,1159678,14336077,4883625,8421261,5561794,7847710,14645,8804022,2571099
پایه اینه جانبی پرشیا,7248029,10697178,4321474,6424773,6436457,5741169,10615202,8461297,4506119,495528
پایه بست دوش حمام,8348402,11989850,13213147,411716,3008567,14188564,5031075,2074913,12749087,12090299
پایه تشتک رنگ,676111,178772,1548670,2561992,10728359,645879,13031790,6650080,917875,14651486
پایه تلوزیون 24,8430508,8605280,12926611,4294581,3561465,4529283,8937638,82093,7311695,14782819
پایه دوربی عکاسی,1468629,14868576,8986359,2792992,12549554,5264549,378242,486417,9072561,8320625
پایه دیواری برای موتور کولر,584095,6424773,10719782,734180,629090,305236,3218826,7944449,7192556,11000594
پایه دیواری دوبل,11007251,1863815,12745641,17992293,1480794,12547362,7633230,5210649,738077,3643724
پایه ساخت آویز روشنایی,4216113,1080986,8684709,4854361,6653298,9135138,330734,2533837,10822302,683854
پایه فلزی آینه,14195212,13364788,9585121,9928892,5841076,4990008,6062855,7588252,1827268,125987
پایه فلزی آینه پارس,2776377,5178689,3523514,2744459,14581595,909042,5522124,2854554,2870931,11419082
پایه لب تاپ,6184497,5070528,11764073,1107630,14484598,8883926,9886623,4428121,6205093,578192
پایه لول دوزی,5371740,2302424,6329182,281447,15982093,7391150,558843,196762,13849949,9378158
پایه مبلی میخ دار,4802206,921724,7371634,7340116,388107,77165,13804646,7016098,2392148,1877280
پایه نگه داری گوشی برای موتور,7249192,2969986,1848840,9362179,3523514,7475432,5335486,12673403,7798997,337494
پایه نگهدار پایه موبایل,9089232,14182497,12637319,4409667,8050293,190713,1592745,816001,2675717,7172933
پایه نگهدارنده دوربین دنده عقب,281447,7976209,10553926,4793179,3721024,4395535,7983566,534592,183120,8368358
پایه نگهدارنده دوچرخه پشت خودرو,11717455,157424,4383345,9051704,2259182,5306585,2654791,1117966,7332407,7970728
پایه نگهدارنده پاپ سوکک,12180030,199083,13784427,4911290,14490208,3320896,9538562,961300,13031790,16026610
پایه نگهدارنده گوشی مدل هفت,4991935,9864060,5739874,12900943,2364525,363346,7380375,7498101,13566198,10177280
پایه نگهدارنده گوشی موبایل وتبلت تا ۱۱,7498101,7096895,12433865,12709456,8259586,14299009,11112937,5210649,14466033,7638641
پایه نگهدارنده ی فون عکاسی,5432465,3545064,13354498,1029075,7701298,602359,12830142,15585289,3783648,13798541
پایه پلاستیکی آویز تخت,9611258,11034432,13917758,1037109,1680521,6943665,13274339,7330976,8659443,9700707
پایه پوستر ۴۰۵,3382729,5656137,8071173,1441868,9868369,3160022,11876002,7190400,10599126,14512098
پایه پیچدار,13174538,9538562,1907918,3595884,7422589,8531074,10805661,2085571,3464453,8806823
پایه چراغ شب سقف سمند,5545158,14094091,5612312,10340665,3310047,6962428,10566160,14151404,8156579,4207004
پایه چسب jm 3200,2491087,10368861,14045908,10618588,11228484,2355836,126151,10796599,9139656,779617
پایه چسب نواری,12775243,5228491,4454387,996546,9674839,10351598,4748512,7605704,6955660,1688380
پایه چسب نواری طرح ابر,9632635,1587710,6750721,12092316,2014465,1877280,153508,6349467,798880,9630536
پایه چوبی و اتصال سیاه رنگ مشکی پایه به میز,728026,11332174,13661348,3331675,4064721,2525798,13809364,723825,3209596,97756
پایه کتری روی گاز,5885141,13323051,8465179,12583851,3471063,202375,467853,13706781,2776377,14763098
پایه گردان,3609559,6135608,7691,11276364,1022396,8087355,3549810,6100632,560818,205704
پایه گرم نگهدارنده قوری,13065873,3636273,4301569,9395415,8004738,7289974,514988,296051,4241121,5930508
پایه گوشی tranyoo,3545064,15216852,5385015,1005433,13231368,8694251,9119757,5652567,3225041,5280625
پایه ‌نگهدارنده تفنگ بادی,6850079,8517823,646667,854219,515038,6823515,11411164,3875716,7268142,522903
پایونر 750,13380111,12456849,15114946,814508,8955395,10245642,3914219,5957385,3080538,6278780
پایین که جا ماند,3446756,326100,996546,2970399,11314151,11474078,12886918,14607379,8329320,1776517
پته خام رو میزی 4نفر,8673314,7062154,9861439,11171380,10170605,2223115,4801614,6562545,2351153,3328828
پته چشم نظر,1959209,11475653,12914704,14437943,13604669,6290786,6737394,4165937,4546262,712594
پتو دو نفره سایز,10045773,7152359,7533618,691099,3147621,6208094,8267157,11246905,13415140,9133186
پتو سبک,12123252,3860866,8943078,10930227,26757,1003488,4977877,10952084,11455959,1584875
پتو مسافرتی کود,15367789,2583919,83472,2675756,946160,7861160,2513243,4726071,11362737,7444105
پتو پوشیدنی,4966806,5592158,15830110,7922580,11269336,12588138,9105099,10347632,8414644,5488302
پتو کوچک فانتزی,6135391,143761,2554355,3081860,8465932,6999050,7709648,1959209,416155,13363407
پتوی عروسکی نوجوان,14199778,981922,7375409,3495091,4419091,5231049,14263738,279853,13389998,8692023
پتینه پرده,12990949,9869248,14263738,12363313,3079364,10974840,1829340,8032608,11628952,260265
پخت ۲۴ کاره,3859841,15836024,6993065,12123252,9008995,3432901,8208392,5922059,10719782,12670804
پخش a,8669046,4862129,11362737,5742706,858645,2854783,1430706,6680257,5607537,2689056
پخش خودرو مکسیدر 8818,9959461,11255602,6411263,4251866,4149665,12106618,2842597,8895120,12942068,3139324
پخش ریموس,33674,6374300,7626899,13504571,5059161,15514368,1167986,3364429,13070262,12163667
پخش سیار شارژی,3824225,2007653,9970279,2667217,2983747,15743868,9080302,2678496,3081860,482498
پخش های حرفه ای,14574540,7798882,8632233,12871160,7208436,10472652,9361278,3398205,6269908,7731917
پخش کتتده,7432265,16755006,3933746,4532802,284634,9668361,12807422,8772003,363896,7106192
پخش کننده خودرو ریو,8523079,1843483,75270,2069596,1487571,4707890,10351455,7512465,1161598,15290047
پخش کولر پلیمری,11137407,1435319,12395584,9389159,9705085,5366507,6818217,137047,12672505,9342140
پخشکننده  فلش,7584679,14052039,866046,10653856,9607570,3929912,2137273,9197280,5011442,7934152
پخش‌ کننده خودرو ناکامیچی,11295564,3884717,8297769,10979517,6884446,17792304,2911194,11625576,6500978,10115746
پد  زغالی  سمند,10887699,239854,4747762,5936108,3596037,205704,3289173,2007653,1503088,5615117
پد برش سایه ارایشی,2986269,12337287,9911195,2382422,6433028,13175971,12075125,5483508,8495570,826701
پد خشک لاک,12503760,4310713,13841267,6100632,14874782,9815559,12933971,11270596,15636106,10156991
پد زیر انداز بیمار گلدپد مدل M_86 مجکوعه ۳۰عددی,1510875,4520505,5193420,8206556,433357,2525763,5228491,2583317,8057538,723178
پد شستشوی چشم پت,7731917,4852451,13343048,3818328,467306,173542,1603825,742799,8530198,5587465
پد قلمو,13969235,2789485,3549810,10268467,11106291,10751064,14068241,12633409,11221056,787425
پد لحیم کاری سانشاین,2505460,6243091,8332806,7435487,8366074,11106492,7338292,1485962,762716,12180114
پد ماوس هومرو طرح سگ,2428872,6989297,8519455,4585575,8312675,6435265,312953,4141072,11274003,2915486
پد موبر ويت,2081882,8589994,309830,2485521,60107,8806208,2009191,17647594,13976650,1730180
پد نرم پولیش,4587844,3974550,11107134,539062,9089076,14980996,5406516,8619571,9889442,10010228
پد پاک کننده آرایش صورت ناژه، سازگار با انواع پوست، با خاصیت ضد حساسیت، بافت پنبه‌ای و نرم، مدل Double,9715350,12258538,8834256,10347632,8717298,9570265,7140776,14497586,3554456,12311019
پد پشته پاشنه,2176301,13677379,852676,112897,14350372,17314096,12455954,10455143,9905265,11221056
پد پولیش,12324455,191291,444227,11173228,4414114,9251713,4477129,9072561,10268467,8186728
پد پولیش رویال,4956709,1505003,743370,8285100,2531210,881664,7956757,4786483,14864302,5193462
پر شتر مرغ,5069126,10795084,323611,4684626,974348,9680078,11424321,4822834,8283197,8367987
پر فروش ترین لوازم جانبی موبیل,4349344,8612133,5064718,5482819,16336108,6731038,858645,9588832,433458,890570
پراهن دیور,8257978,272669,13276121,12260841,8737931,9677180,5253135,12196553,252103,2568772
پراید دیفیوزر,14322897,5333376,6830905,6257808,17336734,2535703,52753,668821,530419,3189403
پراید وان وان وان استیکر,4131783,172516,4288435,12152772,11032647,11210315,5537905,532225,4455409,7656850
پرایمر مرواریدی صورت,3250980,4318526,1126099,704994,5357364,9422726,13121920,12688957,9828833,26486
پرتره میخ ونخ,13283717,12456849,451154,17311931,8943078,7510865,6500978,1508629,11107079,5209137
پرتکرار قلمچی یازدهم تجربی,2744686,2901148,9075982,622748,1080986,9516833,4463663,10651505,12532693,10761877
پردازنده core i5 7600,6229770,13969596,3666815,448733,378044,14132756,6906343,8376289,14271321,4570342
پردازنده اینتل سوکت ۱۲۰۰,4352555,5442074,8955395,6484699,8326311,3875716,2864628,13504983,3403213,10396494
پردنده ی اروس بلندی,13676858,518694,82093,14308846,14209762,4479388,11682472,7048378,9745335,5364951
پرده اتاق کودک,11610493,10201221,7976209,4098932,346512,11075754,197421,7108756,4585575,9293603
پرده توری سبز یشمی,5598466,5604877,860740,9442728,4122281,6833688,1972289,470122,11851125,15610484
پرده زبرا ۱۳۰در۱۵۰,1998383,3666815,12172280,7944449,3453135,9807887,6913718,9755208,4792107,13981188
پرده زبرا ۲×۱۰۵,17969085,741130,10897293,1904571,3192810,868716,8949433,657657,9570970,7134009
پرده زبرا۱۷۵در ۱۶۰,14739156,10201221,2010553,3218826,8820530,4931849,4185887,10677094,5297748,7666578
پرده سوزن دوزی,10602118,16736391,2227589,9780426,9362179,7861160,7191359,9835817,160392,452359
پرده صورتی,161971,192498,13172847,10890604,7495121,475703,430950,1518115,405946,15830110
پرده عقب درب,7955083,11249252,1539197,14077482,4249798,12877469,4315264,9700179,14344908,8339334
پرده مخمل شاتل,9932602,730045,10472005,7172933,4542839,6225235,937828,1119662,410177,12363287
پرده مدل ایتالیا,4826653,7888010,7858136,3943482,2323984,3460347,12337287,7096895,11392513,15069967
پرده مدل حریر پانچ,8000168,6107940,10122262,8729182,5139270,2194673,2534522,15707925,363896,8890436
پرده مگنتب,15055116,4408429,5228491,8365210,14257875,12254721,9445099,12722869,11380006,11682207
پرده پانچ خردلی,3804921,8108879,6805009,11137693,14525482,2552061,104262,5347419,10691718,7575881
پرده پانچ کوتاه,6955660,111707,10610185,8682841,8491338,426944,11602537,8607412,15806224,7380557
پرده پانچی طرح سکوفه,5258933,11245945,9665263,4158441,11249252,13225463,10648133,3840587,14257955,10563340
پرده ۲۵۰در ۲۸۰,9306368,3379229,3773186,3592999,3068985,13709607,7536027,4049858,1125449,2504677
پردهشیشه عقب,8515333,4172151,3245302,7375515,162492,1439864,12126072,1837320,4176124,1556521
پرده۲×۳,12694048,8476668,3627522,11274760,645600,13402069,2258784,12634048,96423,1524065
پرز دلند,7013482,14416125,721672,10463243,99328,7393227,17815509,4359657,14943019,1563637
پرس گرد چوبی,14074201,2986271,308517,6962428,11974174,11942039,12602365,5285459,13128770,2103408
پرسینگ طرح محوری,798880,8991413,15030538,1510875,5698028,6787215,6654067,1621699,2429494,1826076
پرشر هوای پکیج ایران رادیاتور,1761476,304734,5059385,4474955,839813,13471783,71623,13835855,3638241,3080538
پرلند وی آی پی پرفیوم,5708150,10177280,8836315,4010218,4440247,11380006,939238,9005933,9832146,9128967
پره غذا ساز,10591265,9781991,7096097,7556398,13997922,12534060,10566257,12899343,11699458,12444156
پره پنکه همراه,10751064,4986463,586696,10413327,9628882,179951,123067,69845,8869738,14860312
پروتئینی گوشت چرخ کرده مرغ,8985053,13804774,10542440,741055,14754405,9842497,6860798,576821,16753709,3998323
پروتز لب,384571,3997038,5443698,7096097,9622549,10897293,7812216,10044979,365831,12177638
پروتیین mns,3670271,3683822,6274414,8398404,8143640,11137407,9720229,472358,12062791,1126099
پروژکتر زنون,5337409,13364788,908,10884328,7587493,9699869,3943482,1514106,10451858,272669
پروژکتور ۱,7290673,2888891,3361033,8673314,10827963,2860902,9237582,314213,10183601,10217337
پرچ كن ژاپن,915063,12081725,12935923,10484612,8044249,7816631,7506143,4244349,2893970,7152359
پرچسب دوچرخه تمبر,2603710,17111036,10887699,2014710,4408025,8669736,6919034,6374504,1004171,305236
پرچم رو میزی کشور,2255843,456337,13343245,1162793,4054354,616284,13281581,11104578,5382851,5132596
پرژکتور ۲۰۶ ال ادی,14891626,8293985,2127877,5436725,7546522,5035948,6805009,10248995,12649782,9688202
پرگار نقشه کشی,11281765,477164,13514411,5110719,304734,1587710,4062985,670162,2140891,1539493
پرگار ون باو,7364909,7289974,104631,686339,8315311,9756715,313420,3696981,204608,3379854
پریز تلفن جهان,48961,2262280,736488,540219,14515067,7745780,1554506,5703369,5404798,13804646
پریز توکار تابلویی پارت,1757699,7565716,11721686,5209372,14413968,3135503,1452542,148327,3218980,6744529
پریز دوتا,10218962,13587558,7591916,9422726,11637871,80237,10044979,5652871,12974035,11906988
پریز سه شاخه ارت دار,6520197,3157420,4278971,1923816,15027444,10639005,6356674,909042,7038535,770259
پریم سرم مو,1569146,795502,557987,14089147,16835001,11421030,17420991,829327,3993549,2476616
پریمیوم والناتس,3048569,7506039,596699,7632776,13276121,10194563,6890835,4782055,728621,13876480
پرینتر تونر کارتریج,10253376,1768509,889648,8392552,9937885,26666,640031,2375395,2177862,2949117
پرینتر چاپی Hd,5657926,5060776,9491143,402097,160744,49349,2092880,6227495,13637578,8000168
پرینترلپتاب لنووا,109835,732295,9743231,6062855,3821449,7955821,12283291,1464377,4170530,2182660
پزرگیر رولی,12219863,7117020,4818336,12506080,2744686,13454932,8107171,11643040,12673270,14007389
پست مصنوصی برای ابرو,8368548,5156672,8169649,3954961,509122,10047735,138844,4233240,9294989,154397
پستر نعمار,10288193,2285284,1622380,11443530,6827885,10653856,3784568,9797238,3415050,1524065
پسترکرومی,5749873,10970047,230499,5330152,2951264,9289318,4216970,7357985,5054450,7890775
پستن موتر,8873557,7698593,5488302,7087016,9063247,1572826,7638525,12087708,8694251,4996641
پستونک چیکی,8136916,2873857,8245350,5054450,5884397,13518262,9037666,5855224,4260861,4268583
پشت دستگیره در,8895120,6116245,14226632,14391334,33674,10526032,12286879,629090,9180751,1615286
پشت سری صندلی عقب پارس قدیم,13431040,5318554,2161876,12540137,14093711,1156863,6560493,9695099,152741,4810357
پشت گردنی صندلی پراید,14566948,14478692,26246,13364788,14010607,10329529,3229372,733765,1688380,4289403
پشتی سر نوزاد,409199,11007251,635310,13354498,16644032,4542839,6787215,2842595,4190115,6455521
پشمالو j5 2015,7220483,212446,4587844,2792992,205739,3286166,6953542,844531,5371740,3211073
پشه برقی کیل,12830552,2357214,7291130,12295499,6869543,14891524,8739501,279467,3412806,6209833
پشه بند ۸ نفر,7687466,3332801,6595635,1485962,7444423,11245945,9390955,10518512,2085571,10603317
پفک توپی,97756,13808069,14310946,7775792,15347992,3781711,7553898,877357,6622267,6135608
پلا قلب,14162875,162509,2220861,9599582,13786741,13211709,13299223,1563662,54695,5963977
پلاک استیل,6787707,3028345,13986631,2848026,475845,485090,5904494,37261,5620722,9244048
پلاک زنجیر  رنگ ثابت,6712337,6566014,14909514,8789224,852676,811751,957790,1944269,9161608,9339374
پلاک طلا حرف k,7179227,1577264,11035508,2428872,7701298,5612312,12414641,5306585,8714711,3364429
پلاک کنگفو,475424,7703175,568650,8255486,14093711,6851000,9921696,16432146,718577,1091098
پلایمر ایزوگام,1139189,5762815,9071525,859481,10914314,6460419,7432879,9943343,17969085,70798
پلنر دختری که ماه را نوشیدد,9539928,9289318,14271352,13083554,2746114,9039614,1015441,6239105,7888690,11893422
پلو خوری بلور نوری تازه,7270861,5592965,9264756,3414388,4911193,9999118,1745551,2351415,6139064,16998315
پلو پز چی پاس دی.جیتال,12350676,4276790,5683107,3414388,12220101,1070089,10828044,10322404,5071561,6204956
پلوپز اریستون,1479187,5972745,11676603,1849719,221364,1590579,8891000,8515333,3027828,276728
پلوپز کیک,646879,7145828,7793395,8400781,14068241,526298,916324,12305674,9717141,3571154
پلِین کلوز هنگر,4964326,770259,10944728,12535268,12152329,92087,7967451,5528497,15340740,1955382
پلی استیشن 2 سونی,1151425,796015,841622,10094197,6417834,691459,381500,2561992,3170102,13354498
پلی استیشن ps4 pro,13341550,74325,2385260,7224236,9722881,2100510,155877,915865,6274414,2850289
پلی استیشن دکوراتیو اکسسوریز,11019622,7219645,1585520,917261,3563723,1610239,12956290,9588832,1724979,9879686
پلی استیشن ۳۴,8688393,5281087,6872675,4826432,6548170,9704028,6429971,12739978,6647088,11427562
پلی سرمیلنگ,10677094,2256187,4486514,3008567,2696573,10661290,3068071,4547675,7364909,7488509
پلی ژل ۱۵ میل,14766903,10946286,4184340,9648403,8532954,11106490,6966279,10546457,10432482,9540902
پلیسان 2,8431072,2197659,474279,9125167,6139064,5806302,2967739,9889442,9781991,8612151
پلیمرجوش,11097713,7033494,14092946,5297304,1819575,26750,1610239,4117177,8023443,109633
پلیور طرح یلدا,725032,3080538,5889381,1515290,6456374,794980,13525678,12956290,1121434,723825
پلیور مردانه مدل 08,13527053,9020294,12282998,8257978,865368,10886706,7796412,419298,6805009,968831
پماد تأخیری,10999066,6424957,5395458,10183601,15115718,571948,1668788,5058143,526527,4356887
پماد تراست سوییس,13430705,5764692,9896560,3551157,10126465,3446756,9928540,9984274,505309,7802294
پماد زخم بستر نیو درم,14502462,4866896,10133630,13611567,3575224,258247,8450908,13809364,8472321,1547931
پماد ضد جوش ادلن پالن,9796828,615164,164619,8084947,13323415,2547206,5404975,3062680,7546533,15761801
پماد مو,2023379,2421535,12553170,12914437,7518451,12104111,5423191,10836360,2854783,267545
پمب چسب,10832056,11960134,1029949,10479698,6180333,7436272,525953,2715002,4968240,10288925
پمپ  باد پیسوله,11334503,325520,3333664,138306,4631112,2421535,1085299,5607537,2289856,9665329
پمپ 12v,1733659,13389605,3643724,8632233,210803,6170447,1508629,3534947,1732746,2561858
پمپ آب دلتا یک اسب,2976227,9918604,12694048,1734275,540860,5181784,3202092,5189014,242880,5503358
پمپ آب کشاورزینفتی,7490531,11145215,9935382,13471783,7171641,9861910,3859841,717052,10556052,13879779
پمپ اب نیم اینچ mah plus,5344498,8392552,10498856,494066,9530686,12609686,8498898,4374531,10832056,8578639
پمپ باد 80 رونیکس,1048014,983602,12014271,1079576,4322738,10984536,2102520,1556521,1621699,11266518
پمپ باد برقی دم پغازه,13413731,8376289,336184,11210315,7166735,12243728,5274879,8931122,7506039,9708098
پمپ بنزین پراید هد فلزی,10651505,808546,1989272,1533016,13852850,9868369,9895237,11989700,2031949,8237708
پمپ رالن,3572983,10120510,5551688,4626315,11090329,14257955,55691,4598909,2233703,92087
پمپ مایع با سینی,10823817,2909460,832740,13012373,10902708,12081725,12458381,6853124,4924898,9244048
پمپ مایع دستشویی مدلmztp754,10396351,10189915,11795283,809776,6839209,6170447,8023119,3537831,696912,3308038
پمپ مایع ظرفشویی  چسبی,1021213,5338291,7577455,5700211,3087539,3551682,15743868,6781339,12014271,3598086
پمپ نخ زن برقی,8318670,11948548,769897,4145803,4371738,9878812,5892803,12760907,268240,559882
پمپ هوا شارژی,5360007,9905265,9120939,13877857,1570634,16414350,4291477,10148280,9277692,5841076
پمپ هیدرولیک فرمان تیبا,12170248,1117102,4967179,11342834,12645229,1511968,6129574,6761083,7180922,7834490
پن خنک کننده,11974409,723825,8949246,7392683,3287572,1584733,14608584,11778310,5347861,9882049
پن ضد جوش پرودراما,602111,288078,12656284,12235824,15072221,228408,8107655,1733659,8161925,4791585
پنبه بهداشتی کوچک,852735,3624415,859111,5442074,8032608,12282998,12122174,8452901,12914704,5984226
پنج شب با  فردی,199083,10190962,11729962,415439,1464377,9474398,11217296,13566198,10848612,14205631
پنج هزاری صورتی,10633491,2507944,60107,10194563,1932080,8033239,3572733,6526990,4415290,7340462
پنجره واقعی,14132342,5413819,11940994,8929380,6860798,2681676,4952995,9878812,13454932,2465131
پنجه ی رکاب دوچرخه,6787707,11715642,1529575,15593973,8871466,2046840,8943078,7824158,80150,8692023
پنل آب سردکن,4971284,8884664,5059385,9329090,1806576,38820,5115533,5799080,7993648,1030285
پنل ال ای دی 60 در60,9776588,9648721,12090299,12420468,9164788,3783648,5294838,448733,945581,11532754
پنل برگی اراس,3927967,4254832,12684920,12283380,282644,9593462,5178689,3191825,3054003,11594759
پنل جواهردوزی لباس,10379710,8182052,4201913,7493128,138837,8702467,6371134,12152329,9855378,8435870
پنل درب باز کن برقی,8326311,785535,1003390,8318670,7720365,6772657,12180030,1811853,3452241,6737394
پنل دیواری پولیمری,329253,10434325,1329243,9250533,172614,6392775,3645126,836894,8302742,5904494
پنل سقفی روکار چراغ خواب,5862804,1003488,4172151,7162291,4931636,6821872,11007251,4260936,9423172,1806576
پنل ضبط رانا پلاس,4049523,6996746,9819715,14522041,15147960,6265787,10103649,12467982,14018731,12926611
پنل ضیپبط پراید,4963821,5436725,4836859,2700176,5119105,10707054,7954927,7340462,7338944,16998315
پنل عایق صوتی ایزوهم مدل,2698211,2969602,17060887,12576663,7060891,917875,10612566,9780923,10974039,4986463
پنل مدار لامپ,103641,9872271,13586694,1490799,6791039,2831303,3038268,5683107,4532245,8800744
پنل وسط نیبا,4006831,14972695,3950734,8132436,6002837,15319527,7379247,330843,6433028,3107660
پنل پخش 9450,909536,17664542,4011001,12005190,14032551,11593938,11135079,3929078,12784245,14819880
پنل پراید  صبا,2743922,7094941,12402803,1049100,16072099,5091908,8532954,9294989,13727848,10414149
پنل کامل پراید,9180929,6458182,3500477,2572985,8595427,380267,6752724,5545158,6807225,13303554
پنل‌لامپ ال ای دی سقفی,4264439,2259182,8497576,6187952,3050864,2829818,14326964,848151,12213603,7533365
پنکه برقی ارایشی,134955,2241846,11419580,10959853,2552449,528137,6779488,11042355,6374300,10472470
پنکه شیما پارس,3390986,8612151,8461297,9667367,6553359,9527609,7094941,5396467,8509775,761004
پنکه مژه کاری,10578732,10974840,5115533,589134,10173363,7022529,1450945,9722881,7451617,268240
پنکه هامبورگ,5483508,12398907,3716961,8498898,6392775,3515888,7730595,983371,959286,9364524
پنکه و هیتر سانا,1487225,3321686,70474,9045018,5127099,8279929,3792937,5984777,10131996,855992
پنکیک مای شماره12,11357204,10217111,13986631,6566014,12492669,12056902,1015441,6991694,8032608,14086563
پنکیک گریم,8541903,12666445,14898338,8955395,9378158,12235594,6532707,13461620,6823327,7248029
پنی وایز اکشن فیگور,2768571,6167628,5930903,915219,12068731,1585425,4071139,831772,13939723,3327411
پنیر 60 گرمی,11398248,7643866,451154,11058313,26486,6712337,9372677,50796,4450185,10406553
پنیر خامه ای یه نفره,3644156,9573460,806227,10795084,5065763,13985468,7151427,180937,7539519,7835147
پهباد دوربین بر,5762262,12575332,15436428,835777,13525678,9928892,4262763,3730552,4338814,2842595
پهواد فیلم,11372593,13282374,8526695,3182932,14023845,8667588,4931849,9167161,15372734,11400727
پودر اکلیل ۱۰ گرمی,13237992,10827963,3204480,5855224,16376250,3563723,2285284,384900,12421466,1645296
پودر تونر  la;d,13172847,2013405,4124800,4395535,8531074,15502469,6580689,652824,58060,12152329
پودر جوانه گندم واسه چاقی صورت,6144723,8589994,11090385,7440533,11707618,9986629,11419082,6062855,6762673,8827722
پودر دلکره مورفیس,8333179,7637524,2933367,6779969,6163723,7091950,12871160,12309780,17792304,7108523
پودر رزین شب رنگ,11593139,12083895,7229796,11029586,8084947,5325285,15113204,6808740,3236541,3805248
پودر رنگی برای اسلایم,10247677,7220792,10912200,11706479,11408972,11699162,4478021,12884433,4571366,5223293
پودر سفید کننده دندان vi one,2842627,4231446,9126478,12062791,855992,7537782,3716034,3783648,11627926,15339692
پودر شوینده لباس دستی,3534947,17035873,6460839,2585084,8838317,1075108,13261389,10811977,7396949,2680052
پودر ماسه ای,3696981,9164788,9899588,6998499,5073943,2339955,3308291,1569587,3264348,13323415
پودر پمپ c4 دوبیس,6004716,8242042,532966,13167560,12830552,12450379,1826170,1914498,7539519,15772253
پودر کروم ناخن رنگ صورتی,2586938,400168,2877154,9961030,12325992,11380006,9180751,17633615,6870884,3139324
پودر گچ روکار سنگ مصنوعی,12029059,893475,8605280,1572826,671036,1412732,6100632,5028427,10211121,3447048
پودردکلره بلوندور,3768855,6265476,6167628,4616,794980,14525482,5110719,2465131,7205752,9244901
پودرفیکس کنندپرایمر,2006069,742799,8149411,668821,14139392,6787332,12775091,14862152,616505,9824297
پودرهلو,7663882,4226290,7393072,6103339,8996747,285041,3008807,1333664,4515379,4905454
پورت  شارژ خودرو  رانا,288078,12294078,8348402,7291130,8215708,10701828,10620531,6955660,7535192,8523926
پورتبل تویلت تنت,4241922,4882532,164619,2067376,14883397,363896,614009,10590984,14390411,3528392
پورد. گوجی بری,4908919,2849057,1811853,6158866,3179358,2586938,13324355,7192556,38820,10220257
پوست بره پولی,3025131,4529789,9747702,7948519,228408,5976140,1901258,17512480,11792453,1021268
پوست رو‌داشبورد,10481951,14287592,7087016,12487138,9720229,1496876,1763712,9442728,5750628,7349530
پوستر  فانتزی  انگیزشی,6566014,126882,10097967,10578732,10311550,5739874,11242972,3528392,92087,12700122
پوستر sopranos,389247,9094968,7475432,912146,559882,12595243,268240,2050108,5548244,8519789
پوستر آینه ای ستاره,6556651,7843326,5817739,6812434,5814248,1955382,167334,5599114,3757788,3592999
پوستر ام ام ای,2081187,11729642,1629443,11752085,14009423,1039612,11588770,11853882,7523186,11434306
پوستر بازی ساک بوی,5843481,2877154,8681180,14168666,11199716,2110181,3277497,3066530,16455986,12055540
پوستر بیمه عمر,4573008,5346945,17589456,10438847,6860798,10720087,13154854,4704253,6591032,8326311
پوستر خانه ویلایی,2250588,12149756,7553658,8141377,4566955,6473213,10335726,11281765,8172433,4544783
پوستر دارک بسته ای,6431666,7644288,8835397,10177280,12364793,7465665,5608353,11475653,7505548,13961466
پوستر دیواری ابوالفضل,3536605,13471564,48078,681938,3306409,3033133,2552157,9980852,7180922,1117966
پوستر دیواری طرح پتینه,3368623,11336522,8685101,14287592,14185470,14032551,10085386,2944457,7266005,3628688
پوستر ساده نقره ای,761004,3891080,761749,6768238,618241,13144366,11481780,11512116,5857844,3571154
پوستر شاستیچ,3417603,6869543,9877650,1122015,788542,2012052,8656536,207314,14112182,5064718
پوستر شیشه ماشین,5487496,380267,6888717,294012,980807,11381904,3446756,9403178,6225235,5608353
پوستر فوتبال سیتی,8616655,2707188,13354498,13844762,3183048,10335726,15707925,7798139,126688,10979517
پوستر مدل  جوجوتسو کایسن.,2860406,12789773,608796,3383776,8598558,8714711,7136299,6744212,463273,4419347
پوستر هالووین,1094947,12949181,3986306,14554576,3572733,2986269,4138822,3426338,5004533,14009141
پوستر پارچه ایی نقشه زم,2511416,14370644,7235544,2432245,13807569,4063077,4833378,5597635,11256459,10275604
پوستر کلاس اول,7932823,594909,6587059,15743868,11465019,8688900,63831,2159526,14540468,5717374
پوستر گروه توایس,790252,910280,7722162,12446652,5385477,3257807,436821,9851111,13094132,493281
پوستر گیسوکمند,11476129,7235544,7393072,4408429,683854,10668656,7338944,3551682,10753494,11551035
پوستر ۲۰۲۴,10035800,975028,10544590,3182932,11216802,8718260,11967777,10015130,16072099,7291575
پوسترتریلر,10055914,6116990,267559,5666089,14578891,6278780,608188,10122262,12016209,11185198
پوسته گیربکس هوندا۱۲۵,5904494,7432879,10210459,9180751,14421004,139696,9077569,964898,11947253,6498494
پوش گوشی A7,14151937,13627720,8928495,14018731,210803,350400,15536181,737108,14105831,3062509
پوشال,1641465,12720711,7778595,651257,10620531,1015441,3815621,1593759,14531056,6135391
پوشال قفس پرنده,3980308,101056,5085833,1037109,9976443,3796868,3730774,1932080,12686706,1496876
پوشال کولر ابی ۴۵۰۰,5070528,6836434,4349344,11699162,579617,6928475,10998475,9319210,10462363,10392279
پوشاک کوکومی شماره ۲,10974039,295751,4792107,2585994,8069225,4658327,13942891,4737240,666882,6880140
پوشه صرح فضانورد,10161806,9388540,4616,1632582,4679632,8687712,9764007,14469461,348422,2159526
پوشه کهکشانی دکمه دار,695191,5204175,4113547,10253376,2916538,1666656,1907918,811532,1863815,7258579
پوشک اقتصادی سایز سه,5102788,346512,9357417,3911995,14354432,10523389,11750358,1949513,2392148,1030285
پوشک بچه کوکومی سایز ۵,5873413,5817739,935619,11482375,5025540,12093910,14262609,3183048,7602522,8312082
پوشک کانفی ۶,2102520,6116245,8330682,12836062,12453877,10603317,6706574,2770901,8384280,6374300
پوشینه بزرگسال کانفی,9969986,6316207,5664022,996546,11042355,1628531,11670350,9389159,7561829,14093711
پول دکوری بیت کوین,3755533,7507127,1572826,777769,13699053,11104578,10386289,1776517,4458966,1863310
پولی و بلبرینگ,5102788,4834974,8315250,7118751,4241462,2559335,7244370,15339692,5189014,9527106
پولیش سر فرز انگشتی,4656769,5426875,164820,5092438,8659443,1489847,14645,6404806,777689,13318293
پونه کاپیا,8135591,2505836,309830,10484612,7512551,8808913,10550567,8702467,10462363,411716
پوک 15 پرو,9439568,8764944,859111,2809693,13716432,2388884,4105452,14555784,6997735,441365
پوکه برنج,4290740,9503596,6310212,7441638,11607769,5255608,4011001,73006,4000803,2196258
پوکو ط4 پرو 5جی,794921,8509775,8307641,7240959,5922059,13778709,3605044,8285100,6963614,11581465
پویانقش,3154318,11221056,1439867,4098932,10100238,12926611,9861439,12093910,5190712,7372199
پيراهن زنانه نكست,11196611,7140776,515038,2534522,7553898,1447978,2963787,1907918,5152888,8232361
پُز بنک,3266048,12447072,8472321,1577264,10302972,1452542,420288,9889442,16721016,7455828
پچ دثر چشم,773877,180395,2069117,7798283,10693590,3500901,11648662,7414717,1763712,1524858
پژراهن دخترانه,10591134,4583999,1037109,1127801,183101,2969602,7053936,11313296,2285284,633484
پژو اَلن نات,12894238,9722881,1837320,951998,9418623,2068072,6004161,104511,5116408,2588057
پژو تو او سیکس کار سیت,9239327,5585111,11071024,6586909,13238409,2152938,1138304,13836558,6850079,6438146
پژو توسیکس دیزاین اش‌تری,10652816,1980226,4307586,16035296,8106665,5779434,3288310,4925584,4575062,5792790
پژو پارس آینه شیشه,1526337,13200706,8469468,6135735,13716432,4297629,12299347,11491863,9722881,4887787
پک  مینی فرز,9647975,4113547,9089254,9234629,1150578,13299223,3252733,4589312,5261472,6012977
پک بیوکو,8387203,8449261,8855064,6154135,13399395,12647563,8880977,14263738,8237708,11188019
پک حنا طراحی,10741729,14606650,4328920,9279178,1161679,9208271,14947512,3183048,9065012,6755271
پک ده عددی پاکت کرافت طلق دار سایز  12 در 20,1572826,513849,542546,4956897,7093648,4117177,7454085,5123200,9545062,309315
پک رژ لب نود شش عددی,1021268,13879779,11648685,6859966,425857,305573,15536181,6436144,7118302,7066144
پک زیر چش,2199154,859111,13939525,3645126,10282482,733582,152123,13341550,7720365,14234612
پک ساعت هوشمند به همراه,4583031,14205631,12643128,491322,12308731,7703175,6294267,3536523,359882,14490208
پک سرم طلا,14042335,11315279,4273719,14199453,7179227,5702624,14055890,8530198,13726497,962101
پک سه نفره,9020294,11217296,13325298,2089470,2279846,12283380,4570342,11254905,14721045,9238765
پک شش بازی تخته نرد منچ,6245130,745924,7393072,11135079,4225570,9380054,13828983,13436618,2781637,5790627
پک شعبده بازی آب مجیک,723003,9251713,526527,11116517,3627290,8636262,12695788,495439,8951540,8789902
پک لاک ناخن عروسکی,3781711,12686706,5907296,5866703,401,2283053,14109840,7657613,124806,8816886
پک لوازم ارایشی شیگلم,2540239,8873626,3221442,8519455,10703295,8179314,8518680,6136674,791053,7282833
پک لگویی اسلحه,452359,7136299,8778416,3871768,6991694,10634256,3162606,9568957,1120095,2196258
پک مسافرتی لوارم بهداشتی,9265137,157448,829181,518389,10280312,9060954,6633877,9648168,10639005,14116165
پک پذیرایی مهمانی,16320519,4408429,12944358,2411284,8365337,142262,8009061,1914498,7640481,8693975
پک پوم پوم,567638,3867621,1407137,7891241,5384390,6240057,1637989,11330221,3593269,5241933
پک ژل ناخن بیوتی,3505056,757391,10823610,11393731,9703599,3390986,6787332,539062,4389124,13727015
پک کامل ابزار,1154351,4446783,12838592,1903582,12062791,10290303,10674345,7144875,11708864,11643491
پک کامل بله برون,1634821,11568979,6325240,7506039,463273,7374449,6909316,4990008,1722604,437766
پک کامل تسمه تایم ۲۰۶ تیوفایو‌ شرکتی,7495284,2753599,7709371,5796311,11129004,3038268,305236,10189915,10566095,4601661
پک کامل تولد مک کویین,10526032,7539519,6035037,14398220,5025436,13154854,12282641,138837,13710651,6348578
پکیج آو رایتینگ پنسیلز,8522727,3350124,6205093,6853124,12527301,6220344,12090699,6787707,7944449,983371
پکیج اموزش مداحی,11254905,9372677,7958880,13533432,9953673,12381319,13324355,3048569,7340343,85086
پکیج شوفاژ لورچ,7754712,2421535,13379612,7533365,6810419,9279178,2448796,829327,306005,10120510
پکیج پیرایش مردانه,15347992,8884238,5404798,15252247,286688,7220483,5245403,11944757,6976717,10615202
پکیج کامل رمینگتون,6593274,303880,10521206,14217959,2801580,8824586,15912361,1617401,11007995,3055850
پکیج‌لاستیک,3798930,11254524,4048051,2961825,4415866,886651,937828,12457646,1746928,4011001
پکینج,11519492,333942,721359,10649152,1156848,8824586,149716,12648952,4288435,12807344
پگ اسلایم درست کردن,11214778,10930347,1432835,9171060,1020704,1145291,10823021,657178,2177156,12380068
پگ کیوت کرومی,7368232,17336734,4931636,14333673,4348656,3632996,10901262,3528392,7944431,8871466
پگ ۶ تایی ماسک ورقه ای,8507186,6278780,13906032,2714348,2152076,7442287,11368177,17637807,7565868,10633491
پگبورد‌,6069316,1416631,10085302,3376676,563823,7009820,3415050,5558420,11455959,8132436
پی اس فایو ۱۰ دسته,11029586,15585289,14977026,7009820,6616043,10457347,13364788,5127498,4288693,13431892
پی اس فور قیمت دست دوم,816383,14782947,343482,11792316,14214103,4920984,12362441,707962,7385077,4882650
پی اس فور ۹,1882194,419298,9039614,4373764,2850289,8351078,12638151,4223955,1768483,3159240
پی اس ۴ بازی,6350909,274302,1467744,717913,2074248,7022444,4117274,13586694,797290,8483580
پی ست ازمایشگاهی,8864800,1364878,12433865,4906095,4249798,9979073,908356,13786741,2391271,4917214
پی سی کامپیوتری,6002837,55072,12235824,5266126,10526032,3454479,8881982,1927795,7564833,989332
پیتزا پز مه پویا,7289290,7518451,5659020,1790557,1903582,2385260,14410946,10261729,6761083,9781991
پیتگو,14312296,12560714,9681293,4396103,4680056,5190171,10045773,9593956,2610238,8339334
پیجِن مالتی ویتامین دراپس,13626990,183120,770458,13964709,12018001,9709270,3329993,5904494,3245722,11602537
پیراهن 4 خونه,4823914,12436834,276728,2849057,14512098,3716034,5282709,4545023,2387043,317579
پیراهن استین بلند مردانه مدل جین دو جیب,8494398,11277102,9632153,3954961,49393,11717455,8134825,14271352,4433578,7220776
پیراهن اسپورت یاسی مردانه,10055139,1161678,12295866,5442074,2381229,1550981,9136299,5362159,770896,6808740
پیراهن تیم ملی  دربتزبان,7154304,8844118,2031949,7955083,2394240,286688,8527893,4517402,7375409,4738694
پیراهن حریر مجلسی زنانه,12634048,5403851,340424,3400318,6882567,977524,4119072,5085615,12096701,2397717
پیراهن زنانه ناتوسا,3622380,5465929,6087736,1543627,7951437,14365697,3245302,9108448,505309,12258492
پیراهن طبیعت گزدی,7565716,12639452,14057588,5178689,1140070,3320896,420288,10674241,9208271,5362159
پیراهن مجلسی دخترانه,2262254,3796868,7754712,14466033,6823208,15380581,2262835,777689,3804921,3904662
پیراهن مردانه کویری,10739828,4528161,702401,15400948,9719394,4675504,526298,4286480,210803,5547262
پیراهن مشکی  مردانه بلند,10635382,458555,889145,1505003,14205631,3578808,191846,11165930,2833159,3915183
پیراهن ورزشی ابی استقلال,95563,1149791,8891940,2949988,12836062,451149,12344937,11479607,9947724,3222791
پیراهن پلنگی,9740033,4793273,10006431,5170007,2752622,3882579,4640838,14346547,8136665,1117959
پیرسینگ گوش ژوپينگ,12214658,4991935,1476125,7360152,9293603,12506080,10388992,3500158,14212796,14502462
پیرکس ۲/۶۵۰ لیتر,381254,8234291,9234629,1585520,12914437,10055914,6593274,104511,295751,5129645
پیرینتر تتو,14095647,17137557,3457566,5337409,2392148,745924,12854812,486417,7205841,849644
پیستوله ایتالیا یی,5941999,5236984,2781637,2675756,2752622,16971721,7722162,1467744,9252574,12506890
پیسوار دو قلو,6991372,12015718,5004118,5497765,6406638,108573,16023674,12044854,12710813,106674
پیش دستی آکروپال,10217337,11043427,8423792,7612355,1537340,6959175,4516244,12446652,2561758,1538119
پیش دستی طرح قدیمی,9979410,9627102,781227,8950594,10741729,5069126,1970039,2744459,5618757,13706781
پیم جی شاک,5283135,1021213,3390986,7715882,10164226,8765520,4704767,13467787,7379000,9011955
پینک مکانیکال پنسیل,8011488,7147625,1563662,6761083,8616655,1931645,10451019,562382,10822302,5126221
پیچ mdfبکس,5568535,95563,4598909,8093927,8255486,6760868,5720281,13929076,1914498,6159749
پیچ تنظیم چراغ جلو پراید ۱۳۱,11494321,7386687,2753599,411716,4071139,5796314,7523186,15233659,6888717,6349467
پیچ رو پیچ,12542807,11699162,797290,10947891,13132596,9164788,7991742,8765904,2898843,5846463
پیچ رول پلاک سایز هشت,8136665,1634779,252103,1498932,797290,7514224,14553599,2609936,9662086,205739
پیچ سر مته شماره ۷,10641993,14086563,6229102,10587154,13321487,13341550,1479187,5948450,4656769,9529336
پیچ قاب فرمان پارس,1659259,2523554,99127,1999745,8021519,8609452,4390181,868521,10454509,14852587
پیچ قالپاق داخل رینگ ال نود,15118188,3243004,7338066,8127544,5080871,195015,15966458,13144366,2394989,539062
پیچ چرخ سمند,13035118,1464377,7467783,5664022,9578637,3318548,340424,129694,11188019,3545064
پیکسل خندالو امام زمان,13977357,10972745,5253135,4520505,6830791,5662822,9568957,7203816,5266126,6456374
پیکسل عروس علندی,4119534,565994,2809693,9567166,6928475,7612355,5568535,12698831,12680909,8465932
پیکسل مدل هیونجین و آی ان,3772284,13431892,1082147,4266141,6408344,1768509,585659,10122383,8236672,8497576
پی‌اس فایو اسلیم آر استیکر,2094624,3551212,9846474,7948519,1117959,5656107,7963204,1085299,72088,1770347
چادذ مسافرتی کوچیک,8895848,12444156,4260861,9027322,7393227,8737931,11255090,10538809,6394152,10749548
چادر  کمپ بزرگ,12062791,9436586,9020454,6139145,4415866,221090,4486220,7926817,166234,5337932
چادر fit,1732746,4214565,12213603,5251269,8461494,2763623,12625697,5057153,12518888,14469461
چادر آکا,8395893,14176170,9365889,13188635,8329320,4971284,17548788,7847861,3750835,3860866
چادر انیمه  ای مسافرتی,5843481,8943078,5024683,15307573,10903361,4373764,623214,7670489,7147625,1435319
چادر ماشین اپتیما,99127,3548085,9827862,7344545,11510814,4360062,9700179,503450,2932463,3582917
چادر مخصوص دستشویی مسافرتی,161506,7505617,7338066,8516352,14621679,430494,6229770,525953,8523926,12549554
چادر مسافرتی ۱۸ نفره,272857,12878488,3629964,14034612,4170530,7055116,2310389,4833378,7623616,5927210
چادر کمپی اسنوهاوک,3305777,12487138,10262137,3393158,10333025,8386109,482666,10022247,17637807,8577856
چادرشب شمالی,1093618,5357364,2432245,11042355,6406905,833471,7205841,6909316,6229770,12844284
چادرپژو,6889826,7065338,10808695,1125171,3101194,3618324,7135168,683854,16669316,1785325
چادر‌ماشین‌پرشیا,614287,7593002,13154854,8759938,9772859,108299,6517193,12030029,11423012,3326464
چادوراتشنشانی,9255949,11769387,12804885,5011442,1946671,4121114,6327689,3513813,6152802,12363287
چاقاشقی سرامیکی,428256,1127801,13933524,9294989,6469883,6413628,2850289,774908,9480418,11618796
چاقو آشپزخانه صربستانی,1145291,368743,5260079,4765687,14014663,522903,5281087,3813429,709944,106674
چاقو تیز ن برقی,9708098,6958247,9004108,3718358,10261729,3540612,9174362,2186330,4419091,10836360
چاقو زا مندار,9979073,12774902,9761959,14862152,9278594,5549883,14788207,13323415,9983214,702401
چاقو سفری زنانه,7582077,16432146,912948,5930903,11069323,2191842,202703,9964641,13298516,10708778
چاقو سفری مدل نقلی a12,8860574,6577358,5294838,10703295,8367987,4956709,2383451,7926499,9436586,12819153
چاقو فلز مدل کوچک,4117274,8481682,669307,505309,12518888,1584875,12891981,3297315,7264632,2572985
چاقو مدل x44,15216852,3382080,1022396,13323415,3628688,4496965,60107,12059223,11349568,7205752
چاقو پیتزا خرد کن,6829003,1439867,1144352,81323,10355916,1047021,8283197,6935322,9872271,200770
چاقو چوبکاری,6289222,6335627,15113204,3470463,467306,12894905,4418268,12077629,13134598,12064951
چاقور جنس فولاد آلمانی,1101531,2670,10844318,466066,10513443,3318548,12185047,5085833,8778416,3981709
چاقوقمی,802407,6013983,286688,9828833,8329320,707962,831820,12504445,8387744,14220422
چاقو‌‌شایز‌بزرگ,6830539,9291384,14299009,13211709,9700707,15949927,12229635,48690,10579283,11296848
چاقچ,9360788,11708249,1662534,12576663,17085140,6976717,196351,606578,4433578,4494850
چالش مجازی,4786483,12986138,8338133,329106,6184497,619737,5110719,2716151,7612293,2523554
چاه بست ارج پلاستیک,828633,1428539,2859399,9167161,616284,6007873,14009423,5568351,5934742,15014636
چای اولانگ اصل,11676603,2978266,12450379,1003390,10912381,7775792,6293076,1745551,4344817,12508996
چای بن,6206211,13988661,4421343,7761127,7055116,9237582,222488,1057886,9445143,10459614
چای تی بگ گلستان50عددی,14398280,10694984,7653577,6791039,11104578,7306054,464143,3118113,2469861,1740320
چای رابینز,11199716,2118749,2067611,195015,2933479,723895,13947776,13519626,1538119,5073943
چای سی تی سی کله مورچه ای دو قوچ,12992663,5696222,11593938,4289432,31848,12673045,6452107,2703757,3160022,1593759
چای ویکتوریا عطری,9264756,2351153,4492609,7866153,912146,3181280,12560872,3016831,9508030,12219863
چای کیسه ای صد عددی,4661132,12670804,9536146,6888717,1004021,10159708,68830,13929076,4836859,12233216
چایدان,207314,1513183,6482755,4167846,16644032,162509,7115304,897119,349244,7930094
چایی سبز سحرخیز,3488445,1546996,11217197,8110066,5602345,6924312,15114946,932152,781018,9755208
چتر آفتابی uv,14757100,12362441,267559,8826576,869964,3325837,6940852,2682398,4614297,5002501
چتر جیبی,9886572,1714761,4006952,3778331,7600457,6650714,6663320,3117918,10676026,70325
چتر قدرت ورزش اسکیت,8937638,3297315,364752,380267,11557366,12018001,6248479,6851000,4631112,14262166
چدنی گازصفحه ای,2213318,13838424,14089667,10519102,8804022,10579283,1003488,2432245,268240,12100062
چرا غ خواب طرح قصر,964286,11465854,8983236,12445779,33857,7791972,875262,8275133,4886795,7412355
چراخ تک کنتاک ال ای دی,2351888,14783795,4206221,9197280,15147803,7563592,2414238,1568408,886651,14555784
چراخ خواب خرسی,6296693,167334,761028,2926894,14052039,9648168,674036,9565016,1082147,8395146
چراغ  دیواری هوصمند,17992293,13827589,5700211,9686380,3618324,493952,1378151,5930903,1407137,35523
چراغ آرجیبی لامپ,814435,14515067,6919034,8141019,3519402,7663882,8414644,12395584,5117449,1006905
چراغ آویز شارژی خورشیدی,4430011,6932884,6296693,7576867,3207817,855999,804739,9722881,12949181,14146381
چراغ ابچیستاده کنار هالی,1917569,4228930,2431669,13118786,10350205,9953673,9810520,3710387,13547574,230499
چراغ اتاق خواب والدین,775333,9380054,14365697,13117072,8930636,10886706,13804646,129694,5025540,426944
چراغ اس ام دی راهنمای گلگیر پارس,6135391,915865,7624529,14494540,14851833,13013539,4417108,400168,12520106,7934152
چراغ اسمان نما,13320636,170684,1526337,12455954,13507309,10386289,3164744,11476645,17353965,10979517
چراغ اسپرت پژو عقب,2563598,11675039,5005709,11070498,8729182,1426823,5753864,9745335,5581620,5050942
چراغ اقب ۲۰۶ ترح فاک,9843525,9593086,340424,4448013,5205987,13798541,5604877,534631,2583919,5338291
چراغ ایستکو,8122684,2364781,14488282,51588,11525184,12283380,8381569,8975182,5116408,9045018
چراغ ایکس22,766062,13726497,2841775,1592461,9147790,17137557,614009,2394894,7701298,10120858
چراغ ترکی,745924,9478226,10904951,9664454,4378150,9864678,4863898,7882390,9662086,10941341
چراغ تزینی چشمک زن  برای موتور,12648431,11580930,870862,4765687,7492512,6695990,1126203,8237708,3026760,3332088
چراغ تک کنتاک سفید,15069967,6839209,11418399,7108756,17039636,7181587,9693280,889648,665130,4235617
چراغ جلو  لیفان ۶۲۰,5070528,8577079,7577455,10253259,5746546,1333664,533354,12202419,10636233,14566948
چراغ جلو لندکروزر,816022,8481682,7759822,5839476,8884275,2973194,960381,870862,5827896,7989717
چراغ جلو مدرن ۱۱۱,1524065,859111,11942039,14788207,4886374,3426338,190713,1329243,11117061,8541903
چراغ جلو پراید131 متوردار,6787707,10729281,6821120,7274041,14435236,10498856,5178689,10446405,7220483,3323638
چراغ خاب رومیزی لوگوی فوتبالی,3330902,5193462,6854553,184274,4810218,50792,7279987,8910937,17406399,3609559
چراغ خطر عقب مراید,12004169,1126203,14065530,1606824,6350773,2999253,4441224,860740,12318389,1120456
چراغ خطر عقب پارس,13763869,14052859,2414238,5297748,12453934,2666771,5357364,566235,12294078,9632153
چراغ خطر موتورسیکلت اسپرت,3211073,11408972,1639303,12889866,733582,9267983,2833159,14315407,727852,11223338
چراغ خواب الله,6560177,5189,6860843,7051551,144966,2945261,13033468,5110719,3596209,7118751
چراغ خواب برای اتاق خواب پسرانه,12684920,5304337,13142006,6610727,8842022,2935649,7154304,12295499,2604096,3629964
چراغ خواب بلتوز,2215376,6136674,50675,2191995,14272240,1780247,3083082,761004,4893128,16895824
چراغ خواب ضربه ای عروسکی,13129724,3330902,7460260,7241123,518694,11409541,17093058,13804808,598780,2963787
چراغ خواب طرح مک کویین,10822302,1928758,7855730,7932823,637957,5707069,1020800,9735156,2285284,3048663
چراغ خواب کودک دختر,1003999,4419347,4902284,8018435,10245642,11380006,9706126,326946,876629,8577074
چراغ خواب کودک مدل قارچی 01,3343597,4165937,13003487,11900976,723132,8215692,5720281,8860964,272857,7999154
چراغ خواب کودک پروژکتور,1573576,60107,7729570,9780923,7844091,1998521,14621679,425857,7480008,9079304
چراغ خودرو اسپرت پارید,6821120,14336077,16537303,17792304,2441830,3157420,11792453,13613146,216900,9832146
چراغ خودرو موتور206,13521833,5812779,7065338,13185064,5753864,9684535,4956709,5889381,534592,12506080
چراغ داخل جعبه,2221277,1523112,8395893,4369697,2554355,6292388,8190969,4487521,14049507,3943482
چراغ دکوری مدل گربه,12625697,3170102,2906550,12229027,8587723,10832056,11648662,2680052,1079839,10769991
چراغ دیواری اسب تک شاخ,9021296,7317800,12673805,4096476,12233240,2130522,2394240,865529,3741049,2846889
چراغ دیواری مدل فیل,13144366,5483508,6826975,6054997,4290740,3080538,1080986,14034612,12203063,9239327
چراغ دیواری مدل مدرن,935451,3505056,6507549,407488,2289856,3896057,10064894,6107200,16537303,7206667
چراغ راهنما موتور کاوازاکی,3723264,11288948,10571093,5318554,4104881,2664209,13706781,471534,10177280,5933449
چراغ رومیزی نئون مدلcr7,8507186,2279846,10685206,3062509,7244370,9115881,6208772,9411876,1020800,4726765
چراغ رومیزی گوی,2419368,7662294,7814724,71623,6593274,15980631,3693380,4353116,3658747,1160809
چراغ ریلی 50 وات,7048378,1029673,15147960,10815830,8276226,14398280,384314,787233,9621656,7943088
چراغ زی اینه,14607379,8093927,619737,3612596,274302,202405,13261389,6365957,3598654,3017645
چراغ زیر آینه,467065,4423608,3499111,584794,6838163,419298,1481699,6032410,4196654,8929741
چراغ زیر سپر مینی بوس,11630140,12450379,2283053,8122486,277570,6748468,4681587,4437935,6184497,14295074
چراغ سقفی ال ای دی سنسور دار,10335726,4952995,2666116,4801149,6833688,9139656,712594,7345465,1454764,10025189
چراغ سپر جلو,1017455,3967585,3415050,829181,1864688,4415511,1460055,876931,1586166,804925
چراغ شش ضلعی RGB,9846312,17449743,1034194,14851833,3644217,5790627,3537350,12754374,6343668,5306585
چراغ طبقه,1026247,5055853,11274003,7747034,13530628,3398369,13384011,4044799,33857,9898703
چراغ طرح F150,17185045,13200706,8552325,14017564,5258935,5806302,14279802,4264439,10563755,1809232
چراغ عقب ان جی کا پژو ۲۰۶,8173637,11294197,7268142,5595567,14006297,9615843,12930590,8267433,2313806,2505460
چراغ عقب206اس دی جمع ساز,1662761,5409265,6263638,6744212,14909514,1722604,6772657,1724979,12926669,5620722
چراغ فوت,8577184,765991,1885744,1897763,13964899,5413236,14338296,3865146,14052039,12293267
چراغ قودستی امریکای,482116,1099886,6812434,12204734,5261472,474279,835347,9248539,2137875,2561758
چراغ قوه  اسلمان,3791190,5750628,5131127,14076582,8234291,9809991,9257304,11116159,6338303,3773573
چراغ قوه SMALL-SUN-Zt 168,6202050,466066,1047021,8359706,6431588,15593973,7462044,2909460,5258933,3060549
چراغ قوه اسمال سانuv365,5930508,15034899,14052039,6633877,5775119,6994218,6826975,1033928,5426017,1378151
چراغ قوه رینگ لایت,8004308,8312082,5285459,56200,4254832,1714761,9385254,5071561,8518680,8315311
چراغ قوه مدلUSB,3781711,126151,2289837,13879779,4248271,3457566,3257964,8849022,11153841,7096895
چراغ قوه چند مدل,6167628,12373966,945581,2958150,14579086,11171380,7506143,3165952,11578379,5229257
چراغ لوب,13416734,294012,144966,2978266,2022697,7640481,12773727,3618324,13827589,4178571
چراغ مزاحم گیر موتور سیکلت,10442694,10590984,741130,4993916,6145047,1595405,5984204,7644288,295751,8772003
چراغ ناری,13533432,14651486,8884238,4649136,9267983,1780247,2487676,684396,13033548,10120858
چراغ های خطی تزعینی,866046,8694251,3431953,3068716,1128977,12789392,1139189,274302,13677379,14279802
چراغ های رومیزی,22481,2839161,6759371,6876011,1602832,4372912,16859043,10649152,16858178,2315399
چراغ هدایت ال نود,52457,8765904,8667588,13399395,347269,10856427,7529183,5083435,8806208,8714551
چراغ پارک یخی,3871488,3791190,8856459,8884664,7888010,2309345,3635153,4791465,433458,8445425
چراغ پروژکتور جلو پژو,9623338,8225657,14515067,9189888,14006297,7836765,476376,4344817,8445425,7437726
چراغ پلاک عغب الیدی سمند,12784245,468478,17286872,5569495,6214633,4416503,3852727,942712,8285100,9527106
چراغ پلیسی همراه با رقص نور و صدا,4345700,11410049,1037109,8093927,6882679,13942382,6152199,12557249,8150060,3922252
چراغ پلیسی پارس,12088288,11090329,12455954,13507309,8276226,1004021,1787549,11588770,12686779,608796
چراغ پلیسی ۳ لنزه,10903361,6880140,1768509,5716984,5170019,14943019,3532676,4348656,3149841,11241494
چراغ پلیسی ‌,4385504,3368623,286688,2615017,12664128,10653284,6095671,6099272,6163212,9126823
چراغ پنلی,9265137,17969085,13950082,9781991,5005709,1459872,9422726,2597212,4323821,12775091
چراغ چسبی چشمک زن,1029673,8348995,4704253,12607232,3622380,3074423,451149,1944985,7729570,1093618
چراغ گرد سوز برنجی,2767413,4139554,6053278,5026076,842100,15055116,7745780,3125401,224849,2205733
چراغ گیم وسیله,1514106,6787990,521121,12189253,13841267,6230942,772755,15045013,6999050,5487362
چراغ ۱۴۴تایی,7703696,685446,13399395,3929091,7294075,4454387,2547504,1112597,12662591,6770083
چراغ ۵۰ سانت,4290740,4176124,978692,6212262,2399631,15115718,3730774,9276686,3361033,718132
چراغhela,8931122,13710651,12216494,12500133,15339692,1137514,660941,7102362,11525184,221090
چراق جلاوی پراید اپرت,10839017,6348578,2132669,13082050,13466392,2159526,12686779,855511,763107,10811977
چراق عقب سمند LX,14131504,2925288,8515333,6821872,4423608,7862940,1904571,755465,8171818,1072595
چراق قوه اسمال سان,9843310,12549554,2614137,172747,7944431,7728675,3540612,12152772,12284171,8609452
چراق مطالعه خرگوش مینی,183989,9115881,11097713,12926611,17450264,9239327,5231049,3452241,1776517,1768509
چراق گیمنت,7833858,527018,10974039,13274339,6012268,6363324,448364,7574820,13260181,15761801
چربی خون,534402,6753256,11199716,8285771,3341501,1001967,10795084,5550069,8183334,9709614
چرخ اط,12009083,9290682,12050377,4494850,4707890,13784427,2310389,8933199,4506119,231773
چرخ جک وار,6156841,669307,8659443,7565868,13816037,2206927,9302065,6435133,4834974,4417031
چرخ خیاطی سلطنتی,4374531,260265,13991427,7165658,3444932,10448004,12806230,10288460,5364951,11704661
چرخ دنده  قهوه ای,2753599,12349056,12164132,15321687,50675,6939250,1795756,17647571,6843702,13920852
چرخ دنده روی محرک برقی بخاری ۲۰۶,12500133,10811977,8688900,3042739,2310389,8826326,4919301,6378150,717052,3305777
چرخ دوپایه خیاطب,2428808,6239105,314196,772755,914077,14180980,14115658,8838317,811751,1680521
چرخ لیفتراکی,8429124,3785854,13399395,4952671,17353965,8494398,224849,11244895,12807422,12667651
چرخ مبدل ربات,5813081,3735641,4547675,115001,14105350,3896057,11274192,10635917,4529283,6913718
چرخ ویوا 26 اصل تایوانی,13322394,7869818,12956175,6095671,1823585,7235784,179460,608534,5436725,2767668
چرخ پدال دار کودک,2679897,947718,3531299,7048065,2926552,2725162,4892096,7843027,3101194,9068845
چرخ کوچک برای میز,14484598,5562610,4260936,3621667,2842627,13235338,7503155,3890665,2927696,10133351
چرخ گوشت ناسیونال مدل جی ۲۰,6503651,12914704,13197805,1454764,13413731,6650714,11393731,4925525,7575881,9330621
چرخدنده آویز,5987137,3225041,340424,5264549,765174,3927967,3880381,6460201,14109551,1425618
چرخو فلک پرنده,631598,7798283,10885725,5366234,7054953,5406516,10527270,744279,10669131,4885876
چرخکرده,12229635,12710813,15959093,5193420,9793716,6378150,16537303,7053936,2375395,8293985
چرغ مطالعه led,7595752,1110843,4395571,4027344,12100106,70639,10333025,6557691,7016098,12586562
چرقد,9879686,6463431,15963251,10649152,15593973,476011,3591118,12775243,10355916,3238360
چرم مدل عروسک یونیکورن,1972289,35299,699324,11388363,6576917,12109643,33674,12029059,3047128,14014431
چری برند گرلز لگو,5306585,8276973,3191825,6316207,2873857,10131996,13463142,9484811,5793021,1154968
چسب nano,3181933,1031583,14350372,5719815,3500901,2130522,3933746,9110721,12866569,3926163
چسب اکلیلی تیوپب,1136176,10947891,14977026,3424623,12300886,11238413,5277264,180395,8975182,7924512
چسب برقی GLUE GUN-250,649515,13128770,10632942,2552157,75129,499827,5586007,4718551,657374,540860
چسب بسته بندی,10644422,7391150,8093511,3067219,5072153,15873939,4369668,12054588,6955660,12190959
چسب توری خودچسب,3713495,623214,14275370,3238360,9132888,13266203,2290116,9338530,6928475,11769387
چسب درست کردن اسلایم,12958743,7195939,15372734,8365940,3397736,9648403,1968037,4461026,4582181,1468500
چسب دقلو خمیری,13367746,3420517,4032241,8793843,9294989,1438846,83472,515848,12230709,4920984
چسب دو طرفه ساکا,12120757,12649782,117568,11103549,13951101,738077,11196311,2885887,277570,8891280
چسب دوقلوی ماک,1508629,2581733,14379315,358809,10795084,9372677,13865602,1077019,5443698,11255090
چسب رکابدخودرو,6175504,6078390,9151144,3933746,378044,7781648,2523184,12050377,8156579,2966648
چسب فوری پارس8888,276319,883904,3871768,7970728,9283557,13611567,7088760,11097713,6107200,4877971
چسب قطره ای آلومینیوم,11254905,5132167,8230805,11748938,4791465,12359875,2061569,10602118,12619125,11070498
چسب ماساژور  پروانه ایی الکترونیکی  باکیفیت,442730,6745951,10455143,9578637,1827219,2293574,15307573,10087528,8549674,11699280
چسب مخصو ریسه,829181,10815830,2610567,8028610,4953123,14014663,11697889,16721016,8203862,3500477
چسب مدل برزنتی,2535703,9607810,13430705,11337905,5077306,10977036,7479385,4355056,9722881,13528435
چسب میل‌پوکس,4202907,15367789,576100,3497052,14096783,14580646,3254639,525953,15284231,7375409
چسب نو.اری,3657318,252103,3403213,13239760,8598954,10120510,187723,5813081,2941363,1154351
چسب نواری لاتکس,12488839,14262166,10758233,12673403,4372912,127102,10609076,2811369,761749,3229989
چسب ولکر,6645472,8237708,9265137,9805389,8891000,12645229,9208067,904956,5382851,8806823
چسب وکس سبیل,17642899,6100632,951506,9789567,8713891,589134,4017472,8061397,8535502,1610096
چسب چلنت,3008567,12560714,11765611,10822302,9747702,7793333,14586070,779617,8395302,14638569
چسب ژل بازژ,10839890,101735,921124,8577184,7127873,13274672,5597635,12030029,1414797,9676345
چسب کاشت نگین آنتونیو,12688760,5077679,13141511,7093658,124806,8669736,12673805,1609964,13699053,12219863
چسبDM5 برند Vesta,96240,693723,8891000,6460201,491719,9269465,9584036,11249656,2944457,374119
چسبدوقلو,5652072,13217179,17633615,134840,10823021,7835596,7053063,959015,340424,8317899
چسبچرم,7813657,12164132,10563755,1120095,3922252,11447064,7861160,7454369,7184432,2753341
چسپ باد کنک,9864678,1624566,4931366,12097231,7517005,5277264,70639,9886572,3229372,253294
چشب لباس,5612312,10742703,15127930,1562421,12056902,6269908,9478609,7571853,3308291,2707188
چشم عروسک خیلی کوچک,7691559,11548891,14096421,6801649,7699090,5258933,779044,1050835,9632153,697280
چشمای رزینی,5665364,9101426,6559677,1099779,11255216,4310710,13634929,9342140,12884433,2885887
چشمه تویلت فاست,1602832,3809063,9645982,6252788,6748998,10708778,11790946,10892052,2061569,5235259
چشمی و,10011361,12453877,9475069,5662396,5229257,9962261,8928495,11124441,10245642,12789773
چشمی کردن راه پله‌ها,1655174,7798882,11188019,3118113,6002837,33857,5568535,3792052,491322,10677094
چشم‌های سگ آبی رنگ,3578425,13044008,12114587,2501174,9898703,4173214,715340,9001111,7505141,4417091
چمدان آرایشی هوسونی,25948,12458926,14243261,1020800,9964641,8913983,770774,9358671,584095,5004533
چمدان بچگانه l.o.l,13156440,11255602,1468629,5630320,1577264,1345136,604261,9044427,467306,13045848
چمدان جورنی,13856310,11033708,7915316,9178314,8028665,17311931,797508,13945893,6092284,804739
چمدان فایبر عروسکی,9224976,7363437,14007389,4321877,5261180,623009,12536422,4798605,9524821,16006742
چمدان ماژور صورتی,10156991,3361033,5550069,3575155,3079364,2951264,9729133,17177349,1161275,5366507
چمدان هسنی,5409641,12005190,13950898,1923816,1457325,10774889,7203816,8764944,9125167,9919695
چمدون dunson,9962261,8702467,1903582,1136555,8908327,9330621,14030491,3048663,13028920,4671970
چند براي سيلور,608655,816670,10055139,9585121,4000750,5406516,13281581,13988661,3855137,486750
چند راهه شیا,1533016,7503155,1874610,14151937,14059985,13349301,12458381,613239,1424203,8276973
چندراهی برق پرووان,14868576,13785575,1863310,15578494,14439591,11043427,14309629,804699,4234289,1733659
چه مارک ی,6230137,10335726,3120224,11511469,2973194,130792,3971051,1584733,4268372,6220344
چها اثر از فلورانس,4801614,2702152,13832741,1733659,274675,10999066,2008043,5335486,6152102,7022444
چهار راه cng,7517005,13519626,4854648,11228484,9567498,8792625,4563908,4626056,9364524,1138304
چهار پایه تلسکوبی,10875835,4854361,13402001,74325,962411,4366176,374119,9832146,2973194,4622688
چهارسو بکس,534402,3165952,2046421,11354540,130792,334514,10120929,10874215,7421005,7828165
چهارپایه حمام شکیبا,6305458,777144,9480573,14214794,514988,8824958,2587235,13804646,2513243,3724793
چهارپایه مدل چوبسگی,6860843,7066450,9664817,4070674,1426823,12416760,8927059,2448796,14157096,12379255
چوب  راکت,14862524,1874470,2877154,915063,10392279,3305777,325520,5221431,7246492,5117449
چوب جیوه ای,6148379,1127801,671584,3287572,11101125,17314096,6431666,13261389,15830110,9276686
چوب دستی ارواح حلقه ها,3778331,603611,2425682,13113689,11332174,983854,9341260,2758594,12463754,6940852
چوب دستی ترح هری,7357501,10459614,11923642,978692,9868369,9077569,12640343,4286480,11074308,3202321
چوب روکش دار,6855429,11324355,407488,7232637,9339202,8670721,5793021,406291,12334337,12126072
چوب ساپ قارچی,12122174,7102362,438351,13174538,416155,14180980,179460,697280,7963042,6562545
چوب شوینده,10974039,16483817,2776377,3431953,6576917,2938529,37261,8639614,4889984,4901144
چوب لباسی میله,2776377,4869443,4954085,10768868,5700270,2753341,109835,10939946,983602,1927795
چوب لباسی پشت دری ایکیا,6069592,3597538,12749087,4372912,10837007,10649152,699324,216366,2508215,11928674
چوب پرده ۲۴۰,2079564,12708949,10311550,8509775,5987137,13471564,4626315,11960134,152741,10260791
چوب چین,1621606,487724,2453294,4997418,400168,14324362,5446799,12364793,8531074,315488
چوجه گردون,4340475,4466558,1760985,81323,13274853,9878083,7108523,371256,8667904,5987137
چودر جوانه گندم,2222566,1426823,7127873,11403849,11330901,10836360,14209086,37948,3066530,7747034
چوکو تریپس کارتونی,1558485,2357210,11071862,10088444,2191995,6033622,5095256,13012373,11475653,7944333
چپقی کاپرا,13494305,708556,3257807,4419091,13692930,6099272,5140235,12563933,281133,13300445
چکمه زنامه پیاده,17097822,8465179,974348,172747,14151937,6438146,1510875,9546468,2414671,9177635
چکمه ی,11482375,10351598,4425039,6002837,12229027,9983214,187585,807859,9680078,983854
چی 123,7127833,2967739,8073921,7012721,10220257,15912361,5775119,3933746,5253135,3705686
چیبس مز مز سرکه نمکی,8367987,9243998,7060930,3016058,10335660,10279663,1120095,16720639,12416760,602359
چیت زنانه,4064721,17420991,8334051,14092151,2993702,14032131,12644844,9308907,2595835,7262444
چیدمان کافی,12930590,1653093,6404806,10282482,10480997,10878356,7720365,5741169,3888213,877897
چیساتو نوت‌بوک,2987852,155209,17185127,1520528,15128623,14287592,1078142,389247,14331365,865529
چینی بشقاب وپیاله طرح گل سرخ ریور,2552449,9909994,7674446,4294581,2206978,9086639,448489,10280312,7884372,11324355
چینی زرین ایرانسرویس غذاخوری 29 پارچه چینی زرین ایران سری نئوکلاسیک مدل آرتمیس صورتی درجه عالی,589137,3509610,1556521,811751,14531056,2808706,11479607,4795557,11900976,6754789
چینی قدیمی ژاپنی,6754789,1114234,13099858,3624625,8021519,11912336,207314,12541409,6092808,4027344
چینی پلوخوری,9272294,10134957,713831,2094946,7246249,4418268,14568223,5178689,4452531,2441995
چیپ ال اب دی ۱۲ ولت,829181,3592192,11704944,14554037,4419202,718132,6754789,10694984,10048426,9976443
چیپ سترژی,11368177,8828520,7514224,1563457,12744393,6681201,7108756,4322738,11729642,13140719
چیپس جورواجور,8083996,2430131,8913983,1120095,22978,420288,1885602,7230201,10498856,477164
چیپس مزه,12499229,7531652,15825827,6680257,4631698,9999118,5077679,6554847,3498911,13276121
چیپس نمکی پرینگلز,2394321,13841267,6808740,12804885,9868344,3162606,6561991,11315279,15114946,6821038
ژارژ گوشی,8826576,16592579,5089563,14413764,11679069,537379,2917060,8708852,2289837,13235104
ژاکت زنانه دارای جیب,10057487,6779488,9629625,5664252,7843220,11476645,6559677,15072221,5785486,184924
ژاکت و پلیور مردانه باینت,13040232,3943782,13969235,13261389,9208271,11580930,3861346,11682082,8789224,12290041
ژدو زنانه,4176124,10890604,6790296,5337932,14037723,8838317,69845,11400727,11161719,13929076
ژفوم شستوشوی صورت اسکین وان,11161719,8685101,9147929,468422,12637319,16051918,7270861,6808740,6452107,11373570
ژل  حجم دهنده جنسی,11609497,4270359,2137273,183328,5656107,557201,5720202,10017891,2220861,7944449
ژل آبرسان نیوشاین الوورا,7094925,7605704,9524821,1153178,11029586,7935982,5294838,1487225,6975352,9372061
ژل آلورا,3550905,7796412,4622688,4826653,12884433,868716,7471158,14909514,12639452,12528544
ژل ابرسان ژنوبایتیک,5503358,4626315,3758086,13091349,15316254,11249656,6075796,1077362,5744373,11457161
ژل ابرو برند فوراور,539062,961300,646461,319553,932152,7495121,7393072,4108417,10162415,13324355
ژل اسکراب دیپ,11071862,2819510,626446,13281648,571948,5976140,7836765,10749548,6970871,314384
ژل بهداشتی رابطه جنسی,11833762,142420,17038129,8255486,103095,13854825,7561829,7662665,11322928,4461026
ژل ترمیم کننده سنتلا,14214794,2137967,570764,9805389,7577059,11238413,830064,11149658,14457840,3551157
ژل شست وشوی صورت لیپورکس,6566014,5005709,14399184,4000803,187301,3149841,1167986,4826432,10860371,2330465
ژل شستشو صورت GINAGEN,9178314,5700211,12120757,8370107,9180751,93061,2728223,1580572,1714761,5129444
ژل شستشو صورت کامان نرمال,6389978,3998323,1861018,7781648,5000646,14402753,2333861,12586562,7478847,4615249
ژل شستشوی بکینی,8280670,106674,8367504,2768571,9863628,12721879,1474518,478133,2393637,657934
ژل شستشوی بیو کوا,2768162,3622380,3876063,946926,8312675,9743231,12283267,8694502,1955382,1129343
ژل شستشوی صورت مخصوص پوست های چرپ یونی لد,6991372,1030285,9965789,12086942,1595405,5976140,909042,3218826,2091251,7016098
ژل شستشوی صکرت,1021213,12229027,295751,9839599,10538026,15094280,3219595,33592,4105740,904956
ژل شستشوی مخصوص بانوان یونی,14843838,10632211,1117102,12561858,5934742,14357221,14413968,13531438,9583859,14008542
ژل ششتشو صورت cb,12391533,7184432,7761376,13536155,528971,2586263,2360509,8334051,11618796,139696
ژل شیستشوی skin one,7586528,3110912,946160,3595884,284634,12452964,10445604,10170656,11145215,14197726
ژل ضد جرم دندان گربه,11443530,167410,14139392,10350205,4826653,638338,7093648,12153023,14749791,5408675
ژل مو جيورجي,325520,12999394,1428539,13777064,490435,1802368,3050985,277950,1849719,11161719
ژل مژه گابرینی,145838,2841775,13031790,6163723,8169830,16736391,5483508,263299,7032222,15186788
ژل و صابون ابرو Eyebrow soap,6772505,6105665,13581904,12849731,7902972,5136293,8359706,9964641,10665659,6663320
ژل و لیفت کننده ابرو فانوما,12077629,5253454,8820530,12703423,9842497,4362824,5635948,10860107,11948548,721672
ژل. شستشو صورت روزانه,9338530,4901144,9786391,1905130,383320,13231368,2976227,9430343,4704767,11580930
ژلت برقی کیمی,10974039,6994897,5085833,9852658,13593631,3981709,1584733,12708037,177628,1161679
ژلدشستشوی راکوتن,145838,11974409,171977,5197288,12594084,14370644,3429963,8683837,6955660,1157860
ژله اسلاح,7086864,2604338,12586759,563823,7279987,7108756,12996305,13274853,16793428,14651486
ژله شس,9326693,5865949,6269908,10073361,6963614,699743,5127858,8366074,3428211,6762673
ژله نیما,9719761,3889673,10229655,10244388,15252247,3545064,7423741,11360242,2223115,2357548
ژله پاناکوتا,5036141,14024753,6650080,7956757,11249452,8537836,4105452,27956,2008349,5719815
ژنرلتور برق,3048663,9959461,12054588,618241,1457325,1163645,9614779,806023,76628,187585
ژنو ضدافناب,4901144,6759371,13044008,571948,14457840,4196654,8983236,11103764,9086223,7205752
ژیلت مگنوم   m5,6562545,8881982,7674446,6338303,9764007,169240,12746508,1457325,7954927,7362047
ژینوژن,10044979,11228484,7824158,13709490,2444236,14131504,5652072,60107,9872209,1826170
کا سشوار,981922,14031452,1922447,770259,12618675,10930347,10047735,3103299,6136694,736874
کابل 15 پین,11841668,7406081,1760985,557051,9561839,7421005,9251713,196762,4566029,7862940
کابل 2 در .75,3125401,7533618,4437935,4563908,7394608,11007995,11330882,3182932,13706806,3294846
کابل 2 در 6,143233,13389605,10661112,4428968,6860843,10751064,12068731,4810218,9542290,8347046
کابل 30 متر,4108417,8133086,6473213,681270,17484673,14413764,12308731,3471063,8824653,796015
کابل 4 رشته ایی,13656268,1057587,12090699,9603981,14453371,754380,16522900,15252247,12662591,9036871
کابل Type c 20 سانتی,4646894,8536946,3444158,521085,699324,9294022,9570970,597957,4249798,11578992
کابل USB اپل.,670162,3696981,1152961,12775091,10359413,8516352,9699777,12359875,9807887,4529283
کابل cat6 تسکو,12387366,10674345,8096411,7248029,3042455,657657,17111036,524407,213423,16035296
کابل imd,12854812,9373848,4517402,5089563,8497576,8326812,3250980,12684920,6680257,7032881
کابل pimax,7978816,12498534,930487,7307739,6427985,2436338,13224953,5195847,7952832,3532969
کابل qc 3.0,10416315,25959,10871908,7503155,9242187,13353223,494066,6875862,6091941,262253
کابل usb3 به type-c,781018,9897042,7922580,14656328,319553,8285100,14365697,7975822,12391577,13085782
کابل آلومینیوم ۴×۱۰,603611,10122262,6740296,1035800,82937,5817739,4566029,9859965,14165122,8984756
کابل افزایش طول برق ١٠ متری,8186973,525614,10728359,13692930,16620811,7213087,4478021,13763431,728927,5803998
کابل برق افشان  ۳ در .۵,2227589,158566,11690142,6154657,12647727,651257,7454369,12747983,1945353,6419280
کابل برق سه پین منبع تغذیه کامپیوتر مکا مدل MPA طول 1.8 متر,5064718,5841076,2672984,467306,10442694,6989297,3050985,6976199,13644566,3534947
کابل بلندگو,876629,882871,11706479,12213603,12359875,14192992,35299,2357214,4054354,16592579
کابل تبدیل 2 درگاه RCA به جک RCA,13035118,2050509,10677094,409154,8900256,8073670,409618,4631698,4744930,389247
کابل تبدیل USB-C به لایتینگ,2706820,13300445,9857792,4022270,3341501,12499229,5182103,2032185,3177340,561419
کابل تبدیل mini hdmi,15836024,6004716,2559335,9611258,6718972,159657,5127498,11557366,14525482,5635948
کابل تبدیل usb c به لایتنینگ مکدودو,17470238,6748502,9515648,11625576,2597212,5503358,6586909,10837007,4190115,106674
کابل تبدیل usb c به هندسفری,154011,3980308,11580764,5173333,1932704,13828983,728621,2860902,2586430,689989
کابل جوشکاری مدل 14,167334,657657,3553600,5522124,978692,6116990,8283197,5620616,4113547,6474778
کابل دانگل تیوی,12095477,3011771,7036283,7139353,8933199,11149658,9909708,4916098,9197280,13586694
کابل دیشپبی,11447064,1974618,6090666,7107256,242880,197421,2753599,968607,11029586,7278168
کابل سیم ۴ در ۲.۵,9577321,3202248,8552325,13323051,13154422,3233122,8680295,11145265,7180419,4804290
کابل شارط,6035112,9071525,1140969,759520,1910538,12445779,7295871,7220776,1609964,2475940
کابل شارژ تاپ سی پرو وان,2222566,728927,1795756,442730,7970728,1582864,9544629,10894781,11314151,11971046
کابل شارژ شیائومی سوپر فست,3305777,7632776,4320112,9717360,1914498,12021769,2396283,10974039,13865602,5333376
کابل شارژر c_c,1110715,9567498,14362168,14187695,5181784,3331675,305810,2310389,8729265,10639005
کابل شارژر منگتی,3423831,1699984,12349662,1516654,848151,13982222,10602118,3318548,717455,561419
کابل شبکه 20,10217337,3183082,10668656,3988597,10517307,8702467,242880,15390774,26757,6206772
کابل نویز گیر hdmi,2241690,5178689,3607248,8223587,7566698,7531652,11558570,8666873,4832192,6838163
کابل پاور شیرینگ,9607570,5026076,3364429,2288660,8777045,749384,9220839,10057487,2053912,7248029
کابلشو ۳۰۰,2744686,14502462,4825795,828633,16112946,9648168,31644,7816428,917261,12547362
کاتر بزرگ طرح قلب کیک,12575901,9330978,7524780,13807569,1529575,6393459,3690229,1760908,8815083,812887
کادوی مرانه,6984508,11407210,2406262,4542839,4512195,3457566,11560128,512798,950423,730045
کادی نوزاد,12590872,7814724,9780426,14176713,9800468,4565345,296290,1882481,10498856,13632307
کار دیستریبیوشن ناین سیکس فایو زیرو,6229770,12602365,567638,49762,7554094,16858588,12453314,11074308,7635706,6735701
کار روف پالیش,13709490,11273164,12047718,644103,9959461,6289222,4931636,6004716,9364524,10347632
کار فیوز وُلتِج تِستِر,11107134,385198,4590811,1930327,770896,14109551,10679178,13454932,6520197,7364490
کاراوش شلنگی,7224236,13507309,12198705,752022,1856417,4792739,5060776,4909879,11145215,2933367
کارباید فرز,3657318,5396467,5035423,9798133,10677636,405946,408760,915219,7357314,3219595
کاربرات موتر سیکلت مارک کویر,153508,14065530,11689074,10961693,1601878,12720711,3280349,766062,14334481,959932
کاربن فون کِیس,5608353,8065760,202405,4563908,10947891,608655,3730774,12956290,855953,25948
کارت اکسترنال ایکس باکس,13471564,13430705,9886623,2137875,6980916,13364158,3666815,17093058,12283291,999220
کارت بازی رونالدینیو,11490088,1422486,2839161,12461983,7787605,2672984,623352,4852639,8669736,5608353
کارت بانکی,779044,12625697,4871471,3882123,215632,13612974,38243,4056938,9664454,14523987
کارت توسعه دهنده pci-express,5075705,5874959,2238243,7145828,14029625,3067219,12991404,7345465,725032,14037723
کارت حافضه یک ترابایت,1136176,13816908,8866541,6247336,9747174,9682747,5421011,11042962,5426868,10275826
کارت حافظه 32 گیگ سامسونگ,4890217,829181,12883002,435088,3575224,9231800,3405536,3341501,1003910,2359809
کارت خوان  اسبازی,13174538,12076737,9563117,10117064,886651,2013405,6560177,2222566,5403851,12308731
کارت خوان سیار,12804885,13619045,4225570,5243806,8798809,9493098,4935807,12090877,4640838,2672984
کارت رونالدو  ۱۰۰,282643,3507554,8449261,2094624,6118411,13968566,5720281,15045013,24775,7274780
کارت زردو قرنز فوتبال,4589312,1333664,10329529,9852658,11032647,6374504,5432465,5083435,7139307,14271352
کارت سد,512798,9947129,197421,6331877,65292,7204175,1120095,8552999,13841267,11852994
کارت شبکه USB و بی سیم تی پی - لینک,10634104,1082147,14673891,8970641,680665,5264549,14633627,10737352,5652072,272669
کارت شبکه ،usb,2258563,8353565,5407342,11464521,5698096,368602,7264632,2993408,5228491,7680985
کارت فوتبال لیست,16187751,559882,11655097,7451334,2864628,17035873,8283197,4017472,6768238,2698211
کارت فوتبالی کیمدی,4968240,3792937,13300445,1568281,5874073,9869248,12628511,12536422,10822302,11000594
کارت هدیه ۳۰۰هزاری,13175971,6431053,4266141,7000516,7592410,10288460,1161275,4917214,5438621,9272294
کارت ویزیت مدل کد,14398280,667278,9370,192637,721987,12088191,15319503,9169334,443008,7249192
کارت پاسور جمجمه حکم,8387744,7115304,13282374,9842660,10526032,10100238,1016194,6557691,11342444,5058143
کارت پرایم کیمدی,4146139,1538121,10022247,1989272,2898190,6522340,11594759,8648462,2046840,734180
کارت پستال  انگیزشی فارسی,2721355,2006069,14439591,348142,2869840,14094091,13898090,3181786,14958401,8489068
کارت پستال ted lasso,6742314,10048426,5700211,2571099,7574820,6394152,3366928,2875868,3007039,2022697
کارت پستال ون‌گوگ,9997705,9828833,12090699,22481,9609031,4996641,6755271,2602908,4309206,751919
کارت پلی استیشن ۲ ۸,8530198,5148050,5366991,7799532,69845,4798605,2721355,1949737,12095477,6752724
کارت گرافیک 2 گیگ ddr2,14132756,513849,4559139,1514737,5855224,5149251,1953011,2152938,10148280,5741169
کارت گرافیکRadeonRX580,7340419,552599,752467,4452530,6547203,1628655,10823610,6702032,13254387,11058313
کارت یاب,2010553,13220379,7964485,6425156,6265787,12540137,184924,4963821,493281,3213581
کارتر پژو ۲۰۰۰,11367985,5699257,3062680,13231718,1581825,13401329,10112729,8225657,409618,14467723
کارتریج 110a,13013539,11491863,6748998,9842497,6533827,495837,14203413,3644156,3780542,4498563
کارتریج مایعات,11141250,1034194,438429,10769991,4512195,11246905,723825,6807225,10434325,3288310
کارتن بسته بندی اکسیوری,1080166,8187292,10751064,428979,12878488,9897042,10320748,11457302,8516352,9609031
کارتن میکس,5522277,10844318,37948,284046,261051,14267990,2969602,10602118,7907453,729439
کارتنکوچک,3469722,1722604,9086639,1797827,1422486,410800,9132888,4417108,6976199,361048
کارتون شمع,13784427,657934,6970871,9345320,2132669,13140719,155877,880521,9478226,3926163
کارت‌های داور فوتبال,8444265,7554094,145838,5612312,6808740,10618688,3882123,5065763,11330882,862511
کارد طرح نهنگ,7422785,38902,7796412,798880,3164744,9836112,16971721,11699458,4184949,8365210
کارد گوشی بچگانه ۱۰ ساله,189770,11223338,11362304,5857844,3971425,13132232,9545062,1162793,6566208,55610
کارد گوشی هواوی g730,4564067,4301569,12553170,549513,12077629,9135138,10740002,5668815,8054513,8890264
کارواش vr2140,13349064,7618978,10536713,13518137,5366234,187301,3888213,8639614,14008542,1111878
کارواش خانگی اقساطی,5065763,5080871,6349644,3015594,10822319,10463434,14133879,8372721,10368861,7375409
کارواش شارژی  باس,15963251,5396467,2097924,2744459,4941308,7385077,12294345,5243806,618869,7778595
کارواش کرشر مدل K2 Compact New,12126126,6205093,8824653,15087423,14187695,13174538,6377946,8011488,7836765,3786538
کاسه vividii,13132232,1101531,12126072,10605416,2826482,2529858,9435157,8317899,12558561,7180419
کاسه خورشت خوری لومینازک,10589713,491322,11568979,7290673,12990949,4297629,3390986,759520,4917214,14043492
کاسه سیلیکونی ژله,17314096,7307739,299944,10458925,13521833,7290673,1803281,2748851,4479388,2425682
کاسه شیشه ای هواپز,6854553,2206978,12943759,7488509,754380,183120,9544629,4225979,1851303,1099779
کاسه فیلتر روغن پژو۲۰۷,10566095,532964,381500,5005709,11254524,4825795,11089468,266499,17060887,4532802
کاسه نمد بربرینگ چرخ عقب,7876949,8873557,6184497,3875573,2067376,2212054,13384011,9842497,8789902,11075609
کاسه نمد تیبا,9798133,85086,4016639,5551207,2571099,2364781,1563637,12672505,5269360,184924
کاسه نمد سر ته میل لنگ,9740033,3548085,2510748,3060549,266499,1823585,12999394,7699090,849644,440818
کاسه نمدشفت پرای,7808156,6482755,5853721,8270275,1738232,3026760,9905265,11519492,5707099,8612133
کاسه های چند قسمتی,10148366,4466558,16432146,12656284,7948519,570764,7444508,5720202,11708249,8563832
کاسه چرخ عقب ای بی اس پراید,3303406,7542983,6574559,12092316,1151448,7065338,16537303,12249900,2176301,1163645
کاشت،ناخن,7294075,6805009,3670271,441365,2984540,1743832,796229,15379121,1809169,3635153
کاشی آلمینیومی,7920651,6901968,2599596,1619296,4273719,8331727,8180402,385198,2768140,12088191
کاشی تزئینی طرح منظره,3110912,9609031,585659,10347632,2262129,7491913,1097022,8277238,4909407,7565716
کاشی مدل محبوبه,6069592,12639452,38932,12586823,5700211,12447072,5703297,2920090,6559677,1602309
کاغد کادو عاشقانه,8326812,1496876,428020,9544629,2067611,2313806,2696573,910280,7505548,9740033
کاغذ A4 100 برگ,10857130,618869,6256896,5536763,6901968,10055139,4242098,6560177,14514895,1882481
کاغذ بگودی,8337966,1485962,644103,8772003,7184432,831292,2718808,13754764,12560872,13259598
کاغذ تومویی,10894204,14064817,9878812,8688900,10082867,1156848,11695682,12804885,4852639,1512525
کاغذ دو خط A۴,4551871,1718585,10638348,2275515,8655927,11411415,4590811,619874,10621046,8859039
کاغذ دیجیتالی قلم,2710840,623214,4003038,8215382,7036283,10226912,9629367,2365230,1563457,6243091
کاغذ دیواری طرح اجر ابی,5385477,10776118,11999163,8107655,9244901,13200706,4738694,11270596,7548524,1753907
کاغذ وزیری پاپکو,9169334,11266518,816383,6839209,7330976,10481951,4402895,870862,4190115,595379
کاغذ پوستی هدیه,5054450,13709490,11228484,2124125,11441964,10347632,365831,1004021,9981331,881530
کاغذ یاداشت  نوت بوک  فانتزی,1776517,6809572,4742047,358187,1126099,12592698,6139064,9886572,5845932,11349887
کاغذ یاداشت ۲۸۰,6990645,10097967,7428555,429720,12310300,2408736,9319210,184924,10487720,11228484
کاغذ یادداشت فانتزی,160744,11607769,13503755,932459,5700424,3046384,859931,419085,2523184,11361274
کاغذ یادداشت مگنت دار,5248502,11419550,6970871,1569587,15514368,1070635,3893423,7798139,5202966,706269
کافشن کرومی,1884917,2967739,5907296,326492,2872550,282730,12664374,8766133,9563117,4463663
کافشندخترانه,2938529,14006297,1329243,10483411,15372734,10211121,12992663,6069316,13185064,12648431
کافه اسلی,10396351,4489668,11241363,13239760,10210459,10456796,12095645,9906836,1606824,8111206
کافکا و فلسفه,427025,8824653,4498563,10481951,2351425,3066530,9976443,4917171,12587156,1683564
کالبینت فلزی درب چوبی,7360152,3745959,14132342,42785,4362497,75270,14360660,7987904,5749873,12795710
کالج جورابی,957790,5117449,8339552,2209409,11648685,14566948,13343245,4003038,1602309,1829693
کالح مردانه,4362497,6324209,5707069,7532175,12076186,2751858,3320722,148036,7638641,2725449
کالرلس سینره سان‌اسکرین,4020554,6274414,15096900,1870101,7602918,9705085,5140235,2598454,5817739,4322738
کالیبر32لوله5لایه,10875835,168079,451449,138844,13798541,713831,1435005,923971,10703295,7308250
کالیپتوس,4882532,14109840,14577768,8128699,152741,3179358,6829003,12506890,4842567,8636262
کامان آوواکادو,1857547,6061721,12500133,11716692,13431892,14271352,7644331,3389477,11238413,14132342
کامور عروسکی A32  5a,11424616,8665806,11227268,10668656,315488,7596488,9475069,2308497,11830223,2476616
کامپلیت مکانیکال پنسیل ست,1806932,2408736,13389998,8449627,13260181,829327,1612670,6854553,16336108,56912
کامپیوتر ساینس لپتاپ اِستیکر,5428339,8802883,13082050,6256896,7106192,1441171,5561794,1003910,1910538,14794205
کامپیوتر معمولی,9174744,14749791,7232637,10456796,13260181,10374499,4408025,13150307,2749547,9619427
کامین ارتشی کنترل,7465654,10815671,2856776,6136674,10884328,2094624,6566014,9573460,677319,8972866
کامیون بزرگ ۱ متری,305236,6806905,5056646,10548632,14267015,11254905,9937885,6237630,4452658,166234
کامیون بونکر,2211341,482795,9615176,962101,1612670,436241,7662294,7291130,503450,10210459
کاناپه,544767,8355017,5710882,10902708,930046,6378150,7601292,2161098,8333179,1615286
کانتور  و کانسیلر,6884317,7221141,11558606,65292,9748258,646667,1714950,8310880,11071862,15104501
کاندم بدون لاتکس,10066747,2949512,11900976,11382636,441847,8794815,2643710,466066,9664817,5070528
کاندوم  فانتزی,14192992,14195212,4941927,12688957,10828899,8223587,1903582,5497765,7414717,8895848
کاندوم تاخیری کاپوت مدل Energy Delay,12016209,1505408,3123964,5236984,1722737,11706172,2734184,12310300,1709177,8896427
کاندوم واقعی,9838220,5189014,5654096,8368529,14049507,3971487,12789392,33589,12648431,687603
کاندوم چرچیل شیاردار,13098387,7199802,5036141,3765030,3346510,9717168,31688,9244901,4076941,9600229
کانسلر سبز و زرد,2029719,4231446,1923667,9772865,2712971,7324155,2381229,10618588,4671970,1545322
کانسیلر آرترکین,7835147,17637807,8423503,13634929,12490009,451963,1745551,1802368,2973284,7172945
کانسیلر زیر چشم گلدن رز,3622380,10386289,13118786,698981,415439,7746824,390870,2432359,3564259,8682841
کانسیلر‌ آرت اسکین,6394152,12506465,9089076,9577321,14088436,136984,14214794,13929076,2438582,4197457
کانن Eos R100,10781225,2399631,9133186,13231368,12229027,2510748,5679964,2907018,8746196,14176170
کانوِرت اِی تو سی,8793843,13527881,6970871,10694984,12504445,7118751,797290,9893926,10610361,6002837
کانکریت بریکر تو سون تو فایو,17381762,6159749,62441,4963821,8518680,82118,6276902,13431400,7676113,5874073
کانینگما,7016098,2012052,217019,2749111,3657318,12088288,1464377,8873626,14525482,546625
کاو گوشی A11,681938,9010850,14020596,4289432,14192992,2212161,4968049,1424203,6465396,14144893
کاور  سامسونگ m22,10852536,5075705,15186788,17637807,8271644,13519086,16483817,5277264,17048438,35299
کاور  سامسونگ سفید,568650,11109796,80694,5984204,14243874,393078,5442074,1093270,693887,892501
کاور  لوکسار,1407137,2744686,11705624,2278496,7885034,3403213,7780382,17632730,146494,6352215
کاور 11t ۳۶۰ درجه,1683331,13939525,6919034,7556398,7604444,10336591,10251101,5195847,6762832,11419558
کاور Airpods Pro سیلیکونی,11594759,3218826,6503651,428979,8162593,11841668,4348656,14128745,3784786,4511632
کاور POCO f5,10985290,10493947,5228840,12647595,4738694,4421343,12075125,5666089,1800278,6278780
کاور Y9a,9947129,10253376,10923236,738024,770458,14490208,974348,9239327,17304884,144966
کاور a 60,539320,643764,843847,3911995,9527627,1112124,282644,9627102,13211709,13260181
کاور a31 سامسونگ,308517,10457347,6239105,8529234,3496519,3855570,5831949,5004494,5963977,741348
کاور a80پایه دار,1487225,5719130,10211121,14006297,876931,7614409,14132756,9843310,7139353,3147621
کاور buds3,11116517,8607412,7542983,12222680,1022396,12068731,3160022,2869840,3536593,3054718
کاور easoncase,3042739,6760868,9264756,6963614,519363,7729949,10894781,12997079,14421004,13153601
کاور galaxy a134G,388107,14749791,12693022,5423191,430494,1722737,9278594,13634929,3871768,1036482
کاور ip 11pro,142327,10275604,15316254,4995373,1629774,11330901,8804022,1569146,3560857,12258538
کاور m11lite,10116615,10201221,1154351,9105170,1523112,13260181,1441868,589134,2706820,11609497
کاور one plus n100,6614627,2930956,6330542,3734565,14410946,3536593,15379121,14763533,1882194,6872675
کاور pure موبایل,13279036,3880381,7697832,9905265,8687712,7317800,17480967,4584106,13808069,9667367
کاور redmi 7a,8368358,14793809,8752810,3713495,10822302,10808695,10722982,546625,12164132,10984536
کاور redmi3a,13321487,2176301,10277141,4417108,1020995,726125,12437914,1475568,8493464,4209856
کاور s20 fe مگ سیف,4952671,1056100,296151,4822834,5460742,14477251,2528095,10638348,2732077,10396169
کاور s23 ul,15055116,12821919,198120,9830425,5748923,8659443,7930094,4855889,96423,6456374
کاور solid نوت ده,2186330,10857130,12784245,9976443,5119105,5599387,9600229,11374157,3238403,8171818
کاور toby ipad air 2022,183328,15126651,2586430,4855941,13942382,12224131,6593522,11153841,7980019,7404404
کاور watch 5 pro,718577,2258784,2759870,11648662,7229796,765174,10638723,97115,2222566,3329347
کاور آنر۸لایت,4536071,4551871,13260181,13132596,10683941,560818,7882390,11593139,14042335,2728223
کاور آیفون 13 خرسی,7824158,3454479,6459788,9563117,996546,231773,3540612,37686,513177,8884238
کاور آیفون ۱۳ پرو لاگرفلند,13579136,7584679,3280349,349378,1827485,5409641,3801395,15489612,13204440,12031578
کاور آیفون ۷ساده,2734184,2670722,1930327,717913,10217111,411716,9336161,437766,6984499,14390411
کاور آیپد  10.2 اینچ,3596037,4181452,6557691,5266126,2895142,6882567,13631449,526527,9984274,13131058
کاور آیینه جلو,4512195,12518784,10527339,14217959,668821,10556052,4977877,3644582,6526327,1819575
کاور آی‌پد سیلیکونی,3208664,143580,7032222,10661237,3381528,309830,161524,4010218,7891241,11145265
کاور اسپارتان مدل Magnet ring مناسب برای گوشی موبایل شیائومی redmi 12 4g,5561794,6372064,15837828,3876063,8717298,10550567,5371740,5385015,1823585,10420928
کاور اسپیگن مدل Rugged Armor مناسب برای گوشی موبایل اپل Iphone 13 Pro Max,10603317,807595,5752183,5620722,9561936,839813,490390,3801395,5804075,7546522
کاور ايکس قاب a14,17992293,5126221,1553498,68830,3382701,412826,8329320,172516,10066988,13581904
کاور اپیکوی گوشی شیایومی pocom3,14310946,1157087,11906988,3815621,3246560,3366928,1529575,9045018,12143102,4022270
کاور ایرپاد 3.TWS v5,6994218,117568,409154,8869738,16721016,807523,2841775,2074913,2391271,539320
کاور ایرپاد پرو,6069592,11269336,7798997,8267393,774908,10687227,8068521,1037109,811751,10638348
کاور ایرپادکیوسی وای تی ۲۰,14041181,6327884,9932602,1136555,9997705,1734256,15961661,11313296,4792107,3079364
کاور بالشت و کوسن,11129004,10129178,806140,4826653,328565,8236672,860400,10968638,691040,9636489
کاور بتمن سامسونگ a04,11547843,3875383,761645,6770785,10462363,14766903,59132,14525482,10129178,7994727
کاور برای پدال موتور,7180922,3941575,10912381,10655608,1140535,8912688,12391577,8381569,11795283,157972
کاور برای گوشی ریلمی مدل سالیوان,2457948,1689085,5129645,14655793,4765687,3922252,14633627,3454494,9852658,17278326
کاور برای گوشی سامسونگ s23 ultra,8285771,10860899,7102362,1407137,74325,7914100,11104578,6774949,11551035,7197935
کاور تبلت  a7,11699280,11007251,3098913,7192556,13706781,9959461,8083708,2877154,3170102,3605044
کاور تبلت tab a9 اکلیلی,276319,646667,11786180,11711364,166234,11236294,4418722,6248479,14086563,15034899
کاور تبلت سامسونگ a9 x115,7354748,276319,5839832,2543130,8824958,3500477,655912,5261180,12826151,8033239
کاور تبلت سامسونگA9 sm_x115,3079364,2945800,14466154,10386289,854219,10116615,8716895,14574080,4529789,10220686
کاور تنه دوچرخه سفید,12294463,5236892,9478609,26757,7561829,60107,2531210,277950,3149841,7048378
کاور تنه دوچرخه مارک پاور,6901968,6229102,14176713,1864688,8950594,13220379,14271352,171977,1093270,10644422
کاور توالت فرنگی یکبار مصرف,2933479,6448085,13854825,2419836,9872277,7190400,10708778,8873557,9648721,4783176
کاور تی رکس شیائومی 11t pro,3825594,14565825,4738694,5483508,11398308,9020454,11132726,4920984,17088276,1885602
کاور جنرال لوکس ۱۵۰,480743,816383,154397,287451,8370339,16669316,14271321,813564,6196537,3875573
کاور دسته ps5 طرح رئال,5057153,5639174,13969562,7168123,11920312,5035948,5357338,13002646,6465396,2222566
کاور دسته xboxسریs,11266518,6936264,13229539,3397736,1886413,10126465,8665806,7285915,4878993,10498856
کاور دوربین گوشی سامسونگ S23Fe,2869840,9147929,10362197,8208392,14468998,2067611,10730025,2241846,11198942,13898090
کاور ردمی 9 S,9172828,14322897,14017564,11752085,7723998,5927210,10245642,4877971,7370328,1683331
کاور ریموت سمند سورن,3444158,2869152,213731,5536763,8498898,12204734,12656609,8968351,9898703,8009061
کاور ریموت ماشین fx,785436,7969736,8436769,7963042,607213,4107592,5119153,8173637,10091060,1968037
کاور زيرو وان11,7774474,267237,521444,493952,1554506,14059985,6766561,12457774,11781177,10082995
کاور زیر زنجیر دوچرخه,1998383,414587,3786675,9358671,8430508,764033,1930011,2870931,7517005,4257429
کاور ساعت هوشمند گلوریمیgs2,6424828,10610120,7338066,7362047,3055850,3513813,14958401,8000168,38873,11704036
کاور سامسونگ a5 2017,10650567,15104501,4982964,6595121,13852850,3656144,921961,13167520,9048521,8632233
کاور سامسونگ a54 دخترانه,8503217,13031790,312368,12974035,7882390,11505940,8223587,4006952,6431053,9795665
کاور سامسونگ گلکسی نوت۸,13613146,10617230,3228627,7497665,10591265,13462878,5253135,9843310,2588057,15034858
کاور سامسونگA22 4G,2365505,7269213,3090192,1619296,1571159,1813686,3017645,58060,4496519,13536155
کاور سامورایی  space,12083895,4415866,2258784,4033451,6090847,9321700,4917171,13530628,7517005,4230579
کاور سامورایی مدل magic ring,9791693,4852451,82697,9215637,5426875,12921564,172516,640031,4345700,15873939
کاور سانی لند گوشی شیائومی poco M5s,10475216,2538094,6904486,12057211,384314,15400948,1120125,2983747,12598258,14540468
کاور سه کلیده سوئیچ  سمند,12170248,5333465,790960,5987137,14176170,8365337,10542440,11315279,7272855,13710651
کاور سوییچ برلیانس کراس,2050509,495439,15514368,8339334,845953,699252,586696,3213581,728168,10612566
کاور سیلیکون iihone 13,15379121,3509610,303259,5656137,2675756,11563408,6520197,150119,349244,482795
کاور سیلیکونی برای a32 5g,4941308,10941341,14980996,4290740,10709261,11419558,1116925,5657926,12218381,165896
کاور سیلیکونی ردمی 13C,2944457,3068985,761004,6854659,9164788,15843973,785436,15104501,3209596,9389490
کاور سیلیکونی ردمی نوت ۱۲ 4G,9951863,4615121,3147621,2238243,8541903,7380557,1006905,9480573,5821167,3265330
کاور شفاف گوشی سامسونگ a52s,913831,9358671,5688651,11747272,9764007,5806302,5622402,1569587,11467012,6099091
کاور شفتف لوازم آشپزخانه,10434325,6324209,11069323,15325190,15115718,9183864,16414350,239854,13278798,4049523
کاور شوش دسته ایکس باکس,7529183,1130441,5719130,2561758,10784475,9419737,717455,1154351,10875835,160034
کاور شیائومی not9 طرح رگنار,2888891,83472,1733659,13618602,6425156,456522,253294,4827418,5266126,3046475
کاور شیائومی نت 11 موناکو,124806,11698854,4997418,11547843,12534060,11145215,1582817,3640444,6484699,2951264
کاور شیومی نوت ۱۰پرو,3728454,163122,427025,2364525,13983929,10385896,1037393,8859039,4167728,4834974
کاور صتدلی ناهار خوری,3820358,9686380,4207004,10669131,2716707,4231446,12421466,883904,17058307,8242042
کاور ضربه گیر لپ تاپ,3998803,8735928,1510875,4113547,10146144,8771613,15302658,12418657,5656137,12467982
کاور طرح Starbucks مناسب گوشی ایفون ۱۳,2262129,12946769,607449,10903141,4854361,11382166,8754590,525614,686339,5173333
کاور طرح بتمن موبایل galaxy a30s,2898190,8163117,8400781,4369697,12950291,10416315,178772,16720639,8094333,5927210
کاور طرح خرگوش پشمالو مناسب کیس ایرپاد,3540635,1471612,10968638,8775614,3882123,7513569,3179287,7022529,4197457,8513272
کاور طرح دار برای PS5,6821038,3876063,15294551,14052859,9843310,349244,2307028,3592192,12295499,11129004
کاور عینک اغتابی,6904486,770259,11246905,3138852,3364154,3797495,3532676,7338066,10753494,9719731
کاور فانتزی شیائومی نوت ۱۲,13081627,124806,9976443,4268372,11532754,2137967,10131996,13461620,11392513,11107079
کاور فلزی سوییچ پراید,15096900,7047648,7631473,684396,6696145,1047824,15147803,6976256,2406103,8823098
کاور قاب 13پرو 4g,14030491,7301613,11648685,8481682,816670,11717667,2817194,8665806,349244,7390635
کاور قاب تی رکس مدل  jelly برای ایفون ایکس,4640717,3444932,9489581,3519765,6839209,12598258,2283053,10076719,23134,4386912
کاور قاب رلمی c51,7200364,13153601,7283591,11646607,17038129,2453294,11769387,16644032,2731192,13938626
کاور قاب شاپ مدل سولید هپل مناشب a12,14413764,12868672,4829705,5161662,11288948,7393072,11474078,9984477,11069323,17431061
کاور قاب پسران  گوشی,2382422,9842497,4122281,7221868,14243874,9326693,5209137,12164030,503450,8996055
کاور قاب گوشی سامسونگ s9,9442728,3123964,3656144,3840587,7191359,9889442,684205,5338175,15030538,10133630
کاور قاب گوشی مودل ویلی فین,5875063,2959261,2279639,1476154,10361389,6821120,7432217,3451396,104511,12277034
کاور قابمل,13389605,315578,5019972,13145967,9169334,4214565,12057521,4369668,1786026,6812434
کاور لب تاب,2140891,10701126,7009820,7139307,7858136,3868112,9665402,1797827,3234768,4885876
کاور لباس ملحفه,16051918,649515,837213,12247887,3904662,4428968,11706479,6324209,7975836,11342834
کاور لباس نامرئی,8806208,6175504,12565176,9772865,495528,5306585,1932704,4986492,12110498,398852
کاور لپتاپ macbook 15,14478692,286137,9970279,12453934,9861439,9385254,7060891,13343048,383320,11591216
کاور لیمیا مدل فانتزی ردمی نوت ۷,8012146,2995939,2262280,732825,859931,7274780,7517005,405912,1610239,7874377
کاور ماهوت برای شامسونگ note5,4417091,9053136,10172799,4256269,14057588,2728942,2610238,13634628,2501174,5782821
کاور محافظ فوتبال دستی,12999394,358809,869964,2819510,12886626,4304206,623214,14326964,7999221,3306896
کاور مدل A107,6880140,723895,8808913,4043035,876180,13856310,905385,8669736,8330682,11115659
کاور مدل اکواریوپی برای سامسونگ a24,75270,75129,2050108,1595358,3612596,14217959,9567498,281447,2522912,877254
کاور مدل مگ سیف Clear مناسب برای گوشی موبایل اپل,5522277,10548632,870862,723003,2428872,12387366,4294804,228408,1664086,11256459
کاور مدل کافی میکروب,9339202,6363324,4587844,743370,7703175,9715584,11467023,946160,5698096,3750835
کاور مناسب برای گوشی سامسونگ s24اولترا,11856664,12395584,5335486,12981618,14144893,1585425,12886918,11337905,3505056,13454932
کاور مناسب برای گوشی موبایل سامسونگ Galaxy A12,5116408,13258196,845735,12905727,13918199,743370,10960911,11404947,8489421,3177340
کاور مناسب شیامی نوت چهار,5438621,99116,17025073,14793809,4852495,4473720,9133186,10758233,5420739,2186480
کاور موبایل a24s,76284,282952,4460787,12684890,13191343,13238409,6288066,5699051,8685101,4801614
کاور موبایل a750,4423608,5024364,7910536,544817,11729962,2028108,11568979,1533016,11932261,5366507
کاور موبایل ۷+ ژله ای,2610238,2725162,5597635,3081860,8900054,4201913,11697889,4244349,6290252,6323922
کاور موفی  برای گوشی پوکو اف ۵,6164269,4854361,7901711,12703423,3022844,6854553,2118749,6135391,13733790,3245302
کاور مگافون گوشی Redmi 8,4167728,5193119,4800187,10934228,185902,2967739,981922,10941341,8149411,1443507
کاور نوبارا,1770280,4207087,5019972,15982093,6424773,4231446,13518262,11689074,8655927,8578896
کاور نوت 13 معمولی,12710813,1050226,1420638,14105831,11394257,4897005,4242148,7886575,4520505,3798930
کاور نوت ۱۲ فضانوردی,3627522,8929741,602199,12992663,6245130,11204388,16414350,1999745,556663,12446652
کاور نیلکین poco m6 pro,5347419,12586823,3011771,202993,346512,11173228,10632942,8988196,9732811,5129444
کاور نیلیکین برای گوشی شیایومی,14176170,8344086,5209372,9080302,8578639,623009,456337,8866541,14017355,10094197
کاور هدفون کلاسیک,7054953,12914437,11724481,9073973,3496519,2689836,788542,723178,11906988,142420
کاور هنکر R50i,1568408,11411415,15963251,7676113,4704767,10952198,2887055,4366604,13142006,3446756
کاور هوآی آنر 8,10237807,3123964,11465854,5664022,13538016,12177638,4119534,10302972,14843838,13876480
کاور هواوی نوا 8,12886626,9835817,3398369,14346184,10120510,12648431,13507309,7365384,745924,3152704
کاور هولدر ژله ای گوشی,214257,70798,4063077,6815361,11464521,9893926,4065469,7855730,183120,13581904
کاور و قاب گوشی m32,2915486,643764,10621046,6943577,9668361,6553359,8387744,8312675,11562239,7633230
کاور و گلس سامسونگ گلکسی  A34 5G,12522411,7946573,13099858,10467137,16709388,1606824,73856,640156,8421822,12126126
کاور پوکو ایکس تریی,6374300,2194673,9180751,968220,3000679,7512551,6503651,6561991,10729281,8917094
کاور چراغ,5395458,3229989,7944449,8934618,13676387,7934152,3318548,7465665,9540940,558843
کاور چرم 13promax,1733659,12830142,1602837,702346,5620616,12619125,13237105,8552999,2213318,3658747
کاور چرم کتابی,2132669,4800187,5026076,5545158,6213165,10676179,1819575,2501820,13639983,5749229
کاور چرمی ریلمی 11پرو پلاس,70639,170017,3723264,11064523,14574540,882871,12071121,6035037,426944,6062855
کاور ژله ای ultra thin j7 prime,5616229,12656284,7294075,2288660,1664086,12560315,1048014,3627290,13547574,11609497
کاور ژله ای آیپد,13939525,2973194,7761376,9554045,2842162,13519086,4423608,683854,5004494,16576316
کاور کت و شلوار چرم,8112567,15290047,7094925,491846,8836225,1161598,602981,14651486,930487,9435157
کاور کتابی گوشی سامسونگ A7,12506890,3372647,4433459,12016209,11000524,11648685,2230861,3899873,2124125,9749301
کاور کد تری سوتیبل فور پوکو ایکس تری,13323051,3784786,1577264,13343888,4258720,7406081,5746546,1802368,2779773,68830
کاور کفش,2846889,806227,7337056,5427924,1942334,4347082,7715987,9550584,17353965,1625468
کاور کنسول تیگو ۷,133187,15912361,3701566,4440247,4608283,12656284,7603988,9704028,4231446,10693211
کاور کوسن آنا و السا,8279929,4428121,11494321,11974409,8431072,8122486,12722869,5062268,1760680,1503088
کاور کوسن مسی,10758233,7063890,4952671,7991389,2365230,1160809,115561,11652937,10487720,2068072
کاور کیبورد لپتاب hpzbook,85086,3666815,17111036,8150060,1512525,12233629,2930956,9357417,3428211,759520
کاور کیس هندزفری سامسونگ گلکسی بادز ۲,968607,1141733,11347199,10358668,12447072,7390635,12587156,3389938,371256,9252574
کاور گارد    note 13 pro 4g,13783263,2290116,10996549,3875383,2285284,7360152,14271352,4000803,798880,5371740
کاور گارد گوشی اپل 11promax,1768109,1677740,7548524,15502469,12804885,11296848,13132596,13140719,4264439,13350621
کاور گوشی  a15,7976209,7128270,7311695,14030174,6966279,12660228,143608,9839290,3612596,4566914
کاور گوشی  iphone x,7246492,7994727,4551871,13706806,2577240,9234149,7747911,14141928,4063077,11827932
کاور گوشی  شیائومی نوت۴ X,4934765,3037894,3701580,5984204,6225235,16537303,7994727,8891000,4949229,602111
کاور گوشی  موبایل اینفینیکس smart 5,1778968,14759198,493952,8517823,11958261,11593139,11098794,4783176,11060860,11995524
کاور گوشی Redmi Note 13 زنانه,3232487,1914498,5803998,649278,14257875,4347082,822322,5360007,3554505,4423391
کاور گوشی Zflip4,12402803,8481749,4226290,9196930,4251573,12560714,8004308,5035423,3329347,5056646
کاور گوشی a 32 4gسامسونگ,11891409,368602,7802294,8259586,8370107,10632211,7734681,13027898,2285284,11103549
کاور گوشی a 50samsung',8359706,11572853,4288693,4173214,334514,5823722,7297459,284267,790960,4165937
کاور گوشی a12 بی رنگ,10897293,5409641,4344817,2915486,5116408,3008807,15309498,12702443,7364909,6870884
کاور گوشی a3شیائومی,1563637,5926516,9896560,9384931,15165767,826701,11275113,9372061,2383451,12149756
کاور گوشی mya_l22,2089470,9079304,13353223,303259,7258579,14760870,11872564,7926499,389422,909730
کاور گوشی re mi not 12,7929065,166234,10116615,10103649,8229659,13852850,2821694,9747174,5703297,2873984
کاور گوشی redmi ۹ bride,1742756,12586823,12202419,1563637,12075125,13012373,15400948,647792,8996747,11643491
کاور گوشی s21e,2759870,16670787,170684,6866316,10518512,10747132,2882990,5366234,5700311,7467783
کاور گوشی solid Redmi 13c,5727653,9688202,6164402,7584679,6980916,733785,559882,14333262,13728402,4621360
کاور گوشی آ ۲۰ اس مدل زنجیردار,12014271,9882049,7165658,8912519,5663144,1612670,308517,13706781,11646607,9987921
کاور گوشی آنر x7d,1048946,7232637,951506,2213318,9233353,6787990,10387007,7144875,606344,11254524
کاور گوشی آیفون ۱۳ معمولی ژله ای,5831949,13454932,4536071,5170007,14277291,3280349,12957372,3943482,9147653,4679632
کاور گوشی الکترو پلیتینگ برای نوت ۱۱,2363856,3321686,10340665,5175141,6940473,7595752,9944694,16721016,71942,4931454
کاور گوشی اپل iphone x,2127877,5845932,10719782,3085247,9544629,8561802,7553658,1048427,2805018,8620945
کاور گوشی اپل ایکس,9365889,16753709,9603981,7222721,4956004,13218038,12015718,4929072,5696383,540860
کاور گوشی اپو رمی 10,54695,8134818,11423012,9079562,4391448,5095462,12819153,15014636,10201221,8112567
کاور گوشی ایفون ۱۵ پرومکس,14783795,752022,1107630,983854,10066988,13003487,6680257,9622549,8222387,3068071
کاور گوشی برای۱۴c شیامی,2842595,13462878,12910731,172614,10386289,8688900,13808069,6699387,5064582,3797526
کاور گوشی تراکتور برای a22,6943665,843847,482,14257955,4054354,6517193,216366,3548085,7862940,11400727
کاور گوشی دخترانه آسی اس,9864095,8812442,7999221,5182912,8283197,1792089,7142851,7314195,5592158,9302065
کاور گوشی رلمی3053,2511416,14109840,3591118,15318307,4956709,15489612,7908031,5228840,7219645,452359
کاور گوشی سامسونگ a14,11891409,13322394,8673314,3701580,7125606,9713027,551270,6821038,12804462,2289856
کاور گوشی سامسونگ s7216,4866896,204608,11589912,15231794,539062,14207701,10346293,14596741,11431834,1168656
کاور گوشی سامسونگ مدل a32 4g,491322,4968240,12946769,11322928,82573,12219863,795328,10857130,254080,8169830
کاور گوشی سامسونگG4,5165276,9843525,8789224,3783648,9732812,2932463,11519492,3287572,2129272,4338814
کاور گوشی شیائمی مدل pocp x6,4681587,11476129,12836062,81887,5926917,10948118,7922580,804925,1692778,4360062
کاور گوشی شیائومی  نوت 9s سرخابی,6830905,780798,17088276,4322738,9513525,10998475,3140001,12452046,6854837,3003351
کاور گوشی شیائومی ردمی آ ۲  پلاس,7742260,756145,3575224,14126372,2333861,13906966,9755208,9806934,8087355,13514411
کاور گوشی شیامیpocox3pro,7106192,81373,5127858,11866878,15325190,5140235,8267393,428979,5823722,5410960
کاور گوشی شیاومی پکو ایکس3پرو,5930020,8519455,8900054,14057588,8716895,8106665,10553926,5409265,6748254,734180
کاور گوشی شیایومی redemi not 11 pro,9838220,3633322,1923667,10893795,6706357,5522124,99116,9251888,6163723,3062680
کاور گوشی طرح آدری هپبورن,3984726,5085833,3140001,3068071,12986138,7180091,7135168,3447048,10977127,16204164
کاور گوشی مدل space samsung s23 fe,13716432,8096411,1037470,6838163,7999221,7289290,490549,2873515,7165982,67965
کاور گوشی موتورولا g9 play,877192,3867621,4411947,5182912,8695838,3232487,9780923,4878067,5283135,9899588
کاور گوشی هواوی مدل فضانورد,11475653,11765611,1424203,7537782,363346,6076259,13879779,13782957,13280973,649509
کاور گوشی هواوی وای ۶ اس,718577,544767,8449261,5528497,9513525,7032222,4423391,14415657,781413,6427337
کاور گوشی هواویy530,10210459,1868597,8842022,2149655,5664022,9970279,11562239,5656107,5366234,314196
کاور گوشی هونور ایکس هشت,13691969,2387043,224150,4396103,13132596,2388994,2485521,1800278,774908,587934
کاور گوشی پوکوx3gt,1645794,4273719,13530628,10904951,3057987,315488,9976443,12215001,3555626,350400
کاور گوشی کاپیتان امریکا,14586691,6693613,596481,8179314,8948840,2283053,6446396,159657,8050238,14157096
کاور گوشی گرند پرایم,9628316,4302571,2817052,550878,341682,9961030,8171818,13452326,14078112,15302658
کاور گوشیA21s سامسونگ,3277497,5221431,806227,3236541,5373322,11035508,2552982,655912,6223265,1882194
کاور یوویچ رنو,7032222,12299894,3860309,12004169,1460055,3332088,3549810,14141928,13717450,3929912
کاور ۲ میل,10749548,7269213,8495570,877897,8513848,752022,8395146,11970874,67965,10392705
کاورNokia 2.3,9115881,14212796,3280349,2617328,14425829,8129430,16749668,6936264,639574,12449332
کاورRDMAI13c,8900256,10066988,1519801,6754789,9846424,8431072,64316,544817,5827896,14467723
کاورa12 کرومی,6991694,5129645,5739874,2262835,4328920,14226632,4109459,7593002,9342140,717913
کاورa44,8435870,8991413,3593269,1077362,8461297,5316473,15641477,12373966,52031,8331727
کاورipone 13,4214565,8794936,7373577,7340462,2085875,4990008,14279802,3107660,15034858,12166354
کاورتبلت a7خرگوشی,3592192,4863462,4952893,5664252,12670804,6577114,4569256,12285836,483943,6327689
کاورسویچ کوییک,2186330,333942,267237,384314,187585,13631449,5119153,7096895,9665263,839031
کاورعروسکی گوش دار برا شیاعومی Redmi 9ci,4289403,13147836,6706357,5404975,4661132,7062154,14287592,14720281,11809430,11851125
کاورقاب گوشی سامسونگ a15,2126582,757630,8368548,9001111,13673427,15114946,2382422,14105350,6753256,3790582
کاورلیمیا مدل فانتزی فه همراه پاپ سوکت,14275370,7561144,276319,1151448,806089,921961,2773505,7948519,556119,1913391
کاورمدل گوزنی a22,373336,6443194,6561991,12090699,957790,5364951,13341550,1703895,3046475,7951437
کاورپوکو 4پرو,9169334,8497576,117568,10288925,4380808,10725406,13502179,2698211,3569970,1108894
کاورگوشی اپل مدل5s,5700270,12889866,11443530,3644582,2525763,1505408,8337405,10961693,3254639,608655
کاورگوشی سامیونگ مدل گرندپریم,2833159,9422975,475845,4826432,7542983,6257808,14690036,80708,4380808,3198163
کاپشن,7294795,1504171,11923642,2373857,14077482,10977127,3670271,12359875,6854553,14763098
کاپشن تینجیر,7266005,657374,12087708,2441830,790960,1016194,2436338,8028665,6431666,3493675
کاپوت دوچرخه طوسی,5926917,7364490,6240057,9717168,2363856,9201855,81555,376930,15949927,14032131
کاپیوتر متور سیکلت,10903141,7577455,10661112,6926013,2196258,12607232,613239,9390955,3986306,8187878
کاید چهار حالت ریموت,8527470,8732036,2555157,3150946,1138304,12153023,4107592,12166354,6808740,3716961
کایر شمع تقویتی تیبا,608534,9611258,11475653,2137273,7826220,203183,4256269,557201,479520,6866316
کباب پز  ضیتفت,10268467,5027766,6350773,82169,13852850,8552325,11969895,10513443,7703175,1826076
کباب پز جم شو آریا من,6349467,10541057,13282306,13968566,1942334,429723,11277102,556119,2930956,4630526
کباب پز رو کابینتی,1803281,7417615,3876416,6431666,4753019,285041,544744,196351,1485962,6884317
کبریت چماغی,3368623,3405536,1016395,14333650,7778595,4056938,7728675,7835147,273192,2976227
کبف پول مردانه,10238864,6378150,4804290,2716707,315488,5269360,6833688,2830183,2676218,749485
کت بند,775333,681938,9434505,14724466,6360785,71623,10100238,3166341,2543130,7618978
کت سنتی کوتاه برای سارفون,8931122,8023443,4649136,637957,11283001,5719130,1481699,11098794,9615843,569376
کت شلوار ال سی من,464143,2315554,4319256,13353223,708556,13618602,4397106,831292,10214171,4970277
کت لی بچگانه ۳ سال,9850282,6553359,2965700,9301361,1863815,1845303,1928758,5129444,686339,8206881
کت مجلسی مزدانه,9786391,9588977,8337966,7898863,7094925,961300,766062,9788096,6004161,15121526
کت مشکی و سفید,646667,9260890,279853,2110368,7293937,1602309,14555784,7902972,974348,7427113
کت و شلوار اسلس من,8950594,6975559,1913391,4866896,12212151,490435,14864302,1753907,829327,7961102
کت و شلوار زنانه دیپلمات,5922059,478133,9545062,1768509,4013155,10692740,9161608,14578891,4225979,468522
کت و شلوار مقاومت,11551035,14210521,8549674,515133,12401047,8150060,14498545,4454387,6772505,11217296
کت پا ایریزر,917261,9826552,7761376,665130,2775237,8166873,1609964,10521208,7232503,11098593
کت کوتاه مجلسی,8925030,6436906,6819000,1112597,7129303,7890775,7614409,9198712,8577079,2259182
کتا ب اسم تو,8536946,8616817,5620722,9361439,5258933,7751621,12594084,8093927,4441224,12057211
کتاب  آنه شرلی,4584106,4197457,13145967,2032185,9674839,7054953,9870251,788542,9607570,1859403
کتاب  الکی خوشا,2764863,7128270,7278624,6812434,168079,7297459,8498898,1121434,2127877,8492349
کتاب  دنیایی زیبای ویلون جلد ۲,13431892,7140776,12949181,1770280,726125,4088765,11227268,97115,6360785,3855570
کتاب  پرایس,2911194,2042181,251724,31848,5024364,8552325,7533618,9147653,10461490,6935322
کتاب 4 جلدی,8725423,10396351,15087423,1420638,14763098,14105831,8842052,2819510,545029,4354296
کتاب 48 باک,9089232,2194673,14398280,14126372,7062154,10475384,6076259,1158687,5182103,6211018
کتاب 504 واژه ضروری اثر ماری,5004533,6963614,9388540,4833378,9861439,6256896,7644288,8746196,13266648,6338303
کتاب 6 انگشتی,8563832,910280,502687,395674,7048378,4890217,14544185,284267,817054,13033468
کتاب SPECIAL ENGLISH FOR THE STUDENTS OF COMPUTER اثر Manoochehr Haghani نشر سمت,5749873,7532175,10288460,3050985,10402620,7547365,2588057,13784427,13452326,7920573
کتاب functions,3561465,923971,930487,13853364,1734275,1829340,5115533,2915486,2351153,12100062
کتاب hedway,12219863,10349066,2825886,326946,5700211,56743,456337,7257502,9864095,7745142
کتاب j b کلوز,4734311,3780542,9260890,9120939,15825827,6095671,880451,80150,3904662,2686164
کتاب mort,7612355,5182103,7356395,10815671,8057538,2085571,14192992,12308731,6810419,8792625
کتاب آسان بخوان,8392552,13507309,482666,5080871,11153458,623214,6993065,6213165,11997584,5396467
کتاب آقا موش پستچی به تعطیلات میرود,1887326,17449743,14522041,8444265,14264177,7426186,273192,3759644,9586268,11141250
کتاب آموزش قلاب بافی,12122174,522903,10120510,2171811,8230805,937828,14659658,10355916,10040094,12064951
کتاب آنه شرلی جلد 6,17060887,10977127,6779488,14359691,8677650,3804921,12920165,9169544,2843881,9198712
کتاب احساس,64316,2023379,4202907,8225657,8701936,9860681,10253376,4341832,11358108,2667217
کتاب ادبیات فرمول۲۰ ۱۱ تجربی,3941575,482116,3138852,12149756,52824,3548683,4214565,5796314,9648721,202703
کتاب ارایه های ادبیات,1475568,12878488,4196851,14566156,3291393,55072,916408,1016395,7925806,12131211
کتاب ارمغان عشق,13094132,12974267,13709490,10040064,14023903,9063227,5874959,3536591,296151,23859
کتاب ازدواج غیر فارسی,7241123,11519492,3241307,855953,6230942,5264418,1484777,826701,3027097,12243728
کتاب اسرار ذهن ثروت مند,11368177,11841668,596481,5062268,4985247,10749548,618869,7886575,10909098,7914100
کتاب اسفندیار فارسی ششم,608655,11517957,8619571,11852527,12503760,773877,8882003,4011001,10282482,7798139
کتاب اصطلاحات سینمایی,12571887,981922,13514411,7877545,1139534,3107660,14909514,1154351,10434325,831292
کتاب اقتصاد برای هنه,13634929,4957468,1150578,5963977,6338303,4418268,11106492,1020995,2074381,12957372
کتاب انتخاب سخت علی صاحبی,1563637,4783176,157972,2215376,3971425,8910724,2672678,13619045,12802226,11872221
کتاب انها درنهایت میمیرند,3229989,10977127,4520505,797508,5720281,1152961,13191343,82093,8955395,2752622
کتاب انگیلسی touchstone 1,14793930,9540940,4017472,10319520,12260841,11400727,5133583,1476125,4033451,4054354
کتاب اگر حقیقت چنین باشد,2572985,307095,4878993,7340419,13733790,12457646,5409641,2415653,10237807,13083849
کتاب ایلیا فصل ۱۸ ۱۹ ۲۰,12362441,1612355,9959461,9135138,2770901,12746508,1111878,4486514,11593938,1811853
کتاب بابا لنگدراز,6469883,1688380,8259803,5762262,2106573,3889673,14209762,10350155,7706929,2438582
کتاب بازی ها میراث,11492437,9954981,156181,6997735,8949562,10459614,6475537,8639614,16027580,13469479
کتاب باسیک گرامر,1156848,9333587,224849,8122684,1570634,56743,7048378,6175504,7340116,4738948
کتاب باکس سیف,8513848,4385504,9941383,2764863,9488962,6737394,3588460,8735928,9835817,5569495
کتاب برای بچه ۹ساله,13869378,4314693,14782819,7869818,981926,14310946,4680056,6821872,13712573,7269213
کتاب برای تقویت گفتار کودک,14030174,5487496,7094925,2835534,384900,15205385,7709371,1804262,2577240,2841775
کتاب برای سن ۱۰سال,13677379,13976650,4677719,684205,5209372,8842052,3861346,1970039,1882194,7638525
کتاب بررسی وضعیت سلامت برای پرستاران,9377230,196762,4013119,1642892,10546457,10902708,17185127,108299,640156,12283380
کتاب برونر گوارش سودارث,12871160,626446,11589339,877192,7978816,160034,3218826,6924312,10289010,4056938
کتاب برگرد به تخت,4062985,457298,7167500,622748,2152938,773877,11246431,10146144,7715882,9674839
کتاب به دور از تعصب,12152329,11778310,4242098,6693613,3993200,4816942,9252574,1004021,9384920,419085
کتاب به یادگار بماند,3592192,3238360,3055781,6526822,2373857,11221056,7595752,845953,9470748,4396103
کتاب بی شعوری اثر,1860173,364752,379758,9364733,2383451,5556727,1930011,717052,17647594,1597971
کتاب بی نهایت جلد ۳,264920,6374504,803587,3170102,10857322,7524780,6580651,8675008,4439658,5963977
کتاب بیاندیشیدو ثروتمند شوید,5301082,308517,2013405,14088436,3614592,11643040,9489581,889648,2861067,599786
کتاب بیگ اینگلش ۱,13947776,7546533,4852495,511859,16620811,7172055,7221868,97756,11361274,9979410
کتاب تاریخ روان کاری,12364793,8230805,70325,12090877,10045773,11846022,4905454,9515648,6941354,8176598
کتاب تام و جری,411716,13628250,12719812,915063,3686404,7983359,13191343,255406,786933,10901361
کتاب تبزهوشان,3366928,1523112,2540239,733765,482795,14065867,9062550,1430706,13041645,3381852
کتاب تخت خوابت رامرتب کن,1079839,11835776,5790627,1803281,646667,13321487,15390774,2110181,8397962,6498494
کتاب تست  تاریخ,3318548,3140001,133158,8996747,837412,2510748,9700707,4043035,6383690,6496163
کتاب تست مهرو ماه,8208392,7142852,1765774,906231,13357606,558843,12694048,9843310,5266126,124806
کتاب تسخیر شدگان,15165767,13786741,1732746,6796444,2357210,12702443,5438621,4225570,9071288,743370
کتاب تعمیرات کولر,12506890,2839217,142327,2294408,521444,528137,11838209,7798997,4519838,3643724
کتاب تنبک قاضی عسگر,5129444,5350250,5618757,10544675,1917569,3950734,11769387,797880,13536155,5703443
کتاب توماج,1512525,906231,10035800,8577184,2743922,3587147,7645771,11354540,9953477,8589994
کتاب تین 4,9568957,9706126,11729962,14659658,9724039,14894786,8687712,7135168,12886626,8658665
کتاب جادوی چپکی2,14410946,2052436,5117308,4417108,4338814,6843702,14090709,1432204,16376250,13431400
کتاب جدول وسترمان برق,8133086,2262280,5337932,8688900,103095,5460742,2230780,11151891,3055781,11026740
کتاب جمبندی شیمی کنکور,2763623,11132726,6252585,12090877,82937,429723,8982851,816444,15014636,10058099
کتاب حیدر بابا یا سلام,326100,7806669,12522765,6435133,10518512,10860899,12625697,9294022,5127099,2393637
کتاب خانه کودکانه دخترانه طرح خرگوش,1151425,5927210,8820530,11217296,9938759,7818581,14194971,1084233,12395584,11777691
کتاب خدا و ضرب امثل ها,409618,9928540,17039636,1070089,31644,11281765,2375395,13113689,1115788,11199716
کتاب خوداموز,2415001,452359,5890321,5395458,2513243,495528,9330978,187723,7826220,910280
کتاب خونه طرح درخت,9953477,9327243,15290047,5140235,8370339,10129178,669307,10824198,12222869,15096900
کتاب داستان آشقونه,17420991,5054403,6566014,10148366,2091251,11106492,9183156,9478226,3840587,4515379
کتاب داستان بزرگ حودک,3907654,10218962,7486201,9339374,602111,6596396,3710946,17837434,9362011,8318670
کتاب داستان بزرگسال هیجان انگیز,5210649,6562476,5127498,8461297,8283197,8315267,12120757,4826653,7293937,2689056
کتاب داستان تولد باب اسفنجی,14093711,8532954,7192914,858645,227680,33589,6876011,2986975,5059385,1645222
کتاب داستان سوپرماریو,1946671,7142852,4234289,6613130,14043492,848850,9342140,4878993,2572985,10683103
کتاب دانستنی های کهکشان,14050989,12351230,3919055,515848,10498126,12309780,6859966,6593522,1592461,2373857
کتاب دختری که پادشاه سوعد را نجات داد,2364781,169240,3385777,4063077,633484,14554743,7790114,2381178,973138,3821449
کتاب در دسته نوحوانان,4615249,14484598,2743922,12527301,1850809,8658323,10076719,10374499,1610096,159657
کتاب درآمدی جدید بر فلسفه اخلاق,5035948,12295866,1722604,6290252,14490208,13886812,14852587,1645794,7257502,568650
کتاب درمارد,15595047,8884275,13777064,3366928,3621770,8648012,8435633,14162875,6035037,27830
کتاب دف سیامک عزیز زاده,3756468,6936264,17027259,2829818,11419082,5482819,13716432,9839599,3499111,790960
کتاب رهبر عزیز,13784427,7048378,6092808,562382,6796444,4104881,13229539,9126030,3280349,813540
کتاب روانشناس تارک,1593759,14990284,9033409,12303596,2858093,680665,6431053,532966,4532245,7964485
کتاب ریاضی نهن قلمچی,13947776,3572733,1108894,1407137,10774889,10730025,806227,12030029,4564067,12084333
کتاب ریاضی پایه نهم کاهه,2821156,10551233,1025472,4369668,284634,3534947,1516654,10970047,3115148,1447966
کتاب زبان Headway Academic skills,8461494,1064939,10688144,11750358,3055850,162410,6884403,10416315,9120939,126688
کتاب زبان Oxford world skills,534592,782048,12974267,143233,6932366,7432879,5408675,27956,536476,5092438
کتاب زبان let's go,11398248,4941308,6069316,2391271,1658599,7140776,11689074,419298,4254832,8927059
کتاب زبان انگلیسی با بازی و سرگرمی,7816428,4417108,8293249,9080322,809776,537379,8366107,8884664,5948450,4502122
کتاب زبان تخصصی رشته مهندسی کامپیوتر,6007873,1560539,17436439,13906032,10641993,11589339,6435265,1158687,9917529,1084233
کتاب زنگ ها برای چه کسی به صدا در می آیند,2848026,9215637,12807344,9652949,9570265,12419954,11032647,5420778,487503,11912336
کتاب زیبا نویسی کلاس سوم,13712573,8004308,10262137,14281859,177628,17470082,11649541,5143645,1586166,1789517
کتاب زیست کمپبل 3,12921491,8402429,14257955,5148050,2186480,6276902,5890764,6461093,2177156,14365697
کتاب شاه اسماعیل اول,1972289,12295499,10451858,3050864,7561757,10115746,10815671,10058591,4153002,3890870
کتاب شروع مدرسه راهنمایی,12062791,10017891,12506843,5793021,329106,466002,16216627,5111291,9870251,13150307
کتاب شهر های کاغذی,4207087,7544531,674062,2160141,15986310,7577455,3815764,15094280,7644288,8511358
کتاب صحیفه سجادیه کامل,95563,8735928,1024260,10620531,14151937,6817528,5110719,10130577,10602118,6404633
کتاب صد سالتنهایی,13301972,3563723,6294267,2130522,11106492,6986157,831292,8681180,10389840,5932038
کتاب طراحی لباس فنی,5025436,157972,10703295,763107,4015327,13906032,3046475,2052436,5236892,14799817
کتاب عکس گل,11199716,11568979,10548632,1257,3426975,4395535,2934337,13905556,12774902,1477021
کتاب فرزند والد انسان,2714257,2963787,6331516,2710686,6657649,9676345,13463142,8222387,13618602,9889442
کتاب فرمول بیست یازدهم تجربی,8669046,14014431,11704036,6316207,7913417,753092,11506193,3275535,10388992,9105099
کتاب فرمول ۲۰ فارسی یازدهم,3528392,14876850,1989272,3426975,6349054,7828165,5132167,2357548,260265,10010228
کتاب قانون سه ثانیه,3107660,11578992,5659020,6554716,13279036,2752622,294012,333942,452359,4353116
کتاب قرآن لیزری,1017455,4341046,475424,7462044,6299689,14525482,260265,14574494,1496876,6506441
کتاب لوکیشن,11558570,15205385,2958150,6869543,1563457,1914498,3017645,6780397,5261987,2047207
کتاب لگن من,10749548,7108523,8842052,10335726,5036141,4419202,8827722,7364490,3981709,9377384
کتاب ماجراهای من و درسام شیمی ۱۱ تجربی,3713495,11382166,10087528,2375395,84636,9622549,8166873,6587059,13251588,1021213
کتاب مادر کافی اثر جو فراست,16216627,514988,7219736,8285771,14188564,13628250,10077614,92087,6647088,9330978
کتاب مجموعه خوردم کن ورانم کن,11137693,13359318,11419580,622748,6798757,4314126,16336108,2315399,5482819,13240386
کتاب محاصره شده توسط احنق ها,5930508,12421466,162492,5066318,551270,2223115,860400,17294257,3243004,1511968
کتاب مراقبت از بدنم من را قوی تر می کند,11000594,10633491,13413731,4970277,11637009,542963,9899588,8183334,11625433,12747983
کتاب مسخره بازی ها,7279987,12172885,12428216,1946671,5063472,4414114,7444423,13278587,4819160,1513242
کتاب مغز شگفت انگیز تو,11294197,1479187,7180419,16576316,4270359,9733549,6241074,8860574,2414238,6105280
کتاب مفاهیم سیستم عامل,13299223,5373322,379758,228408,11101125,74899,8028665,5005084,6035112,4341046
کتاب مفاهیم کره,10593941,6184497,2842597,2983747,3181786,7524780,3022844,8806996,10442878,4070674
کتاب من عاشق امید شدم جلد دو,10635382,11602537,11029535,13677379,7422785,681270,480743,5319481,3364154,3229372
کتاب من قبل از تو,466002,14264177,472306,6331516,10697178,9664454,2993702,9045018,9033542,5717374
کتاب من لیاقتم خاحافظی,12503760,325520,7165982,816383,806140,3723264,9238765,4886374,9080302,12303596
کتاب من و ساز و کار های دفاعی,7444508,8513272,6958247,10914314,13280973,6423408,13709699,1828208,7247698,8938625
کتاب مناسب سومیا,10527339,14472064,8896427,5373322,13094132,1645296,5426017,12799796,8173637,3257807
کتاب مواعظ آیت‌الله حق شناس,8081582,4738694,4256612,380267,7118751,665130,222399,7161046,9567048,4421343
کتاب موسیقی سه تار,7813657,5426868,7344545,13413731,13692930,3554456,1504171,8337405,6762832,2213318
کتاب نان و نمک,3818283,6446396,2585084,5091908,804739,9864060,5236984,7237459,12664374,10808695
کتاب نیل سایمون,6997676,2708994,6144723,8041694,4481700,8509775,12673045,12638151,830064,7662294
کتاب های active 1,17011472,5143645,10957908,202993,831820,11117061,1677740,7990598,7715987,12379255
کتاب های حافظه,73006,9301361,6450361,6953542,1515290,5139942,7775776,10172799,10017523,1645794
کتاب های دهم رشته تجربی,4417108,9997705,11463490,7553658,10548632,14413968,7317800,5062268,14477251,1708587
کتاب های کانکت,12673270,11721686,1101531,8866541,296290,12851647,5253135,4934765,557201,1070089
کتاب های کلاس اول دبستان,8736641,712594,6226528,6460591,11410958,3540635,1575818,10011361,6062855,4354296
کتاب هنر گوش دادن,7297459,4258720,9647229,3155935,6829003,14203413,3609559,10514238,3534947,4488066
کتاب هوش امین,5424088,3591118,6241074,518389,145212,6090847,4630447,977697,10729478,5426868
کتاب پاکوپنیا,5575468,14220127,11592601,770896,9208067,2936817,8884238,11772475,9083865,12976560
کتاب پرتقال جادو های همیشگی,7987018,13239760,12883002,17381762,10111583,1110715,6963614,4908919,7877923,65292
کتاب پسری که رهایش کردی,3500477,1734063,8370107,7535129,5409265,2505460,57321,13015000,785154,4684626
کتاب پیش دبستانی بهارک,12582151,11947253,7379000,4547127,13692498,12648743,3950734,13035118,10688144,7178451
کتاب چه کسی بود,9351509,8730255,12437914,9244048,9329759,12229635,7188425,17792304,2250588,544767
کتاب چهار حیطه‌ی ادراکی ابتدایی,1070091,6365957,3833118,10769991,11196611,130176,8257025,2779773,1738232,2364525
کتاب چهارراه پولسازی,631598,6393459,224150,10058591,180937,1161598,5762765,2242479,13349064,11734482
کتاب چگونه مثل یک بیلیونر فکر کنیم,272263,7970320,9850282,3223084,11689074,96423,7812626,546625,14523987,13920852
کتاب کار فارسی پنجم خیلی سبز,8994914,10161806,4878067,9063247,8398100,6080148,10358668,10244388,509122,7684242
کتاب کتابخانه نیمه ب,1910538,859931,5089067,3629964,7300449,15126953,7990598,1710707,8817271,1585520
کتاب کلی از جز,880906,17480397,7412355,7699090,666882,8106665,7340419,1958658,13126767,7016098
کتاب گرافیک یک قرن پوستر و طراحی تبلیغاتی,7790114,5409641,276728,109835,4492680,4791465,9545062,3202321,3784568,3539343
کتاب گرامر family2,633387,4607814,1491939,885682,2809693,12375156,12463213,432372,14096721,496620
کتاب گربه ایی که کتای هارا نجات داد,12427672,2085571,13985468,9423172,13266203,12180030,4631112,1570634,14862152,8392552
کتاب گردا,4823722,6373656,7220776,205739,10944728,7697738,3481212,7619749,8544546,9360474
کتاب ۹۰۰ موقعیت,7361950,9321700,12518784,9944694,81887,3627290,5277264,1129343,8255486,7498101
کتاب17اصل کارتیمی,2510748,2981561,5762323,7129303,25948,183989,4644665,12575332,7857661,2651073
کتابخانه مدل k800,4202210,73619,11116973,6567845,5720202,9708098,5972745,12789392,17177349,5885141
کتابخانه و میز لپتاپ,5782821,8577079,3291393,8397962,12695788,13083849,12443301,9611795,935451,2222566
کتابخانه کیمه شب,5562610,14055890,9732812,9516833,1029075,9752721,15029694,9196930,7719498,9780840
کتابی سولفید سدیوم,267559,10220257,11152854,2251277,11178970,8108879,9378158,5948450,6775093,13154422
کتانی مردانی ادیداس,5136293,286137,13094132,14333650,8009061,3426902,4587844,5742706,6882567,7515632
کتبل تبدیل Usb-c,5926516,156097,13580657,5190712,7819136,13969562,11103849,4876888,647792,6404633
کترب و قوری,1922447,4446783,749384,2561992,7221868,5936108,5865442,12081725,1623114,3271100
کتری ب قی وستینگ هوس,3915183,3461150,4481106,7924512,2525555,10117064,2022697,3257964,3559480,8739624
کتری برقی دسینی مدل kd990,4437935,8182052,1139534,5366234,11411164,313551,9665329,2067376,5420778,5807161
کتری برقیاسمگ,3534947,842100,4470323,12921564,8004738,4737240,452359,1128977,9870251,309830
کتری قوری دیلماز,770896,11043427,8326311,499827,916408,6335627,6161608,12467982,537379,14651486
کتل بل وزن 8 کیلو گرم,6436144,2588590,12198705,1648360,5519812,13367746,2388994,411197,9276686,5253135
کتونی,13536155,10674345,6603008,9174362,4931366,12522406,525953,251724,2744686,12499125
کتونی ادیداس ۴ جفت ۱ میلیون,1097368,5128268,493281,13945893,9106893,4405075,3144782,4929072,5235259,9542290
کتونی اسپرت بچگانه دخترانه,6748468,401242,7018165,7229796,11332174,7440533,1511968,12546075,13103817,6631597
کتونی زنانن,14089667,12935923,5750628,868716,5803476,8814788,9833806,8828407,7790253,6999050
کتونی مدرسه ای پسرانه برای فوتبال,806227,3934246,2127877,14788207,7412355,10979517,10403857,9749301,578192,5298345
کتونی مچگانه,12420468,11261279,6180333,4233240,630081,966563,9037666,8337405,10379710,6984508
کتونیhummtoo,1047021,1584875,9053136,4049858,6245130,4033451,3575155,7437726,11156752,1881792
کتیل شارژ گوشی قدیمی,14141928,8495570,1592745,7118751,9944694,11098166,11491004,2124125,3040455,4201913
کحج بیل,2074913,8497576,4057122,3208664,14310946,4184340,9843310,11989850,2588590,10268467
کدو گرانوله گیاهان زینتی,11476645,5717830,3490827,7623616,4515379,12453877,10210459,12062791,12523693,7221141
کراوات مدل گروه اسلیترین,12662620,178772,9329759,7755871,482116,37948,1435319,15128623,13798541,8823095
کراوات مردانه ال سی وایکیکی,4514009,570764,4506119,11627926,3016831,5656107,17060974,7471158,1037470,1447966
کربن اکتی,14038806,6363324,1079576,11625576,3179537,31852,14217959,16559392,9054363,3980308
کرسی برقی کوچک,12778555,7235784,9807887,3724793,1518404,6498494,15963251,2848026,780798,2501174
کرم   شیر  خر,11346346,2534522,2171400,937828,10857322,4631112,1581825,9703599,7495121,365831
کرم  کانسیلر پیریم,5904494,7922600,549513,14764965,4452530,7791972,679366,6460419,2186330,1570634
کرم آبرسان ام‌کیو برای پوست چرب,4952995,680665,515038,468936,5264549,13692930,1828208,277570,14346184,1958831
کرم آبرسان کوچک کیوت عروسکی,1075479,5901716,3860866,2313536,4344817,12594084,8173637,12344937,8461494,2932463
کرم آمیلا,5972745,13140719,17718484,9527627,13661348,411197,3008807,7505548,8365337,347537
کرم ابرسان اليوكس,2307028,8129752,5984204,14456404,10133630,7653577,7240959,6100632,4017472,11404947
کرم امونیوم لاکتات کدلین,155209,2511416,8012550,10260791,11055808,17548788,11971046,11792453,7414717,12299347
کرم اوره ۲۰ درصد درمنجلین,7125606,9484811,1967953,8960641,5356031,556119,2474467,12020076,6266760,3654193
کرم اگزما صورت کودک,3539343,619874,14054239,1677740,10661237,5529084,10875835,6294267,10438847,12920165
کرم بدن سینره,3393158,8108879,3971051,2615017,251724,4867366,3683822,1476125,2725058,15165767
کرم بلک بری,3424623,7963042,11362737,14210521,11249656,104851,971006,6274414,6446757,579617
کرم ترک جای بخیه,1662761,2385260,133158,4409667,9909994,17058307,877668,835777,178772,10306216
کرم جی ویتامینه,9463740,5709489,14052039,7375409,7576867,1949513,9221710,13229539,1097368,3884717
کرم حجم دهنده اگوستا,639574,3569970,3408934,9294022,12091506,17177349,3067219,9329759,8536946,4099036
کرم دست وپا,6327528,3008807,4528161,12884433,3824225,7518451,1809232,9364733,9229172,9781333
کرم دستآریانا گرانده,11705509,15895722,10578732,12747983,8780629,11409541,7695557,10985094,12398907,4747762
کرم دور چشم سم ماد,8771613,6779488,13156440,11119109,154397,2917060,4682127,4615121,8395893,12143102
کرم دور چشم نتروژن,448364,1075479,12586562,3147621,3654193,8949562,2662413,12696009,104262,7507127
کرم دور چشم Hydro Boost,7192556,12054697,7506143,10076719,10170605,14607379,8494071,1633485,12458381,3839766
کرم دور چشمای رسان,5117449,13533011,2323984,5652898,855953,855511,1602837,3202092,8141377,8171818
کرم دورچشم ضدچروک درمالیفت,8943078,12530933,14220422,3033133,9588977,10689673,8771500,4544783,1725361,8367504
کرم دووب,3322371,13318293,808546,2260890,348142,10669131,14068241,17027259,10479698,3516999
کرم دیازنون,7269213,10290622,7444105,13218038,961448,502687,13886812,2957013,117568,7161046
کرم روشن کننده لافترر,568650,6054997,4914193,1907918,9614779,3042455,1481699,10463434,930487,13140719
کرم روشن کننده نواحی حساس اولاین,1048427,750182,16971721,2081882,6836305,6457930,11826104,5083435,7291130,15279663
کرم زیر چشم 3d,2067376,8259803,2258357,8127544,7454085,3054003,7877545,2397717,249941,3815110
کرم ساویز اصل,880521,4887699,8924210,10017523,9772859,6854659,671584,1621606,17423036,443008
کرم سفید کنند فوری,10418959,4577534,1130441,9387650,7866153,4754715,585659,5193462,12640343,5119105
کرم سفیدکننده گار,11953252,5338291,14310946,3818283,7793395,5116408,7775792,10946286,11795976,12249900
کرم سوودار,9588832,7386687,5749873,1071003,1084233,13518137,892501,10510261,2258357,6349054
کرم شب چشم,8174589,1506889,4244349,13637578,12359875,2523554,1516654,14453371,7033494,145838
کرم صد افتاب مای spf50 رنگی فاقد چربی,6889826,5500667,12749087,3880381,480704,13699053,9251713,10554606,8081582,2783887
کرم ضد آفتاب آردین,12283291,11362645,725032,750182,1851303,1649577,8498898,15306465,5932038,9619427
کرم ضد آفتاب آقایان SPF50 آردن Ardene,5266126,561419,6339428,3341501,7423741,9362011,7134009,14782819,7294075,349676
کرم ضد آفتاب الارو برای پوست خشک,5171083,4512980,8315311,16286253,3833118,2396283,5396489,8387092,2708994,14860312
کرم ضد آفتاب دور چشم و صورت فیزیکال رنگ بژ طبیعی پیکسل,5072040,1057886,7618225,2998855,7274041,14030491,4535049,16072099,8986359,732825
کرم ضد آفتاب ناخن و دست,38820,1543627,9814011,10231475,12351230,2434476,2577240,7054953,2205733,1026521
کرم ضد افتاب دکتر ژیلا ۶۳,3372647,5417052,787425,5196771,14337860,6159749,1001967,1860173,7934152,5109551
کرم ضد افتاب سیسپرسینا,12488839,384261,2230861,3792937,4953306,6905273,4014257,5229257,4337355,10432482
کرم ضد افتاب لافارر خشک,5024683,15247016,1725361,263790,11054007,5321832,3805248,637232,6223265,371256
کرم ضد سوختگیکودک,6818217,14257875,2079564,17177349,14081992,13213147,5319481,1568281,7289974,2419368
کرم ضد وز موهای فر گلرنیر,10510261,2949117,5175141,2833159,14581595,12020076,13961466,2714348,12461983,9791693
کرم ضد چروک دست فیس دوکس سری Liftasome مدل Happybelle PE حجم ۵۰ میلی لیتر,7055116,5371740,2993448,4906095,7632776,8461297,6853124,5719130,813564,10710833
کرم ضد چروک هیدرودرما,4952995,1897704,757391,14151937,15536181,738077,9603981,15761801,10426374,3007039
کرم ضدآفتاب فیس دوس,2094490,6265787,90520,619874,2260890,70325,11424616,532966,9422726,464362
کرم ضدآفتاب نوریژن,3882961,6231032,3062680,9603981,1257,426944,14788207,1071003,88643,2047207
کرم ضدطریق,811751,1928758,13619045,835347,9272294,7876949,12795710,2153646,3074423,12062791
کرم عروسکی پارچه ای,9224976,9377230,22978,983602,1585520,11342834,594909,4226290,13251635,8061397
کرم فول,13144366,12421466,288078,8716895,8737685,7969300,6869543,4266141,551270,4006831
کرم لایه بردار شتر مرغ,3686492,646719,17484673,10405197,14720281,13852850,579617,7843027,11758156,7063890
کرم مای مدل جوجوبا,7032222,13349064,3820358,162509,9677180,10729478,8187292,8578896,7221141,14218455
کرم مرطوب  کلوین,11548891,13948193,5618453,6556190,533354,839813,7723998,14479735,4885697,8873557
کرم مرطوب درماگور,10322404,2825893,9994878,9428054,6240057,1848206,8215692,11346338,11510814,8548321
کرم مرطوب کننده hydra plus,14018731,11129004,7806669,13227880,11266518,1120095,3378428,940240,2260890,2191842
کرم مرطوب کننده آووکادو JANSU,12532616,455580,10340665,8107655,909042,17113088,5436849,13003487,584095,8071665
کرم مرطوب کننده ارگان لیمپیا,13465465,1811853,14204895,2124125,1587710,873054,7374449,8775614,8436769,4192569
کرم مرطوب کننده دست لی‌لی رز,4425039,3514157,9984274,9341782,1144060,152692,1602832,6958247,1780834,6857848
کرم مرطوب کننده شونCoconut,71623,9970279,4264439,4216970,7375409,2390325,3549810,2679897,5054450,8197472
کرم مرطوب کننده کامان آبرسانی,11652937,6461395,3365847,3579546,5595567,7554094,9221710,6243257,10693211,6843443
کرم مرطوب کننه آتوپیا,1789517,5329771,6107282,3424623,11491863,5182912,277570,3579546,12914704,1496876
کرم مو بر آقایان,8174589,8408333,4007035,12817900,350400,816383,6154135,4734311,5229257,12311019
کرم مو بر بدن بچه گانه با کیفیت 😩,619737,4985247,8694251,8605280,7808156,3115148,8203862,6854837,14453589,10448004
کرم مو حالت دهنده,3160022,4470323,2666771,7178449,7365384,10551233,4291477,410596,14009141,8685101
کرم مو پنتن ضد موخوره,4977840,14922341,9110312,10126465,8824586,1097368,5839476,11198942,7493128,6003185
کرم موبر ساروینا,11826104,9749301,3291393,607449,6984499,11346346,2421535,1057587,26709,5060776
کرم نرم کننده ومرطوب کننده ناتروژینا,4640838,12431846,6876011,7465665,12694048,1826170,9357873,4917214,85086,4322738
کرم نرم کنندهbms,10386289,5449274,646719,5703443,13160534,5350930,202682,12553487,10006431,5229257
کرم هیدرودرم لوسین بدن,11388363,939238,10220255,7561757,363896,5089563,7475432,4816326,9365889,7000516
کرم و ژل زد جوش,1768509,13471564,10884328,15290047,9411876,12325992,4486352,11722455,10498126,17431061
کرم پریم سفید ککنده,6220344,2089470,8970641,556119,589998,9958566,14569480,1487349,3308038,3604636
کرم پن استیک,10120510,71942,635310,10217111,6443194,10556052,5426017,13235338,10903361,3437
کرم پودر BB SPF15,5948638,10563340,4011001,12054697,5089563,14241455,11221056,5586007,5926917,1127047
کرم پودر آرشیدا,5133583,11648662,12299894,11517957,12965773,191846,4941340,964286,3219595,96240
کرم پودر گابرینی ۱۰۳,2137273,9914387,8793843,10514238,8328373,2012052,5657926,8688393,9875223,7016098
کرم پودر ۱۲,4681587,3080538,12996305,1722737,9826552,7595453,1619768,7293937,11630643,1826170
کرم پیگمازوم ویتامین سی,7963042,1903582,5301082,4225570,14094091,619737,5652871,9272294,12096837,6779969
کرم ژل بزرگ کننده آلت,8244011,4911193,6825028,2176301,3080538,12720711,10651505,13631449,214932,4294581
کرم ژل زد چروک درما سفت,10349066,1563662,6452107,1163645,8436769,6593146,4551871,8242042,15536181,1813686
کرم کاسه ای مای آلوئه ورا,11792453,2984540,4589312,495439,33857,9294022,13735302,14577010,13000495,10463243
کرمBM,12454100,3016694,445937,4196654,19295,623214,3706469,12594084,5904494,11411164
کرم‌بیسکویت,163122,13322394,702346,3080538,13527053,1563637,7924960,11423012,3575224,6981524
کرنو,3551682,11405801,3400456,124806,13401329,12109643,559882,9290682,6533827,2875868
کره بدن مدل میوه های استوایی,9994878,9357417,1730180,9815559,13939723,4119534,8899824,8239214,4134877,1875365
کره حیوانی ۵۰گرم آذربایجان,12164132,7612355,503450,665130,3728454,1555394,779617,9583859,2342736,2492887
کره خوری بامبو,4291477,4959376,3875383,8054513,1808578,855999,6374504,12518888,7967451,12449771
کره زمین چرخان بدون باطری,1138304,9919695,2751858,14333650,4887699,373336,2351425,12721879,5633731,9799940
کره صبحانه,10692740,7964485,9704028,12586759,54419,10186767,14321650,5749873,7866153,6735701
کروات سرمه ای,1946671,14151937,6718972,3496519,2714257,10260791,1545322,7919101,10593941,10359413
کرواش نیمه صنعتی,5190171,75129,2681676,1537340,1163645,733582,9699869,363346,11090329,13622794
کروم طلایی,1617401,13384011,10058591,9097395,17845107,6145047,14428253,6602710,3778331,3780778
کروکودایل پترن لدر بگ,595447,12990949,3238403,12595243,1329243,1023734,438452,9244048,7147369,5294838
کریستال اصل تاج سازی,1763712,5406516,7422785,12075125,2962922,6460591,9080302,1101531,919972,82697
کریستال اُسکار دالیه,8481682,930487,2787116,5892737,3654193,11589912,7350088,609325,13358306,294570
کریستال گُلد,9215556,10823021,726125,13897697,6787707,5656137,2731192,9864095,8824958,4489668
کریم نرم کننده مردانه,3741049,11462027,2302424,6779969,11071862,3724793,10747132,6980916,2763623,279467
کزم صد افتاب la farrer,11900976,1548670,6459788,11706479,7294075,8387731,8531080,169240,11781177,25948
کسی ب من نگفته بود,2719011,1257,1632582,4266141,11851294,11107079,13710651,13907409,7876949,9567048
کش بافت ست دخترانه,1730180,2749547,124806,10891628,6209833,15128623,457298,8267393,12047718,8469468
کش مو  پولیشی,3686492,12528544,9628316,7275212,11274760,10015130,15986310,2604096,2457634,3507554
کش مو دولایه,6996746,6841625,4027344,11033708,9089232,6013983,9752354,3786538,2069609,7303131
کش مو زنانه طرح میکی ماوس,12106618,10689760,1545322,9953477,623009,144966,4063504,7266005,919220,4180871
کش مو مجلسی دخترونه,5892737,11111095,5700311,2256187,3598086,7088760,6166323,9970279,1117959,10934228
کش مو پاپیون بلند,8317281,6252788,3233122,13258196,7203816,143233,717760,6425156,15502469,273192
کش موکشی,1122950,5821167,6069592,10100238,8975182,4314484,9603981,9928892,8267157,8537836
کش موی اکسستوری,12463754,873054,1503088,9814011,10579283,6129457,8567079,7865355,1809169,2103525
کش موی سر بچگانه,551270,4062985,152741,10129178,2781547,9577321,8371040,7922203,11944672,5592158
کش ورزشی مینیسو,1619768,5679099,7802622,9198712,11392513,10194563,16687691,3306409,5441418,15836024
کشتی تخت,15474441,10799443,9364524,6855429,7876949,6394152,2466261,6460201,5119153,12905727
کشمو دوخترانه,1582817,2877154,9676345,883904,13906966,14150938,8988196,3692410,3330902,12528544
کشموی طرح ملودی,12299347,966563,82111,7094925,5890321,695191,8423792,2415653,7633230,8206556
کشو چرخ,6994218,2047207,12530933,9529336,6274414,10172799,9954981,6939250,5298345,1461793
کشویی گیربکس پارس,4233240,4181452,9906836,8315311,5264549,3490827,3956184,347537,12647563,315578
کف دریا پرندگان,2223115,384261,845735,12508996,9052476,7773468,10442878,5089563,4744930,3149841
کف قالبی ماشبن سه بعدی,3042739,8193958,12433865,15205385,7947395,6446757,2747677,4631698,253393,7747911
کف پایی طرح دار,5826102,6740296,1156848,738077,282952,5427924,12420468,150119,11958261,11589912
کف پوش صندوق عقب صبا,6548170,2805018,3849615,13781222,491322,5144437,2171761,17470082,12420468,13220379
کف کش ایکار مدل Ic10-16-0.75,9782160,11682207,111860,943502,1563662,11196311,9544629,8933199,10521208,16693891
کفش  اسپرت لژدار دخترانه,7100817,14186549,52031,14958401,9172828,5592158,7404404,12375903,5228491,7248029
کفش  دکتر شول مردانه بنددار,4889984,15096900,1689085,14219149,604326,5656107,12218381,10386289,13647786,104851
کفش  ورزشی اسفالتی,4933374,8780629,12817985,609325,637957,381500,13586694,8387092,779617,6460201
کفش CR7فوتسالی,348422,8798809,2101667,4349344,9928540,7991389,10240052,3813429,14152346,9628882
کفش Ribok زنانه,12541409,192498,6135608,5620722,10483411,11351156,910553,7332981,11705624,304696
کفش aaslcs,4273719,10893935,13842343,7265386,10776118,2668036,5102938,12445779,12749087,3550505
کفش اسپرت مردانه شگفت انگیز,13358306,1780834,6280450,10222322,14379315,11475653,9917529,221090,7954638,2700176
کفش اسپرت مردانه کفی شیشه ای,166234,113653,9567048,14771408,9397341,717760,3592470,11840984,13763185,9125167
کفش اسپرت پسرانه 35,2262835,6443194,9032772,12344937,3637389,8370107,4557717,4007035,11643491,7963204
کفش اسپورت زنانه مجلسی,7826220,4301569,9705085,2342736,7474345,12164030,12506267,10648392,12318197,13898090
کفش ای سیکس اصلی,384314,13706781,11349887,13301972,99696,7275002,6212262,14676761,3470463,2103525
کفش برای بایی فوتبالی,7796412,1930011,1439867,442730,7847861,12802226,2171115,514062,6755271,12300886
کفش بزرک,10560714,6533827,996559,3876416,2603992,6324209,4307586,5025436,5586007,9267983
کفش دخترانه اسپرت جدید در رنگ سفید کرم,8675578,12293267,10701126,13677379,11625433,11646607,1780834,3373841,8659443,7460260
کفش دخترانه شیک لاکچری س خط,4952995,7634670,5907296,4440247,8495570,2421535,9022790,8270275,8236672,12284171
کفش دخترانه مدل آل استار سایز 36,5156672,1482105,1775829,7373577,6826975,11367985,4512980,876931,8448494,6458182
کفش درجه1,757630,11868389,9339374,11362737,12673270,14321650,281447,4744930,4189613,7701298
کفش راحتی تراویس,4477129,11593139,8093927,13343888,6335260,3038837,796954,3063351,2177862,4911290
کفش روز مره ایرانی,4266141,14380342,1622791,14435236,1726561,10930227,8900256,7249192,3322371,14045908
کفش روزمره مردانه مسعود تبریز,7758153,8934922,12106618,334514,12708949,13389998,4278971,15511163,5607537,7548524
کفش روزمره مردانه چرم,7060930,4566955,4658327,1161598,8220841,7706929,12745641,8312082,187585,3013565
کفش زنان  باشه,8077717,2186480,1659259,2653959,3536593,230499,10173363,10815830,9645982,3784786
کفش زنانه VALENTINO,9664817,460463,1808258,8702467,157448,11124441,16051918,6959175,3461150,14018731
کفش زنانه شیک طبی پاشنه دار,6035112,5024364,6943665,3679832,10697178,9807887,9755208,2869971,10965871,12213603
کفش زنانه کالج پاشنه دار,13618602,9895237,14277291,7644331,13783263,11670350,10653856,2885887,2930956,3068071
کفش ساقه بلند سفید,8149411,9879936,1551517,295751,544767,1826076,9722881,5785116,14034612,6770785
کفش ساکانی پسرانه,3325837,242880,3634502,120258,12914704,499049,12050377,2969602,9857792,7843326
کفش سایز 39 دخترانه,2949512,8577856,8673314,2144579,9983214,2238243,11475653,9414390,787233,14574080
کفش سایز۱۸,11706172,1617886,14064257,10599126,9726998,13320636,5357021,143761,142598,7338066
کفش شیما دبلیو,9004108,2507543,11591216,11236294,585659,3299334,565132,14794205,2856810,683854
کفش صندل لژ دا,14612250,12383241,6940852,4916098,287451,7125366,6204956,12436562,4489668,1616592
کفش صندل لژ دار تابستانی,7135168,9077569,169973,7666578,71461,707962,1967953,12559255,5062142,84636
کفش طبیعت گردی زرد,5618276,8317899,937828,10100238,14141928,11149658,3749050,9164788,11283001,12540137
کفش فوتبال خارجی,42785,1845153,364752,7989717,1454599,487724,10413327,5197288,2586938,5056646
کفش فوتسال  FsF3000,13153601,532966,6392126,794980,3367562,6974618,11625576,6838163,9365889,187585
کفش فوتسال مردانا,2421535,9221077,16026610,7614409,1479187,8718260,219969,1467660,12445779,13604669
کفش مردانه هالیدی,451449,4057964,11188019,183328,11342444,5231049,1628644,2842597,11682082,12836062
کفش مشهد,191291,5806302,219969,539062,4819160,8255486,6378150,3041030,14023903,11217197
کفش ورزشی برای سالن,6035037,536476,11311087,10248995,17185045,14024753,10683103,23134,159657,2382422
کفش پاپیون دار پاشندار دخترانه,13401998,9360474,1457325,3784568,10856427,9826552,3383776,455580,3570769,14346184
کفش پر کن,2160141,8560835,333942,12057521,7746824,5205826,6622267,12310300,6759371,5396467
کفش پسرانه salomon,3446756,7275212,8123481,2875868,14218455,9446010,8925030,1651116,1048946,13145967
کفش پکینو,17815021,2603992,4458966,15627975,584095,13461620,12401047,2572985,10677094,7139353
کفش پیاده روی X1,687603,881664,1513183,514062,8648012,6391068,4477129,7230201,10392705,713831
کفش پیاده روی مدل Perfect,8498898,9699777,12110498,101056,3182932,408640,13224953,13781222,5035423,9527106
کفش چرم یلسان مدل دلسا,14277291,14771408,3417603,7279987,996120,7094941,7835596,11670350,12950092,13804646
کفش چسبدار زنانه,3403213,7235784,10683941,11255602,14214794,4177353,12181285,6631202,10610120,971006
کفش کالج سون کالکشن,52031,14862152,5662396,4967179,6821038,9648403,7728675,12549554,8283341,3426338
کفش کتانی   مردانه سفید,9740033,9636699,11277102,13231718,3038268,12586823,14385221,11465854,9877650,939238
کفش کتانی nwubalans,13376228,2392148,203183,9700707,11075754,381500,12646507,4511632,10864424,8517823
کفش کوه نورذی,964677,62441,167410,8133604,10984536,8687712,6263638,222488,11711364,3779119
کفش کوهنوردی دخترونه,674062,13239760,12911007,9513010,4325093,2725449,2388994,464080,13322394,15318307
کفش.ساق بلاند,10308844,14032131,10471900,1446443,14240532,7533618,1585520,3383776,13065873,15761801
کفشبند سفکن,8276973,2012052,7230201,7612486,5337932,4583999,4862129,3860866,1949513,11498716
کفش‌فوتسالجورابی,8068518,9798133,12391533,2509472,2919754,14874782,7248029,17111036,597980,3859880
کفوش ۲۰۶,101056,8971127,2222566,7108523,1602832,23134,7640848,14565825,9546468,14759505
کفپوش برچسبی,284254,14586691,10445604,5110719,95563,5283135,2240142,3048663,9954981,804739
کفپوش سه بعدی بابل واسه L90,8895120,12498534,12164030,11216802,11492437,14359691,2023379,11699458,3038837,3426975
کفپوش صندوق  جک J4,5762262,13466392,7788990,11315279,2958150,13538016,13827589,487724,13231368,8817271
کفپوش فابریک ام وی ام ۳۱۵,7993648,2714257,13219202,10947891,709463,11281765,5932038,11706172,14218455,912146
کفپوش موکتی خودرو بابل کارپت 206,6308150,9438140,908356,5236984,9017025,3412806,2763623,5403418,17177349,11457161
کفپوش ۲۰۶ بابل,13728402,1734256,2930956,4953123,1016194,1683331,5589187,914077,12086278,9272294
کفگیر برنج هخامنشی,4006952,8000168,14645,11704944,9772859,11479607,5059161,5139942,15247016,7581955
کفگیر روغن گیر  استیل,3330793,7325227,5744373,14690036,5804075,8793354,1554506,11394257,11589339,3083455
کفگیر مدل ذ 127 چوبی,13098387,306005,2679897,544767,3628695,6453152,14488282,1999745,1104172,1734063
کفگیر ملاقه سیلیکونی یونیک,2411284,456337,8552325,9827862,10523389,6446757,5602345,12350676,14502462,142262
کفگیر ملاقه یا استند چوبی,12894905,12437914,7393227,12594212,5050942,380267,320657,9567048,6566208,13677379
کفی اتاق عقب نیسان،,10017523,9569556,4223955,11224344,5190712,4466558,2186330,3179287,760425,4344817
کفی خوررو ۲۰۶,2833159,10066747,2870931,919112,48690,6373656,9872209,14985370,9124465,6547871
کفی سمند LX بابل,5483508,12163667,7178451,519363,5071561,9286195,930482,6720261,6854659,3164744
کفی شاهین خودرو,10077614,7788990,4070674,4854648,11697889,7091950,6761083,9745335,919112,304696
کفی فلزی زیر صندلی عقب  پیکان,8110066,3578808,304734,4121114,4644665,1813686,6208094,10262401,15830110,3534947
کل سقفی,9357873,10624539,4460787,2819510,10349066,19295,155209,10591563,1775829,12648952
کلا  بفتنی,15627975,313551,4138822,11034432,11695682,9623006,7191359,8129752,14721045,3792937
کلاس گوشی ال جی,2490223,9136299,7063890,5782821,459395,5301082,1552131,519363,14105831,6065680
کلاسور مدل گروه بی تی اس,169240,8868046,3875716,6465396,665130,161524,13045848,3656144,7272855,3381620
کلاسور پسرانه,6998190,1989272,12095645,4107592,15937518,6755271,633387,9588832,9789567,8237708
کلاه آفتابگیر کولر دار,2182660,2552449,3815764,8619571,5268387,11512116,8955395,3859880,6460419,12871160
کلاه آفتابی شیک مردانه,923971,1136176,4559139,5173333,12523693,6737394,1503088,797396,12097231,1101531
کلاه استخری جهت زنان,11646607,9911195,1047021,8823098,3179537,684396,13804646,3805248,796954,54419
کلاه اوکلی,17792304,16483817,296151,11112937,502687,17088276,8519789,11457302,9330978,14098747
کلاه ای سی وایکیکی,10612029,880906,3922252,8806208,13639566,9395415,6435133,3872759,13504983,3890870
کلاه ایپ,790252,12575332,9585969,13128770,13671627,14416125,12747983,7888010,12939789,9837930
کلاه بافتنی بچگانه,6035037,15034899,4137141,4452530,472306,1837601,5726740,806140,12463754,4877415
کلاه بافتنی مدل زمستانی دخترانه,1575818,4345700,1760985,14457840,8552999,10912381,9947773,17642899,785535,14566948
کلاه باکتزمستانه,9053642,11563408,4528161,5551003,6830539,845953,14214794,8397962,12420468,2501174
کلاه بند دار پسرانه,3457566,11418399,6953542,5226140,5064718,4678062,4867366,162410,2604338,11748938
کلاه تابستانی,1602832,677319,13343888,5419091,3410956,12437914,90520,980807,429720,3524979
کلاه تارتن بچگانه,1426823,4917214,14009648,7991742,4999495,7533584,6135391,7547365,2357210,5298345
کلاه تکواندو,11274192,12055540,542546,287451,158566,349244,11210768,6135735,4982964,860400
کلاه خزدار زنانه,11424616,8627776,9851111,482498,2555717,12921491,2586938,5095256,12660228,9513525
کلاه ردلاین,6181661,308517,8083996,704994,6650714,10852536,5862804,7796412,1789638,12299894
کلاه شایگاه,127102,1877280,6866316,12652614,6838826,8531074,10017891,9636699,5420778,14209762
کلاه شنای لاستیکی,13369143,4354296,6474778,3935194,177217,12518784,7375515,7032881,7282833,5874073
کلاه لبه دار زمستانه,806140,6980916,267545,14425829,2330465,4914193,16971721,1707673,35299,4995373
کلاه لنینی,7795622,10674241,8222387,1624566,2140891,5907296,2511416,6310212,3371358,7662665
کلاه مهندسی سفید,10262137,2610567,3437431,604261,1097022,9549667,16835001,8494072,11813652,15197364
کلاه و شال مشکی,8495570,4302571,2572985,393078,13709607,8387799,10459614,7980019,6474778,645366
کلاه پسرانه لی,1949737,2675756,5253135,9864678,6350773,9164788,3051315,3408934,113653,4316801
کلاه پنکه دار,37686,559882,14891626,7640481,17381762,8772003,9053136,8310880,2360509,3621770
کلاه کاسک بدون فک,569376,12899343,11457302,11568979,12088288,3595884,7535129,14663227,1520528,1714761
کلاه کپ مخمل,329106,411716,11308070,4489668,7124829,8236737,4033451,752022,10536713,2170719
کلاه گیسی زنانا,9278594,3640583,12950291,11054007,8133642,157424,204608,14079258,10120929,3079364
کلاهک دستگیره خارجی درب جلو چپ دنا,441847,15260002,3592470,1653093,13627720,10676026,11835776,5132596,6712244,7016098
کلاهکپ پسرانه ادیداس,12942068,5085615,5762815,9723331,13579136,983602,11455959,13094132,6821872,7512551
کلاچ اتوماتیک اتاکو,3875383,11128040,14331365,4516244,8941911,381500,6243257,2643710,961300,3596037
کلاچ برقی,12414641,3287572,8132070,4273719,5933449,9197280,4957468,10527339,906231,410596
کلاچ پراید عظام,1029075,14793930,4952671,13399395,3967585,7499349,5620616,6206211,7491913,7495284
کلا۶ دوچرخه سواری,2279846,8917094,1767570,7816631,3444932,6229102,6177461,7054953,1683564,4435713
کلبد خلاص کد درب آسانسور,3067219,10852536,9397341,4241121,6902160,4660654,9339202,7445177,4428968,17217836
کلر بوک ۱۰۰ برگ باقاب,8671400,3212987,6240057,6835557,8909113,2203392,14579086,12595243,9174744,14437943
کلر گازی اینورتر گری مدل t3,881530,4212044,7954211,5710882,8141019,337494,8133642,12044854,7889284,7345465
کلرابی کوچک جافندکی ماشین,2508215,6650080,3223084,1070635,15400948,736488,831292,713893,7542677,184274
کلرگازی،اسپلی,674036,11069323,10591563,7454369,101056,8334051,715340,619737,1827268,14098747
کلسور چرم,10553926,2789485,4046257,727852,2787116,2716151,10638348,11498716,4452530,7958880
کلسیوم‌d,980807,6605848,8179314,5665364,11492437,8732036,8029592,7517222,14068241,7495284
کلش j6,7750051,1582817,14343367,11441579,665130,10288193,1860173,3694804,67965,3457566
کلمن یخچالی ماشین,781227,558843,182309,552191,6932884,892181,3730552,7375515,129694,9062550
کله شارژ USB c,8658323,6331516,4570342,7626899,1695565,14399184,2191995,205739,12575901,156097
کله پلوس ABS,4314126,1621304,4261189,4197849,10329529,1514737,6062855,7847710,2242479,1662761
کلوین آندرور,8283197,3308038,4011001,3929078,1161598,14214794,12282641,7676113,1768509,4818336
کلید تاچ لمسی,6563344,13950898,448489,881530,11909673,9630536,4314484,7670489,8656536,13471783
کلید خودرو فنری,685446,7385077,3147621,3621667,5957385,8353565,7994727,13963533,6595121,12957273
کلید درب ریموتی,5346945,11552790,479520,8337966,3565413,7553898,8996055,277570,6003185,4925525
کلید فشاری ال 90,9700707,4146139,9851111,10742703,9177635,12744393,7495121,12506080,14243874,11591216
کلید مردونه طلایی بازی,1850809,13841267,13219202,1584733,12214658,1886413,9708003,7542983,9761959,4386912
کلید های داخل ۴۰۵,8868046,8408333,2258784,5131123,2981561,13856310,3818328,9304907,14065530,9719731
کلید و پریز تی اسمارت,7166735,13343048,6770785,2643710,11377769,8183334,4238561,12747983,10350155,1632582
کلید چراغ دار چند راهی برق,594909,5168003,4254832,1680521,3246560,2835534,729439,7338066,269306,624673
کلیدهای روی فرمان کوییک,4833378,219969,10306216,10480997,4640717,5545020,7916430,11778310,8896427,12784245
کلیر بلک کِیس فور اِی توِلو,5371740,3400456,3929912,2450919,10728359,1829693,7847861,2873857,464143,2819510
کلینیک ژل,3437,589998,4754715,3382729,498576,5599114,317579,9665263,11424616,14803529
کلیپس بسته چند عددی,6136708,4897005,4061084,3820358,3896892,2211341,8985053,2209733,11075754,2425682
کلیپس ساعت  کاسیو,12101460,16755006,723825,14264177,10690988,1480794,8933199,68830,11349568,12747983
کلیپس های سیاه,12418657,4121114,2941363,7533584,5561794,3329216,11695665,12216494,12131416,2153646
کلیپس پروانه کیرستالی,6148399,2067376,9419737,9377230,6090993,9984477,571768,10648133,13070262,479520
کلیک انجین کاور,10521206,2603992,9976901,401242,1017455,276319,9302065,5202966,13947776,13156440
کمد اتاف کودک,10122262,2744686,630393,3155935,557987,2206927,7191359,584794,9083865,10055139
کمد بزرگ درب ریلی,5586007,4511632,7497665,1967953,1459602,1591871,8372721,6839209,5522277,1477253
کمد طرح کرومی,2747336,9321700,5221431,9747174,10044979,7914100,3534947,14179735,10066747,3797495
کمد فلامینگو,17336734,15966458,5487362,13144366,7990655,7802622,5063472,4725165,7239559,2861067
کمد لباس  دخترانه  صورتی,12582151,14544185,12952974,7499349,3904812,919220,9878812,7032881,214257,10335726
کمد لوازم یهداشتی,207314,11974174,9851966,3904812,7793395,15126953,14074201,5555879,3371358,13527053
کمدیرونالدوومسی,9872277,7154304,2552157,6229102,9842660,14042335,12282998,930046,876629,1958658
کمربند بدن سازب,7431580,7564833,7826220,13237992,6966279,197421,11159404,4184949,7720365,3170650
کمربند بدنسازی زنانه,272669,6424957,7967010,602981,3453135,14544185,7512465,11462027,6408344,3516999
کمربند‌ نظامی,14472064,10034337,6211018,6706357,1593759,2926894,2415001,8430508,14135323,828562
کمپرس باد,3291393,2586263,3500394,9334589,455580,7914100,7819136,9434505,10923236,3257807
کمپرسور 5535 کلترون,10934228,5555879,3246524,432372,11274192,626446,11368177,13715232,7771001,2310389
کمپرسور اینتیمکث ۱۳۰۰۲,6092808,4801614,309830,2731192,13804646,9357873,80694,405912,614009,14052039
کمپرسور باد برقی _ شارژی,8328373,2919754,1917569,1932080,10211121,4901144,5557830,9215637,7264632,5700211
کمپرسور پیستونی کولر گازی کوپلند,5589187,2771659,586696,11115659,6821120,8276973,11107134,2507543,13140719,1753907
کمپرسور کولر ولئو,11332174,2476616,10214171,3929091,6663320,4184340,12095645,11283001,14086563,9196930
کمپرسور کولر گازی۱۲۰۰۰,2351888,162579,1016194,12212151,5075705,7593002,10111583,1003999,2092880,10621046
کمک zola,12117693,8123481,5333376,4354296,14348441,1621630,2223115,14257955,2679897,2805018
کمک بکس 1/2,8577079,6866316,5160907,3022844,14466033,9279178,6787707,9334589,4124800,8898035
کمک در چرخه,15252247,1610096,2094490,681938,1017455,9051704,13875404,20474,4582181,9428054
کمک عقب موتور هندا,4421343,9151144,10805661,9032772,3330793,9897042,5756007,12391533,10768868,8800744
کمک فنر عقب کی دی تیبا,9855378,7795622,59132,7096097,107982,11859478,451154,1989272,17992293,11698854
کمک فنر پراید ایندامین,8397402,7523186,8028610,8463027,674062,2316014,8337966,1845153,12884694,11948548
کمک فنر پژوریگلاژ,6807225,2505460,7750051,691040,7201615,3027097,8186973,3323638,1641465,8132070
کمیک باب اسفنجی قسمت ۳,6349054,10998475,2094490,3038268,3927967,8503217,12745641,4049523,14497586,282643
کنابخانه,2149655,9726998,11103764,261051,11362737,11920312,855992,8465179,1785325,4852681
کناره فرش طرح پیچک مشهد,13471564,4440247,11357204,8163672,17185127,8050293,930487,4296039,438351,10122383
کناف کادو,4294804,7812626,9490267,3280349,3624625,7154852,7592410,6888770,10837007,9364524
کنتاکتور,5073393,13655115,120258,6435051,4441224,7451617,12683475,70474,9863906,3686492
کنترل RM-ADU047,7790253,2869971,2383637,2468843,6013513,11510814,284254,8688393,828633,3597538
کنترل ایکس ویژ,11000988,11891409,11491004,7983359,3202321,4466558,5389706,4063504,5356031,996120
کنترل بی سیم آرمیچر,2257675,5065763,14007389,7038535,152422,1511968,12299112,3786675,12851647,8133642
کنترل تلویزیون پانورامیک,14203413,10310417,167334,379015,848151,7814413,31848,10220686,9648168,2333256
کنترل دستگاه دیجیتال icen,7778595,10615202,7956757,2032185,12449771,5446799,14385221,5130999,762996,706778
کنترل دور متر ماژول,7012003,14655793,172747,10445604,12303596,5065763,3269571,4852495,5085615,7812216
کنترل فرمان بلوتوثی ساعتی  مانیتور اندروید,9954981,8694502,1699984,8563832,736874,1945353,13002646,1032542,9080322,9357873
کنترل ماهواره استار مکس ماهواره,10563340,10674241,5182912,4443411,108573,10941341,3297315,613239,8344086,921961
کنترل همه کاره ماشین,5956223,136984,1707673,7505548,2152938,6004716,3209596,157448,495439,7474345
کنترل و برد کوادکوبتر,153508,8607412,1508629,11194782,7053936,1797827,3595884,9709614,8094333,7412355
کنترل ویمکس,9861439,12802226,3872759,13615941,3723264,7144000,2457948,2438582,12522765,16752010
کنترولر شاک آنلاک پروتکتور,13321487,10591563,7278598,3428211,4124800,751919,10974039,513786,348422,11338881
کنجشگ مصنوعی,6748502,12933971,2651073,2438582,6872675,6875862,4297629,13969596,13318293,4901144
کنسول  دنده  پراید,10560714,15094280,6695990,12637319,668165,17815509,1066894,2046840,14359691,10651505
کنسول pes2,12084333,10848612,4348794,11519492,17591730,5373611,8044249,3475356,1520528,12988358
کنسول بازی 400پلاس,730811,4181452,13217179,12391577,9397341,515038,6469883,14425829,480704,17311931
کنسول بازی پلستیشن۲,11132726,3453135,4087377,12884433,12100106,645600,14179735,14471723,13024773,3036946
کنسول بازی گیم قابل حمل,3514157,6461395,4270768,14922341,155209,1609964,7125209,1757699,433182,113181
کنسول مبل چرم,10930347,780798,10618688,9249898,8639614,9877650,7338292,14898338,13401329,9291384
کنسول وسط خودرو مدل ۱۸۴۰,3437,9863628,11989850,9384920,3890894,5258935,8174589,3915183,5932038,4886795
کنسول پی‌اس۵,7494692,5749873,1746928,749485,13465465,9781991,4647335,7963204,9289318,981926
کنسولی پراید ۱۱۱,3083455,5664252,8150060,11398900,10283219,9110312,738024,2095608,2842595,49393
کنکور کاردانی فرهنگیان,6825028,6801165,10490287,33589,5595567,10484612,3986306,5199389,10040064,4014257
کوئرپلاس,8929741,12700122,14065867,17185045,6882679,11459772,5233434,9648168,17058307,3929091
کوادکوپتر کوچک,1968037,13196606,15114946,2378379,9589386,13804808,17223962,12224131,412826,139696
کود,4577534,349676,11498716,3517431,3768544,668821,1733659,4251866,12894905,459395
کود تتاکو,12747983,12656284,7273908,2171811,10763058,12233629,1628644,11772475,2257675,475424
کود ضد قارچ و باکتری,9872277,14030491,4146139,1789638,10725406,649509,11630140,12894238,7016098,6241074
کود مایع جلبک دریایی,12097231,9741936,5688544,8826576,16166965,596481,2743922,10064894,1438846,14365697
کود مایع جنگل بیست لیتری,9135138,12946769,5984204,579617,2137174,5719815,761211,3896892,3888213,14199453
کود ژله ای,10590984,9836112,3914219,3107660,794921,3255182,490549,7325227,11274760,964677
کودک باکس,7287514,6404806,4013119,10661290,14220422,134955,7297459,4680056,20474,17536916
کودک عکس صندوق,17311931,716113,9401053,5630320,4852495,13031790,2190909,13227880,9557066,6004161
کودگیاه آپارتمانی,11338881,4216113,2351415,1134379,495528,12290041,160392,5632277,9075982,8450192
کور پولوکا A20,4954108,5193462,8766222,11948548,15014636,8423792,12442344,27958,124806,6072525
کوردلس وکیوم کلینر بتری,8694251,11699162,4064721,5632277,10952198,181535,11116159,5664022,5136293,88643
کورن مدل فرگرنس برنر کد فایو,5488302,479520,8856459,13951101,4547127,9527609,4395535,216366,9075982,556663
کوره الحاقی,9780840,10045773,7066026,2935649,416155,12582151,2721355,2533837,8552999,13951101
کوره القای یک کیلو,6243257,533354,14207701,880639,4818336,4666683,12202419,3481212,8400609,1680521
کوره سرامیک,10947891,1422486,4446783,14500350,799177,7975822,1088721,8203862,1121434,7643866
کوزه آبگوشت,5229257,202375,9843310,9770679,12030029,14544185,2394321,2710686,1552186,4824790
کوسن پرندگان,6374300,3900675,113653,2068072,12004169,6577114,2250588,11398248,1825326,7345740
کولر 24 هزار دوتیکه پاکشوما,892472,9686380,7492512,15306465,159941,7959398,7180419,4920984,8135591,8122486
کولر ابی سلولوزی,7340343,67965,7920651,14398220,4488602,495439,187723,11852558,7201615,8235932
کولر ابی سیلور,9868369,5589187,303880,2584390,17470238,14240532,1001967,7462044,9895515,9177635
کولر تیکه ۱۸۰۰۰,3007039,3550505,5028427,10740002,10875835,2826482,4264439,2103408,296290,5740503
کولر میدیا ۳۰۰۰۰,10638348,1637989,8197472,5612312,9045018,10554606,10572753,1136555,3387748,4905454
کولر گازی 30 هزارجی پلاس,755465,3824225,12684920,1575818,12283291,680665,11729357,8714816,58060,13384382
کولر گازی تی سی ال,5827896,14274910,1569587,5062268,2721355,5557830,13629361,5442074,1746928,930482
کولر گازی حنرال گولد ۱۸۰۰۰,1426823,2110057,4494850,3488445,202993,3689525,880451,14799817,7332981,9269104
کولر گازی ۲۴۰۰۰tcl,14271321,8337966,685587,571768,7517005,37261,7451617,9937001,12553170,14972695
کولرگاز مدل الجی,70474,7140776,4197849,5351047,571948,1474518,7118751,9086146,837213,8395302
کولرگازی 9000,10654402,1047021,14574080,4683221,9695428,2936817,13167520,6924312,13001446,15069967
کولرگازی گرین ۱۸ هزار,8793843,7199802,6011939,873126,433458,4977840,483943,7032222,6446396,10527339
کوله ck,11474073,57321,4566914,728026,3974550,7843220,5027766,8506314,12601366,2587235
کوله طرح وال,13709607,9251888,589137,346512,12522406,7956277,607213,668165,8693975,14583873
کوله فضانورد ونگوگ,4207992,14866307,2103355,9524821,8395146,13465465,11704944,13188635,7926817,12164030
کوله پشتی  دخترانه,3860866,4967179,2268047,2267012,723825,3852727,1497226,11781177,3465186,10350155
کوله پشتی  کوهنوردی,9065602,7790253,9439568,8136665,2279639,13964709,2540239,11185198,9860681,7294241
کوله پشتی آل استار,11519492,3640444,10669131,13358306,12097231,878724,10634104,12830142,655912,8087355
کوله پشتی خفن برای مدرسه,801751,5720202,643764,6245130,9468485,11082522,1612355,883904,8527893,14192992
کوله پشتی زنانه مدل آرتان,379343,184274,8938359,616505,4405075,6838163,7287514,9826552,9622549,2110057
کوله پشتی مدلHw,3889239,9438140,401242,7050231,8222387,3693380,12656613,6560177,10857322,1127801
کوله پشتی کوچیک مردانه غذا,2747336,14312014,381500,466002,11274192,1523112,5066318,4254832,12126126,8395302
کوله پوشتی دخترونه,12499125,8395893,7701298,13141511,6884317,4949229,2425682,3549810,11441964,8186728
کوله پوشتیساده,13471783,14673891,5306585,2869840,2050108,14388923,49762,2980913,1060996,14320127
کوله کراس بتدی,495136,4996641,2307028,12760907,6812434,2842162,3431953,8938311,50796,2725449
کولیس دیجیتال مارک می تو تو یو,4389124,9097395,12573997,5630320,7577455,6762673,6706357,2842627,1837320,7293937
کوولا,7330976,5994231,15321687,12619125,12375903,3686492,1956056,8806996,13904421,1127047
کوچک وکاربردی,10844318,3305777,8492315,13211709,8166873,7222721,15302658,13521833,8671752,873054
کوکو ‌شنل,379679,209947,3860138,12229635,7565868,7012003,14478692,9542290,10934087,4319256
کوکوپیت مدل سورین,7865355,2404828,12054697,4854361,11707656,6060757,14644123,12543936,7916430,13012373
کویر تریلر اسپر پارتس,10112729,2980913,13988661,11094223,8612133,10912381,9869248,13255175,8794936,13027898
کویر موتور اقساتی,472358,11217197,82937,2959261,7929065,6645472,16216627,13917758,5193420,6762832
کویل دوفیش موتور سیکلت۲۵۰,2944457,1808258,582429,9319210,2413323,12085945,5936108,11294304,957800,3495091
کوییک منوال کیلومیتر کاور,3245722,10172799,12311019,4396103,2534522,1489847,1602309,8461494,9445070,14240532
کِفخفوتبال,13706806,3636273,9928892,9882049,3315334,13129724,9599582,9748258,142327,4196851
کپسول زنوور120,3506503,9231800,5892803,54145,4254832,4802206,12886918,3066530,3246519,6806905
کپسول سون پلاس,1021268,1619296,1884917,10462829,13644566,779044,6236121,1504171,2916857,716113
کپسول ویتامین e آرایشی,738077,13174538,2153646,3581552,810426,11960134,12719812,5813081,3457566,1972289
کپسول کارن,6631202,2213318,7730595,7655336,14212796,6296693,9545099,12009083,9356340,620316
کپسول گاز co2 خوراکی,1856417,10164226,1079268,8793843,13951102,11457161,8468225,8367987,3037894,10290622
کی آن مادل پوستر,14410946,7919101,3951436,9147929,1572826,12219863,12673270,10132814,14052859,15073378
کی برد سر فیس,9793716,14982487,9600229,17436439,13929076,6966279,4331855,4405075,379679,6013983
کیبرد و موس 4TECH,9060954,7657613,3025131,3955299,1516895,12202419,4729870,9593086,1984456,3465817
کیبورت مکانیک,7246492,2525798,14250473,13353223,607213,10148280,796954,2793838,197421,7018165
کیبورد,668821,496620,6331877,571768,696912,13519086,10739828,2748851,15072221,13141511
کیبورد موس رددراگون,11071024,411197,604326,9513010,10884328,1080986,10605416,7904244,4933374,6819000
کیبورد و موس جی پلاس,6866316,3801395,8732036,509122,13117072,3860138,6524315,4027344,883904,10471900
کیبورد وموس  جنیوس,4852495,2259182,8991413,14884689,7396949,13298516,401242,405946,9720229,493281
کیبورد وموس کابلی,909949,13343888,4369697,7771001,9717198,1037393,11690142,7663882,709944,3539005
کیبورد گیمینگ برای کامپیوتر,12911938,16336108,14052859,9101426,62441,14762075,4433459,6425156,14185470,13836558
کیبورد گیمینگ رد راگن ۸۰ درصد,4995311,10133351,12443301,8620945,7338066,4416503,14763533,3595884,3713495,12126126
کیبورد گیمینگ ردراگون,4009351,7278168,999220,2732077,3265733,2525763,4570342,272263,13282374,11107079
کیبورد گیمینگ مکانیکال REDRAGON,6980916,31644,4251573,5069534,12436834,5205826,3246519,7012003,2262835,4742047
کیبوردبیسم,8817271,7132885,8150060,3884717,8236672,9693280,702346,5433612,2914569,7096895
کیبورد‌گیم,10811977,1457546,848850,1447978,2261333,7192914,8511358,6394152,1468629,3080538
کیت آموزشی سازه حرکت آسانسور,6798757,3144782,8180402,2747336,6935286,3040455,7612355,14566452,5180245,10126465
کیت آموزشی مدل رباتیک,2285284,651257,5419091,11288948,11765611,7102362,7958880,35021,8834048,1800278
کیت بازی هیت ویلز,11606815,3308038,7653577,10368861,8387799,17210794,8491338,7798997,9752721,761645
کیت بوتان,5274047,202375,9251888,11838209,6996746,14017564,13045848,12930590,1157087,2061569
کیت تسمه تایم خودرو دنا,7540371,9388540,11362304,5170019,5699257,839031,6566014,8141019,349676,64316
کیت خیاطی  فانتزی,12662620,11562239,3453135,8523926,3640583,3592192,9772859,9020294,749119,6506441
کیت دستگاه قندخون,9075233,7436770,6792674,379343,1585520,1658599,12900943,5382851,9914387,11626547
کیت رباتی آموزشی,11475653,5618757,7480008,10703295,3876063,8812442,1621699,12914704,8236737,7947685
کیت رباتیک روبویونیک مدل ۲ نفره,17060974,12074006,3381528,10194563,7151427,3289173,10044979,2023379,7904244,12202771
کیت ماشین بازی لارگ  پارکینگ,5065763,5057153,804925,7132885,11999163,5799080,543,486417,82004,9800297
کیت موزیکال رادیو,1054461,4682127,11891409,14267015,1464377,5404798,10148366,14006784,11876002,161524
کیت مکش تقویئتی پژو,2293574,10781225,9071525,1632582,379758,106999,7432265,7051551,2617328,5750777
کیت ورزشی منچستر یونایتد دروازه بانی,10358668,10226912,10827963,109512,3889673,554983,14884689,3079364,5607915,6065680
کیت کامل تسمه تایم سمند ای اف سون,138844,604326,14023845,10886706,568650,93061,12637319,12696009,15186788,579617
کیدز تی شرت اَند شورتس سِت,6535357,5424088,149716,9373848,7222721,6278780,11108937,12826151,11519492,899210
کیدز روم کلاک ویت اِسکارف بِر دیزاین,3941575,737108,2394989,1757699,12560315,7096623,11433978,14793809,2900208,14042335
کیدز فوتبال شوز,4707890,6163723,187723,6107200,12311903,451963,1021213,7285915,624673,11578379
کیس  اسمبل شده,1505530,5839832,2089470,4863462,1652570,7775776,1016395,12634048,5202966,11610493
کیس هدرد,13977264,9470748,12350676,3055850,9244048,698981,5803476,7858136,12081725,1612355
کیس وکامپیوتر سرهمس,12703423,325143,14435236,741348,7192914,4351903,6860843,2255843,312368,5719815
کیس کامپیوتر گرین مدل اآریا,9119757,127102,12029059,9106893,3706469,1744686,8293249,6373656,11202573,5129645
کیس گیمینگ مدل msi,9911195,9716931,14351770,14199453,3564259,11944672,855999,7917791,7935982,2381178
کیسه ابگرم,3309641,2097496,5427924,31644,919112,197421,13298516,4680056,5077306,9382384
کیسه بدلیجات کوچیک,3397736,554983,438429,5608353,14398220,10088444,7053063,4322738,1613260,728621
کیسه بوکس  آدمک,7856934,1932392,9921696,6231066,7412355,14645,13620175,10977127,14633627,5171083
کیسه جارو برقی بوش پرو,12662620,1104172,12522406,4833378,5193119,4041666,7602522,9623338,9244901,6562526
کیسه خرید مدل قلب,624926,2976227,7282833,14322527,7414717,11476645,6170447,13085614,683854,6431666
کیسه خواب سونا,4041666,6718972,183120,5304337,8537836,1732149,12235594,5321832,10635917,7291130
کیسه ریاضی مدل بی تیاس,3162606,15610484,7038768,7954638,1885602,12950074,7219645,5585111,12282641,6906775
کیسه فریزر ابعاد ۲۰×۳۰,10214171,912948,1984456,2069596,15895722,14577768,7890775,14274757,17145362,1582817
کیسه ی سفت,13261389,6425156,6431053,13251588,4010218,4221217,9478226,13204440,14190688,860400
کیف  دخترانه,8161925,4440247,578192,2140580,156097,7268142,12299347,14094091,8408333,9329090
کیف  پشتی بچه‌ها,8171818,513786,9503513,14985956,3598654,2811369,6860798,17449743,3208664,3241307
کیف ps4 با جای هدفون,8971127,5165276,407488,5806302,10076719,4704253,4322738,1519801,7773468,9905265
کیف ابزار مدل 4045,7086864,6566014,3578808,4675504,10087528,5503358,3875383,2825886,10979517,456522
کیف ارایشی شفاف,147439,6424828,513849,74899,319553,2094490,2055943,13924135,11891856,4496519
کیف ارایشی لمه,6425156,608188,17027259,3019317,1072595,9780840,11217197,13128770,1568408,6363324
کیف ارزون برای مدرسه,4823722,10458925,12894905,315578,11165930,3381852,5059385,6371134,1761476,10811977
کیف ایرپاد مودل کتابی,8765904,8552999,9868344,3961887,14608010,4892096,5343249,3852727,15627975,3628688
کیف بغلی مردانه,11188019,13982222,8869738,3213581,15963251,10605416,1504171,10006431,5258935,3228627
کیف تبلت سامسونگ T561,4216113,3514157,9846312,7518451,1652570,12709456,10578732,8523926,230423,9141108
کیف تفنگ,1602309,4425039,10047735,8864536,15257467,2973194,11476645,8752810,9961030,1085299
کیف حمل کنسول PS5 اسپایدر من,3249394,712594,9809991,11060860,12380068,13662403,13991427,8032608,2103355,9250533
کیف خرگوشی پشمی,5934742,10479698,794651,7435146,9846474,9693280,8937638,7565716,8817686,749476
کیف دوشی دخترانه اسپین مستر,9527106,10094197,153508,9268477,11989700,11295564,9864060,668165,15260002,3592999
کیف دوشی مدل benelton,790252,3509610,2420241,1923667,262253,8371040,8156579,6559677,52031,750182
کیف رودوشی زنانه مدل 1118,10703295,6559677,2926552,3718358,8891280,11165930,5301082,9094859,9645982,10466890
کیف روز زویی,11852994,9897042,11830223,14030174,4013155,6772657,7036283,1780247,4793273,646719
کیف روپایی موتور سیکلت,6870884,2490223,3926163,12666445,10183508,649509,16072099,6349467,4241922,14074201
کیف زرد,8450908,215632,3307928,9276214,7203816,7703175,1149791,14876850,341682,3500477
کیف زرد زنانه ارایش,15128623,9401053,14065867,539062,8823098,13514411,13324355,11625433,7479385,8271644
کیف زرق وبرقی دخترانه,879091,7946573,4278971,6360785,7445177,1905130,11333471,1585425,6578308,2407152
کیف زنانه رنگ دارچینی,3628688,13132596,12516025,10965871,7798283,1049100,3017645,1877280,12652333,6857848
کیف سامسوننت,5197288,7989717,15126651,6905273,4997418,631598,649509,845735,10823817,7009820
کیف صندوق خودرو,2563598,1029723,8673314,8381569,505309,14325572,5413819,995846,8824958,9588977
کیف صندوق عقب,2393637,307095,502687,9780840,2414238,13389998,3554505,3536523,8815105,4475952
کیف عایق دار یخچالی,9037666,1714761,6805009,5190712,12878488,6327689,4390181,997096,3062509,370531
کیف عینکک,8449627,6853124,3974550,10652816,13154422,10934087,5389706,7623616,11216802,779044
کیف غذا دلسی,11255602,3265733,2900208,13217179,266499,787425,8107171,4437935,10960911,11217296
کیف فلامینگو ال سی وایکیکی,11106291,10864424,763971,5428339,200466,10941341,2275515,7086864,2525555,9561839
کیف لب تاپ گابل,5360007,113653,3741049,9585121,855999,12795710,6906343,8018435,16576316,7096895
کیف لوازم آرایش زنانه مدل مسافرتی,5668815,264920,9788096,1859403,5889381,11708864,11866878,8111206,2278496,17113088
کیف لوازم بهداشتی بانوان,4488066,99127,10590984,12957372,9101770,4925525,14346588,2759976,1364878,4041666
کیف لپ تابی برای گوشی ام ۳۳,3792052,7184806,2474467,4563908,7584679,4571148,7220792,389247,14898338,12673403
کیف مارال چرم,13943953,9958566,9361439,6107200,5665364,7237459,14488282,803587,13156440,4049523
کیف مارلون,5089067,14799817,1097022,1492020,10947891,12018001,2285284,7524780,14603315,294570
کیف مای ملودی برای مدرسه,5117449,5004494,9253428,14109551,671584,5356031,3500394,7548524,2608053,807595
کیف مجلسی سفید چرمی دور نقره ای با زنجیر.. گوشی جا میشه,5443628,6801649,12100106,14760870,785023,13942891,306998,3730774,4929072,2160141
کیف مدرسه ی چ,3179537,14279802,2381229,11628952,1785325,1130511,475424,294570,7270861,996120
کیف مول و کمربند,7488509,2430131,10904951,568650,9695428,4492680,2351153,9889442,6706357,6435705
کیف میکی موس دونات,10170656,13699053,6159606,282952,4608283,11116159,8383328,11276364,10763058,12388741
کیف نوار بهداشتی طرح مرمری,7517222,11269336,7379247,12686706,511859,15595047,9999118,4197917,222399,1738232
کیف نگهداری ویولن,4362824,7248561,282952,12059223,2906550,5892803,1928758,12920165,10999066,6602710
کیف هولدر پشتی خودرو,2710686,3640583,11824655,10824198,6745951,12295499,5689525,12884600,2651073,5664022
کیف و جاسوییچی زنانه,1710707,5654096,6997676,9339374,11296848,13969235,9846312,408640,10111279,5703369
کیف پول با ظرفیت کارت بانکی زیاد,11097126,7200364,11224344,12213603,13827589,2966648,315578,692320,3815764,358187
کیف پول جاکارتی دخترانه مدل,11071862,312368,15095964,2819510,8891280,11374157,4288435,14819880,3446756,6211018
کیف پول دخترانه دختر کفشدوزکی,9720229,478133,2227589,8754590,12131416,13113689,16592579,17647594,192498,6107200
کیف پول زنانه طرح کاور,3640583,5180245,303880,10984525,11575630,142598,7325227,477164,5066318,514062
کیف پول مدل پ‌کمون,7060891,6759371,5005407,2419836,11476129,3500901,14271352,14192208,7129303,10304716
کیف پی اس ۴ عکس فوتبالی,8169649,56912,12441836,33592,13969235,6208094,8166873,6065680,12215001,4800187
کیف چرم رودوشی زنانه,614287,11116517,7618978,877254,9919695,5936108,14338296,7258579,12324455,13781222
کیف چرم مردانه چرم آرا,14337860,3550869,5403418,3556125,137047,1487225,5004494,3792937,2510748,3637389
کیف کارت اتیفون13,14052039,16336573,8513848,10934228,3876416,40971,11419550,1974618,472306,13003487
کیف کلاسوری آیفون 13,5149251,1006905,804699,12453934,9221710,8339334,8395146,11246431,11064523,2670722
کیف کلاسوری تبلت هواوی,544817,2407152,6892322,10749548,384900,13634628,8687712,8723324,4532802,5205826
کیف کلاسوری سامسونگa54,171977,11360242,2825664,5364951,3505056,9048521,826701,16721016,4528161,3509610
کیف کلاسوری شیائومی نت ۱۳,5441418,880521,4395571,8931122,3953926,961905,9647229,491322,14556961,8774462
کیف کلاسوری گوشی G7 سامسونگ,5689525,5277264,8814788,1160809,4532802,916324,10231475,7967010,320285,6383690
کیف کلاسوری گوشی شیائومی نوت ۱۲ اس,9664454,944925,7356395,9632153,10823817,11509788,13728402,4423391,414587,5817739
کیف کنار رخت خواب,5362159,7533584,7201615,12643128,572256,7812006,2160141,314213,757391,944925
کیف کنسول ps,11765611,3749050,6580651,5585111,12693022,14267990,11923642,52031,12181285,2957013
کیف کنسول ایکس باکس x,6735701,4362497,2066449,13647786,3971425,4290740,2205336,6946094,144966,8836315
کیف کودک کوکالو,2939544,13982222,12071121,742799,693325,17311931,3041030,8798809,5356031,9167161
کیف کولی ف,4536943,10067768,4905582,14133879,14864302,16026610,2081187,10701126,13229539,8312675
کیف کوهنوردی کاور,738077,4423957,14162875,1927521,9422726,889648,657934,666882,4738948,16234113
کیف کوچیک برای جای شارژر و موس,14555784,5069126,7402345,1652570,11971046,11396255,5558420,12356824,12527301,11149658
کیف گوسشی A10,6411263,3379854,14382816,5589097,12773727,8068949,259278,790960,3046475,6556299
کیف گوشی,12774881,1139189,10240052,6406905,428020,968607,158528,10120858,5002501,2355599
کیف گوشی nokia,5235259,221090,9896560,10010228,528137,4041666,3369509,7244370,9480573,14074201
کیف گوشی ایفون ۱۳پرومکس,2982373,3513813,7908031,12817900,14821528,4661132,12020076,717760,2052436,962101
کیف گیتار کلاسیک,6450361,8108879,10475384,4006831,8044249,5050942,8432672,26709,16755006,4661330
کیفرهارد,699324,534402,5089563,12588138,3289306,3046475,9780426,514988,8487318,12956290
کیفکیف لب تاپ,5228491,11294304,6323277,3169130,8898035,15595047,2097496,13276121,1851696,12185047
کیلس استارتر دزدگیر,9851966,2734184,788542,12775091,716418,10617230,8517823,4358875,633387,2092880
کیلومتر ارشیا,3598086,16522900,10958076,8752810,1915548,7368232,615164,3666815,7926817,12944358
کیمدی رویال,11630643,2951264,8949433,3170102,7083260,11743122,2094624,8422631,7805647,14156185
کیمدی ضالاتان شاه امضا,3329993,7770517,6288066,11696856,97756,10047735,12202215,10946286,6159606,104851
کیمدی فوتبال رونالدومنچستر,1747689,10347632,8365337,1152961,760425,10288460,5436849,11670350,14343367,10566257
کیمدی مدل امضا,1345136,14754405,9611258,390870,13399395,13709607,13354498,14094091,11150542,7813657
کیمدی مدل جاکارتی کلکسیونری,6136694,10959853,8506314,195015,12673805,964898,2846889,1928758,12436562,12965291
کیمدی کارت 2025,11707656,798880,9686682,10652816,924058,2091251,5941999,3595884,3469722,9430343
کیمی ۳۲۳,5035423,7513569,11596055,12535268,13266648,70798,1021213,1497226,4593072,5420739
کیو سی وای هدفونز,13224953,5663144,8423792,8215382,10088444,12817985,1029673,48078,2008043,10414149
کیو پلاس کمرا,3545064,1595405,5253135,4825795,668821,14009648,8729265,13081627,10920318,11109796
کیوت دال استایل فون هولدر,8516352,2781547,959898,1958831,923971,811751,380267,12131416,13364788,5726740
کیک تولد کرومی,3181280,192637,6720261,5054450,1693740,2081187,2831303,14186549,8469468,9427392
گا ز رومیزی درسا,4529789,160744,715347,10646502,147439,8162593,5823722,2927696,5750628,2262835
گاب گوشی شعومی نوت 8,6854553,7246249,855992,13225463,1441171,1930327,4519838,5398310,12090699,11509788
گابلت بازی فکری,3408934,3013565,3437,14109840,1930327,2310389,9430343,9330621,7461288,6559677
گاجکو,909949,11423012,2821156,55691,13282306,12802226,8714551,1006905,2032185,8141019
گارد a55 گربه ای,8366074,4009351,10159708,8519789,2666116,282643,12648431,9935382,3249394,1652570
گارد r50nc,10930227,3229372,9177103,4319256,1558818,17039636,6610727,410596,103641,11606815
گارد realme gt master,14059985,6325240,480704,7990598,667278,4583999,6702032,2406148,6450361,631598
گارد window آیفون ۱۳,4424783,2983747,10451019,2381178,2963787,7289290,5274879,8465179,11704661,7697738
گارد y7a رنگی,13897697,12560714,10977036,7393072,1470935,5432465,5466323,9502262,12830142,11476129
گارد آیفون 13 کاری,8069225,4908919,514988,13300445,6801165,11421030,14579086,13530777,307095,807595
گارد آیفون مدل ونوم تایتان,528971,14659658,4787255,4204893,8430508,908,12222680,6595635,9445070,12094463
گارد اندروید a23,82573,14089147,3644582,576100,10472470,5895194,9475069,4261189,9180929,10120510
گارد انیمه برای گوشی سامسونگ A34,9200427,6500727,3907654,7517005,12999394,651257,616284,4573008,533354,2221277
گارد ایفون 15 نرمال ارزان,9132888,1157860,3470463,2572985,10999066,5109328,4787255,10893935,4041666,10290303
گارد ای۱۵,14874782,4206221,1845303,3904662,3307928,8632233,961300,10633491,8070256,1160809
گارد برای ست poco x6,13203408,1608070,5189,448364,1638676,17311931,11394257,935451,10302972,13613146
گارد تبلت t561,6772505,2758594,9119757,4902284,6998499,7806669,6882679,12619125,10217020,8943078
گارد دوکو,816135,2854783,12940098,6578624,2058772,9695428,1792412,12583851,2042181,404652
گارد ردمی نوت 10. 5G دور طلایی,4514009,12117693,5233434,5404975,5190171,1498932,10538026,11704036,15147960,9755208
گارد شارژ وایرلس s23 fe,13848972,212535,9370,11007251,7378417,2411284,919112,1946671,9629625,6061721
گارد شفاف x4pro,97486,10262137,11105977,1011401,8898035,2023379,6172464,7624321,14380342,410800
گارد شفاف نوت 12پرو,10650567,482498,6830539,13160534,156181,13579808,1072595,940240,11705624,9703599
گارد شیائومی نوت7,1519801,9120939,11682472,707892,3907654,1790557,8895848,3461150,156181,5823722
گارد فانتزی صورتی,13281648,7924960,5165276,7340116,5060451,59380,759037,7633230,12506080,11159404
گارد محافظ گوشی mi10t,3851079,8392552,6926013,1484777,13536155,6761083,7877545,14054239,1827485,6791039
گارد موبایل سامسونگ A14,466066,5070528,9570970,1016559,1770347,11792316,4408025,12009083,5926917,11859478
گارد موبایلrealme50A,910280,804925,8277238,16006742,10648392,409154,1786026,1067669,13639566,3888213
گارد هووای y6s,7946573,12561858,10073361,5696222,280271,559882,10824198,6823208,1345136,526298
گارد پاتریک برجسته  برای شئومی,3457766,13358306,633484,14612250,16592579,11697889,8577184,964898,3726850,9217198
گارد چراغ قوه,11796792,3792937,14500350,4953123,13350621,6892322,13141511,7128270,12691832,5228491
گارد کتابی گوشی A03s,7359701,10061052,11809430,1785325,6004161,7174761,2577240,14157096,5519452,1432204
گارد کیس گوشی A23,10596165,10238864,5862804,7513447,5064814,2009530,13172847,5947787,269306,539062
گارد گارد گوشی شیایومی note13pro,10968638,3206052,7655336,532966,1595405,7247698,2561992,178762,10708778,1136555
گارد گوشی A50S,14782947,2817194,17479499,5505856,4244981,6484699,2839217,11368177,11156752,12648083
گارد گوشی A53,9800468,9866526,957800,1017501,3893423,6825028,804739,4985247,3098913,904082
گارد گوشی a25,3320722,2993702,9197280,4260861,9810520,7802294,973138,1659259,367085,14519554
گارد گوشی poco m3 فانتزی,1515290,5592158,11207726,2873515,12587156,2715002,3245302,607213,266499,9243998
گارد گوشی v8p,9119757,5779434,15772701,12625697,8293249,6882567,4423957,8229659,7571853,299944
گارد گوشی شیامی نوت ۱۰,5350930,4587844,4678062,2887055,6032410,1659259,5556727,222488,4949229,2277393
گارد گوشی فانتزی سامسونگ A3,649509,9422975,4354296,8869441,14498545,2241846,9249898,9538562,11373570,8367504
گارد گوشی مدلA10,451963,3013565,99116,3706469,3184295,8567079,8986359,11851294,3400318,1795756
گارد گوشی مدلa50,4666683,9665402,9609031,968220,17536916,914077,4964326,6367861,9604701,2821156
گارد گوشی نوت 10پرو,14037723,10520790,2749111,14312651,7394608,349378,2555717,10472005,1026247,7524780
گارد گوشی پشمالو مدل سامسونگ Galaxy J5 Prime,833471,463273,7350088,11373570,2967739,12365445,9445099,847989,6554847,3797495
گارد گوشی6s plus,10683941,6989297,12170248,13349064,6762832,1844063,7154852,8365940,17185127,5778111
گارد گیم نوت ۱۱پرو,2971948,3445541,983371,11033708,7929922,12702443,12375903,8414644,2701457,2596634
گاردشیائومی A 1,1923816,646667,10527270,10189915,9807887,410036,7564833,2278496,11360242,6759371
گاردگوشی سامسونگ  a10,7495284,2801580,8395893,2094946,7956757,396213,17512480,12664374,3384926,6935286
گارمین 72,7802622,2883420,12054588,9780923,7531652,977697,12638151,8448494,1886413,137047
گاز خور موتور استوخانی,10701828,7360152,9682747,9131125,4911193,12086278,7924960,286137,14607379,5994231
گاز روميزي البرز,1945353,7323361,1526337,5357364,2501174,978692,550445,11704944,7022444,6136708
گاز رومیزی کامیاب,10680006,640156,12375156,6424828,3876412,8206881,1435319,12391577,5235259,9436586
گاز سینجر فردار,8073921,6557691,4419091,13462878,216900,8549674,4557717,3408934,2568772,2100510
گاز کولر ۱ کیلویی اوزیل,766062,8682841,6752724,6498494,153508,9105099,734180,14822087,8680295,1585425
گازاسنوا مدل آدرینا,10563340,6482755,4585575,11595254,5443698,12284171,12940098,781227,13677379,12535268
گازساده,5521775,99328,9699777,12807422,3559480,7224236,12684920,379200,7956757,2901148
گالون,12309780,222399,3170650,13604669,9864678,2882705,586696,37948,10977127,7954211
گاو چییت,8271644,14739156,6393459,14098747,5450132,2212054,4307586,693723,11246431,17085140
گاور گوشی A60,10742703,11655097,1032542,6553359,15502469,12349726,4937291,59132,4878993,5316473
گتری و قوری دسی لوکس,6884446,5664068,3644156,714799,1054461,5442074,10804858,9627102,786933,869662
گجت حشره کش,7154304,14034612,11156752,7125366,743370,4793179,13274672,1140535,4925525,6890835
گرامر انگلیسی از دبیرستان تا دانشگاه,9664817,8827722,242289,708556,9648168,162410,286688,7550613,5025436,743370
گرانترین سیم کارت,5417052,13282306,7495284,11696856,12671574,1130441,1804837,7988240,14740537,4959376
گربندن اسم R,8493464,4499873,8761808,9051696,1497226,2109104,2063886,1519801,11161720,15772701
گربه  واغی,14043492,924553,8694251,13455141,2710686,10805661,4454387,9052410,7632776,14553599
گربه ای که ذن یاد یدهد,9729133,5316473,12643128,133187,4573008,8924210,12672505,752467,6105665,3634502
گرد بر دی سی ای,5078838,3257807,2666771,14362168,4704767,7533584,14308846,9520539,6693613,6575740
گردباف,346512,9752721,11336522,9636489,1914498,892394,4088765,10347632,2960094,5264549
گردبند  اسم ماریا,7576867,7799532,7190400,10058591,10528127,13807569,5419091,1138304,1864688,358809
گردبند مردانه.,3238403,5500776,7108523,1047824,8423423,1645222,5316473,10692740,7556398,1015441
گردمبند قفلی,2728223,7795622,8304319,6013513,458555,70325,3993200,2339955,10157236,6435051
گردن بند  برف,12547362,11245945,2528095,13531438,10912381,1112124,528137,11427562,570764,8279929
گردن بند M,3696981,3579546,5700211,14638250,9540940,7474345,7655336,7455828,5117308,8769143
گردن بند با حرف م موجود,2900208,11670350,6582726,2293574,11637009,10771614,3464453,9987921,329253,4108417
گردن بند کیمیا,17548788,6754789,7899721,1114234,13133550,3189791,8804022,13661348,13401329,1135071
گردن بندطلاپهلوی,6457930,3514157,8729265,8052513,3055781,12647727,10445604,5616229,1828208,9289318
گردنبد اسم خدیجه لیراد,11989850,1026247,2529858,3149841,5091399,5438621,11204388,80694,1586166,33592
گردنبند B T S,2144579,191291,13521833,276728,2543130,4754715,477164,5136293,10500732,3257807
گردنبند انیمه اتک استیل,8400609,2103408,937913,8895120,9538562,13340581,8326311,2315399,7515632,13612974
گردنبند انیمه اشباح,1664086,6970871,8203862,5811498,9761959,448489,8421822,3614592,8353565,14476967
گردنبند بیتکین,881664,3471063,6833688,14466154,12884433,13235338,2598454,8453861,368602,11648685
گردنبند حروف ام,13466118,6680257,8069225,1460055,1790557,9708003,3017645,14621679,7426186,7644331
گردنبند خندالو بیلی آیلیش,467065,6005120,11872221,10638509,14243261,6976199,186067,681938,9540940,5004118
گردنبند دخترانه کارتونی لیوانی,189770,10930347,7444105,3364154,6510095,9614729,6567845,1651116,1122950,14857729
گردنبند دلنار مدل هندوانه ی شکوفع دار,5840935,1753907,1435319,2238243,4681587,11475653,11238413,3596209,5652072,9264756
گردنبند دوتایی باب اسفنجی و پاتریک,12708949,7999154,349676,9593086,15307573,445937,174943,12634048,3666815,16693891
گردنبند رزین پروانه,1054461,12849731,11023896,2357548,10691718,12754374,3773573,732825,11676603,5633731
گردنبند زنانه حروف T,3179358,8476668,59380,4800187,5581620,961925,12722869,660941,9361278,9674839
گردنبند زنانه پینترستی,461904,910553,10520790,6657649,11348511,4486220,743370,12745641,2381229,4496965
گردنبند ساز,1683331,1789517,9627102,308442,6257808,7865355,8474138,1475443,5417052,8461270
گردنبند سط ماه خرشید اهن ربایی,7495372,1639303,5519452,16027580,8988196,17815509,7666578,626446,11475653,2708994
گردنبند سه نفر,7269213,9422675,10977127,14757059,12997079,13147836,286918,4798605,12506267,12086942
گردنبند طرح bahar,2044653,2919754,8507591,1115423,2586430,5932038,14213476,10689760,9380054,7755871
گردنبند طرح اسم سعید,7886575,7340343,707892,10578732,9872277,1144060,5652072,4852681,80150,13118786
گردنبند طرح دم عقرب,8751512,4852639,6580651,8021519,8096411,9723331,13777064,12294463,8934922,6693613
گردنبند طرح واحد پولی,490390,563823,1460055,189571,6417834,1505408,12628511,8370228,82093,10517307
گردنبند طرح کرومی,9785505,8774462,8351078,12894238,15372734,12894905,608188,11023896,1529575,6781339
گردنبند طلا 18 کیا گالری,9688202,10055139,16216627,6180333,235857,6928475,8531009,7812006,804739,4063504
گردنبند طلا آجری,4816326,3540612,3929078,587821,1584616,9833806,12029059,4015327,199623,13376228
گردنبند طلا اسم شراره,4348656,9221077,14980996,1641465,3063351,12747983,685446,5739874,4646894,2644760
گردنبند طلا بانام جواد,6647088,3643724,11277102,11643491,15585289,13784427,296290,6929586,13504983,3741049
گردنبند طلا روبان,8134818,12455954,10082995,5654096,598677,6622267,7955083,4990008,7674446,7926817
گردنبند طلا سنگ درخت زندگی,17647594,9480418,13343245,10609076,11711364,936338,9272294,1093618,3192810,42991
گردنبند طلا مدل حروف,4495195,5689525,14185470,7907453,7542677,11263738,1568408,12428216,4954108,1863815
گردنبند طلا وتوس,14116165,221364,8627776,3026760,11097713,9881235,308517,7902972,11217296,1130511
گردنبند مدل دوستی روه,668821,15380581,876931,81555,13503755,9994878,11070523,8963792,7998713,6054997
گردنبند مدل نت موسیقی قلابی,16546620,12458381,6563344,10832056,12101460,14596741,500264,314213,8814788,4397081
گردنبند مدل پنجه,10442878,12523693,4009351,10691718,2171115,12222869,11498020,4474955,4228930,6419280
گردنبند مذهبی مسی,5223293,9893926,916897,4622727,1136555,13237992,10251101,10148366,3519765,3400318
گردنبند مردانه فول نگين طرح واحد ﭘول دلار,980807,10648392,2831303,831772,12883002,82118,7504753,957790,16414350,8187878
گردنبند مردانه مذهبی,7371634,493952,1077362,1435319,7374449,9665402,3560857,13327900,833471,10006431
گردنبند مردانه هیئتی,402097,14180980,12558561,33592,10159708,73619,10844318,9632153,11704036,7732577
گردنبند مرواریدمروارید عشق,11217197,13568527,7178053,49766,2906550,11357204,9105170,7541011,5865949,6754102
گردنبند مندلورین,11479607,1516895,9719761,2872550,2209409,9281658,6061721,3320896,4826432,4744930
گردنبند مهره ای,7136299,13676858,9004108,11699162,3914219,1116925,9914387,13117448,12703423,5282709
گردنبند مگنتی نقره ای,10262401,10120510,3309641,5149251,2696573,7601292,4225979,8834048,15001598,3398369
گردنبند میشکا,4289432,10805661,2434476,296051,5746546,2307028,12573997,7461461,8873557,5901901
گردنبند پرفش کاویانی,11750358,8387092,1732746,3815621,2841775,6252788,987316,1710162,2144967,14135022
گردنبند پسرانه خدا,7380557,8798809,4993916,14531056,6587059,9234629,6238884,3571386,3710387,14495355
گردنبند پلاک یسنا,13164394,528971,2667217,11648662,3306896,14245999,54695,685587,4417108,653921
گردنبند کارتیر مشکی,51924,10827963,8230805,11106490,13219202,8083996,10490287,3457766,7994727,1570634
گردنبند کودکانه مرواریدی,14555784,1154968,17145362,3710946,10811977,6417834,2639830,3414388,11457161,38820
گردنبند گردنبند منشور کوروش,13519626,8215708,9860401,11510141,1021213,14187695,859481,2066449,777769,7816428
گردنبندمدل فرشته وشیطان,9327243,6252788,1059820,2749547,2993448,5602345,5806302,12050377,1597971,633880
گردنبندوگوشواره استیل,5337932,2432245,6107200,1792412,13073651,6574559,3470463,288078,5519812,1870101
گردنبندچشم  الی میناتی,6238884,1156848,4428121,14522041,6970871,9491143,3087141,10784475,12807422,16998315
گردند بندمدل مگنتی,2357548,9872271,4852451,9242187,4470323,2010553,1477253,13551569,6748468,7140776
گردنيند اسم بهار,6990645,8774462,7638525,4678062,130176,12639452,12709456,11210768,11492437,4792739
گردو کادو,432653,6035112,13154422,9832146,202375,10164226,10609076,11388363,3805248,9013302
گردگیر دنده رنگ قرم,4197849,1075108,1972289,7542983,6508907,2666771,7544531,4271476,9896560,11625433
گردگیر مته,7780046,9632573,11781177,9886572,15095964,5438621,7206667,5956223,160392,13145967
گردگیر کمکفنر پیکان,9699869,7780382,11405801,2046421,11764073,10156991,833899,487357,8815105,7294795
گرذگیر دنده ۲۰۶,7168123,6823327,8132070,515133,13436618,3464453,2838762,1154351,10984525,1870307
گرلز انکل بوتس وید زیپر,8337405,6087736,3860309,9430343,9797238,7161954,82004,5119105,12085726,4010218
گرلز بوکمارک ویت حجاب دیزاین,1827268,1543627,539062,14126372,8161925,6798757,9695099,8052513,3189791,7835147
گرلز پن,4170530,3258151,12700122,10651467,12120907,8351078,940240,193342,22481,3839766
گرم کن شکم,13132596,13245538,273192,4645582,1026521,7529183,7618978,10974039,10442694,14212796
گرمکن ورزشی برای ۱۲سال,12148937,1492020,1874145,6566014,187723,17048438,10332707,7495284,5076264,7944449
گره باز کن ایروکس,11124441,12277034,3255186,5616229,736874,6105665,795328,1780247,6943577,13094132
گرین رایت,12088906,4586233,3181933,2241846,11856664,48690,8068949,10766629,4570342,10260791
گرین سیلک,13359318,17436439,12664128,597980,862983,9051704,6817528,3185092,14344908,8428516
گرینفیت,576100,6965505,6896633,3498911,9965789,12708037,4566955,3890870,1968037,6806447
گریپ استند,10653284,5058143,11705509,10350205,3812340,2288660,4826653,8648012,7913417,2109104
گریپ درسته,11721766,96423,11393731,743370,10591563,14078112,179460,9824297,5652567,1036482
گشوار طلا آوا,4070674,4270359,4443411,14029625,7094925,557201,787425,571948,771961,602307
گشواره صلیب میخی,162492,2507543,7802294,3781711,1020210,1015441,15247016,8472321,2418637,12965291
گشوره تلا,8414644,2909460,10322404,7836235,10757160,92226,6144723,6720261,5717374,943502
گف پای پراید,8339552,4748512,4829705,3614592,4950327,10262401,1746928,3138852,113181,9422975
گل آفتابگردون,2660180,2406262,6135735,10260791,70639,407841,3773186,13905556,4914193,12656609
گل اقاقیا مصنوعی,4792107,13391818,8054249,12233629,6433138,13142006,4396103,14679714,8469468,2094664
گل اوب,8910724,1689189,1734275,13838424,1661937,4528161,889145,1079839,17185127,12436834
گل بنفشهی افریقایی,4608283,12100809,7504341,142420,8370339,12350676,11106291,14525482,4378150,10311550
گل بو کا,10088444,9984477,12233240,8071665,15502469,665130,14212796,8581051,2094946,3592192
گل سانسوریا,7547365,4726765,652824,358809,8293249,4681587,9738989,2734184,10420928,12807344
گل سر رنگی تق تقی بسته ایی ساده,1112124,1634821,2995939,1666656,2555157,1624566,6808740,6793934,3670271,13809364
گل سینه مدل لگوی رشته حقوق,10827963,11276364,4949229,10527270,13632307,14399184,3039913,6935322,5764692,8902718
گل شامادورا تافکو,2714348,11723341,8884275,11492437,1757699,189571,8077717,15986310,15302658,12999394
گل فرفوژه آهنی,3048569,11377769,14059985,12518784,3255182,7755871,13699053,5102938,3945686,9422675
گل مدل خرفه,3457766,909536,408760,5085615,7417615,2013405,11161719,14554731,4989781,11809430
گل مسنوی رز,7790253,10999616,8096411,145838,15068848,4430288,3036946,8658323,7371634,9805389
گل مصنوعی  بابا آدم,5717830,9648721,137047,2585084,341682,509122,679366,9446010,3734565,9585969
گل مصنوعی و گلدان رونده,11185198,2838762,82048,8112567,9542290,3623050,11249656,2432359,5338291,646879
گل میخ مدل رز,6087736,10120510,5748923,4121114,1662761,4076941,12286879,10805661,1658599,514062
گل نگین دار,3384926,14191430,3809063,305236,16736391,10206229,649522,6891483,385198,9371896
گل و گد,827203,639574,4545023,7766073,1792412,8910937,12172885,13808069,2921252,13391818
گل وگیاه مینیاتوری آکواریوم,2351888,10238864,14344908,9021296,5170003,11699280,1587710,9080322,752022,7125606
گل پخش كن عقب چپ برای تیبا,8492349,5507303,15128623,7016098,14972695,4626056,7588252,1743832,10635382,3612361
گل کت وشلوار,10194563,4104881,364527,14336077,7542677,10040160,3628688,2089470,5664068,1455168
گل یه شاخه  رز,1809232,2442889,16797079,10116615,6817528,4146139,8318946,5443628,550344,5371740
گلاب پاش دسته دار,14473540,11852527,8692023,11382166,1759545,3840587,13300445,6556190,3514157,13363407
گلاتومین,8127544,267438,12647595,17553725,6779969,16112946,732825,9782160,806089,3332088
گلاه ایمنی موتور سیکلت,2949988,1077362,3578425,8239214,2074248,3929912,31848,8688393,14006084,10100862
گلد ریمد سولار استموِر گلس,8239214,11592187,13691969,52412,7587086,5148050,494066,4288435,3499111,1545322
گلد لیف اند کریستال,10693211,7657613,8491338,7363437,4566955,2408697,3181933,7758153,3578808,3025131
گلد پندنت ویت حسن نیم دیزاین,1476154,8033239,8197472,1649577,14922341,3120224,7925806,7021668,14176170,7220776
گلد کیش مدل برد,11421317,12672505,6500407,14386438,930046,4158441,4113547,1151448,12091506,4006952
گلدان با گل بزرگ مصنوعی,16755006,8191595,983602,3524979,2212161,249941,1747689,7732577,6562545,14086563
گلدان مصنوعی بخشی,4640717,932152,5519452,9947724,3756468,13154422,10500732,759037,4941308,1592884
گلدان گل شیپوری سفید طبیعی,9133186,7674470,13085716,13929076,10040094,4356887,8929741,13917758,10636233,6469883
گلدن کراون استچو,3551212,1077362,9842497,180395,4544783,3689934,13918199,9863628,6994897,9879936
گلدون  و زیر گلدونی,8994914,10821081,7435487,14006784,10898538,7494692,3507554,623352,5666461,607269
گلدونهای فانتزی,741348,3184295,5338291,2627010,172501,73006,6484699,9029360,6533827,442730
گلس  شیشه ی گوشی جی ۵ پریم,12458926,16693891,7290594,9798133,4640838,448489,1538121,5957385,1592745,9489581
گلس  می بند 7پرو,7645751,7536027,4684626,12532693,4440247,2214031,12299894,1024260,2132786,7987018
گلس  پشت گوشی سامسونگ a53,1477253,3252733,7890775,14453589,964677,7559080,7303131,12213603,14274910,4309206
گلس 12T شیشه ای حریم شخصی,2906190,17480397,8400609,5026076,15290047,13677379,679366,3872759,9276214,6392775
گلس Xanax’,420288,228408,12303596,10434136,774908,4818336,5140235,1128977,2413323,6754102
گلس Z fold4,10122262,4535049,13580657,3578808,281133,5408675,5156672,1809269,6349054,3309641
گلس a2,14466033,2357210,1780834,2869971,14603315,2999253,10521206,943502,4463663,14410946
گلس antistatic برای s21 ultra,7899721,14208498,4258720,723003,7084646,7107507,11578992,10100862,14555784,9393108
گلس mi 11لایت,7134009,9169334,20474,2604338,607213,9077569,6500727,9126030,915865,9706126
گلس mi12 x,3740920,618869,6566014,6274414,5460742,2533881,7197935,5700311,638338,11295564
گلس n 73,5963977,8549674,4051553,16537781,11923642,5321832,3935194,13098387,7325334,542546
گلس redmi watch 2 lite,12553170,12672505,1021268,10260791,7275002,4290740,2363856,734180,12087708,9026799
گلس rt2,8933199,1523112,3423831,1126203,5568351,7174761,687603,525953,16216627,9264756
گلس ایرو ژل,8535502,4957468,9780923,686339,5762323,8070256,486417,2363856,17837434,4949229
گلس اینفینیکس  نوت 10,8501934,5409641,2776377,7285915,11580930,15920872,14018731,12428216,14581595,13504571
گلس برای grand A05,2415653,1930327,6996746,314213,10912200,997096,6906343,9455757,7172945,148327
گلس برای موبایل سامسونگ a25,10757160,1837320,7949157,11625433,4498563,12249900,822322,5987137,14204895,6556651
گلس تبلت a8 2019,160392,9703599,482,198120,7003011,9234149,8739501,12673045,8449261,12662591
گلس حریم خصوصی نوکیا,103095,1850862,877668,11675039,4982964,314384,3734565,1623114,12886918,12560315
گلس حریم شخصی rebmi note 8,12789392,542546,877254,5024683,2586938,11649541,8746196,3050985,14754405,736488
گلس دوربین f5,2598454,1127801,2701457,186067,9147653,157424,10220686,10094197,272857,6653298
گلس ریلمی 9,10247677,3519765,2315399,1624566,1107630,7796412,14821528,7436770,11214778,1554506
گلس سامسونگ آ۱۴,11151891,7108523,764033,1603825,981922,14105863,3209596,8765904,6859966,5604877
گلس شخصی  a05s,5165276,6595121,13519086,9938759,4192569,7180922,14577768,11764073,13149286,9800297
گلس شیائومی پوکو،m 5 s,12442344,6154135,6762832,6237630,5703369,12981618,5364951,2555157,5746546,13455141
گلس شیائومی ۸,1122015,5710882,1870307,11434306,843847,1795756,11152854,937532,10030958,7734681
گلس ضد خش آیفون 13,2949988,743370,10061052,616284,5109551,10977127,26750,3500477,12930590,9214719
گلس فوسبال تیبل,7703696,8827833,5298345,9686682,7495284,10359413,14469461,3081860,7670489,2453547
گلس مناسب گوشی هووآوی,2432245,11459772,95563,1036482,7359906,3730552,11392513,11475040,14096783,8815105
گلس میبرولایت ۲,7855730,9864678,1003488,5261472,13080560,9520545,8986359,187301,9869248,5890764
گلس هواوی Watch Band 7,5054403,6245149,374678,9557746,11188019,2760515,7518451,10571974,11509788,10683103
گلس وایت برد,2067376,646667,10805661,4450185,2028108,13430705,1136176,13353223,3694804,4212044
گلس پرایوسی گلکسی اس 23,11034432,15147960,620316,303880,11255602,741130,6901968,9632153,2313806,1732746
گلس پرایوسی گوشی شیائومی ردمی نوت 13,5254220,14132342,2241690,5857844,10812826,539647,9380054,198120,12021769,3997038
گلس پشت گوشی شیائمی ردمی نوت ۱۳,5820108,11074308,14799817,11209558,7139307,6090993,13904421,2930956,10952198,4260936
گلس کتابی,13353223,12586759,4060266,4532033,4985247,7362047,3644163,686339,472306,12325010
گلس گلکسی سامسونگ s24,13412906,9788096,5556727,59380,11999163,9979410,4747762,657657,7241123,1505408
گلس گوشی 10a,12106618,9931729,2787116,14064257,6406905,8182052,1130185,9391549,8282083,3350124
گلس گوشی galaxy j 7 prime,7775776,7539519,456522,8658323,11997584,7139353,8326812,699743,2511416,90520
گلس گوشی note 11 s,7816631,14274910,14218455,9604701,90520,13044008,4088765,313551,974348,3851079
گلس گوشی شیائمی  ردمی ۱۰ ‌a,2698211,525953,6474778,8033239,5436725,5190171,3398205,1738232,2536578,5420739
گلس گوشی شیامی نت ۱۲s,1621304,5077679,3686492,14115658,4590811,4905454,2490223,8465932,3782930,14199778
گلس گوشی موبایل شیائمی نوت 8,9914387,5595567,3519402,2316014,10247677,4088765,6680257,606382,5659020,7283591
گلس گوشی پوکو ایکس سه,14544185,3867621,12949181,964677,838154,7048378,13327900,1610096,3150728,8563832
گلسa 21 گوشی,6102391,12708949,11153841,10073361,2725162,3408934,2262254,11942039,2450919,2419836
گلسs23fe,11204388,14703444,14052039,855992,13364523,4995373,781018,534402,49762,10406553
گلسsuperD,14333673,3644217,7546584,10282482,171977,13229539,10739828,4885876,7999154,15636106
گلسره کوالا,6064800,3183082,3046475,10544590,13999587,6323277,598677,349244,8598558,4744930
گلو کوزامین,8864800,6991372,5655690,3755533,4180871,374011,9321700,13380111,6372064,6154657
گلوتامین یروویتال,13804808,5160907,10368784,205704,427025,6254543,1514737,5000646,11729642,1945353
گلوله های نرف,7464696,169240,8752810,912146,10463434,12775038,179951,1828208,5031075,9294989
گلکسی اِی زیرو فور ای,8276226,13906032,1435319,8326311,10707054,217019,10396351,828562,2429494,13783263
گلکسی ای ترتین فون,8182052,4314484,1475568,10156991,7268050,6374300,2069609,7407820,5750628,3773186
گلکسی بادز2پرو,14068241,8244011,10679178,7375515,12318389,186039,13154422,2441995,5204175,3882961
گلکسیs24EF,12594212,1651116,10248995,9586268,11704036,16537781,9756715,15072221,10085386,14262609
گلیتر میرور,6838163,11270596,3710946,3341501,11594759,11940994,2871672,10823610,3758086,12456849
گلیم الماس کویر,8913983,4192569,4206221,671584,7167500,7334223,13167560,115561,10692740,539320
گلیم ماشین,2177862,5602345,7337056,17085140,9021296,13149286,6092808,6876011,4444018,7902972
گلیم ماشینی طرح فرش نرم,10784475,9110721,3824225,14213476,12120757,3500901,3865146,10111583,5301082,10930347
گمین.,542546,10471900,2825893,3813429,5598466,10694984,410800,13763869,4383345,5522277
گن سرهمی پلنیذ,5607537,6602710,1003910,4786483,14760870,14030491,1425618,13027898,12452046,4905454
گن ۲۰۱۷,5002501,2586938,2864628,646879,8387092,4492609,37948,5130999,14793780,12789773
گهواره شادی,7951437,9341782,5171083,7497130,9436586,9234149,5602345,3548683,8891940,723178
گواش ۶یا ۱۲ تایی,5534645,9772865,6033622,2053912,1734275,14603315,921124,9250533,7102362,4177353
گوجه فرنگی های سبز,8136916,2725162,11578379,8384280,5128268,2177156,4124800,11463490,2363856,17647594
گوجه گیری,13369143,3359298,5901901,3272499,12095645,10467137,1658599,14008542,3592470,3797526
گوریل بد شانسی,2127951,782048,16656476,5182103,3310047,12293267,7118751,285041,12937088,702346
گوسفند حمام,5362159,14898338,11999163,193342,3309641,12097231,775333,1047021,6389978,1745551
گوسواره لولا مخفی,12420468,2293574,7332407,6164269,1554506,604261,2378379,6488097,7729464,212535
گوسی ۱۴ التورا,6167628,7222721,4302571,5750777,9094859,3691173,691099,2861067,4953123,5102330
گوش پاک کن سگ و گربه,7493128,5069126,12283291,2967739,6526822,4134877,13634929,3042739,4307586,13081627
گوش پاکن آهپی,14608584,15284231,9052410,799177,13875577,13581904,11460512,8384140,7745780,1612670
گوش پاکن سپتنا,5845932,13504571,8589994,544767,8023443,7922203,10446405,1138304,10240052,589998
گوش گیر برای مهندسی,2961825,10649152,7955821,167334,6163723,10451019,263790,12297407,2840245,349671
گوش گیر بچگانه هدفونی پشمی طرح کرومی,1508629,1017501,9329090,3382701,286918,4520505,1845303,14086563,9648403,528971
گوش گیر زمستانی دخترانه مدل پمپی,14754405,649509,3107660,4184949,1031583,1064939,10572753,195015,977697,766062
گوشاذه زنانه بنفش,14749791,5261472,14525482,10634256,7808672,74325,2980913,3692410,8469468,6787990
گوشت خورشتی گوساله,14333262,9455757,8068518,11640834,6560493,9545099,12659336,1653093,394057,11953252
گوشت راسته گوساله گوسفند,197421,1901258,2596634,12698831,2586263,4854361,9233353,8023443,2133970,2448796
گوشت کوب مولر,6452107,5438621,428256,14866307,144966,811459,3397736,3028345,12693128,13299223
گوشت کوب پلاستیکی,7096097,4109459,1162793,3691173,3575155,14182497,16130108,8234291,6331877,262253
گوشتکوب ماکسی,5193119,11089001,5957385,2933367,4245075,6343668,6116245,17097822,3519402,3042455
گوشن کت,5205987,13413731,1021268,2095608,14243874,14082098,9782160,7674470,3927967,3624625
گوشواره به اسم اوا,5061921,9268477,23134,7422589,9339374,4876888,1780247,2586938,8955487,384397
گوشواره حلقه مشکی,4141072,2554355,854219,12217894,13274339,13218038,5004533,1505330,7920651,7773468
گوشواره دخترانه آی ام,835347,8792479,11273164,2597015,1673404,187301,5465929,11852994,10088444,11690142
گوشواره دور گوش,9951863,6984508,5608353,11734482,1864688,7645751,8283341,65292,7222721,3361033
گوشواره زنانه شیک ارزان,7499349,495136,10277141,8081582,5115533,5749873,2514163,8044249,5297304,15309498
گوشواره سه تایی کریسمس,741055,12708037,9101426,12647563,693325,1806576,8800744,546625,2342736,7444105
گوشواره طلا طرح سکه,816022,10852536,7445177,5073943,10532492,677319,10335660,6003185,9708003,10670241
گوشواره طلای نو,873126,10247677,815931,13389998,7240420,15127930,7444105,9944694,11786180,12516025
گوشواره میخی طاا,11054007,11989700,1468629,4512980,3107660,14162875,105263,3532969,8929741,1126099
گوشواره میخی طرحd,8765520,411103,2171400,1973811,11723131,230423,13964899,4886374,7571853,3875716
گوشواره پرسینگ اویز,8882003,5764692,4795557,10839017,8083708,15367405,4753019,8900054,305573,14476967
گوشواره پرنگ دار طلا,8133086,6940852,13514411,12851647,8021519,2289837,9648721,1157087,3624625,14193478
گوشوارهطلا دخترانه,2152076,7575881,7806669,13380111,14089147,9781333,9863628,9491143,10892052,10289010
گوشواره‌طلا حلقه ای,10839017,2501174,12416760,12558572,13963533,212535,11342834,869964,544767,8820530
گوشی  S13,8255486,11424616,1020995,14693608,8106665,2859399,1435005,9064677,11026740,7670489
گوشی  سامسمگ A24 کل قاب ها,3147621,12005190,2191842,13211709,4793273,4566914,557051,10661112,11079523,6791039
گوشی  موبایل,3516999,491719,3297315,5133583,76628,5070528,9314740,10498126,3593269,552191
گوشی 1403,3759644,8725423,8367504,5253454,554983,430950,14204895,4071139,4502122,11626600
گوشی 5210,807859,4440247,738077,2050108,12914437,13656897,3202321,7465654,13091349,12442344
گوشی AA13,99127,4986463,8842022,7094941,9442728,11498716,9561936,13027898,10683941,6989297
گوشی Atp,9805389,12500133,3851079,13929076,11296848,267438,2349276,2869152,6770785,7012721
گوشی C53 کاور,8461270,9795665,12452046,1033928,9578637,12999394,4878067,7556398,8737685,889648
گوشی GT6,855511,3115148,7858136,16669316,14566156,10901919,1718585,2534522,537668,3929078
گوشی POCO M 5,11332174,5297748,7709371,3232487,125987,11256459,5205987,3555626,17536289,430950
گوشی a25 سامسونگ چنده,7340462,5424088,14340995,14379315,10648133,6107200,1015441,5750777,5836503,3184247
گوشی a۳۵ رام ۸ ۲۵۶ قیمتش چنده,12062791,5139270,433182,9836112,6105808,486417,10669131,1502558,14346547,13568527
گوشی e۷,13631449,8995528,4289403,2856776,4941340,11324355,4816942,7344545,5618453,11380006
گوشی m525G,4354964,10641993,1487519,9172828,14023903,6853124,9033542,14199778,8812256,12164030
گوشی poco m6,4138822,1114234,1959209,5083435,5926516,4423391,13828983,161524,7536027,11648685
گوشی t۱۳ پلاس,10591563,1958831,9659575,6254543,2487012,219969,1116925,1753907,9468485,9673893
گوشی آ  چهارده,4871471,633484,14308846,304696,9947129,511859,7047648,6792674,2015247,5853721
گوشی آنر ۷۰,3208664,1515290,15104501,4963821,7106135,540219,10279663,379621,2839217,13969562
گوشی آیفون ۱۰,10480997,3569970,3382701,5741169,8739501,202682,14803529,7604444,8330682,15963251
گوشی اس 21,7924960,5817739,9329090,11178970,10587154,3564259,2103355,702346,14324362,309830
گوشی اسباب بازی مدل آیفون ۱۳,2753599,3514157,11491004,16320519,12334337,12594084,7375409,10396351,4294804,475424
گوشی انر     ۹x بی,10403857,3379854,408153,10758233,348422,11974409,11872564,11427562,10186767,811459
گوشی اپل ایفون ۱۳ پروپکس,13976650,13033468,8578639,1803281,1785325,7703696,2856776,618869,968607,3950734
گوشی اپل قیمت iphone xs,8815083,10322404,9726998,10442878,10403857,9378758,14049507,3048569,4795557,5180245
گوشی ایفون SE 2023,5036141,1126203,7980019,2872550,5936108,7289290,4065469,964286,12688760,2760515
گوشی ایفون کوچک  مینی,12124805,38873,8826326,2425682,2962922,2476616,4479388,13847395,5747445,10894204
گوشی جدید بدون نت,7503155,12018001,3971051,8714551,4383345,1910538,6580689,3791190,2256187,15279663
گوشی جی ال ایکسe20,10261729,6325240,198120,2313536,11407210,9717360,9864095,12891981,2153646,3580571
گوشی در موبایل a60,4182709,1426823,6929586,8307641,787233,9178314,2310389,6577358,7886575,974348
گوشی ردمی c12,6909316,12956175,10312343,8886721,7969736,2927696,4315264,7987904,8028610,4621203
گوشی رم ۳۲,10413327,52753,9052476,8317899,5064582,8766222,3956184,14569480,5891015,6069592
گوشی ساعت ظ,13430967,10566160,7814413,11494321,4967444,65292,1592884,8331727,1515290,1498932
گوشی سامسنگاستوگ a72,7971987,12016209,8066024,6577114,5890321,13533432,10934087,3264348,12283291,149716
گوشی سامسونگ اس ۲۳ اف ای,9866526,12310300,513103,4044799,9970279,11410049,4941340,4241462,11841668,9377384
گوشی سامسونگ ام 55,5068713,1496876,7635706,6166323,12930590,10587154,14312296,15147960,1675658,12877469
گوشی سامسونگ مدل galaxy a32,4286480,3911995,2731192,1137514,8083708,12889866,9563117,4506119,9686380,1907918
گوشی سامسونگ مدل s24 اولترا,3519402,4536071,883904,428270,3446756,9131125,5782821,14193478,10742703,3465186
گوشی سامسونگ گالکسیs04,11781177,4877971,11055808,7495121,7471158,1345136,33857,7847866,10527270,5930020
گوشی سامسونگ گلکسی آ 02 اس(Samsung Galaxy A02s),6446876,1440386,5228840,7356395,2023379,16006742,13219202,12807422,14312014,8208392
گوشی سامسونگ گلکسی جی 5 پرو,8096411,3598654,11846022,951998,4437935,108573,11912336,761004,10639005,467853
گوشی سامسونگs20پلاس,9345320,2585994,5992012,964898,13677379,1614021,9380520,71623,4254832,2397717
گوشی شبائومی نوت11,13977264,384314,6768238,9614729,4885697,5503358,4957468,1732149,15502469,877357
گوشی شیائومی Pcoc Cc31,9403178,1136555,3410956,8824586,1668788,5840935,7133888,513177,5024683,11171380
گوشی شیائومی ردمی پرو ملاس,82573,5150034,632064,3177340,7036283,1800278,2960094,12664128,8506314,9703599
گوشی شیامیs65,1015441,11868389,4532033,12991404,13808069,6129574,960381,7127833,681938,1612355
گوشی شیاومی ردمی 8. 5g,10148280,10589713,1505408,7428555,9935382,9864678,3400868,7015905,7435146,9538562
گوشی شیایومی redmi 10s,7983566,6836434,12177638,1871957,9919695,12496394,14065867,498576,2584390,126688
گوشی شیایومی سی جی 64,13320636,8598954,196762,1595405,2476616,4446783,2841775,2833159,6994218,7885034
گوشی شیمی نوت 14پوکو ایکس تری,5874073,11997868,14208498,9842660,7798882,9659575,921124,2676218,13709490,913831
گوشی موباید داریا,3564259,13853364,11338881,428256,5503358,8838317,124806,10022247,1845153,5597339
گوشی موبایل  شیایومی mi11lite,10090799,16336573,695191,5930903,4489668,11129004,42785,1004021,1137514,4417108
گوشی موبایل A22,6461395,8694502,8183334,8179314,4280661,10157236,11393731,5254220,5022247,1569587
گوشی موبایل اپل mini,643764,10519102,9234149,8018435,4827418,10542440,1047021,12091506,9843310,15294551
گوشی موبایل سامسونگ ردمی,9126030,1585425,106999,154397,8749280,3481212,9864060,10848612,14386438,2587235
گوشی موبایل سامسونگ مدل galaxy j7,10454509,1970039,12958743,646719,12297407,10893795,11699162,12744393,3511923,2391271
گوشی موبایل کپی ایفون,757391,2432359,1693740,11105977,2661622,7262444,2811235,8435633,142420,804925
گوشی مینی تاشو ی آیفون,873126,14054239,8239214,757391,13142006,12436834,11117061,7998713,1955382,11628952
گوشی های ۳ لیونی,11108015,3218980,9306368,890570,1491994,6433028,9879936,7535192,12656284,11311087
گوشی هواویpsi laet,7108756,10194563,13213147,3627290,145838,8934922,937828,5055853,8683837,1006905
گوشی پزشکی اکومد,2732077,1439902,7166735,8395302,6761083,4590811,11070523,2560236,14315407,14312296
گوشی پو کو X5,12021769,8449261,14029625,12349662,13792904,12444156,10161806,6090993,10493947,6875862
گوشی پوکو ایکس شش رام دوازده,684205,13430967,299236,7295871,13045848,209947,2066449,7814413,8766133,16633807
گوشی پی 50هواوی,11989700,12826260,5000646,6834237,1760985,3144782,7602522,1810798,10487720,10824198
گوشی کلاسیک a40,728621,4032241,14031452,13692498,14045908,12064951,10566257,5064718,3536523,4056938
گوشی گوبایل سامسونگ آ۱۳,9257304,3549810,12487138,7172055,797880,11752085,919972,728927,9937885,5892803
گوشی گوشی مخصوص بازی,15302238,16310340,13647786,3218826,10618688,282644,5298345,1546996,1651116,4417039
گوشی ۷ سون پلاس گلد,14783795,8096411,441847,7454085,2944457,8149411,5025436,1167986,14219149,8714816
گوشیa51آ,7699090,8823098,4225984,2137967,12988358,12592698,513177,2102520,13647786,3400272
گوشی‌55,4204115,9567496,11581465,1161598,9009983,11185198,836232,134955,3588460,4397081
گولر گازی ۳۲۰۰۰,8955487,433357,12054588,2976227,9708003,7882390,10306216,7436272,6561991,6033622
گوی برفی انیمه,7274041,1875365,96819,13024773,2956453,15306465,606344,828633,9789567,8135591
گوی تراش طلا,17647594,5874959,180912,11891856,10590984,13691969,17480397,3444932,14357221,15114356
گوی تکی گل یا پوچ,9745335,12124805,12671574,4197457,10556052,919112,1460055,962101,1946671,11115659
گوی شیشه ای فوتبالی,3713495,11330901,8004308,9174799,2448796,14574540,10722982,6517193,7386687,14980996
گوی مروارید طلا,6548170,214257,8552999,7455828,16414350,7521904,11116159,14320127,10654402,2675756
گُلد بابا (دَد) نِیم نِکلِس,8282083,13261389,6935286,5018045,12684890,15121526,12838592,11593139,5366507,1140969
گُول کیپِر اِسپُرتزوِر سِت,13951101,828562,5112626,405912,2749111,482795,3353596,107982,11893422,2047207
گِرلز بِرثدِی ثیم ساپلایز,11813652,15115718,4488066,9863317,2898190,4423957,2094946,5282709,6212262,12149756
گِرلز بِلاوز اَند اِسکِرت سِت فور تِن ییرز اُلد,674036,7862940,6554847,10347632,7587493,3390678,12534060,2089470,8242042,8344086
گِرلز بِلاوز سایز سیکستی,10611401,1659259,9147653,2118749,12944358,5700311,7964485,8112340,915865,5703297
گیاه فیکپس,2044653,4791465,7517222,4435713,14312296,3998323,6728368,8880977,525953,3540635
گیبرد فانتزی دخترانه لنووا 17,14214103,4006952,5170019,790252,4787255,7128898,4626315,4887454,9664817,7787605
گیبورد رپو,4608283,12586823,5469203,126688,11112937,725292,5803998,5075705,9357873,5420739
گیتار بچه گانه  ترح مکوئین,732295,3500394,11419558,8285100,470122,4362497,9540940,478133,14673891,9979410
گیج روغن موتور برای,14757100,551022,901181,4934765,14081992,3815621,10510261,7983359,3465817,8864536
گیج فشار ازت,3605044,9795665,13255175,10308844,1827485,1505330,6257808,1077362,6053278,2869840
گیر بکس وانت,1683331,1722604,14607379,2023379,9378158,13150307,13163447,11747272,5568351,7565716
گیر مو  بسته,9327243,3875573,1516133,8792479,7437726,13237105,10815830,144966,11846022,4905582
گیربوکس‌پراید,6713474,1161598,12940098,5752183,11441964,12344937,11274192,2708994,6915883,13848972
گیره  ام جی,6761083,4119606,2706820,16040039,3929078,8792046,9333587,9798133,7464696,9748258
گیره آویز حواه,6411263,9717141,9281658,14176170,4352555,7697832,6330542,691459,8537836,12542807
گیره روسی طرح لاله,3320722,5115533,6508907,8032608,865529,560818,13281648,8836315,9069160,8220841
گیره سر عددی,3257964,12388741,11128040,2137273,4197849,341682,6593146,9785505,996120,9714651
گیره سر پروانه,5665364,3257807,8004738,6731038,11342444,9017177,10703295,14081992,6005120,6075796
گیره شلنگ هوا آکواریوم,12337287,4041666,5235672,5189,5011442,4261189,2949512,2418637,1632582,2941363
گیره عکس سه متری,10651467,167334,9054363,199083,4885876,11204388,12202215,9384931,14390411,451449
گیره قلاده پیچی,14089147,203183,12618675,5076264,1504171,12662591,4557717,14679714,312368,13938626
گیره مو رنگ سبز,2466261,576371,10703295,1800278,9358671,804925,977524,12295866,3889239,14531056
گیره مو زنانه چوبی,7932823,637957,3698986,11435290,3907654,171977,15963251,3933746,7134009,9793563
گیره مو ستاره,1904571,4107592,7414717,14180980,9709614,6593274,2419368,13852850,6438146,4117177
گیره مو طرح پروانه  مات,5568535,3523514,10957908,6427221,139696,6102391,5182103,101056,15113204,4463663
گیره مو کانزاشی دوشاخه.,7865355,4495382,6744212,3238360,6073201,8400781,5657434,7917791,12166354,10554606
گیره نگهدار آینه,15772701,13656897,14077482,3225586,228408,8422052,5064814,12849731,773877,207314
گیره چوبی لباس ترئینی,12401047,3481212,4444018,5112407,467306,2094664,8135591,1808733,1093270,10635382
گیره چوب‌لباسی,7161954,17815021,13467787,2849057,2058772,7144875,7032222,2013405,3713495,957790
گیره ی چراغ ریسه ای,9648721,4443411,3177340,1435319,1763712,7392683,6932366,2097924,14633627,12813282
گیره ی گوشواره,3040455,10514238,12059223,11419550,6310212,2850289,12871160,8107655,11636446,4063077
گیری سوسماری,7855805,3840587,7946573,1161275,11198942,7497665,4071139,854219,831292,13132596
گیفت الفبا نشانه,9011955,8172433,5173333,1770280,5522124,940240,640031,13085716,13661348,3929912
گیفت باکس مسی,829181,1112597,10747132,10057487,11367985,11646607,2223115,8671400,192498,8560835
گیفت عروسی مدل خاطره,3671737,5235259,3376676,2394989,3184247,5026418,3786675,2932463,11315279,3899873
گیفت عقد عروسی,8513848,4916098,14749791,3350124,14958165,7561144,5947787,11853882,960381,5283135
گیفت عقد ونامزدی,1489256,6796444,2144579,1111878,7556398,10554606,5071561,5067566,14312014,2194673
گیلاس سنتر,17792304,14204895,8639614,9365889,876180,8267393,1829693,77165,410596,1959209
گیلیسولید,4054354,1645570,8900256,6180333,7121107,4251149,8951540,259278,4819160,9504309
گیمبال دوربین اسمو پاکت۳,10701126,368458,14490208,3254639,15297206,12956175,12308731,9708003,12114084,7695005
گیمینگ پیس,4905454,9770679,267559,3860309,14378102,561419,9943533,15306465,4189613,916313
گینریورویتال,6204956,4461026,4216113,8028665,285259,464143,17815021,9638669,11463490,172614
یادآور و نگهدارنده قرص,4184949,5620722,325143,753092,6770839,12260841,16051918,7723998,8193958,6755459
یادداشت رومیزی کریمی,7016098,9681293,9836112,9251713,13728402,10719782,7553658,10261729,4236441,9806934
یخدان مسافرتی فندکی,486417,1435005,379621,12457646,12428216,3123964,2074913,9647229,12866569,9072561
یخچا ل فریزرایستکول,4257429,7270861,9780923,10218962,11079523,9630536,15380581,5143645,14331365,16216627
یخچال  امرسان,15511163,5318554,371256,9430343,340424,431367,14128745,2861067,9017025,224849
یخچال اسباب بازی مدل سایدبای ساید,2144967,6562476,8669736,6254543,5134415,2887055,5932038,4905454,2869840,8371040
یخچال ال جی سایز ۳۲,56912,10132814,12153023,1030285,2101667,1477253,2209409,8507591,8033239,7835147
یخچال الجی ۸۳۲,1514106,5061921,995846,489695,816670,12249900,12487138,7093648,6458182,14644123
یخچال بستنی دستی,6448085,5976140,4328920,4294581,11178970,6154657,1455168,5632277,14565825,77165
یخچال دوقلو تاکنو گلد,68830,5963977,8667588,14212796,875262,3019317,8737931,5438621,6851000,12921564
یخچال دوقلو رنگ تیتانیوم الکترواستیل,9214719,2636930,987316,2288660,2850289,11342834,3689525,8780629,12031578,681270
یخچال دوو 33 فوت,3779119,4622727,84463,9866526,9505521,6577358,2725162,12056902,5961873,8611971
یخچال ساید ال جی ۳۰ فوت ۵ درب,8245350,6790296,1067669,11568979,82118,13274339,12092316,4440247,11216802,90520
یخچال فریزر دو دارین,8044249,59446,10589713,13144366,667278,16531727,5318554,13733790,2069609,8951540
یخچال فریزر دیپوینت مدل مکس سیلور,13782957,9345320,3326464,716113,2032185,11706479,10350155,8302742,649278,3784786
یخچال فریزر ساید پاکشوما,3896057,7139353,11795976,2215376,9338530,513103,8384140,1938623,5884397,7495372
یخچال فریزردوقلو  الکترو استیل,4925525,1420638,9279178,17607188,3904812,620316,12441836,13579136,363346,14309629
یخچال فیریزر دوقلو پاکشوما,2936817,13463142,9196930,7432879,8141377,6148379,828562,1610096,3860138,3759644
یخچال های اسنوا دوقلو,15045013,9334589,10948118,12751996,56743,11314580,2888891,13566198,14525482,11891856
یخچال هتلی کوچک 5فوت,1942334,2898843,7816428,25948,9864678,1135071,2453294,11846022,13080560,5716984
یخچال و پارس مدل,1845153,10170605,14187695,2419836,12044854,6166323,162410,5549870,2381229,7055116
یخچال ۶۰سانت,1345136,2608053,9246246,2388884,1440386,4354964,56912,5845932,4458966,6363324
یخچالکودک واقع ای,6975559,6461395,54695,11171380,9632573,3039913,6841625,10483411,14144893,142327
یخچال‌‌سینور,9879686,3772284,11974409,12933971,6003185,761645,4609145,2016450,12015718,15959093
یخچخال فریزر سامسونگ,11675039,2242479,5551688,7747911,12688760,6731038,1905130,6170447,977524,2926894
یدک سردوش حمام,1597971,14348441,5366507,8449261,367650,2475940,9268477,15279663,8267433,12884694
یدک شیشه قوری وارمردار,1464377,12680721,5193420,1930011,8671752,13160534,8516352,6327884,5236984,13905556
یراق تزئینی کفش طرح پاپیون,539062,5984204,10416315,4885697,3400272,227680,6338303,14457840,214257,12722910
یراق پنجره تاشو,10082929,1137514,11333471,533697,10538026,4496965,5846463,2817052,7553658,5261987
یرق اضطراری,880521,13251588,14566156,14320127,14523408,12457774,9684933,11071024,2568772,4631112
یروویتلل,2930956,943846,3218980,109633,15414041,6924312,10757160,6166323,4917214,10374499
یقه اسکی مردانه مشکی,2050509,860740,6139064,1887326,9695428,806023,9124465,6772657,7356395,11277102
یلو فاگ لایت استیکر,13471783,10459614,5188656,539062,11249452,1039612,2279846,3107660,13354498,6963614
یورولند آیرون,11070523,5346945,7300449,1003910,2205733,13167520,10148280,633880,14312651,13507309
یونجه,7009820,11224344,9736657,1117966,4405075,10844318,1932392,1724979,10206229,8110066
یونولیتی کیک,10860107,14007389,8054249,3780778,13303554,2531210,242289,13144366,7790114,13763185
یوویی دستی,7140776,9060954,13341550,681938,3071170,16753709,9735156,7406081,9875223,916324
یکسره رینگی 17,676111,4593072,4341046,11269336,7048378,4529283,796229,367650,491846,4616527
۱ سی دی پلی استیشن ۱ همه,8478946,1020995,6475537,7595752,4816326,7127873,193342,8938359,4886795,4492609
۱گرم تلا,8174589,13547574,13754764,13142006,11729642,8793354,5417052,4157305,8828407,10110079
۱۵۶۴,14514895,4989781,13085614,2765082,9619427,10589713,4863462,14050989,13717213,4986492
۱۶۵۶,1461793,677319,615164,5131123,2010553,8129752,11431834,9418623,946926,433458
۲۳ عددی استابیلو,7596488,1602837,12952974,6467802,4225984,761749,9682747,3309641,1545322,6136674
۲۴به۱۲,1506889,4207004,816001,9260890,7929922,1505641,109835,3410956,3728454,49762
۳ چرخه,7180922,5062205,2262129,4640838,9463740,8666873,14312014,5378489,855992,14579086
۴۰۵ تیونینگ,14043492,3499111,4439658,10481951,3820358,9897042,9567321,11275113,649515,3452323
۵۸۱۵,6005120,326946,5264418,2839557,11042355,16414350,4117177,14116165,466066,549513
۶۳ ۲۲ ۱۱,2970399,7132885,7576867,12075125,1060996,7232637,7535192,7780382,6225235,5750777
۶۵ اینچاسنوا تلویزیون,5209137,13041645,8011488,12774902,9724039,6243257,3271100,5803998,3498911,10804858
۸ راهی,15121526,10247677,3123964,12506465,6870884,530419,7471158,7505548,2453294,9339374
۹اس خوای پرنده,82048,923971,7022444,10741729,42785,4473720,3579546,7224236,10183508,2476616
۹۸ت۶افقبجحپذفبص,7431580,10058591,1848206,7812626,5123200,8012550,11119109,4170530,7012721,172747
‌دوچرخه کودک,1612355,12229635,8737685,8236737,6821120,12318389,13129724,11340226,8344086,807859
‌عروسککشفدزوک,12508996,1914498,2103525,5528497,10273269,7306054,7645771,4261189,4487521,8465932
‌‌همستر,6274414,4481106,9105099,15246177,13727168,796229,4386912,12349662,4954085,2939544
🥺🥺🥺,5505856,12149756,8632233,2152938,8445425,12101460,7732577,7518451,8023443,10462829
