query,p_id
بشقاب سفید ارکوپال شمل,11646607.0
ayene service behdashti nim ghad alef,7959398.0
چسب ملیله,10134957.0
کاور مبلمان کشی,9864095.0
مارشمالو,14312014.0
گوس میتر,4390181.0
لاین صف بندی دی جی کالا,8582515.0
arzoon tarin el val,2949988.0
قاب بغل موتور سفید,11681449.0
"The Options Playbook, Expanded 2nd Edition by Brian Overby, Golden Authors Publications",5874073.0
Realme C63 Phone Camera Lens Protector,13518137.0
لامپ نواری نئون فلکسی,6602967.0
Current book,1070091.0
saz choobak model mahgol,7507127.0
قیمت نایلون بسته بندی,8631215.0
کتاب اتل گیری,11137693.0
نور کافه,3164744.0
تیغ  اسلوپ تاتو,7703696.0
استند پذیرایی طبقه,5785116.0
چادر کمپینگ طرح امداد,183101.0
لامپ خودرو دوپل,666882.0
جوراب کف چسب,10498856.0
Semi gel,721672.0
زنجیر طلا,9648721.0
زنجیربدون پلاک,326100.0
پنکه باران,10655608.0
دستگاه پرس کالباس,6507549.0
redmi note 12 r,10320748.0
تفنگ مینی گان.,3955712.0
خمیر پهن کن گرد,8804482.0
کرم روشن کننده سیف,82004.0
مانتو مدل ملودی,467853.0
اتماتیک پومپ آب,3927967.0
تابلوی ریگ,11575630.0
تونر trast,12660368.0
وسایل  مدرسی,325143.0
housing vanet,14165122.0
قاب گوشی m20 ساده,8163117.0
Engine spray,2050509.0
موزایییک سنگی,1875365.0
محافظ صفحه نمایش A52,4145803.0
کتاب عاشقنا,1159678.0
بکس 1/2 13پایه بلند,15165767.0
چوب دستی هاگرید,10572753.0
لباس‌های دروازه‌بان,12283138.0
محافظ صفحه 13T poro,12937088.0
تایدنز کار ایر فرشنر کپسول,5251269.0
کفی ماشین ال نود مارک بابل,214932.0
حکضچه,496620.0
جک کاگوت,10687227.0
پخش کننده خودرو سیم,2257675.0
کیف برند mk,10458925.0
Paradas tablecloth,2603710.0
تاچ ال سی دی A72,9520545.0
تخته push-up,4786483.0
بازی  ۱۳ سرنخ,7205043.0
انگشترع ست,11772475.0
لیوان لاولی,12464920.0
ابزارناخنکار,5442074.0
روکش تخت,3756468.0
تل اسپرت,9708098.0
پیکسل خندالو دابی,9264770.0
لوگوی RTT برای ماشین,9586268.0
پایه دیواری کولر آبی 2800,8315267.0
ضد آفتاب مایع و سبک,4010218.0
تبلت Redmi pad 6,12104111.0
جرم گیر ماشین ظرفشویی ژله,112897.0
پیراهن شیردهی,1621630.0
محافظ ساعت دیجیتال مدل هانیو تکو,11578992.0
بذر ریحان ایتالیایی میکس,4536943.0
براکت f2,1156848.0
هدفون گرند لیون,6654067.0
سبد سیب زمینی پیاز مدل سطلی چوبی,11034432.0
میز بیلیاردبچه,4956004.0
کاور Poco X6pro,14402753.0
قابلم_ استیل مدل پارس استیل,2821694.0
سررسید جیبی پارچه ای,7514224.0
سنگه نمک کردن بند,13274853.0
جعبه ی شیر موز عالیس,724480.0
تاچ ال سی دی ال‌جی استایل s3,12204734.0
کش مو بافت فنری,6821872.0
گرمایش اهن,2748851.0
آبگرمکن مدلb3218i,5069126.0
تا بلو محمد صالح,914077.0
پک مسافرتی کابل شارژ,3426975.0
تست تر میگل,12542807.0
ظرف کیک یکبار مصرف,4389124.0
مداد رنگی ۱۲ رنگه پاستیلی,11247860.0
ایثایفون ایکس,313420.0
جوراب اطفال,1048427.0
استیکی نوتس پک,4590811.0
کیت نورپردازی داخل خودرو مدل دریم لاین,6353974.0
ساختنی ماشین joker,4424783.0
کرم کیفی ۵ تایی,4356887.0
دستکش در وازبا نی بچه کانه,973138.0
تاکسی سیکلین,3536593.0
مینی لکا ۸۵۰,11721766.0
گربه جوسرا کاریزمو,3768855.0
Foam bicycle handle grip,5901901.0
شلوارشلوار بگ,5018045.0
اهن ربا سوپر مگنت,7975822.0
ماکسیم سرخ کن,12560872.0
M416 اسباب بازی تفنگ,11697889.0
Water pipe fitting,836232.0
چیپ پرژکتور 30 وات,8710128.0
Book-style embossed pencil case,7237753.0
پوش رنگ مات,10055914.0
کیمدی انضا کریس,17353965.0
لب تاب گیمینگ RGB,14091628.0
toy iron best quality L01,7637524.0
کتاب تءو,2061569.0
کاریراتور ۲۰۰,10639005.0
دقتر مشق انیمه,9830425.0
نگهداره موبایل,7003011.0
قرقره موتورسیکلت,12170248.0
چیلدرنز مجیک تریک اینستراکشن بوک,480743.0
بخار ایستاده,14034612.0
نخ قلاب ماهیگیری ۱۰۰ متری,1761476.0
فلاسک 3 5,138306.0
کتاب قانون نفوذ,137047.0
اکلیل رژ گونه ای,14484598.0
کش بدنسازی سی ایکس ۸۰۱۸,6136694.0
پلیش دوچرخه,3792052.0
زنجیره به تنهایی گردنبند,8770709.0
کف پوش X22PRO,12059223.0
اسباب بازی اکشن فیگور بتمن,10528127.0
سیبکی جک گازی,411197.0
لبتاب لنوو پردازنده,8900054.0
برچسب infinity,13255175.0
چیپست ال ای دی,7755871.0
کارت خوان micros sd,6718972.0
قاب موبایل A2017,14673891.0
اِسمال پات سِت,649509.0
باطری موبایل نوت ۲۰اولترا,13712573.0
قطره ضدعفونی کننده ادرار,1863310.0
تلوزیون ۴۳اینچ ال جی,6745951.0
zanou chahar,9839599.0
کیف چرم اداری شیفر,843847.0
ادکلن black mood,3245722.0
ست اسباب بازی لوازم آرایشی مدل طراحی ناخن,7929065.0
دستگیره درب پژو پارس چپ,6392775.0
487 بی بی لند,696912.0
جا فیوزی پنل,7133888.0
اسباب بازی هواپیمای جدید,2835534.0
گلس گوشی پوکوm5s,10251101.0
وسیله قوی کردن بازو,13620175.0
هالوژن ده,11707656.0
کیبورد کامپیوتر لوتوس,10610185.0
قلاب ماهیگیری شناور شب تاب,3644163.0
هالوکس والگوس فوت اسپلینت,6892322.0
سبد سبزي,718577.0
هدفون مدل b04,4565345.0
ساعت زنونه ا,2238243.0
تایر دوچرخه,12745641.0
فیگور انیمه ای,10161806.0
آکروپل دیشز,7190400.0
دسته کمکی دریل,13619045.0
TV LCD,3497052.0
باتری موبایل 1400 هواوی,1613260.0
انگشتر ناکسیگواسم,7291130.0
وبکم تسکو,2763820.0
Toothpaste Stand,5266126.0
ایزومتلت خوراکی,10959853.0
شورت مردانه چیندحا,13174538.0
پوشه دکمه‌دار فانتزی سایز a۴,4238492.0
آبرسان نارگیل شون,3860309.0
لباس پسرانه اسپرت ایکس لارج,6378150.0
شلوار مردانه جردن چاک دار,2552982.0
در داشبورد تیبا ۲,7086864.0
باتری چ اغ قوه پلیسی,7200364.0
ساعت کاسیوم ادی فایس,35523.0
Ketty color,5581620.0
لامپ چراغ جلو پراید مهتابی 100 وات,3572983.0
ابگرمکن برقی life,3889673.0
کلس دوربین گوشی Poco X6 Pro,13847395.0
پنج اینچ فاصله,816135.0
dvd رایتر لایتیون,1452542.0
مداد رنگی ام کیو کد 070,4661330.0
علاعم راهنمایی ورانندگی,2309345.0
سرم ضدریش مو اریکه,1475568.0
ژیلت 6 تیغ,81373.0
دنده سه هندا 150,2504677.0
redmi11c قاب گوشی پسرونه,14146381.0
هنزفری imki,12527301.0
کمپرسور باد مغزن دار,12546075.0
tcg29,10596165.0
کرم ترمیم کننده عسل,2385260.0
اچار سان تول,5356031.0
شامپو حجم دهنده گارنیر,11593938.0
رژ لب کرهی,9632153.0
موتر بالابر ۲۰۶,9567166.0
منبع ژنراتور,286137.0
رول لیبل زن فان پرینت,1612355.0
برچسب شیشه دودی,15806224.0
پخش کننده خودرو دنای مدل DE_,9118510.0
کاور کی زد دو,9882049.0
آویزه تخت,1122015.0
تاچ ال سی دی a50sسامسونگ,8432672.0
پرچم صندلی عقب پیکان,13197805.0
دیزل انجین بوک,12365445.0
نیم سارینا,3365847.0
رکتنگیولر الکتریک سندر,8259803.0
خکتاب فرار کن,5933449.0
عود ALMIZCLE,522903.0
asusfonpad 7,48690.0
هندفری هایلو gt7,10120929.0
توری برف پاکن تیبا,1079839.0
جردن 5,6061721.0
سوزوکی دیسک اَند پِلِیت,5056646.0
کاکتوس کوچک,4000750.0
lamp do shakhi,10912381.0
One Piece drawing board,7788990.0
لبوازم ارایشی,3782930.0
اسید مخصوص مدار چاپب,11568979.0
مهر لبنو,6850079.0
taghviat moo nanohil,9276327.0
نکهدارنده کارت‌گل,12290041.0
کمبرند wwe,107982.0
غذای سگ شیدزو,3513813.0
روغن آفتابگردان فرابکر ورژن,2419368.0
سرویس قابلمه دستلوکس,10304716.0
دستبد لاینی استیل,14862152.0
پمپ هوا دهی آکواریوم,1514664.0
شارژر شکل دار,10541057.0
مژه مصنوعی 8,828562.0
غذا خشک فیدار ۲۰ کیلویی,5446799.0
کیلومار  ۲۰۰ سیسی,7434537.0
گل رز کرمی,262253.0
نیم لیوان پاشا,1634779.0
عینک جورجینو زنانه,8494071.0
پک دسبند سازی کودکانه,1110843.0
chamdoon motavaset monza,6736549.0
دمکنی بافتنی,3271100.0
ترانس ایروله,4882532.0
بادکنک تاج سفید,5782821.0
فیجت ضد استرس شب نما,7125209.0
تابلو شاسی طرح batman,1501452.0
کرم سینه سینره,657934.0
کفش کوهنوردی  مردانه,1129343.0
تم تولد پاتریک,9588832.0
mat10 lite,6245130.0
ست بافت زنانه و مردانه,6696145.0
کفش رانینگ,12458381.0
هرق پاتر,2986271.0
بلوزمجلس زنانه,12698831.0
behtarin modem game,3306896.0
کاور سوییچ سه دکمه کوییک,11404947.0
میله باغچه,2829818.0
گلس پرایوسی حریم شخصی شیائومی نوت ۸ پرو,8111206.0
طعم دهنده کوکی,14457840.0
گردنبندمگنتی شیشه خون,9641524.0
چربی زدا برای چدن,966215.0
گیره لوپ,9807887.0
شیر روشویی قهرمان مدل آبشار,2976227.0
شلنگ گیج گازگیری,5885141.0
کابل سیم شارژ  معمولی,5133583.0
ریموت کنترل۱۲ کانال,13849949.0
گوشواره حلقه ایی طلایی,10480997.0
قاب رو اینه,11778310.0
دوربین مداربسته آنتن دار,579617.0
لاستیک  رودوینگR15,13142006.0
ثامن خودرو,7171641.0
تری دراوِر کازمِتیک اورگانایزِر اِستَند,10035800.0
فیلتر هوای مزدا,3786538.0
غذا خشک هپی داگ سگ,14204895.0
10w40روغن موتورسیکلت,329253.0
شستشوی پرتافیلتراسپرسو,7294075.0
شمع۱۹,2241690.0
کیبورد سورفیس,11117061.0
هندزفری بیسیم جی بی ال مدل LIVE PRO plus,9478609.0
دریچه گاز زمیس,6997735.0
اویز گردنبند طلا گل زز,6330542.0
سنگ برش چوب فرزانگشنی,5406516.0
اِستِیشِن اِلِوِن,10374499.0
سری مسواک برقیی,1707673.0
لاک ژل اکلیلی رنگ یاسی,14473540.0
gardanband airten,10087528.0
کتاب از ادم تا خاتم,708556.0
میله آویز دستمال,4202907.0
زنجیر بنکلیف,13000495.0
پژو فورزیرو فایو استیرینگ ویل کاور,7022444.0
ماوس پد طرح hagwarts,8376289.0
قیمت فر گاز روبینا,2787336.0
باربند x33 at,9693280.0
سند کافی میکر,11840984.0
مودمTlmr6400,8537836.0
عطر تند و شیرین,10812826.0
ست گرمکن ورزشی مردانه منچستریونایتد,1439864.0
آداکتور شارژر ماشین,4328920.0
مینی توستر,6202877.0
UPS battery 12V 200Ah,5350930.0
شیر آب لوکا,1780834.0
barge a2,4043035.0
abmivegiri rocky,2161876.0
گردنبند مردانه یاغی,9079562.0
شیایومی‌‌پکو‌s65,3181280.0
mQ anti-spot cream,1024106.0
lastik barez700,8275133.0
sutin dokhtaraneh 70 nakhi,2365230.0
کارت هدیه بیمه,1663833.0
کاور گوشی خرگوشکی پوکو ۳۶۵,8730255.0
psnter,3638241.0
قیمت شورت آموزشی,6374300.0
قاب گوشی موبایل سامسونگ مدل Galaxy S24 Plus,14486755.0
لگینگ زنانه جی وی جی,1464377.0
مداد  دخترانه کیوت,11705624.0
هدفون مانیتورینگ سنهایزر HD 200 Pro,364752.0
كاور لحاف سه تكه,9749301.0
m30s گلس,7601292.0
تبدیل لوله ۵ به ۳ پلاستیک,3286166.0
اسپیکرآکستیو  مینی,152422.0
پالاز م,9177635.0
روکش جلو پا موتور کليک,3810323.0
دیویدف اکو,6054997.0
pooshak bye,3505056.0
پوستر ماشین قدیمی,4917214.0
فیوز نجات جان,12844284.0
سری پیچ گوشتی شارژی ماکیتا,104851.0
اسپیکر هوپ ستار,9868344.0
saat mochi band esprit,10965871.0
بند آویز a02s,13692930.0
gooshi gooshi A15,13969562.0
شروارلی بگ زنانه,8237708.0
Boys ball pool with ball,4146294.0
گردنبند مردانه مدل اتش,14052859.0
کیسه فضولات گربه,10957908.0
ظرف دیزی سفالی پخته,9872192.0
تیشرت مردانه سفیدکالر دار,14574494.0
SF5000,6260612.0
هت ویت اسمال داتس,1095732.0
مداد پلیکرم 199,3548683.0
آویز بادکنکی سلبریتی,5707069.0
بازی دعل,408760.0
قلمونوک گرد سایز ۳ ۵ ۷,2206927.0
بادی آستین کوتاه نوزادی ایزی دو,6448085.0
هدلایتD3pro,6062855.0
برچسب بدنه خودرو ۱ متری,9308907.0
بازی کارتی شب مافیا,10677636.0
کیف پول مدل جاکارتی,8449261.0
میل پوش کاربرات,7294795.0
هنزفری پشت گوش به هم وصل شده,113653.0
کتاب عهد کمیل,3039913.0
کمک حافظه حقوق ثبت,11398308.0
روغن کودک اسطوخدوس,142327.0
دوربین کودک قابلیت چاپ,2873515.0
کتابخانه دیوا,12043381.0
bazi fekri cazmit,6292388.0
لوسیون نرم کننده مو,646667.0
کله گوشی سامسونگ a15,14096721.0
ساعت کت,5592158.0
فرش  مدل دختر کفشدوزکه,8648462.0
کف مالی,6393459.0
فرش ۱.۵در۳,3237727.0
شامپو بدون سولفات و ماسک مو بدون سولفات,7142851.0
برچسب حروف کلاس اول,12496394.0
غلتک نقاشی,6829003.0
Country Pencil,1668788.0
برچسب محافظ پژو پارس,7423741.0
کیف ونگوگ,14156185.0
قیمت A134g,12086942.0
هِلث اِید تَبلِتس,7963042.0
اکلیل سرنج ترقه,1905130.0
برس دندانه,7244370.0
Laurel poster,8234858.0
فنر گرد اتصال,957800.0
ضد آفتاب گارنیه,3855570.0
شلوار مردانه شش جیب ارتشی,5469265.0
لباسشویی ۹ کیلویی هیمالیا,7934152.0
علم دوش حمام قدیمی,5901716.0
ناخن  با ترح کرومی,12120907.0
هدفون کیتی,16027580.0
آنتن تلويزيون,7997167.0
ورق پلکسی طلقی,9304907.0
کلاژن صورتی,6963614.0
دست گیره در سندق تر استیل پراید,697280.0
سلفون پشت چسب دا,5703297.0
چراغ پلیسی سارژی,13634628.0
دام ماهی گیری ۵/۵,8282083.0
شمع کیک مدل آفتابه,1584616.0
برچسب کره جنوبی پراید,11171380.0
ماشین ظرفشوییلباسشویی,11088610.0
شیشه عقب چراغ ۴۰۵,284254.0
کیف کلاسوری آیپد,9250165.0
شیامی نوت ۱۲ پک گلو بال,12212151.0
تی. شرت,559882.0
چاقو اره ای بسته ۶ عددی,5428339.0
متاپیور,5432465.0
قاب گوشی 5G a32 سامسونگ,8050238.0
اتو برس,8899824.0
hdmi نویزگیر دار  ۵متری,2663954.0
مته نیزه,13027898.0
ماشین فلزی بی ان و,6329182.0
کود قارچ کش,7523186.0
لِدِر کاوِر فور هواوی وای سیکس پرایم تو زیرو وان ناین,2012052.0
نوار ضخیم مشبک,13325975.0
ژلتیپ پا,12233629.0
کمد سی دی,552570.0
هولدر موبایل زیر آينه ای,882871.0
کاور مناسب گوشی ناتینگ Phone 2a,15127930.0
چمدان متوسط تری بردز,4256612.0
پیستوله رنگ چینی,1806932.0
مهره های دستبند فانتزی,9364524.0
لاستیک,6998499.0
gooshi iphone xs max,974348.0
جوراب زنانه بدون کف,1345136.0
hl'hi 3,9600229.0
گیره سرتزیینی,11463490.0
جَپَنیز آرم,16522900.0
بکس شارژی کد۱۶۸,2407152.0
شوکولات کوکویا,806023.0
پیشنهاد سفارشی,1924146.0
ژل کلاسیک کدکس,848151.0
ضد آفتاب شیسودا,8802883.0
galaxy j4 barchasb,11447064.0
ست قاشق چنگال کوه,765174.0
تابلو ون یکاد چهار قل .ایته الکرسی جدید,3614592.0
اِس اِف رُد کَمِرا,8814788.0
تابلو بچگانه دختر مو فرفری,8680295.0
بیسکویت قهوه با دانه قهوه سلبن,7178449.0
بازی فکری هد بند,9351509.0
ساعت ایستاده سه پایه فلزی آبکاری فورتیک پس کرایه,7454085.0
سیسمونی بچگون,8658743.0
سشوار چن کاره,2945525.0
اهن ربا  ورقه,13786741.0
استند گلدان‌,7188425.0
گوشی موبایل سامسونگ s23 ultra ۲۵۶,15318307.0
دایموند میرِر,10170656.0
قاب تزینن بارداری,9622549.0
لوگو آهن ربایی,568650.0
سطل المینیوم,14315407.0
صفحه کلاج تایوانی,11270596.0
کارت بازی شبهای مافیا زودیاک,10523389.0
سرخ کن بدون روغن ۶ لیتری MAc,971006.0
صاب گوشیs23,14105863.0
کریروروروک نوزاد,7165658.0
ماین کرافت,15843973.0
لبنس خواب زنانه,2934337.0
صافی سیلو کنی,1153178.0
gerantarin vasile digikala,5762765.0
Samsung A7 2017 Jelly Case,561419.0
انسولین BD,8828407.0
پراید131 اسپرت,7991389.0
گوشی سامسونگs3600,8616655.0
Greenhouse roof skylight,8798809.0
Toddler ankle bracelet,409618.0
Poco X5pro,11294197.0
گردنبند امیر مقاره,17479499.0
pancake zemikap,6577358.0
دانگل ریسورمیدیااستار,1642892.0
کاکتوسآبمیوه کاکتوس,2067611.0
آی‌پد ۱۲ پرو,5618276.0
آبرنگ اشمین,4064721.0
کارت فلزی اسکلتی,1617401.0
تورنی ty,12540137.0
وسیله سواری کودک,1871957.0
پیراهن مجلسی پفی,15087762.0
ماکت خودرو تیبا,3229372.0
لامپ 50 وات الور,11932261.0
تونر پرتقال ضد خونی,4486352.0
هدست سانهایزر,200770.0
Bag with my star's picture,9645029.0
نردبان شش متری کشوی,3621667.0
طلق لمینت A3,11997868.0
چراغ دیواری نایکی,6500727.0
کانسیلر کانکتور دو سر,3955299.0
MVM steering wheel cover,963026.0
پمپ کف کش پلاستیکی  یک اینچ,2453547.0
Fan for eyelash technician,3249394.0
لگن و ابکش استیل یونیک,2608053.0
کتاب گاستیلهای بنفش,11557366.0
گوشی c13 گوشی,2675502.0
اسکیت بچه گانه سیاه,3280349.0
2343,3361033.0
لپ لپ 24 تایی,1450945.0
استند مدیریت,5843481.0
اسکراب ژله ای,6383690.0
نرم کنندن فولیکا,82093.0
موتور اسباب‌بازی,2706820.0
ابمیوگیری پلار,997096.0
چادر مسافرتی خانوادگی کمپینگ,9860401.0
عقال عربی,11459772.0
باران گیر ایینه پراید,10621046.0
روی داشبورد تیبا ۲,143608.0
ربات آدم آهنین,6928475.0
فرش تیغه ماهی,1946671.0
سفره گلدار یبار مصرف,1516895.0
لوازم جانبی گوشی سامسونگ اس ۲۰ پلاس,7035312.0
گردنبند دخترانه مدل فانتزی ست دوستانه,11342834.0
Wireless camera with SIM card slot,942712.0
دزد گیر جی چی اس,1154968.0
کتاب دل ما,10665659.0
مداد رنکی کورومی,13661348.0
دستگیره  فرمان اسپرت,4626315.0
کاور روکار شستشوی اسپیلت,5890321.0
لوازم کویر 125لاکی,3797526.0
gireye moo mini,616505.0
اِمام علی پَرِبِل وال مانتِد فرِیم,12020076.0
چراغ برای دوچرخه خطر کنترلی راهنما دار,7279987.0
قاب فرمان پراید 141,1151425.0
نظم دهنده ی داخل چمدان,728168.0
Mobile Phone Book Cover,4065469.0
cheragh khab divari steel,693887.0
باکس های نظم دهنده میز تحریر,1921465.0
ضربه گیرژامبون,9389490.0
سرسیلندر تیبا,3612596.0
Redmi 12Tگوشی,14009648.0
Guitar electeic,12326145.0
اسباب بازی سرگرمی و چالش,9752354.0
کامل دسته پلی استیشن ۵,14868843.0
ژل مرطوب کننده دست,7999221.0
جارو میزی,5892737.0
Iron stand,4830134.0
موزن اصلاح صورت بانوان براون,12190959.0
اسباب بازی مدل موزیکال,17591730.0
ابسردکن و آب جوش کن,309315.0
چاپگر ‌,10186767.0
کش نو12,11715642.0
عطر جیبی بریندینی,13013539.0
براش ارایش پری دریایی,4044799.0
لاتکس طبیعی,932459.0
بند ریموت تیونی,3016058.0
قیمتاسپری استلوآرگان,4371738.0
کتاب غاری,4644665.0
کیسه نگهدارنده آستردار,6170219.0
بیلر پارچه ای دخترانه,13369159.0
گلدان سنگ,3372647.0
موبایل فون ادپتر کانورتر,1915548.0
گاز پاک‌ رافونه,2679897.0
کیوردز,235857.0
مام دراسل,2982373.0
باند کنوود ماشین,2276162.0
برچسب گوشی poco x4 مدل last,9917529.0
زانو بند ورزشی مذل 3003,685446.0
tester dinam bateri khodro,4532245.0
جوانه مو,9380220.0
لیوان تاشو مدرسه,550878.0
ساعت هوشمند شیائومی Redmi wach 3,7380557.0
محافظ دوربین نوت ۱۲,11928674.0
Door peephole and knocker,4235617.0
قرص ایکس شادی آور,5131123.0
رسیو ماشین کنترلی,7093658.0
لپ لپ ادمک,3692410.0
باتری قلمی بسته 24 عددی,5031075.0
goldane decori ostovane paye dar,6935286.0
کفپوش معمولی پژو ۲۰۶,603611.0
میز تلویزیون با جای باند,4344817.0
ظرف اندازه گیری پود قهوه,472989.0
ضدآفتاب پاریم,4054354.0
ماشینهایکنترلی,741130.0
کور گوشی دوکو ایکس تری پورو,8688900.0
مجسمه سفیت,2745154.0
چسب برق پارچی,4322738.0
پودر کچی اصلاح صورت,2294497.0
پکوه ۳۰۴۰,9515648.0
رکاب تیبا یک,3507554.0
شلوار زنانه تمام کش بزرگ,11404306.0
گوشواره مثلث مگنتی,9403178.0
کفشش ادیداس,6276902.0
Mebashi,8397962.0
تبل ریز,368602.0
اسلحه شکاری مدل بادی,8849022.0
محافظ خودرو دنا پلاس,6989297.0
مینی سنگ شارژی aeg,171977.0
gozgir polos,1621606.0
کتونی راحتی پارچه ای,1329243.0
Dual time,13436618.0
دکوری انار,9527609.0
واتِر پامپ سوتِبِل فور فانتِن,2930956.0
سگ کنترلی پولیشی,1518404.0
سیگار اسکار,1586166.0
کفش پاشنه تخت مشکی,8071665.0
چسب مایع رازی,5413819.0
نتابلو فوتبال,797508.0
مدل گوشی سامسونگ a55,14851833.0
عکس آینه های مختلف,6526822.0
balesht kasht nakhan,5351047.0
صندلی تاشو سعری بترز,4901144.0
کتاب ارتباطات و مهارت های نرم,3445541.0
کاور گرین گارد سامسونگ A71,14006297.0
برد گیم ریسک,1704612.0
زنجیر و خودرو موتور سیکلت,8230805.0
تقویت کننده لامپ,4443411.0
MDF edge banding tape,3998803.0
رمان کتابخانه نیمه سب,8084947.0
کاتالیزور پارش,11781177.0
مسواک برقی و برس اضافه,7291575.0
ketab fogh setareh foroosh shavid,2399631.0
مام رول دئودورانت داو,80708.0
یشم تیره,10891628.0
رنگ لوکس وود قهوه ای روشن,12691832.0
پوستر انیمه خادم سیه,11029586.0
سری یدک سوهان برقی سرامیکی,14312651.0
دوچرخه هایبیست,4291477.0
پاستارمی,10566160.0
دستبد مردانه شیاه,10692740.0
مجلس تونیک,1608070.0
کتاب های نارنجی,5663144.0
تجهیزات کوشی,2644760.0
سه گوش پشت آینه توسان,817054.0
کاور گوشی ‌m11,8429124.0
نیم ست نگین مشکی,1072595.0
چند راهی تاشو,4354964.0
تیر کمان خ,12218381.0
قاپ کوشی سامسنگ A20s ماشین,11723341.0
موتوربرق آپلو,7591088.0
بیبی بم,1099779.0
kiseye ab size haye mokhtalef,390870.0
رینگ تیبا هاچبک,487772.0
بادی اسپلش pink in sweet,10546457.0
میدرنج 8 اسپیدوار,14860312.0
lamp cheragh jelo 206,5404798.0
کتاب های استرهیکس,4318526.0
دفتر مشق طرح ماشین,16204164.0
ردمی نوت 13 پلاس,14271321.0
kharid bazi ono,1931645.0
شارژر ۲ متری,4489668.0
بادکنک بزرگ بالنی,389052.0
قیمت اسباب‌بازی اسب تک شاخ بالدار,4245075.0
ساعت دیزل شاخ دار طرح,11752085.0
دستکش لاتکس سیاه لارج,9169544.0
شارژر ۶ پورت,373336.0
لنت اماتاصمد,8318670.0
موی ربزر,877897.0
دابل اِندد اَلن کی,5726740.0
قیمت ساعت ap,4911193.0
ارد نخود چی,9106893.0
ghalamu parsart shomare 2125,2614137.0
گردگير دنده چيكال,7128898.0
ساب ووفر بیضی,7862940.0
پلاستیک روکش کابینت,429723.0
پلت سایه کوچک,7943088.0
آباژور رومیزی مدل بومرنگ,9419737.0
هدفون بلوتوثي نيا,12258538.0
گوشی موبایل شیائومی 128,13709490.0
سارافون گلگلی,10749548.0
کاور گوشی شاین A54,11407210.0
سویچ تبلن,743370.0
تسویه ۸۲۰۰,8414644.0
saat TOP HAINO,15302238.0
استری کیدز جاکیلیدی,12294078.0
۳۳۱۰,1882481.0
شبکه لان,475845.0
چادر کله گاو,2678496.0
دستگاه تمیزکننده پر مرغ,4331855.0
صفحه کلاچ ۴۰۵ ایساکو بلبرینگ,1760985.0
Tradung ranges,9538562.0
سیم بکسل نمره دو,5529084.0
بذر پامپاس,9700179.0
4 oil capacitor,13225463.0
ساعت اپل واچ فیک غیر اصلی,9921696.0
تابلو استیو جابز,11055808.0
سنسور دریچه گاز ساژم برای تیبا,17060974.0
گوشی تراش,836586.0
گیره ی مو ی چینی,868521.0
گلستان جانان,13440432.0
اتمو‌سایونا,7100817.0
دستبند پاییزی,4931454.0
قاب سوییچ,5556727.0
ماگ طرح خونه گربه,2725162.0
پوکو ام سیکس پرو,5547262.0
Realme pro11,14523408.0
اروین چوب,6902160.0
قاب گوشی گلکسی جی فر,9237582.0
کاورچرمa32,12664374.0
تناب بلبریگ دار,1136555.0
ایرپاد بلک شارک,16035296.0
كاغذ ديجيتال رنگي,7055116.0
سفره ماهی کودک برای آکواریم آب شیرین,2604338.0
پوشک هانیزسایز۶,7932823.0
الکترد 7018 اما,13954676.0
نوارقندگالا,2830753.0
اباژور رومیزی سفال,11097713.0
پتو بالشت ست موسافرتی,7278598.0
12-piece Ring Set,7436770.0
های ویست وومنز آندرور,10972745.0
بارند پژو,1641465.0
Samand Dashboard Disk,5062205.0
F1,3182932.0
برنج طارم آستانه اشرفیه,13796222.0
بیوتیفول ایرینگز اَند نِکلِس سِت,2505836.0
علوم خیلی سبز ششم,3741049.0
سنگ ستین,1499342.0
Lifan front engine mount bushing,11971046.0
کاورگوشی ایفون 12 نرمال,15636808.0
چراق خواب فوتبا,12148937.0
باد هیدروژن,10063253.0
بند ساعت هوشمند GTRpRO3,15533994.0
جوراب ساق بلند مردانه ۱۲ عددی,8739624.0
ارد نان باگت,12449771.0
Screen protector for Note 11S,8368358.0
عروسک استیج,14515458.0
چراغ سر والف خفن,12090299.0
پد نفخ,123067.0
کرم براق کنندت شاین,3147621.0
نخ کوبلن,667278.0
دسته دنده معمولی دوچرخه,5421011.0
سیدی گیم ایکس باکس,12804462.0
شیشه سکوریتی فرگاز,6755459.0
نوار بهداشتی ساده قیمت مناسب  نانسی,9086639.0
غالب فلزی برگ,4787255.0
قیف فانوس,1930011.0
دورچشم Feronia,2885887.0
درب بازکن وآداپتور۱۲ولت,5598466.0
قاب گوشیj4پلاس,4511632.0
figure batman,7246492.0
باطری آلکالاین گیگاسل 2عددی,384571.0
دستگاه لن تلویزیون,975028.0
فروشگاه کاپانی,8344086.0
کامر ایفون ۱۱ پرو,8283341.0
salomon x ultra 4,13808069.0
mahsoolat vitanol,3587147.0
قابلمه استیل ساز16,11689074.0
تل مو زنانه مدل یلدا,7220483.0
کفش دخترگونه دمپایی,14415657.0
گوشت قلوه,5478241.0
دایموند میرِر,5255608.0
گارد گوشی داریا,17992293.0
کاور ۱۰۴,10890604.0
زغال و سرامیک اکواریوم,15379121.0
تبدیل گیلانس پولیش,6107282.0
گوی موچک,8339552.0
ماشین وموتور سیکلت,10874215.0
کاور داشپورت پژو پارس جدید,4855889.0
Collgenماسک مو,12229027.0
هدبند پلنگی زنانه,7802294.0
بشقاب زرین,1580572.0
اسپری خوشبو کننده زیربغل,8244011.0
قابه گوشی A04,12120757.0
سوتبل کیس فور سامسونگ گلکسی اس توینتی اف ای فون,10591563.0
کتاب ۴۰ آزمون فتحی,2701359.0
برچسب نگه‌ دارنده سیم,12708949.0
ظرف غذادهی به ماهی اکواریوم,440818.0
کمپینگ پن ویت استند,637957.0
تلمبه ی برای توپ,595447.0
تونر رندل,10434382.0
کفش تراویس چسبی,13350621.0
عطر توت‌فرنگی,3331675.0
کافه کریم فراسوی,142420.0
شوت رژ گونه,3559480.0
تفنگ آیرن من,1661937.0
توستر با سیخ کردان,816383.0
ram 8 DDR 4,879091.0
Tmp-m10,11813652.0
باند فابریک سایناجلو,3233122.0
کرم کاکایویی,2359809.0
ضرف شوی دستی,3941575.0
Pencil-shaped electrical tape,436241.0
کارتریج پرینتر رنگی,383320.0
تاج موبایل,13376228.0
ماشیناسب,2315399.0
bolandgoo khodro pioneer samand,315578.0
پوکوx4پرو,10587391.0
سری دیوالت,4532033.0
گوشی موبایل سامسونگ A15S,13969596.0
کد ویباکس,3120224.0
موتور برق استرا کره ۴۰۰۰,14370644.0
باتری موبایل گوشی جی۵  ۲۰۱۶,13763185.0
انگشتر طلا مدل فرشته,4557717.0
LED wireless headphone,10941341.0
پارچه انگ,709944.0
اسپیکر هوشمند بلوتوسی,515133.0
jaroo barghi ba motor ghavi,4452658.0
کرم آبرسان نیوتریژینا,6752724.0
فیوز ۴ امپر,2676218.0
batri mashin kck,4804290.0
vitamin d eurovital,6754102.0
سنگ چرف,202375.0
آریستون مدل تو زیرو تو فور,7266005.0
کتاب داستان. جومانجی,3382729.0
کلودز نکلس,12350031.0
جای خواب سگ دشک,10774889.0
اب میوگیری صنعتی,2140891.0
پیزو الکترونیک,7814724.0
iPad Pro 11 gheyr asl,9842660.0
گارد گوشی شیطانی ردمی نوت11,11876002.0
خمیر دندان پینو,9446010.0
مجسمه روح کوداما شب تاب,16336108.0
roman azita kheyri,3007039.0
استیکر برای کلید,2809693.0
قفل رینگ لیفان,7093648.0
سر دریل,8685101.0
انواع سیفون توالت ایرانی,3627522.0
لوازم تحریر‌مسی,12600106.0
لامپ ال ای دی 20 وات مدل حبابی,190122.0
اگزوز قهرمانی هندا,3731327.0
شال با طرح ترمه,3236541.0
رکابی خشتی مسکی,10968638.0
کیف محافظ دستگاه پز,6229770.0
eskenas tazini tarh keshvar turkey,13798541.0
پک نانو سرامیک پولیش,8286788.0
گوشی موبایل سامسونگ Galaxy A20 / A30,10351455.0
اتد ۲ دهم,3604636.0
cover note 8 xiaomi,7976209.0
مرباتجات,729439.0
عینک شنا wsle,15205385.0
فرش مشهد مدل طاووس,11592187.0
جوجه كباب طعم دهنده,1481699.0
لباس حمام ست,5654096.0
کابل هارد adeta,491846.0
Fabric softener,2873857.0
sohan ahan deril,5282709.0
کیف کلاسوری گوشی  Ao2,8827833.0
capture card asus,585720.0
انواع صندلی غذاخوری نوزاد,8632233.0
تخته شاستی ۵۰ در ۷۰,7344545.0
sandal tebi meshki az gallery khareji,10638348.0
شروال ورزشی زنانه,831292.0
دلیر برقی منی,11410049.0
شکر  عادی,3640444.0
نگهدارنده گردنی چندکاره موبایل,7066026.0
کارت حافظه ۳۲ گیگابایتی,3986306.0
نیوا برای یدن,75129.0
کوکلاسیک Lx,9268477.0
کیلومتر پراید.,10742490.0
پوکو ایکس ۶,14326964.0
کانتور چرب,5050942.0
لوازم اط اف آیینه,2561992.0
پیچ گوشتی شارژی آیجی,2267012.0
تسمه تایم پاور گریپ النود,4117177.0
قرص پرامکس,7987904.0
موزر gemmy,9623338.0
جوهر نعنا,13401329.0
آوانتهکتری,9549667.0
عرو یک خرگوشی هویجی,11729357.0
بازی سیم کودک,12297407.0
گلدانه سلیکونی,15073378.0
گوشی سامسونک مدل 73,11276364.0
کمک جلو سمت شاگرد ساینا,1785325.0
انگشتر استیل ماری,7919101.0
پک پوستر لئون,2653959.0
آسیاب یونیک لایف,3364154.0
پی اس فور گیم اَتک آن تایتن,8780629.0
ماحفظ دسته,2661622.0
قطعات جلوبندی رنو,838154.0
CMF Watch Pro 2,16026610.0
saat aghrabei full negin,13156440.0
بیشعوری,2013405.0
رابط پرینتر Ts3440,4233240.0
انگشتی گیم نیگ,9011955.0
باطری گوشی اپل6,5545020.0
رابط ۹۰درجه و,6830539.0
mickey mouse,6821038.0
لپ‌تاپ لنوو v14,4536071.0
دفترچه فانتزی در سندق,11699162.0
گیره موابشاری,2112414.0
Dishes and glass organizer,1927521.0
متر برای ساختمان سازی و قتعه بندی,2050108.0
دِرَگِن کِیس اِی تِرتی فُور,14092151.0
ست انگشتر دستبندص,14740537.0
شطرنج فلزی,6371952.0
ایفون تصویری الکترولوکس,10490287.0
Filament,1475443.0
برف پاک کن بسترن,5853721.0
فرش نرم,6780397.0
شو واشینگ پروتِکتور,858645.0
سدیوم استاد,10220255.0
لوسیون صورت اریکه,7663882.0
tabdil usb type c otg,1786026.0
کلید سوییچ تاشو تیبا,3081860.0
اسپری مو‌موس,6002837.0
Baby jeans,13100447.0
ادویه فلفل سفید وسیاه,11711364.0
28 million toman laptop,7513569.0
استند وسایل ارایشی بزرگ,3257807.0
اسباب بازی مو  پسرلنه,7505548.0
Royal Gear,751919.0
وایی صاف کن,756145.0
ساسوکه اوچیها تی شرت,7546522.0
فلاسک دخترونه عروسکی,9976443.0
rol harati dastgah bixolon,204608.0
موبایل آپ پو,3047128.0
نظم‌دهنده ادویه,4244349.0
کیف کارت شفاف,14324362.0
قوری چینی لمونژ مدل نسترن,5026076.0
تست زمین شناسی یازدهم,820870.0
فیس پلیت PS5استاندارد دیسک خور,9004108.0
SLX,281447.0
دِفَکتو وومِنز جَکِت,7801311.0
ghab gooshi 13 pro 4g,14782947.0
کیت ورزشی مردانه,10253376.0
شلوار لی تک,6770839.0
Wilson slimming ring,5188656.0
لپ‌تاپ,13586694.0
دیسک و صحفه ایساکویی پژو۴۰۵,1760908.0
ایفون 15,12703423.0
کوله سفری,13918199.0
انگشتری جواهری برلیان,9814011.0
چتر آفتاب گیز,6904486.0
ایت پرسن تی بسکت,3046384.0
Nivea Men lotion,2133970.0
هندز فری اسکای کندی,7603988.0
جاسوییچی سرقت پول,7272855.0
پتو شویی دوقلو پاکوما,2883420.0
ریسه سنگ مون استون,4190115.0
تبر زرین اسباب بازی,15055116.0
هندزفری بلوتوثی,10418959.0
گوشی سامسونگ جی ۵ پریم,1587710.0
اییلکاف پروانه,9097395.0
موبابل سون پلاس,183989.0
گوشی موبایل شیاومی نوت8پرو,7108523.0
قاشق چنگال felix,6458182.0
Slim car light,2430131.0
کولر گاز فوجی اینورتر,12935923.0
پوکو اِکس فایو پرو چارجِر,13566198.0
گلس ایربک a13,8370228.0
قیمت کمک وسط دوچرخه,1515420.0
اجاق گاز کمپ,14135524.0
Oily Hair Shampoo,4341046.0
دستکش رونیکس سایز xs,11717455.0
چراغ زردسقف خودرو,172614.0
الکل ض عفونی کننده,5656107.0
دمنوش سرم,15278817.0
مداد رنگی آوات,14511107.0
ساعت هوشمند ۸۰۰ هزاری,10532492.0
ghab gushi iphone 12 promax,3691173.0
poosteh water pump,3984726.0
محفظه چراغ حیاط,7728675.0
اینه موتور سیکلت cf,4172151.0
تخاته نامرعی,2571099.0
کلاه کپ  پیرسینگی,8452901.0
چراغ چمک زن پلیسی,6761083.0
Chemistry Volume One,1054461.0
کابش لی,14077482.0
برچسب گل پخش کن عقب,16633807.0
قاب مبلیل بیلی ایلیش,7676113.0
شامپو سر و بدن پسرانه,84636.0
سیم بالا بر شیشه خودرو,8028665.0
چراغ عقب اسپرت پژو ۲۰۷,7888010.0
بلندگو سمند lx,4607814.0
dozgir amakad,646879.0
لایو مدل ۱۱۶,14168666.0
kravat z,14425829.0
سیستم پنوماتیک ماشین,7975836.0
ساعت دیواری مدل لوکس چوبی,8658323.0
صفحه چوب سات,13898090.0
shot off,14385221.0
محا فظ برق ولتاژ پایین,1071003.0
سرویس غذاخوری ۹۸پارچه چینی زرین ایران سری کواترو مدل ریوا درجه ۱,3423831.0
نگخدارنده  دوربین,464080.0
Microsoft Surface Studio 2,268240.0
دستگاه  نگین حرارتی,3784786.0
خنک کننده zbox,274302.0
Clear phone case model A30,7774474.0
باترب شارژی duracell,4411947.0
تونیک مو اویدرما,4571148.0
کتاب حسین پسر قلام حسین,2681676.0
اسپیکر  مخصوص کامپیوتر,9279178.0
تبلت سامسونگ a7 lite t225,6389978.0
تابلو شاسی مدیتیشن,11382166.0
گارد گوشی موبایل شیایومی Redmi 13 c,14577010.0
کاندوم small,2441830.0
گردن بند ایس,9138535.0
مبلدوخترانه,10839017.0
اسبابازی دخترانه,5710882.0
ghab iPhone 11 babsfanji,11721686.0
اکشن فیگور برج میلاد,728026.0
تفنگ پوکه بر,618241.0
قمقمه دخترانه پاپتی,9389159.0
دستگاه فر کن مو,16669316.0
Hair and body trimmer,11482375.0
کفش الستار مدل فضا,7946573.0
خار میل کاپوت ساندرو,4325093.0
Greentech Cordless Drill,9978291.0
شیرینی خوری  لیلی مجنون,2523554.0
ماسک صورت بایو اکوا مدل انار و برنج,6888770.0
پکیج برچسب دخترانه,6557324.0
شامپو تقویت کننده و تدمیم کننده هد اند شولدرز,8774462.0
Felt bed hanging,5248502.0
روتختی دونفره سه تیکه,487724.0
ماشین اصلاح موی بدن و صورت wtv c,12541409.0
اداپتور اصلی 25 وات گلکسی,14274910.0
دکورهای گیمینگ,14043492.0
کفش دخترانه گندمی ساده,6164269.0
برنجی مینیاتوری,681270.0
سوکت سیم کارت,4791585.0
Three panel,9390955.0
روگ وان,5159983.0
آبرسان مو شون,8018435.0
Blood Sugar Monitor,12229635.0
گادر گوشی آ۵۱,3255186.0
ابزار شعبده بازی خون,9732812.0
گوشی شیائومی پوکوایکس تری جی تی,6529981.0
ویدیو اند فلش دیوایس,2849057.0
"چسب اب بندی Z90 ,NSG",5281080.0
ابنما تزیین,14351770.0
مدادتراش مدل توپی,727852.0
پماد ریتینول,8023443.0
سامسونگ ای۳۲ فون,6223265.0
ریک اند مورتی لپتاپ استیکر,4151594.0
Just Date wristwatch,3926163.0
نیم تنه سیلد,6859966.0
گلس نوت سیزده پرو,14348441.0
باتری ماتو سیکلت,6278780.0
همزن کاسه ای بریتون,528137.0
box charkhi sauce,12560315.0
گیرند شارژ بی سیم,154011.0
ست تیشرت شلوار پسرانه,6556730.0
قاب جا کارتی ایفون ۱۳ پرو,13132596.0
humtto kafsh,855511.0
espri zard,7432686.0
محلول Alpeoin,1927795.0
دمنده مخصوص ماشین,7491913.0
هندزفری بلوتوثی شیایومی t15,7967010.0
دوربین  z520,10822319.0
چراغ قوه مدل گیتی بزرگ,3154318.0
دستبند با مهره سنگی,6289222.0
مداد مدل پلی کروم,50792.0
انبر پرچ صامو,626446.0
asbab bazi baraye kudakan 2 sal dokhtar,3796868.0
ساعتT,13102138.0
Huawei Y6 phone case,1734063.0
لامپ چراغ خطر اس ام دی,7796412.0
سوتین مدام,5469203.0
ساعت آناتوم,1093618.0
تخمه سقید,10864424.0
ساعت کاسیو نویس,7703175.0
ساعت11ultera,13364788.0
مدار فلاشر چشمک زن,6761083.0
باطری لپتاپ macbook,1476154.0
شورت آموزشی پسرانه,1504171.0
ژل بهداشتی بانوان,2537376.0
اسپری اسانس قهوه,9401053.0
ادکلن دیور هم,13827589.0
Dog car mat,7835596.0
شارژر گوشی  A05,4850572.0
شیائومیshark,5051624.0
سرویس می‌ه,12688957.0
آیفون  اسمارتیز,11042355.0
استیکر پارچه انیمت ای,11465854.0
سکه طلا,15069967.0
البوم سکه کوچک,7165982.0
جا گردنبد پدیا بند,8435870.0
جاچسبی مژه,6152199.0
چراغ شمع دار وایمر,4929072.0
کاور گوشی شیائومی ردمی ۱۳c,14819880.0
پمپ باد رونیکس,294570.0
سینی اگزوز  موتور,4417108.0
ریزر هدست فرام جی بی,5132596.0
مَزدا تری توِنتی تری,3269571.0
اسکری مومو استچو,1130511.0
جا  مدادییپک,7000516.0
لینز a34,12323073.0
آر ایت فورتی,3159240.0
سامسونگ گلکسی اِس ثرتین,9636489.0
فون کروماکی,8995528.0
سرویس کارد میوه خوری,3002651.0
Willy wonka,11552790.0
جوراب تن پوش هنگامه FN-01,4380808.0
چراغ زنون روی سپر پراید,670122.0
کیف کاور گوشی شیایومی redmi,3596037.0
ماشین اصلا خط,4238561.0
اسمارت واچ hk 9 pro,11872221.0
مکمل بنزین ووستر,10648133.0
دیس سرامیکس,313551.0
daste sim dozdgir,10904951.0
زیورالات با سنگهای قیمتی,10848612.0
لوسیون راکو,8656536.0
گوشی نوکیا ۰۰۱,1512525.0
cheragh ghove YW,2749547.0
اورینگمنبع انبساط,2066449.0
سوتین دخترانه,9984477.0
وِلِن کُلون,2330465.0
Bluetooth Headphone,4228930.0
چراغ قوه اسمال سان zy_ T222,9852658.0
ریش تراش roziapro,2746114.0
اتو مو ریچر,14220127.0
جا باتری ۱۸ ولت,4934866.0
آکواپارت,164820.0
ساعت طرح و ارزان اپل واچ,2046840.0
کیمدیکارت رونالدو,17381762.0
الهیات طبیعی شده,76284.0
شومیز آستین کیمونو,5335486.0
ظروف مربع سفید,8824958.0
آیفون سرتین کیوت کِیس,9699777.0
dande taym taghviyati 405,7275002.0
پنبه توپکی ارایشی رنگی بوژان,3581552.0
شیشه رطوبت گیر,6064800.0
RGB LED Strip Light,8391149.0
Redragon keyboard,15949927.0
دونه طوطی,5728155.0
محافظ دوربین گوشی A۱۴,12659336.0
مته ساب سر دریلی فلز,13991427.0
دریل هد براش,16613440.0
ریش زن و خط زن سلطنتی,12114587.0
A4507,9786391.0
set kamel gaming computer,5593181.0
ظرف بلور میوه,385198.0
ریسه تزيینی,3050985.0
cover zobina iphone x,9969986.0
لوازم آشپزخونه پیتزا,943846.0
پمپ روغن وانت مزدا,10517307.0
مخزن 70لیتری,6435133.0
کلاسور دوحاقه,7797971.0
لاستیک شماره ۱۵ یزد,1673404.0
چرغ یووی,9005933.0
nakh rish,14074201.0
وسایل جابنی داستگاه اسپرسو,5740503.0
فرمیسی,8023119.0
پایه میز مفتولی ۳ عددی,9959461.0
Galaxy Watch 6 Classic price,7229796.0
دستبند عقیق ام البنین,5575468.0
کتاب ویژه سنین ۱۲,5655690.0
Study desk with mirror,343482.0
ماگ طرح دار,14793930.0
گانودرما سوپریم,17837434.0
سرم پوست بالانس مدل هیالونیک اسید,7172945.0
محافظ mibro fit,9260208.0
کادو تولدوسایل تزئینی,761004.0
گوشی موبایل شیاوومی X4,8123753.0
قاب curry,14574540.0
ساعت عقربه ایزنانه,881530.0
Ghost of tsushima ps5,6843702.0
پمپ ویگو,3658747.0
ماوس لاجیتیک,8975182.0
مژیک تاچ ۳۶ عددی,15233659.0
برچسب تتو پسرانه,4822834.0
Chemie,13203408.0
میکروفن استریم رومیزی,8717298.0
فم شست‌وشو صور,3408934.0
کاغذ روغنی طرح,9484090.0
کیس کامپیوترگران قیمت,1053271.0
Pride 131 Speedometer Cover,5070528.0
قیمت اسپلیت ایولی ۲۴۰۰۰,11334503.0
جاروبرقی رباطی اتومات شیائومیxiaomi,5497765.0
کرم نرم کننده گلت,959898.0
گارد گوشی موبایل شیاومی note 13 pro 5g,13322394.0
شکلات تلخ ایموجی ایدین,10434325.0
باطری اتمی60آمپر ماشین,8751512.0
تن ماهی بومی محلی,2442889.0
لوازم مراقبتی از پوست,6774949.0
پک ارایشی ملوس,14226632.0
قاب گوشب فوتبالی رعال M32,6932366.0
کت ساتن زنانه,9224976.0
کاور سامورایی اف ۳,5557830.0
مگنت اسم سحر,13726497.0
ساعت مچی سه موتور مردانه,814508.0
کیج گوشی,12992663.0
rise LED chand rang 15 metr,11070498.0
خمیردندان ضد جرم چای,401242.0
عروسک مامانی,8077717.0
برچسب ونزدی ادامز,9283557.0
پارکابی کوئیک اس,4146139.0
Korkmaz tea maker,3560857.0
رو فرشی مخملی,5407471.0
بسته‌بندی گوشواره,5396489.0
شورتک‌بدنسازی‌مردانه,742799.0
Usb time,971829.0
تابلو بوم دوتایی طرح  گل,5836503.0
کفش ونس دخترونه اصلی,6310212.0
قاب گوشی زدمی ۱۲,12286879.0
سینی دفرمه سنگی,9244048.0
انگوشتر منشور,14144893.0
میل کاپوت تارا,16537781.0
چراغ حیاطی آنیل,2933479.0
تجهيزات,6906775.0
سیمپِل اِسکارف هَت وید اِسترَپ,12447072.0
اتو پرس اقساطی,761645.0
دستبند کوبایی مردانه,13005200.0
ل اکواریوم,12350676.0
پاناتک مدیا پلیر,8486799.0
سکه طلا 500,11019537.0
نوار درب ماشین لباسشویی ۸کیلویی,11070523.0
قاب 3.5 هارد,2817194.0
شلوار مردانه گنگ,12295866.0
گوشی prime j5,282952.0
کتاب  گیاهان,3624415.0
تلویزیون ال جی نانو 85,3307683.0
لودر بابکت,10893795.0
ست شومیز شلوار نوزادی دخترانه,11199716.0
سامسونگ a۱۲,4230579.0
بازی هری پاتر مخصوص,4696564.0
ست انگشتر وگربند و دستبند,698981.0
ساعت مچی سفید سرامیکی دخترانه,4246562.0
قر ماشین ظرفشویی فینیش کوانتوم,7843027.0
سمندمدل1402,9567321.0
روغن مایعذ,2394989.0
دسته ی بازی برای عینک واقعیت مجازی,8929741.0
جادندونی,2921252.0
zarfe ajil khori antik bronze mes dardar,10017523.0
چوب  تریکو,5555879.0
شیائومی ۱۲پرو پلاس,8465179.0
روتین  پوستی,13343245.0
ریسه مروارید مانتو,7240398.0
Bluetooth headphone cover t17,11377769.0
شیر آلات ظرف شویی,6404806.0
بانکه مک کاراتی,13634929.0
Girls' necklace letter b,1020210.0
لوازم هیدورلیک جعبه فرمان پراید,6563344.0
تلوزیون میافرتی,14336077.0
تست باتری ساعتی,587934.0
آرتیفیشال تِرف اِسپُرتس شوز,8017337.0
کرم شیرالاغ بدن,13327900.0
بازی فکری موش گربه,7370328.0
کاور گوشی samsung galaxy j7 pro,1734256.0
بازی MINKRAFTمخصوص PS5,544767.0
افتر آی,2423504.0
فلش مناسب پراید,11989700.0
math books ریاضیات,5085615.0
گردنبند دخترانه خونی سه نفره,13167520.0
Kids shirt and shorts set,15027444.0
panasonic 3712,7989717.0
پخش  جا فنکی,13040232.0
Türk,11481780.0
جاکلیدی مدل دسته ی بازی آتاری,11188019.0
آیین سخنرانی,12109643.0
کابل usb iphone,286688.0
محافظ پشت گوشی شیائومی نوت ۱۲s,12990949.0
set barchasb kamel gojo anime,12563933.0
mikh domeydani,274675.0
پمپ کولر,5175141.0
Ultra chrome,4352555.0
چسب لیقت چشم,14574080.0
کیف کریسبلا,13416734.0
پیچ اتصالات micro,14479735.0
گلس محافظ تبلت کلکسی a9,14900308.0
wash bags,10901361.0
خرید کنسول گیمینگ,12500133.0
کابل شارژ c رابط,5093286.0
تلویزیون هوشمند۴۰,4049858.0
Mecca hair dye,1489847.0
شامپو کودک ایروکس,2907018.0
جعبه تقسیم کننده,3900675.0
ماهی تابه الیت,3429963.0
اپاش برای اب دادن به گل,15367405.0
احکام دختران فلاح زاده,195015.0
شیایومی REDMI NOT13,14271352.0
Trash Bin Set with Brush,5756007.0
دستگاه تصفی اب صنعتی,4104881.0
فریم a10,11256459.0
هدست بلوتوث گردنی,10648392.0
چاشنی ماکارونی گلها,1708587.0
R311,9872271.0
تمام تنه زنانه,2854925.0
تافتSchwarzkopf,125987.0
بادی اسپلش طعم هلو,7670489.0
نرم گننده کلاچ,1808258.0
ساعت ایمنیکی,12203063.0
گردنبند دخترانه طرح پریا,2898843.0
کوییک فیلتر,5410960.0
اتومات پمپ اب اسواری,6992761.0
دیور هوم پارفوم فراگرنس,7444423.0
قوز بند گردن و کمر,9239506.0
گردنبند دوقلو,6791039.0
بسته آموزشی کومون,3609559.0
شات قهوه گود مورنینگ,4369668.0
برچسب پوششی a71,2602908.0
puzzle hezar tike tarh call of duty,12573997.0
پیرن مدل ایت,2262280.0
گارد a03s شفاف,7944333.0
لوازمیدکی لباسشویی ال جی,9151144.0
Galaxy tab a 8 2019 برچسب پوششی,6270270.0
مخصوص کینکت ایکس باکس 360,5193119.0
پک راهیان,4908919.0
ماجرای منو درسهام دهم انسانی,4206221.0
سیم برق افشان موتر سیکلت,2161098.0
گازی -روغنی,11196611.0
W840,9889442.0
وسیله‌های تزیینی آکواریوم,977697.0
dastband dokhtarane khargosh,13229539.0
ست ملحفه تختی ۳ تیکه. دونفره,556119.0
لیوان  چای خورشیدی,513786.0
ظرف سوس کد,51924.0
بند ساعت دیجیتال k59 pro,15260002.0
لیفت ایلماز,5156672.0
مای بیبی۴+,197421.0
اچار ستاره t55,13525678.0
دستبند ست باب اسفجی و پاتریک دوعددی,14540468.0
گلس ردمی نوت12اس,11479607.0
لباس دروازه بانی اصل,717052.0
دسته کنسول xbox x,7248029.0
پرده حریر سفید با گل‌های  شکوفه,12506465.0
کتاب چند کلمه,3062509.0
دریل پی ام آنکور,877192.0
گردنیند کپسول عشق.,10111279.0
ماشین فلزی جنسیس,7775792.0
پوکو 16,9669100.0
آداپتور 66 والت گوشی,12213603.0
بند galaxy watch 3,4931849.0
کاور قاب نرمالو,6929586.0
ساعت مچی مردانه عقربی با شماره,7494692.0
Uv 401,12802226.0
کرونومتر ریست واچ,12609686.0
لپتاب سرفیس,3402196.0
قاب گوشی موتورولا اج20,9147653.0
پروتکشن طرح کلیک,8702467.0
کتاب ریاضی نهم نوبت دوم جویامجد,96819.0
dasmal chapapi,718132.0
کلاه کپ مدلD-STI,7467783.0
محافظ لنز نگینی ایفون11پرو,3202092.0
دریل چکشی ویوارکس,17642899.0
استیل درب صندوق ال نود,2840245.0
آرتیملن,3548085.0
باتری سامسونگ گلکسی جی وان اندروید فایو یک,660941.0
بند اپل واچ سری ۱۰ سایز ۴۲,17093058.0
تبلت دانش آموزی  مودیو,11625784.0
رد سالمون فیش,3545064.0
پیراهن و شلوار ورزشی مردانه,13301972.0
گارد با طرح ابزار,2540239.0
چپس خارجی,7273908.0
cover gooshi 1600,5662822.0
بهترین بازنده می شود,6744212.0
قاشق عسل خوری,10544590.0
حلقه چفتی پای کبوتر,3509610.0
السیدی گوشی a70,1602837.0
لوازم زرین کاری,7587493.0
اسپون گروث هورمون فرتیلایزر,7576867.0
اسباب بازی به مدل آنابل,4223955.0
نحوه چسبنده ناخن,3511657.0
هندولوژی لوسیون بدن,13131177.0
نبات مجتهدی,1119662.0
دیناب پژو ۲۰۶,9503513.0
ja bateri lithium modul sharzh,4071139.0
نرم دهند,303880.0
ریر شاک ابزوربر فور تو هاندرد سی سی موتورسایکل,6560493.0
تبلت‌کودک,779044.0
sarshole fandak sanati,721987.0
آجر خانه سازی مدل بزرگ,6338303.0
کاورردمی‌نوت10 5g,5652567.0
جوکر روم اکشن فیگر,156181.0
F15-FX,7235544.0
گلس تلویزیون دوو55,9094859.0
وَکیوم کلینِر بَگ کلوزد مادِل,2491087.0
کفپوش صندوق سه بعدی مدل کارپت جک j7,12441836.0
عکس گوشی چهار دوربینه و قیمت,10177280.0
دسته برای گوشی,3206052.0
ژل فویل ناخن,13924135.0
تایمردار برای کلید لامپ,1511968.0
شستی درسمند,5707099.0
کاور شیائومی refmi9,3379854.0
ایینه رو میزی گرد,713831.0
kafpoosh pride 131,9221710.0
اسناد زیورالات,1901333.0
ماشسن اصلاح صورت صفر زن,8883926.0
سر کلاس,3994804.0
اچار فرانسه ۱۲ سولا,13613146.0
گوشی شیایومی رد می ه۸,2212020.0
موبایل شیامی Redmi9A,7053063.0
هدفون پلی استیشن ۵,14515067.0
gushi huawei Y7P,9341260.0
محصولات انگلیش هوم,8529398.0
کاور کلاسیک مدل a51,12364793.0
قلاب اویز قفل دار,536476.0
میز مطالعه,2552061.0
چرخ مایکروفر,2949117.0
گردنبتد سا,2016450.0
گلاب پاش مخزنی,1125449.0
تایوان نایف شارپنر,926580.0
نهال صیفی جات لاکچری,813564.0
منوال فرتیلایزر اسپریدر,3404079.0
لاک بی اند دی گلکسی,6065680.0
pad bimar roli,9286195.0
سنگ فری  اروا,8402429.0
مایع دستشویی عصاره قهوه,5657926.0
پد آرایشی کریستین بیوتی کد P02 بسته 4 عددی,4559139.0
کاور جاسوئیچ,11101125.0
عروسک بی بی بورن فانتزی,166234.0
کیسه سرمایی گرمایی لب,11128040.0
شگلات خوری مستطیل سفید,5025977.0
pomp 1.5 pentaks,9565016.0
هسته قفل دربازکن,14478692.0
دریل تخلیب,4178571.0
لاستیک موتورسیکلت سایز 17 4.60,7478847.0
رنگمو پروویت,4314126.0
قیمت دامن  لی چاک دار,13219202.0
بیت بلند پیچ گوشتی,7145828.0
انبر ft11,10822302.0
ساعت دیواری طرح فوتبالی,2069609.0
ayene va console choobi airi home,10172799.0
اس ام آیلش اند آیبرو لیفتینگ سولوشن,6100632.0
کرمچ مجلسی زنانه,802407.0
میز تحیر مدل,1932704.0
سه بع,6293076.0
قاب آیفون  ۱۴,9357873.0
روتشکی ضد آب,12868672.0
لباسشویی دوو880c,11196311.0
دفتر ماکیما مرد آره ای,14693608.0
دوچرخه ویبا,10707054.0
کمد پلاستیکی کنار روشویی,3083082.0
کلیدبرق ساده,8970641.0
مانتو مشکی رسمی وساده,935451.0
چراغ موتور پیشتاز,12283380.0
شارژر 120,14398220.0
قلم داغ برای قلم هنری,4158441.0
صندل دوخترونه,15319503.0
روغن کرمانشاهی نیک منش,2872550.0
گردنبند مدل ساعت,60107.0
دستمال توالت بی‌تا,2724761.0
کنترلر قطع برق,7758153.0
redmi9t گوشی,5659020.0
Puxel 7,10148366.0
فریزر کندی,8465932.0
رقص نور فلش پارتی,9484811.0
وِریِس هِر کلیپ مادِلز,6556651.0
koole poshti monaseb danesh amoozi,6231032.0
سربند مردعنکبوتی,3596209.0
کتاب انتشارات توپ,8172433.0
شارژر آنر,303259.0
او تی جی فور اولترا توینتی تری,2747336.0
DS882ماساژور,9052476.0
قیمت تلوزیون ۴۳ اینچ,11958261.0
شارژ N97 سامسونگ,2396283.0
پی اِس فور نایت لایت,5698096.0
فلش مموری 4 گیگابایت usb 3,681938.0
کیف و کاور زر باد a30,16998315.0
خردکن برقی سیلور کرس,12029059.0
چگونه به سرعت باور و اعتماد,249941.0
در جستجوی از دست,70639.0
گردنبند مرگ خوار,1762114.0
راهنماموتور طرح بلوچ,996559.0
پارچه پلیسه درشت,10481951.0
ادکلن بلک تاچ,312953.0
لپ تاپ hp کیف,70798.0
مینی کانی,4516244.0
سنسور جلو,12459822.0
Snowhawk three-piece dishes,5337932.0
طرح مونس,2845294.0
کف ساز قهوه,12884433.0
پاوربانک بیسیم 45 وات,14105350.0
زندگی های پنهان درونگراها,38243.0
جویس وپ,1140070.0
atre easyblue,12303596.0
کمک عقب وتور تکتازی,8293249.0
Redmi noot12 4g کاور گوشی,11589912.0
کاور تبلت Lenovo tab 3,2793594.0
تقویم مدل هری پاتر,14495355.0
جارو سطلی BOST,8029592.0
تخمرغ آبپز,14064257.0
انتن روتور,200466.0
موبایل  ایرانی,320657.0
خرگوش سفسد,761749.0
ژل الو اورا سینره,2893970.0
شستشو صورت داو,81323.0
ریموت کنترل بلوتوسی VR,533354.0
لپ تاب لنوو وا,123215.0
لوازم آرایش آووکادو,5005084.0
قلمی usb,770896.0
سرم‌ تقویت مژه لافارر,7624529.0
gooshvare ghalb sim khar dar,2525798.0
seshvar philips steel badane,20388.0
انگشتر  ناکسیگو شب تاب,14030174.0
کارد و‌چنگال کابان,11108015.0
kslect ks,12996305.0
پک های فیروز,157448.0
خرید یک دست آچار ATA,1787549.0
Milk face mask,348422.0
چراغ مطالعه طرح مينيون,7643866.0
بازی فکری هیپو,1428539.0
دیسک صفحه کلاچ پژو ۴۰۵,17637807.0
نمک ماشین ۲ کیلیو,5785486.0
فیلتر داخلی آکواریوم,15302658.0
تیشرت سه بعدی حیوان,1625468.0
پوشک به بم سبز,692320.0
نوک سی کلس قرمز,7987018.0
بی بی کرم لافارر,7332981.0
حوله لنگی یزدی,996120.0
ساینا بابل کارپت داشبورد کاور,7747034.0
کتاب تستی تیز هوشان,3523514.0
محافظ پشتى گوشى a54,11498020.0
چادرمسافرتی Coleman,3252733.0
جهت نما کافه,5901390.0
بند می بند 4,2058772.0
فرش طرح مراکشی,6616043.0
ورق ملامینه پاک چوب,7698593.0
شلوار تخترانه مداگل ابرنگی,11747272.0
electric bathroom sink toy set,6966279.0
بارند پژو,4959376.0
پارچه مدل سخمه,5562610.0
باشگاه مغز,10893935.0
آدامس چراغ,482666.0
کاور گوشی a7 2021,6650080.0
قاب nokia 1.4,6460591.0
پازل چوبی برجسته 2 سال به بالا,10446405.0
دستگاه  جوش‌  سه او,8595427.0
مانیتور ساینا معمولی صحفه لمسی,12861561.0
گارد جلو سپر ام وی امx33,3896892.0
قفل بند ساعت مچی,10857130.0
رفل سنگ,13085614.0
ghorse klor agri,764033.0
مکمل تاپ اسپید,8108879.0
bandhaye fabriki pride saba,5821167.0
المنت هویه ارسا ۴۰ وات,7161046.0
استند رومیزی تزیینی مکعب اسم ستاره,1480950.0
محافظ لنز  آنر 9x lite,6532707.0
ضدآفتاب سان سیف مکیسان نچرال بژ,2075077.0
کاور گوسی هو اوی طرح مسی,6164402.0
لامپ هوشمند لمسی,3636273.0
قیچی باغبانی کنزاس,14214103.0
بازی های پارک,1770280.0
رخت آویز ‌دیواری,4051553.0
شارژر سامسونگ a06,16797079.0
kif kelasori gooshi xiaomi note12s,11840273.0
ساعت مچی عقربه ای زنانه ناسیگو,3452323.0
ساعت هوشمند هایلو rs max,15045013.0
کتاب لقمه های اماده,9380238.0
6.5mm drill,5182103.0
اینه شمعدون کوچک,4582181.0
دفترطرح موتور,5664022.0
Victus gaming,17456185.0
Open sign,6586909.0
ماشین کنترلی افراد ام زد,2510748.0
تویی موتورسیکلت,10591265.0
ابردست رونیکس سایز ۷ اینچ,2275787.0
Galaxy 7 Prime mobile phone,539062.0
Bicycle horn and light,12093910.0
موبایل a32 سامسونگ,6796444.0
چوب لباسی دیواری طرح WC,11393731.0
کف ماشین تندر تکی,5193462.0
narm konande moye parmon,3420517.0
navar bargh hararati,4322738.0
کتاب خانه  درختی  ۹۱ طبقه ی ارزان,12096837.0
دست گیر پیکان,6474778.0
کلاه سیاه چرم,5427924.0
قلمو سرتخت بیانو,662613.0
دسگاه‌سگ‌ترسان,623352.0
قیمت میز ساده کاری,648468.0
پمپ وکیوم ولیو,3303406.0
فش زنانه بلوچی,14378102.0
کابل شارژ ایفون سنتکس,6762832.0
kafsh mardane model 21,4475955.0
گردنبند با اوپال,13240386.0
گیره رومیزیتورچ,1049100.0
میوه خشک کن DESSINI,468478.0
فلش تانک دسشویی مدل نیاز,5321832.0
محلول تقویت مو تینولا,2014465.0
دور فرمانی دوختی سمند,7151427.0
ضدآفتاب سان سیف NW,10795084.0
s32dاسپیکر,9793563.0
لانپ طرح جوکر,2220861.0
شنود صدا عدسی,2732077.0
کیف بابونه مدل کمری,13988661.0
کاور A33 طرح خرس,12164030.0
کاور گوشئ,13237992.0
هاپ usbe,68716.0
اشین اسباب بازی بزرگ,741348.0
Nast Razor,4514009.0
نع اون ۱۳۲,1823585.0
ریموت در بازکن نور بالا,9489581.0
کرم هفت میوه ابرسان,4452530.0
صندل طلقی بلند زنانه,777769.0
ساعت بچه رومیزی,2869840.0
بایو اکا ضد جوش,5339885.0
اسباب بازی خرگوش,4675504.0
Batman phone case,12894238.0
ps4 fat,4544783.0
سطل آشغال بت من,1075479.0
خودکار پاکن فانتزی یک عدید,10806235.0
عطر اسمارت کالکشن وان میلیون,8754662.0
لامپ هالوژن مستطیلی,15118188.0
flipbuds,9810520.0
مجموعه کتاب خرگوشی,374678.0
کامان بادی لوشن,13299223.0
رژ‌لب مایع مدا,5657434.0
decori romizi edari,4173722.0
Inflatable exercise barrier,889145.0
باشگاه پنج صبح ها,4534159.0
کیف‌حمل‌ پرنده,4791465.0
گردنبند طبی ador,6433028.0
سیم انتقال دهنده فایل تایپ C,597980.0
بند تی ۹۰۰,12520106.0
70d,947718.0
mashin sharzhi farsi,5199389.0
بند دوربین دوچشمی,14357221.0
اسکتی من,7127873.0
پیراهن مجلسی آستین بلند,12806230.0
Airpods hayloo,381254.0
تعویض روکش پراید ۱۱۱,12920165.0
ست مانتوشلوار مدل سنتی دلتا,8646801.0
Aeg oil-free fryer,13964709.0
اسکوئید گیم,7172933.0
Cake make,5568351.0
باکس گل رومیزی,4439658.0
همبرگر خانگی,806140.0
النگو بچگانه پلاستیکی,6363324.0
sagak kamarband mardane pelaki,14579086.0
هایلایت نورانی اتاق,699252.0
برچسب ال ای دی,2864628.0
سوکت چراغ راهنما پراید 131,5347861.0
براش اسب تک شاخ,7884372.0
شیر اهرمی      ظرف ویی,9557746.0
ویکتوریا فروت پِلِیت,6557691.0
هانوور چرخ گوشت,2375395.0
kolah model negindar,3859880.0
کاور گوشی ‏Huawei nova Y70 Plus‏,11033708.0
کتاب تیوری پرویز منصوری,2734184.0
RH-2767,1167986.0
دورلاستکی جردن کارتنی,796229.0
LG G9 camera lens glass,6946094.0
جا کارتی کهکشانی,2240142.0
ساعت بنتن صدا دار,69845.0
مزمفنبن,7882390.0
هدلایت mzmمدلd5,1487349.0
کرم لیفت  و ضد چروک ورونیک,7993648.0
روکش توالت فرنگی یاکند,1628531.0
Nina Pet dog house,979720.0
فلش ۳۲ سلیکون,20559.0
شیامی ونت۱۰ پرو ۲۵۶ گیگ,1130441.0
قابلمه عروس تفلن 26,349671.0
فیلم چاردیواری,19295.0
کرم ابرسان نئو درام,11296848.0
پا رکابی کویک R,11581465.0
usb3.0 16g,148327.0
بابلس فر ریز,13809364.0
رژ loxory,14197726.0
تفنگ کابویی,51588.0
galaxy tab s9 fe+,15511163.0
هیلتل,6159606.0
parche malhafe toshaki,9554045.0
پارچه ابریشم طلاکوب,5426017.0
خودکار اکلینی,13280973.0
ساسبند دکمه ای,2476616.0
قاب عکس بچگونه,6453152.0
شیر مید,8422631.0
ردمی K70 پرو,13624405.0
مگنت ابزار,3683822.0
اسپرسوز تکنو,9094968.0
گلس پوکو  ایکس تری,9039614.0
Pajamas for 10-year-old child,3428211.0
روکش دنده ی دوچرخه کلاجی,5035948.0
اسباب بازی آهن ربایی فوتبال,606344.0
daste mogharnajari,4182709.0
بالم لب ارتکین,13469479.0
پوشهدکمه دار a5,10368784.0
Samsung galexy A74,8521561.0
لوازم تحریر نوک ماژیک,8242042.0
مجموعه مه پاش,4833378.0
Gaming memory,7634670.0
روکش صندلی موتر کاوان 150,1722604.0
K552 سفید,12871160.0
رم دسکتاپ DDR4 تک کاناله 3200 مگاهرتز CL22 کروشیال مدل CT8G4DFRA32A ظرفیت 16 گیگابایت,6891483.0
فندک عانتزی,12506267.0
تایپینگ پیتزاکیمبال,3068985.0
ساعت مچیws89,13389605.0
چراغ زیر پایی ماشین,4887454.0
کاورگوشی ردمی note12pro,10811977.0
حاروبرقی صنام,10999888.0
تیغ و خودتراش,359882.0
بروس سایه ابرو,228408.0
نرم کننده دست و صورت فیروز,99127.0
Black Studded Shawl,11433406.0
کوسن دخترانه,15034899.0
کاور ultra hybrid s23 ultra,13188635.0
لیکویید لیپ استیک ایتین,378242.0
کلاف نخ نایلونی  شماره ۸,49349.0
مودم تی پی لنک,4314693.0
رشته خوشکار,16753709.0
ریل گاز ماشین,3880381.0
قاب گوشی سامسونگهای قدیمی,9370.0
ICE-CREAM,539647.0
طرح کیوسک تلفن,5417052.0
گوش گیر هدفون jbl,8531080.0
همسفر گیمینگ,9578637.0
دیزاین تلویزیون,8765904.0
دمپایی مناسب خار پاشنه,7983359.0
کابل hdmiمدل Knet,2110057.0
برچسب پوششی  iphone 14,9488962.0
snack saz tak kare mark general,3306409.0
Large popcorn kernels,10688144.0
ماگ سفری باریک,7588252.0
ors,8523926.0
پاکن شکلاتی,13133550.0
ادکلان اپوریا,14042335.0
پنکه ماشبنی,8775614.0
باند پایونر,4249798.0
قاب کف لپتاب,6460419.0
ادکلن دانهیل ۲۲۵,816022.0
shegeft haye hame chiz forushi namia,10530718.0
مانیتور فابریک کارخانه کوییک اتوماتیک,6265787.0
اسپری ضد ادرار احیوانات ضد عفونی,7497130.0
تاپ بلوپیلو,10753494.0
سبد شست وشو حبوبات لیمون,1809269.0
اپل توِلو پرو مکس اسکرین پروتکتور,4016639.0
هودی عروس هلندی,14519554.0
ادوپرفیوم مردانه داوینچی,3967585.0
تلوزیون ۴۲  اینج سامسونگ,794651.0
رله استارت خودرو عددی,9603981.0
اسپری خوشبوکننده بدن galloway,8834256.0
کرم حالت دهنه,2490223.0
River brand,4877971.0
امپلی فایر دوکانال,7611671.0
کاور گوشی شیاموی9t,6645472.0
برچسب اگزوز موتور هوندا ۱۲۵,11911500.0
bush mil pedal kelach,6404633.0
کابل ژله ای ایرپاد,349244.0
saat R shock,4251866.0
RB18,1653093.0
شبتاب نئونی,467306.0
کرم ابرسان تی تری بادی,11241363.0
آیفون پرو مکس 15,13367746.0
ژل شستشو پوست خشک و حساس وچه,13647786.0
قاب گوشی سامسونگ  ‌A14  ببر,13260181.0
خوشبو کننده دراگون,13283717.0
kase brilliance,4535049.0
دست کش کشتی کج رومن رنج,4254832.0
پودر سوخاری پولکی درشت,10466890.0
سام ۱۴۰۳,14068241.0
پلاستیک گیج اندازه گیری,14319333.0
پوستر انیمه وینلنذ,14882746.0
گوشیهای ارزان سامسونگ,11346346.0
زیر انداز برای میافرت,689989.0
عینک دودیgucci,6197922.0
قلم مو تقاشی,979954.0
ضد افتاب Nc,3149841.0
M1.6,2728223.0
صد آفتاب سنیره,1645222.0
Smart watch ultra saat e hoshmand,11682082.0
S23u,11165930.0
مگنت کاکتی طرح رادوین,13676387.0
سرخ کن مدل ایوولی,11724481.0
کرپی,5325285.0
ویمنز تمپرری اینگلیش استیکر تتو,4826653.0
دکمه دسته پی اس۴,2873984.0
موس M220,224150.0
مدل های ضبط صدا,4248271.0
موتورسیکلت‌‌نیروموتور,10892052.0
نشکن صفحه گوشی,11107134.0
پدفیلتر جاروبرقی بوش مدل قدیمی,540796.0
روغن ارگان مدل oil اصلی,476011.0
Door hanging doll,1452948.0
بادزتوپرو,7375515.0
Berlian,11124441.0
شیائومی ۱۲پرو پلاس,14257955.0
مداد تراش رنگین کمانی,14150938.0
وودن لپتاپ استند,15536181.0
Rabbit model cover suitable for mobile A54,11748938.0
سیخ چوبی مدل020,3166341.0
مجافظ صحفه نمایش,807859.0
هندزفری Galaxy A54 5G,13576150.0
Dark Souls 3 PC Game,3980308.0
kamarbnad baraye shalvar lee,10578732.0
لب مدل تینت,6991372.0
مگنتپرنسسپیچ,5702624.0
رو کار داتیس,9665263.0
کمدی کارت رونالدو,17632730.0
ست لباس زنانا برای دانشگاھ,7323361.0
شارژر انکر مدل nano,8560835.0
جوراب آرین نخ باف مرپانه,702401.0
ساق پا  ورزشی مردانه,11734482.0
ریسه ازون,4444018.0
بازو بند آلمان,6809572.0
ساعت کوکی رنگدار,1107630.0
لیبل گربه,5277264.0
صفح برش چوب,6712244.0
روکش لحاف نخی ۲۲۰*۲۴۰,11198942.0
عطر رومانسی,989332.0
بند ساعت لمسی,1034194.0
عینک افتابی امپریو ارمانی,6508907.0
Anime sticker,3066530.0
کرم ابرسان  derma,9301361.0
اتکلن لاست چری,8910724.0
بشقاب غذاخوری طرح کرومی,12091506.0
کلاه توربان,3444158.0
کابل  سامسونگ A52s,10521206.0
ایفکن ۱۵ پرو,12662620.0
کیمدی مدل فیل فودن,17845107.0
کالج زنانه پنجه پهن,8128699.0
دستگیره ترمز جلو عقب استیل موتور کلیک,8476668.0
ویتا هیر,3500901.0
kable sharzh do sar type c lindo,1780247.0
اسباب بازی  جدید,7924512.0
گوشی پوکو x 4 pro,10587391.0
شوره دکاموند,10697178.0
اسپیکر فلش خور,11263738.0
بوش استخانی پراید,2902421.0
روکش گوشی هنذفری,713893.0
ساعت haino teko t89,11625576.0
مینی فرز باس 1800,4515379.0
گردنبند صنگ,13147836.0
اینرناش,15252247.0
ظرف گریتر صورت,4181452.0
کا ور s8 پلاس رنگ  سفید,6229102.0
قلم هشمد,23134.0
شورت مردانه آرین نخ باف,744941.0
دوربین کوچکد.ربین جاسوسی,474279.0
تشک ضداب کوهنوردی,7488509.0
تلویزیون جی پلاس 40 اینچ,12775091.0
گرلز فیجت توی ویت انیمال اَند فروت دیزاینز,4386912.0
san cook,451449.0
ماسک های بچکانه ترسناک,2420241.0
شیر خشک سرلاک,14320127.0
سوکت پاور ساتا برای پاور کامپیوتر,3346503.0
گارد ژله‌ای گوشی جی۷ سامسونگ  رنگی,791053.0
دزد گیر جی چی اس,409154.0
میز چوب کامپیوتر,6860798.0
جراغ شوخوااب یهای رباتی,379343.0
payeh boland tasho miz,1083193.0
آنالوگ ریست واچ ویت متال فیس اند لدر استرپ,8708852.0
طلق اکستنشن مو 10عددی,2698211.0
کتاب واژه نامه المانی a1 و a2,5171083.0
نظم دهنده چوبی چوبی,7396949.0
اسپرسو ۴۰ ۶۰,14360660.0
جای مرکب سرمه,7180419.0
سرویس اجیل خوری طرح سانتا,14497586.0
Phone 13 pro max گوشی,6772505.0
شامپوضدریزش موکیوپ حاوی کافئین,458555.0
آدامس.  ۱۰,3068716.0
لاک ژلناخن,2110181.0
نوار نسوز دستگاه پرس با المنت,9919695.0
cheragh shab taab,14277291.0
اتصالات هوزینگ تصفیه آب,7902972.0
جابتری وهراه بتری دوچرخه,11675039.0
کشتی درون بطری,1139534.0
اسباب بازی میوه ای که خورد کن میشه,12004169.0
جادستمال کاغذی فانتزی,13323415.0
کنستر پراید,7063890.0
سس ماکارونی مشکات,12998878.0
رینگ اسپزت ۱۴,364527.0
دفتر چه صورتی,3189791.0
هارد پلی استیشن اسلیم,9265137.0
نیسان طوسی,3536605.0
مولتی متر sunwa,13977264.0
رینگ 4,3867621.0
گاز خک شعله,7490531.0
قابa16,17815509.0
چوب لباسی سفری,1662761.0
cover mohafez gooshi redmi note 12,12884694.0
آچار فرانسه 8 توسن,3571386.0
نیم تنه دخترانه ba701,16376250.0
دسته پلی استیشن 1 بی سیم,5652871.0
شامپو نرم کننده قهوه,7047648.0
Motorcycle Steering Box,1476125.0
پرده زبرا سایز,2094624.0
بازو برف پاکن پژو جی ال ایکس,2308497.0
جلد کلید ماشین۲۰۶,10603317.0
ghahve tea bag motta,15339692.0
جا کلیدی هری پاتر,6633877.0
چاقوی سفر,12944358.0
پسیستم اگزوز کامل پژو پارس,7407820.0
کرم سم مار بایوآکوا,11968382.0
قیمت دزدگیر کامل موتور,12667651.0
buffeh model s,6787332.0
پیشنهاد ها,2455351.0
بستنی ساز دلموندی,475424.0
سبد جی تی,6091941.0
کاور هولدر مناسب گوشی کیوت,13982222.0
دوک پایه,8864800.0
لباس هالک  قر مز,8497576.0
سمیم روخن  اتوماتیک  چاپون,11628952.0
ضبط صدا کنوود,9075233.0
سرم مو دوفاز بدون سولفات,7816631.0
عکس کبوتر انیمه,6156841.0
قاب گوشی poco c75,17981346.0
کاپود پژو ۴۰۵,11074308.0
driver 120,14272240.0
بذر گیاه تاج خروس,912146.0
گارد گوشی موبایل سامسونگA32,9250533.0
قیمت اجاق گاز tekno,8318946.0
board lebasshooyi haier 5 kilooyi,1624566.0
شامپو کراتین صورتی,7541011.0
هایفرکوانسس,13354498.0
گلوب شِیپد پیگی بنک,10805661.0
سوتین نخی ضدحساسیت,13943953.0
گلدان قلبی چوبی,12100809.0
این سرچ آو لاست تایم,4597703.0
تابان ۱۵۰,7504753.0
آیس میکر تری,9561936.0
Ganjineh Honar gold necklace pendant,14388923.0
v 322,8190969.0
set talaluyi viton,9628882.0
قاب گوشی نته 13,13281648.0
لامسینین هِر مَسک,862717.0
maghze sire tasfiye el,1662534.0
قاب سوپر آلومینیوم گوشی سامسونگ s24,12074006.0
اسپیکر USB براب کامپیوتر,4616.0
ساعت هوشمند دخترانه چه برنامه هایی دارد,7563592.0
قاب گوشی شیامی12c,11441579.0
Mot 11 pro,8695838.0
شستشوی صورت شیر گاو ایمیجز,13635201.0
ساعت سوییس خودکار,10235306.0
گوشی شیامی note 10s,5548244.0
سنگ  برش,5762815.0
لوازم جانبی پلی استیش 5,13359318.0
کیف ps4 ps4,412826.0
کرچک,15114946.0
قابلمه گرانیت ایکیو,4931366.0
زرین قهوه خوری,10856427.0
لباس  نوزادی تابستان,1057587.0
kase hamzan,14379315.0
کف اطاق نیسان عقب,133187.0
زه کنارپارس,4583031.0
Deh 4250bt,12172885.0
mojasame asb mojasame kashti,5077679.0
قیمت برف پاک تیبا ۲,6446757.0
شانهه مژه,4268583.0
MVM 315 car light,438429.0
Calligraphy practice notebook (Tahrir style),6976717.0
دکمه نر وماده,14763098.0
بازی آموزشیاسلایم,11002739.0
آویزگردنبند طلا طرح حرف لاتین H,8279929.0
مچ بند پای نوید,1849719.0
دشک بادی برای صندلی مزدا ۳,2768162.0
فازمتر حرفه ای,15966458.0
ماشین بازی طرح فیل,2474467.0
سوییچ باز شو پژو پارس,10513443.0
کتاب قران کلاس چهارم دبستان,1126203.0
کتاب تاریخ سینما,2166223.0
زودپز instantpot,52031.0
سینک ظرفشویی اخوان مدل 300,6152102.0
ساعت مچی مردانه verxlce,3110912.0
کتاب راهنمای رانندگی پایه سوم,6806447.0
jakelidi daste arm irankhodro,7914100.0
ژل شست و شوی niva,5595959.0
کرکره درب ورودی,904082.0
ایت بای ایت کامپیوتر فن گارد,6455521.0
شلوارک منچستر یونایتد  2008,6446396.0
کش بافت زمستانی,13254387.0
 شیشه لاکوبل,6851000.0
ماگ طرح آرایشگاه,6103339.0
پارچه آشپزخانه,9178314.0
دستگاه بافت حوله دستی,5812779.0
پیراهن مدل هیئتی,773877.0
نیمبوت مردانه مدل چرم کفش مسعود تبریز,12558561.0
کلاه کپ ال ی,9954981.0
شلوار کارگو کرانچ,4149665.0
پپا عینک,4595538.0
کاپشن پسرانه ۱۰تا۱۲سال,17035873.0
شاسی نوکیا 001,4765687.0
Camera voice recording microphone,12114084.0
باتری مدل EB- BG530,3083455.0
مونوپولی مدل ایرانی,999981.0
درب صندوق ال نود,143601.0
فلش مموری ۵۰۰ گیگ,12639452.0
اسپری تاخیری  دراگون,534577.0
روکش سیم پره موتور تریل,11135079.0
توریچراغ گازی,3656144.0
سیستم و ساب باکس,2696573.0
برد هوشمند هود آشپزخانه,10157236.0
پک بازی گل یاپوچ,17286872.0
پهباده متور,1122950.0
صفحه کیلومتر اسپورت خودروی نیسان,296290.0
کشاکش فکراوران,1048014.0
هیوندای کِی وان فون اِل سی دی,10392279.0
بخارگر دي اس پي,9585969.0
سرویس قابلمه گرانیت نئو فلم کره,1861018.0
شیائومی نوت اِلِوِن اِس‌ای فون,9570265.0
gheychi arayeshgari inox,15087423.0
Versace Smart women's perfume,4417031.0
مقوا استنباخ.  320 گرم,1845153.0
بلاد پلاسما دیوایس,7775776.0
تردمیل خانگی تایوانی,7591916.0
کفش راحتی خترانه,6760868.0
کفش  کوهنوردی ویبرام,178772.0
مک بوک صفحه تاچ,282643.0
toshak sensor dar,10691718.0
دکمه فلز پیچی,6435705.0
Applewatch SE,9423172.0
battery saat lq_s1,12535268.0
لپف بازی,8819237.0
درایو DVD RW اکسترنال مدل POP  PORTABLE TYPE-C/USB,10923236.0
تبدیل usb c به اجتی ام ای,7954211.0
darb dashboard khodro,12789773.0
دفتر طرح کلاسور,482396.0
زغال اخته سرد وتازه,9861910.0
تاپینگ در فروشگاه,3499111.0
بند ساعت هوشمند رد می واچ ۳ اکتیو,14337860.0
میکوب جیت,4887699.0
کرم بعد اپیلاسیون,2085571.0
کاور گوشی سامسونگ s21,12693128.0
ماشین اصلاح موی صورن,2064685.0
زبان خودرو پراید,7793333.0
ژل بلیچینگ‌,9717141.0
ماوس بی سیم ای فورتک,406291.0
یانگ کیت Iphone 15 pro,13632307.0
Fishing net,1826170.0
جی پی اس چیتا,4566955.0
ایسو خودروهای,14764965.0
Desktop drawer organizer,14633627.0
Samsung A30s silicone phone case,7486201.0
فوم رل ورزشی,480704.0
Bird cage cover,6998190.0
set varzeshi perspolis,13012373.0
بر چسب املا دخترانه,4487521.0
شامپو بدن اکزونیک,8682841.0
مکمل کراتین مونوهیدرات,7577455.0
سالیسلیک اسید اکسیژن,8367504.0
پایه نگهدارده پروزکتور,1944269.0
خودکارکانکو فشاری,2768140.0
ثاور ژله ای ایپد,961905.0
Small pitcher,180395.0
دوربین کنون e0s,2025154.0
kafsh jordan Retr,5522277.0
Lamp,782048.0
دمپايي پاژن,7206667.0
اِسپِر نوت‌بوک,2718808.0
روتختی عروسکی پرده عروسکی,12638151.0
کفش حارجی,11532754.0
ماسک فرز,13626990.0
cover shisheyi baraye xiaomi redmi 12,12427672.0
ghaleb sham 30 santi ghalami,11609497.0
صندلی چرخ دار موناکو,11227268.0
ترنزید درمالیفت کریم,12083895.0
کباب درست,8494072.0
دستگاه شستشو مبل وفرش,7790114.0
پیچ چرخ‌لنسر,3780778.0
پک ساعت و ارپاد,17449743.0
اسباب بازی چترباز,17423036.0
مداد مشکی پلیکان,4017472.0
شمه صورت,2364781.0
کاور چرم 6s,915063.0
تلویزیون منحنی ۶۰,182309.0
کتاب زبان گرامر فمیلی فور,3309641.0
کتاب معجزه ذهن برای رسیدن به آرزوها,55352.0
آیینه مخصوص ماشین چشم چپ کد 17,2825664.0
jbl soundbar all in one 2,13224953.0
تی شرت بیگ سایز,525614.0
قاشق چنگال یکبار مصرف سوفیا,483943.0
زمین فرفره های,11340226.0
کتاب سفری طولانی از روز به شب,242880.0
کارت. باب اسفنجی هوشمند,855953.0
3-meter wide kilim carpet,2044653.0
پاک کن دالی,7952832.0
گردن بند زنانه مدل شبتاب ماه استیل رزینی,5228491.0
نور آر جی بی باتوم لایت,16895824.0
کاپرو,363346.0
مام اسپری نیکا,13024773.0
ارژر سورفیس,1710162.0
روتختی کودک زرافه,5235259.0
pomad tarmim konande,3447048.0
کابیتان ببک,11129004.0
تل زیونpc,13204440.0
اسباب بازی اسکویی کی سگ بادکنکی رباتیک,7999154.0
لامپ مهتابی 16 وات ال ای دی,9877650.0
قرص چاقی بدن گلکسی فا,5343905.0
فندک شکل سیگار,13519626.0
شامپو اوره ۱۰,9726998.0
شیر پیسوار 1,3109712.0
قاشق چایی,7125366.0
مجموعه دکوری مینی توپ های جنگی,4119072.0
آینه وسط خودرو نیسان زامیاد,13191343.0
فیلتر چشم پمادی,3454479.0
آهن فردین,8162593.0
گشوراه طلا بچه گانه,704994.0
فیگور فانکو سونیک,13854825.0
درماتیپیک بی رنگ پوست خشک,9895237.0
قیمت ورق ابی ایرانیت,6463431.0
ماسک ذغالی فریدن,11207726.0
پروتئین وی کراتین,7577455.0
شیر تنظیم دما ابگرمکن ایران شرق,7310681.0
پوره کن دستی,8132070.0
یدک کراس فیت,4089442.0
مَوس اَند مَوسپَد سِت,7983566.0
تریپتوفون,3515888.0
چرخه خیاطی اسباب بازی 216تومانی,568650.0
دوچرخه  ۲۰ دندهای,2651073.0
HK19ULTRA2 smartwatch,14098747.0
saat pesaraneh LED,8792479.0
شال مبلی,16752010.0
چراغ شارژی اسنوهاک,5264549.0
تاجر سی دی a۵۱,8983236.0
ژل مو عطرآگین,1845303.0
زه آب گیر در 132,3398398.0
برس خمیر دندان جدا,2951264.0
محافظ ورودی لبپ تاپ,3893423.0
سکنی ۴,191846.0
وسایل برای ماشین پژو 405,7773468.0
ژل نرم کننده پای سگ,10837007.0
قفل حیاطی برقی یوتاب مدل 1093 utab,14094091.0
تی شرت مردانه آستین حلقه ای,781018.0
هارد ssd 500 سامسونگ,4433578.0
باطری بک‌ آپ,124806.0
وسائل ناخن,1848840.0
کاپوت کاندوم 10 عددی هزار و یک خار درشت,3934246.0
کیف پول و کارت بانکی,5264418.0
ظرف میوه هی,8852035.0
طوری فویل براون,285259.0
کلید صندوق عقب ۲۰۶,5241933.0
دسته ترمز موتور مشگی,10597675.0
قطره روشت مو,775333.0
يكبار مصرف كوچك,913831.0
عروسک خوشحال ناراحت,3818328.0
مداد ابرو قهوه ای تیره,6296693.0
کاور کیس ایرپادanc,14275370.0
ژل ابرو جانی اشلی,7442287.0
نگین ایریزر پنسیل,1884917.0
کالرد هت,3943782.0
تبدل فیش,8054249.0
کلاه طرح چه گوارا,2129272.0
گره مو,6574559.0
ابزار برای ماشین مثل امبردست,6693613.0
Land Cruiser car price,9544629.0
زین موتور هوندا 125,14135323.0
Pigmenta Spot Removal Tablet,1117959.0
پی اسفور,915865.0
pack bitroy,7422589.0
ماکرو میکرو بازی فکری,10934228.0
اسکمی ساعت زنانه,2492887.0
برس محو کننده آرایش تاپ لیدی,499827.0
قطره چکان میکروسکوپ,12595243.0
بند بافت ساعت,10842479.0
کاور کیفی شیاومی نوت ۸,2258563.0
قاب گوشی  A32 مد,8688393.0
وسایل دفاع شخصی  در کیف,52824.0
لپ تاپ اپل macbook کهکشانی,2262254.0
کاور گارد قاب مدل دخترانه مناسب برای گوشی موبایل سامسونگ galaxy A54 5g,12283291.0
قاب گوشی m11 آکواریومی,8530198.0
الارم بیداری,104511.0
پوتین  سکای,7015905.0
dastband fani baft,761028.0
ضد آفتاب سولانس,9171060.0
چاقو مخفی مدل گردن بند,5281087.0
کاور هانر x5 پلاس,14343367.0
هدفون بلوتوثی f9,14891147.0
گوشی شیایومی ردمی 9c,3246524.0
کرم ضد آفتاب بدون رنگ بیتروی,15610484.0
عهزکسمطنلیمتن,6585774.0
یکبار مصرف کاسپین,487503.0
همزن هانفر مدل,1603825.0
بازی تخته و چوب,4234289.0
Boys Adidas bedding set,12086278.0
Uv 6w,4386999.0
لوازم هندا رهرو ۱۲۵,7172055.0
شیر مخلوط حیا ت,726125.0
چسب جلوگیری از بارداری,3170650.0
hd650,25948.0
کیف دخترانه س,8133086.0
گردنبند شب خاب,5366234.0
دورفرمانی مشکی ابی,565132.0
کله شارژر سامسونگ j4+,7325227.0
لیوان اسموتی دو جداره,4852451.0
16 i max,3446756.0
ultrasound,6139145.0
جوراب مردانه ال سي,8159256.0
سینی استیل مدل,968220.0
flat dokme power goshi xiaomi,3384926.0
گوشی وان پلاس ۱۲,7624816.0
قاب گوشی a51 شیشه ای,6587059.0
گردنبند خاطرات خون اشام اصیل ها,12260841.0
گلس موتو جی ۵۴,14010607.0
شکرریز,2643710.0
ظبط تصویری مدیا,1120095.0
دمپایی لاانگشتی زنانه نیکتا,11640834.0
درست کردن ماشین بالگو,156097.0
رسوب گیرکارینو,5228840.0
کامجیا پیل,3551157.0
فیلتر روغن نیسان یونیک,9336161.0
The Gambler Hamidreza Atash Barab,37948.0
گرین تی اند کامومایل,1490799.0
ماشینصورت,7016098.0
تخته طراح,5022247.0
تشک تخت 180 90,2408697.0
شیشه مه شکنه جلو,5140235.0
دستگاه مینی جوشedon,17037730.0
کتاب الکترو مغناطیس,12523693.0
وسایل فوتس,4452531.0
کتاب  A1/2schritte,4119534.0
کاور مک,17039636.0
شورت مردانه ورساچ,8806996.0
قاب موبایل شیایومی 11Tpro,7213087.0
تیشرت بچگانه لاگوست,12126072.0
باطری کمیلیون نیم قلم,384261.0
صفرزن خط زن کیمی مدل 1949,5891015.0
yakhchal daewoo model 3033,5632277.0
تابلو ال ای دی فلکسی,7924960.0
کفپوش ژله ای,506035.0
کاور گوشی شیائومی پوکو gx3,92087.0
دهانشویه کارهیگزیدین,14359691.0
کنجد یک یکلویی,467065.0
دفتر مشق 50 برگ سیمی مدل مادر,6075796.0
بازی ویندوز 11,7134009.0
Honor 70 screen protector,10590984.0
فیتیله شعمع مدا مایع,15920872.0
Kids night light with yarn design,14762075.0
پتوشوپاکیزان,10335660.0
گلس شیائومی11تی پرو,7203816.0
khazen 60 micro cooler gazi,7969300.0
بادی اسپلش  جین میس,5337409.0
عطرجیبی‌زنانه,6206211.0
کوکما هوندا وان تِوِنتی فایو چِین سِت,10571093.0
مارژول ام پی تری پلیر آمپیلی فایر دار,4682127.0
Rx 580 8gb ddr5,524407.0
محافظ صفحه نمایش lg stilus,1850809.0
ضدافتاب سسکین,8488225.0
S9plus,1546996.0
دیسک وصفحه پژو۴۰۵ ولئو,7631405.0
اهم متر کلمپ هارباکس,13150307.0
سارافن ودامن,490549.0
میز و صندلی ۸ نفره,5719130.0
شلگیر راست جلو لیفان ایکس۵۰,305810.0
سرم تقویت مژه و ابرو بیو آکوا,7836235.0
برچسب لپتاپ طرح رعال مادرید,1161275.0
hossein sadeghi,4647335.0
ست ایفای نقش مدل سوفیا,649278.0
دمپایی حمام حوله ای پلنگی,10737352.0
Nail extension liquid,1870101.0
اگزوز پراید,7334223.0
فیگور نارونو,6231066.0
مایع لباس اکتیو کودک,123428.0
لولا حمام,6805009.0
فیگور مدل خرس پو و دوستان,6836305.0
Mg08,3629964.0
میز غذاخوری کودک پلاستیکی,4869443.0
خودآموز ربان,3320896.0
کلاه زنانه ای,9837930.0
گین آپ گیاهی,13804808.0
FIJI,2323984.0
کولینگ واتر cpu,410036.0
ساعت مچی cillex,772755.0
قاب عکس قالیچه,7289974.0
گردنبندباکلاس,10280312.0
ماکت بنز اچ سی ال,8587723.0
ارگانایزر مدل N3,3718358.0
کولر رومیی,5210649.0
Apple iPad 6th Generation 64GB,7290673.0
abzar kadooyi model kiseh,10100862.0
چدق کننده,3539005.0
کاپشن جین مردانه Levis,3933746.0
کاور کلاسوری گوشی شیائومی 12c,12590872.0
کتاب نوستالژی درسی,9793716.0
لوازم موسیقی,4057122.0
ستبند زنانه,5407342.0
ساک Monza,6266760.0
کروات مردانه ابی درسمن,7635706.0
لامپ rohs,11558570.0
دستگاه وافل ساز وپنکیک,13235104.0
آی سی وی,14580646.0
پاشنه ژله ای شماره ۳۷,222399.0
Tab s8plus,7844091.0
بشاب پرنده مدل یوفو,7539519.0
اسپری زنانه212,5762262.0
دوچرخه سایز ،26,9819715.0
کرم ابرسان صورت کایه ای,1082147.0
ادکلون رز,5589187.0
جوراب ورشی,16040039.0
فرمان ریو اتومات,304696.0
موبايل ردمی ۳,518694.0
کولر دوتیکه 12هزار,7445177.0
شیر دوش برقی zyklusmed,364889.0
کتاب ریاضی پنجم کتاب کار,13706781.0
موبایل فون هولدر استند آپ تو الون اینچز,437766.0
مکعب روبیک ۲ در۲,11989850.0
تابلو طرح روز نظامی,5875063.0
صابون پرو دراما,2249102.0
m.2 case,3493675.0
سبد رخت چرک ریبا 1,2999253.0
کاور سیلیکونی گوشی A33,9630536.0
کیف لوازم  نقاشی,3881239.0
کفش ورزشی بسکتبال دخترانه,7432217.0
مُست اِکسپِنسیو ریفریجِرِیتُر اِوِیلِبِل,11314580.0
قاب موبایل شیاعومی a9,10130577.0
saat sa m a romanson zanane,8408333.0
افزایشusb 3,1029723.0
کرم ضد آفتاب rosaclib,8317281.0
بکس شماره 17,7368232.0
درقفس ۱۰۳۳,3471245.0
fome sard baraye sandali mobl,4823722.0
دوخت کیسه فریزر,192276.0
موس appel,6473213.0
Eurovit pharmacy,9505521.0
قاب تبلت t395,12784245.0
مبدل ۱ به ۲ جک ۳‌.۵ میلی متری صدا,1874610.0
پمپ آب ۱ اسب ابارا,10729281.0
Fantasy Nightwear,8630516.0
مانتو شلوار. زنانه,11157453.0
پتوی گلبافت مدل عروسکی,7910536.0
لوازم گازهای صفحه ی آشپزخانه,3419880.0
سرویس چاقو و ساطور ایگوری,4570342.0
هدفون مدل های کپی اپل,12088906.0
اعتماد به نفس در کودکان,41099.0
مروارید یک طرفه,13950082.0
شیشه ی چراغ موتور هوندا,996559.0
vasayel arayesh chromi,14757059.0
لواز آرالوازم ارایشی,859931.0
سرسره سایز بزرگ آهنی,463273.0
پاور بانک سلیمون پاور,6197168.0
سینگ ظرفشویی اسبب بازی,6556190.0
یازی فکری زیر خاکی,13121920.0
پماد   برای ترک لب,82111.0
کارتریج پرینتر hp 416A,12646507.0
عجیبترین محصولات دیجی کالا,4924898.0
اسپری بدن مردانه لجند,7575881.0
محافظ لنز آیفون ۷,1020995.0
پوستر برج ازادی,6012977.0
GALAXY WATCH 6 CLASSIC,12694048.0
ادمک کشتی برای تمرین,6755271.0
شکلات بار ليكور,13951101.0
فوم شست و شو صورت مدلین,3245302.0
Infinix,6424773.0
روکش صندلی پراید ۱۵,6936033.0
dariche gaz neyestan,10529944.0
چراغ تزیینی سنگین,7360152.0
اسمال گلس فیوز,4260861.0
ظروف سفالط,6839209.0
وسیله کار سنگ مصنوعی,10445604.0
کتابخانه معلق,598780.0
دفتر نت عارف,3623050.0
سرم پوست اردینری,5274047.0
ديجي کلاپ,2759976.0
رنگ موی مارال نسکافه ای تیره,786933.0
pich goshti sharzhi 8814,11464521.0
بوق دوچرخه 5,4087377.0
لوازم یاماها 125,8766133.0
کرم ابرسان اکنه,12196553.0
صداگیر کمربند خودرو جک,13070262.0
قابلمه دسی لوکس,12258829.0
khers 100 santi metri sefid,5095462.0
محافظ تلویزیون,401105.0
دوسری نری,70325.0
الگو خیاطی آستین پفی,5420739.0
tarh dainasor,12991404.0
صندلی راحتی چوبی,7115304.0
مداد تبلت لنوا,320285.0
Usb-c ۲ منر,1619768.0
مرکز سال دایره,477164.0
تاریخ سینمای مستند ایران و جهان,2074381.0
رادیو بیسیم میکروتیک qrt 5,4596784.0
چرخ گوشت اسباب بازی,8792046.0
طلای گرمی مدل پروانه,7955083.0
تابلو شاسی مدل Morty,4105452.0
کپسول گل مغربی هلث,8943078.0
گارد k20,3876416.0
سایه ی آرایشی چسم,9033542.0
چای ای دارچین,3246519.0
روکش زین ok,12821919.0
شامپو مایندوکسیا,1477253.0
قلاب پلاستیکی مخصوص گلدان,5011442.0
بهترین قصه‌گو,4990008.0
محافظ دسته پلی استیشن 4 مدل گاد,12866569.0
",یخچال فریزر اسنوا",6884317.0
عطر اسمارت مدل ۲۴۰,5409641.0
پمپ باد بیسوز,4061084.0
موزن زنونه,7920651.0
جاکفشی پیچک,10146144.0
تذکره العلیا عطار,2759870.0
لوگو بامن,3778331.0
کوچک ترین آیفون ۱۳  دنیا,6768238.0
هندزفرR50i,16023674.0
شلوار بگ پنبه ای,12774902.0
کم زیاد دما,7178451.0
تونر لافارر,4056938.0
زیردستی ناخنکار,10761877.0
چشمی ال ای دی,10396351.0
kif bazooy mobile,491719.0
liquid kashte nakhon,3117918.0
اسباب بازی پراید تاکسی,11695665.0
کاور شیائومی لایت 12,9740033.0
کفپوش سه بعدی spcar,1022396.0
کاور گوشی a05s فانتزی,14262609.0
کیف کلاسوری redmi not 8,7994727.0
Xiaomi,12664128.0
ارموستات اب گرم کن دیواری,1753907.0
موس  لیزر v2,263737.0
چراغ هفتاد رنگ موتور هوندا,5091908.0
سیفی مگنتیک ترایَنگِل رولر,7798997.0
آموزش جوشکاری,2406262.0
بادام زمنیی,880521.0
تخت یکنفره,8884664.0
کاور ساعت اپل واچ 41,9569556.0
چراغ خودذو,5683107.0
Savanah,1378151.0
kusan model sayare ye zohal,10538870.0
ملفحه تک نفری,349676.0
Sg 108,1692778.0
اسکلاره ۳۰ میل,6208772.0
واترپمپ سمند Lx,7506039.0
باند اضطراری,1498932.0
دستگاه هواده ماهی,771961.0
CD bazi fifa 23,9561839.0
ساعت عقربیی بچه,695191.0
رنگ مو n2,3037894.0
تسترداتیس,10958076.0
قالب خانه هابیت,49762.0
قندان عروسکی,8326311.0
محافظ کابل شارژ طرح سنجاب,7036283.0
زدخش سامسونگ a02,7565868.0
گارد شیامی نوت11,10903141.0
Laptop sticker Nezuko model,6906343.0
کاور ژله گوشی a03s,6732562.0
باکس اسباب با ی,16234113.0
بذر بادرنجبوی,7574820.0
انگشتر دونه خیاطی,1099886.0
ماگ طرح عطاری,4855941.0
کاور شفاف آکواریمو,4734311.0
قیمت شیر پگاه پاکتی,1029949.0
کلیپس ریمو,999262.0
صندلی فلزی مدل قدیمی,4783176.0
"H',dh",4242098.0
پهباد سم پاشی 20لیتری,2768571.0
کاور گوشی الجی,26246.0
فَت فَست وِیت گِین,3576216.0
ست ورزشی  النصر,13045848.0
کیف ء,4063077.0
sl 400,14037794.0
پوسته ستون های داخلی پراید,3896057.0
پالت سایه همه رنگـ,9359293.0
کتاب از ساسانیان تا پهلوی,332914.0
باک تحریر,4891946.0
A33 سامسونگ,9662086.0
چاک لاین,3378428.0
کنسول وسطصبا,2586938.0
ظرف چند خانه یکبار مصرف دردار,10272500.0
4 ست اسباب بازی یخچال,3254639.0
حوله تن پوش ابراهیمی,14024753.0
لیفان سیکس تونتی ریر کرنک‌شفت اویل سیل,4201913.0
پرچم برای صندلی عقب,2428808.0
بذر گوجه رد استون,7691.0
Black round screen smartwatch,7540371.0
Table brazier,2177156.0
موبایل فون ادپتر کانورتر,6993065.0
نورپردازی,374119.0
فیلترها تصفیه آب,8129752.0
میکرو سوئیچ فرگاز تکنو,2097496.0
Redmi not 9 a,2926894.0
قطعات بنزین,1921996.0
تابلو سه تکه سالی,1060996.0
گوشی خپ,3329216.0
قرص صد ریزش مو,5189014.0
شارژی هندلی,7337056.0
چاقو پنجه,1002768.0
بارانی السانا مدل رامیلا,6299689.0
دستگاه پلی استیشن۲,2465131.0
بافت مو و فر,84463.0
گلس گوشی j5 سامسونگ,8586965.0
کتاپ رامپ,4005690.0
ساعت هوشمند کپسولی,8792625.0
کتاب سر سختی قدرت اشتیاق پشت کار,1432835.0
شابلون دیوار,14659658.0
چشم بند خواب قاصدک,3686859.0
کرم بینکی,7657613.0
کاور ریموت و سوییچ j7,14346184.0
هنسفری بیسیم لمسی,3904229.0
افسوس زن فون,56743.0
ساعت وقجیتال دیوارس,4629071.0
گلس mi9 porp,1591871.0
خانه باب لسفنجی,10520790.0
Nike Brim Hat,8777045.0
گوشواره ی ضد ساسیت,4280661.0
گارد گوشی ردمی نوت 12اس,12428216.0
سرویس قاشق چنگال هیبرون,198120.0
برچسپ پشت سینک,14295812.0
Link chain,410800.0
جوراب ساق بلند ضخیم طوسی زنانه,13121363.0
odkolon leyton original,7338066.0
بلند گو دستئ,837213.0
گروه صنعتی کتری استیل قیطاسی,936338.0
برد باند کوچیک,3713750.0
لیوان انتقام جویان توکیو,12123252.0
آبنبات جرغه ای,6801165.0
پیراهن زنانه سایز 54,12185047.0
تزیینی اکواریترارثوم,6558638.0
لامپ سقف خودرو مدل فشنگی,10815830.0
پایه نگهدارنده ال طبقه دیواری,3307928.0
Women's formal rhinestone sandals with heel,11410106.0
تنبه آب,13842343.0
پایه صنجاقی,2199154.0
کیسه گرمازا,7524780.0
ادکلن گلباران,1467660.0
شامپو رنگ مو سوبرا,4261189.0
عینک  vr,3238403.0
ربع گرد گازی ۱.۲,3381620.0
ezafi hejab,1104172.0
دایموند سیلینگ فَن,379758.0
ست برس آرایشی طرح پاستیلی,14095647.0
لوسیون بدن نارگیلی,5127858.0
وقتالیر,12230709.0
Pintere of the night,3389938.0
شارژ. دوچرخه برقي گريزلي,358809.0
گردنبند مردانهکد ۲۰,9398706.0
ساک,1945353.0
بِرث‌دِی تیم,10463434.0
banke haye vape,9071525.0
gheymate kharide gooshi nothing phone 2,12588138.0
گارد سیلیکونی پاک کنی a35,16559392.0
فلاش مموری ضد  ضربه,7715987.0
violet ساعت,162492.0
شلوار جین مردانه رنک سفید,8277238.0
چمدون قهرمانی,13134598.0
ساعت هوشمند مدلWs Ultra,14014663.0
کاور دوچرخه شفاف,12673270.0
قرص کارتس تری,9838220.0
ایرپاد کامفورت,6605848.0
نانو لایف,811751.0
کیت رباتیک روبویونیک,8355873.0
قاب گوشی هوآوی nova 7i مدل مادر دختر,14749791.0
تیشرت ترسناک,2029719.0
ضد آفتاب آورین,4423391.0
پوسته داشبورد پارس,9805389.0
سندلی آرجیبی,9516833.0
کاور گوشی لویی ویتون برای پوکو x3,6559677.0
راسان شیرآلات,4417039.0
نیو پوکو اِم تری فون کِیس,5488302.0
کابل ۱ زوج,7586528.0
تخت دخترانه نوجوان کشودار۲۰۰در۱۲۰,11090329.0
کتاب ریاضی اسمارتیز,13140719.0
تقویم رومیزی مدل ماشین,8337966.0
کفش و لباس بچگانه مجلسی مدل جدید,14757100.0
ناخن دخترانه  مدل  جدید,4982964.0
کاور برای ایرپاد بی سیم  کیو وای سی,11648685.0
کاور فضانورد ۱۳پرومکس,10434136.0
رنگ مو دورلایت دودی شماره 9,2508215.0
باند میدرنج پراید,7816428.0
روکش پانسمان,4935807.0
Elnod handle,6653298.0
دمپایی داسناسور,7503155.0
رینگ سایز مِژرمِنت تول,5019972.0
جاسوییچی بسکتبال,9618503.0
کاور مدل پاپت طرح گربه آکواریومی a54,11606815.0
فلش مموری ویکومن مدل vc 300,2261333.0
Oriflame Eye Pencil,909949.0
اتیکت فروشگاهیب,3815764.0
ستآدیداس,3740920.0
xiaomi mi 11 lite,8598558.0
Ariana Grande perfume,3804921.0
فرچه مبل شو,6033622.0
زنجیر با اسم مهشید,12057521.0
قیمت گوشی M22,6851681.0
کاور ریموت و سوئیچ خودرو وارون شاهین,14500350.0
آلترا واچ کیس,11294304.0
کت و شلوار السانا مدل گلسان,12921564.0
کفه اتصال دوربین روی سه پایه,9545062.0
لوبیا فامیلا,482498.0
برچسب ژله درب ماشین,16130108.0
dastgire divar baraye service behdashti,10211121.0
موتور cdi,14243874.0
تگزوز دوچرخه,2351861.0
رل رنگی کارتخوان,12088191.0
بازوئی,11910180.0
چراغ دیواری فضای ازاد,10617230.0
جای شارژر  پلستشن,3140001.0
sabad goje gerd,4782055.0
لامپ دو کنتاکی فلش زن پراید برای ترمز عقب,781413.0
pudre sharbat sabzfam,6748998.0
شارژر کنسول بازی قابل حمل,11362304.0
damper bolandgoo 718,9621656.0
شاسی کروبی,109835.0
جغجغه نوزادی,4999495.0
عروسک ال او ال. باربی,10392705.0
عمو ترشک لواشک,11433978.0
Dallas Bamboo Brush,4684626.0
پرده فوم کاغذی,964898.0
مجسمه اهواز,12249900.0
پوستر   هری پاتر,4683221.0
دیپ سنس خشگ,4495382.0
کابل اتصال و انبر جوش,6080148.0
دوو یخچال ۳۲,5632277.0
وایر شمع تقویتی بوجیکورد,9384931.0
zhel mooye sar bon,5143645.0
کابش تاکشاخ,12076737.0
دسته فندک ساینا,6424828.0
کاور گوشی شیائومی note 11s عروسکی,9083865.0
عکس و پوستر,13763431.0
Espana,4681587.0
kafshpoosh rooli,4968049.0
کفش جردن فور؟,6360785.0
ماگ طرح اساسین کرید کد,11336522.0
گلس گوشی گلکسی نوت5,99116.0
پرزگیر‌ رولی لباس,1942334.0
مانتوزنانه ایزی دو,14413764.0
کولر گازی انرژی ۲۴ هزار,11196611.0
کتری تکتو  تی ۹۱۵,1066894.0
ليوان ماگ,3346510.0
cheragh jelo motor siklet 5 rahnama,3299334.0
گاز انبر توسن 250,6872675.0
لپ تاپ اپل مدل mly33,9220839.0
یک نفر مانده از این قوم،که,12324455.0
osmo dji pocket,2351153.0
قاب مگ سیف ایفون ۱۳پرو,6882054.0
رادیاتور  mvm110s,305573.0
ماسک مو هی لیدی,5082578.0
لباس بسکتبال پسرانه,8522727.0
مته قلاویز 2,9976901.0
تابلو لباس فروشی,4173214.0
استندنگه دارینده کتاب جلو کامپیوت,408153.0
redmi note 13proo,14525482.0
چاقو مدل الماس,4997418.0
چها پایه پلاستیکی,923971.0
کاپ دار قزن دار,8618394.0
چاقو یور,5389706.0
مجسمه  انیمه برای بچه‌ها,8658665.0
چشمک زن دزد گیر خودرو,4863462.0
استیکر شب تاب کهکشان,6875862.0
فازمتر تست ماشین,3929091.0
لاک کالیستا n49,576100.0
کفگیر وملاقه چبی,11947253.0
تابلو شاسی Minecraft,12122174.0
BI,8769143.0
پازل 500 تکه ایرانی,1581754.0
پلاستیک پشت هدلایت,2313052.0
لوازم ارایشی ساویز,1989272.0
شامپو برند مونینگا,4645582.0
lastik docharkhe 12,12710813.0
بادی اسپلش splndor,6880140.0
جوراب کفی زرد,1620325.0
VGR Hair Clipper Trimmer,4408025.0
Engine subframe,6069316.0
پمپ مایع دستشویی رومیزی,5064582.0
مر‌وا‌ر‌ید‌شگ‌دار,760425.0
شلوار جین مردانه sala,2250588.0
اپل ایفون ۱۲,3555626.0
یک دست کامل لباس تکواندو,3040455.0
حمل کننده تنبک,7597200.0
گیره آویز لوستر سر,10544675.0
Analog Wristwatch Jujutsu Kaisen Model,12836062.0
Hk 14واچ,12965991.0
ام وی ام برف پاک کن عقب ۳۱۵,4405075.0
لنت پارس ابی ۲۰۶,161971.0
Purple golden eyeglasses chain,10336591.0
قاب گوشی s23 الترا,11077209.0
مگنت درب دزدگیر,1904571.0
Xiaomi Q2 TV,22978.0
کادو چلنتاین,2081882.0
صابون بیکنی,11944672.0
ظروف نگهدارنده مستفرتی,2779773.0
ماسک بعد از بخور,4319256.0
دفتر آموزشی حیوانات,272857.0
zereh dor mashin,811459.0
پرفیوم تیستو,12458926.0
گیره بورد الکترونیک ذره بین دار,14338296.0
بازی  دستکش,6554716.0
میکاپ بچه گانه,7709371.0
نخ خیاطی ۰۱۴ بسته ۲۴ عددی,10669131.0
تبدیل طرح  دار,653921.0
شلوار کیکی رای کیکی,7734681.0
رایزر آبیاری,3212987.0
ماشین روغن گیر گردو,9264756.0
کاپشن اصل چرم پیشرو,518389.0
ابمیگری واسیاب پارس خزر,5205987.0
غلبیرک فرمان,2171811.0
barash,7379000.0
کیف کمری گمردان,1850862.0
Diamondپاکت جاروبرقی,4571366.0
الکل برای داخل عطر,6427337.0
کیو‌سی‌وای اسمارت‌واچ گلس اسکرین پروتکتور مادل جی‌اس,8669736.0
وبتامين D3,3536523.0
کف پوش رانا,9781333.0
ایر فیلتر اویل فیلتر,379200.0
گلس مات نوت ۱۱ پرو,8895120.0
اکشن فیگور انیمه ی وانپیس مدل سانجی,7559080.0
هندزفری کیوت شکل دار,12958743.0
Renault Tondar 90 fan motor,546124.0
کوله پشتی اسنوهاک ۳۵,5633731.0
کاورx6b,17647594.0
دئودرانتoutlast,7417615.0
جا مدادی رو‌ میزی چویا,9647229.0
تفنگ بادی سایز ۵:۵,5119105.0
کیف رودوشی زنانه,11124038.0
سيم كشي سمندef7,12719812.0
پنکیک مکسی بل شماره سه,1616883.0
السی واکیکی,412370.0
موکاپات 2 کاپ,9216197.0
شانه وای لیفت مژه,4268583.0
نینجا خردکن,8930636.0
هوا پیما خسگردار,4057964.0
مسواک باتری,74325.0
کت پاو کاتر,12300886.0
range moo prista,2758594.0
رنگ ۶ مارال دودی,769897.0
کرم ترمیم کنندهو ژل,674036.0
جارو برقی ذرما,4585575.0
برچسب داخل اتاق پراید,7258579.0
قیمت جوراب سیلیکونی ۵ سانت,17097822.0
سی دی با دوبله,48078.0
دکور شیشه ای کشتی ماشین,10589713.0
دردگیر اسپای,2986975.0
آبگرمکن ۳۱۱۵ بوتان,11891409.0
پایه نگه داری دوچرخه,3016831.0
آب پز تخم مرغی,27958.0
چای رابسین,15967853.0
کفش شادی روزمره مردانه,11492437.0
کتتب وابیسابی,6154657.0
پاور بانک باشئ,14523987.0
دراگن رانی,13832741.0
television samsung 43 inch,1922447.0
لامپ اف اچ,12795710.0
ماشین مینیمینی,5395458.0
ورساچه,7475432.0
Camera Glass for A71,11948548.0
تبلت آیپد 10.2 اپل نسخه ۲۰۲۱,8191595.0
پودر جلا,3872759.0
هلیکوئل,2832628.0
کتونی ورزشی زنانه جردن,8012146.0
ساعت هوشمند mzfit,4495195.0
NYX setting spray,4704253.0
کراوات ساده مشکی,8902718.0
ماشین خونی,11809430.0
قاب آیفون  pro 1,4294804.0
عینک دونیک,11348511.0
کِی تِرتی تِری,1859403.0
باتری های چراغ شارژی,534402.0
جوراب شلواری مدل زخیم,8552999.0
تونر 80x,8567079.0
دسته راهنماپژو کروز,7814413.0
کاغذ ۳۰۰,162509.0
عطر black spring,7372199.0
شامپو سگ رد اسپرینگ فندوق,9799940.0
Smart Dior Home Smart,2536578.0
لواش برد ویتات بیکینگ سودا,7427113.0
بست دیواری لوله گاز,3929912.0
اتو بخار دومنا,5261987.0
khazen electrolit 200 volt 2200 microfarad,2404828.0
مداد مدل منچستر سیتی,1140535.0
کوله پار چه ای,14112182.0
S9 سامسونگ,12910731.0
پیچ آلن مدل سر خزینه,2911194.0
مای هیرو آکادمیا انیمه پیکسل دیزاین,14295074.0
avan toaster queen,9665329.0
Flower Two-Phase Spray,9272294.0
دکمه ولم وپاور a52s,7724759.0
برس مو دکتر راشل,7812634.0
اینه بغل 206طرح 207,4614297.0
لباس خواب فانت,7813657.0
کش یک سانای,8186973.0
سر کلیدی لوگو ماشین,1029673.0
لامپ ولت,5522124.0
قاب گوشی پnote13pro,14644123.0
روکش یکبار مصرف تخت مارک شبنم,5066622.0
اسباب بازی پولیشی زرافه,12453471.0
Zharifran Pot,4197917.0
تی شستشوی مهسان,59446.0
گلیتر بنفش,10729478.0
حلقهی تک,11104578.0
انتی راست براش,11249452.0
تراش لوازم آرایش,4622727.0
کنسول وشط ساینا,8223587.0
دوربین ثبت بقایای,14566948.0
اسلاب بازی مگنت,1789517.0
انواع کت دخترانه,1333664.0
ایسیو me17,8096411.0
پاک سازی پرودرما,981922.0
ferche jahan beres,13716432.0
خورد كن ميگل,2731192.0
gol rooth,14980996.0
شماره 16 گلدن رز,513849.0
ال ای دی چراغ غوه,6941354.0
پایه نگهدارنده گوشی موبایل کلومن مدل K-HD023,11630140.0
دینر کم و زیاد,11273164.0
پاکت یکبارمصرف کرافت,5507303.0
کیس بوش,365831.0
سشوار  sauna,962411.0
نیمست زرشکی دخترونه,9800468.0
ساعت هوشمند مودیو مدل 4G Ultra Max,13828983.0
Bow legs pad,12062791.0
ست دورس شلوار دخترانه,10322404.0
خار لنت جلو ویتارا,9599582.0
توالت بستر گربه,860740.0
Redmi 5 ساعت هوشمند,16835001.0
عطر کاپتان بلک فرگرنس,8337405.0
سنسور اکسیژن مخصوص پراید یورو۴,2535703.0
گلس ks2,14488282.0
پهبپاد کنترلی,13593631.0
فرفره ی گیلتی لویی,9513525.0
شلگیر موتور,15837828.0
تیشرت شلوار پسرانه سایز۶۰,4649136.0
ژل شستشوی صورت آدرا,10651437.0
گیره اویزی,8511358.0
برچسب دکمه های کروز پژو۲۰۷,8133604.0
ساعتx20,3780542.0
لگوی دوست,253393.0
چراغ مسافرتی چهار شاخه,4887454.0
Toy gun model C.1,6790296.0
مینی موتور جوش رونیکس,1080986.0
کاور محافظ لنز 10,7806669.0
لپ تاپ ایسوس  Asus X515ea/R565ea,7499349.0
دستگاه یو وی,3882579.0
موبایل شیائومی ۱۳اولترا,13323051.0
کاور گوشی  10tekno spark,14410679.0
ادکلن فراری رد پاور مردانه,2898190.0
قیمت آی پد,17038129.0
لیفت بینی نامری,7278168.0
koole poshti model K_101,3643724.0
گوشی سامسونگ مدلa10s,8982851.0
گوشی سامسونگ galaxy s24 .,14466154.0
کرم مرطوب کننده و بازسازی کننده emoni,14346588.0
فلاش تانک ایمن,9132888.0
چاقوی سرآشپز ۲۰,12401564.0
pich fanar aghab honda 125,4415511.0
کفش هوکا ضد,13099858.0
شیرآلات 9 تکه,589134.0
محافظ ساعت الترت 9,10386289.0
گارد a11 سامسونگ سیلیکونی,8359706.0
مینی فرزسونی,500264.0
اسلیپ آن شوز,7287514.0
فلش مموری۲ گیگابایت,7275212.0
انگشتر نقره با عیار بالا,4996641.0
تونر پوست خشک,8502630.0
لوسیون بچه 100,4349344.0
برنج ده کیلویی هالی,1652570.0
آموتیا پنکک,9291384.0
شورت زنانه انگلیسی,1998521.0
فلش چراغی,2617328.0
party box koochak,13792904.0
Arsent,9647975.0
صفحه کلاج پژو ۴۰۵ والو سبز,7826220.0
جی پلاس 65,14512098.0
قلم لمسی Stylus مدل Touchscreenمناسب برای موبایل و تبلت,381500.0
لکه بررافونه,2970399.0
واشرقالپاق پراید,15029694.0
مایتابه سه پارچه,9334589.0
قاب طرح دار دسته ی پی اس 5,6356674.0
گزدمبند زنانه,1435005.0
khamir dandoon captain,1460055.0
آ۰۴اس موبایل,9879936.0
انواع برندگوشیهای جدید,14214794.0
ادکلن لیتون اورجینال,7556398.0
سر دستگاه واکس پولیش,1085000.0
ghaleb macaroon shirini,5102938.0
لکه بر لباس نوزاد chiko,4354296.0
پولیش داشبورد کاسپین,5862804.0
Battery 2838,14257875.0
جلیقه زنانه نید,8134825.0
قرآن بوی عطر,10836611.0
مخزن آبپاش 206,7340462.0
بندساعت  هوشمند hk9 ultra2,14334481.0
Slide tube,464362.0
کتاب کنت کنان کنترپوان,2744459.0
آرامپزبرقی مدل تکنو,5054403.0
قاو  گوشی a13 4G,16709388.0
مام فیتمزدانه,12587156.0
کله شارژر ۶۷واتی,14214794.0
مجسمه جمجمه زیبا,6431053.0
کابرات ۲۰۰۰,3987504.0
گلس پوکو  ایکس تری,4909879.0
Poco X6 Cover/Case,15340740.0
پرتابل فیلتر دستگاه قهوه ساز,9036871.0
Tara Card Shop,14522041.0
motor arreh mizi,6152802.0
گلس سری ۸,9475069.0
تاچ ال سیدی a70,9520539.0
جلوپنجره پپراید زیتونی,3288310.0
گ گردنبندهای پسرانه و انگشتر عقربی,9593967.0
کیبورد بلادیw60,2767668.0
معصومه,1689085.0
اسباب‌بازی لوپ لوپ,11655097.0
Jazz,2394321.0
ریاضی موج آزمون گ,909042.0
دستگیره ی شیشه ی,5635159.0
درپوش قوطی برق,11255216.0
عصای کوهنوردی اینو هاک,8329320.0
ربات  گربه عرزانه عرزان,9741936.0
مونوپددوربین ورزشی,2032185.0
السیدی گوشی ردمی 12,6926013.0
r410aکولر گرین,2744686.0
هدست ردمی پرو۳,8934922.0
ترازو میوه فروشی.,13276121.0
4k Led ۴۲اینچ,10403857.0
بازی  کودتا,15325496.0
ساعت بزرگ قدیمی,472358.0
Hello Kitty and Kuromi necklace,14207701.0
گلدان پلاستیکی سایز بزگ,869662.0
استایپلایزر,1991068.0
سینگ ظرف شویی کوچک,8256500.0
کاور قاب فانتزی گوشی برای گوشی شیامی نوت ۱۰,6335260.0
انواع برچسب برای خودرو,2869971.0
براکت ۱۲۰ سانتی نویگیت,11194782.0
رمان برای ۹ تا۱۲سال خوب,7547365.0
رنگ روغنی ابی,11338881.0
میسلارواترگارنیه پوست خشک,7139353.0
الپاد فانتزی,12419954.0
ریسه  بهاری برگ,10610120.0
روکش صندلی مخمل پراید صبا,3015594.0
چوب لباسی نایک,917220.0
Macdodo otg,4802206.0
کاور گوشی S24plus,14262166.0
کرم اکسیدان 6 درصد 750,6775093.0
کتابخانه کوچک ضداسترس,9785505.0
Pleating tool,1160809.0
روکشروکش صندلی برلیانس,2351888.0
چرخ خیاطی دستی سرکییه دوز,3861346.0
پیاله پارس اپال 440,12069630.0
شامپوی ضد ریزش درمالیفت,8093511.0
گوشی‌نشکن,7835167.0
قوطي پماد,796611.0
لامپ سقف سقفی پذیرایی,8938625.0
ویالون اصا,7506143.0
usb-c پورت,6884446.0
ماشین اهنی کوچولو,5700270.0
کاور صندلی مدل,15347992.0
قاب گوشی مدل A30S,11228484.0
فلوس فلاور,7529183.0
سنجاق لباس,6750721.0
kenaf amade,8239214.0
شیومی not10,9886572.0
بند ساعت t55+,2682398.0
gooshi 30cs,3063351.0
لباس دایی ناسور,14386438.0
کلید بالا و پایین وآینه سمندمدل 90,14333262.0
گارد گوشیآکواریوم,10878356.0
Small Wooden Sauce Dish,5433612.0
پودر كيك اماده,757630.0
تشک ری کو,7805647.0
foroosh bazi pes2021 computer,5280625.0
yadak perezgiz,1974618.0
اره دستگاه خط زن هیرو,11349568.0
فیلتر جاروبذقی,3496519.0
برد الکترونیکی یخچال فریزر استیلون,12684920.0
لامپ  usb,5128268.0
شارژر honorband 5,2597015.0
لوازم تاتو,5665364.0
قاب گوشی وینکو,8498898.0
کلر امده برا پیکان,699324.0
odkolon BVlgari,1553498.0
Xiaomi Redmi 8 phone case,7426186.0
سلطه بادی,4729870.0
38 watt,14435236.0
شانه چوبیدندانه درشت,2701457.0
کیف دوشی فانتزی  کوچک,7616089.0
مازیار,8871466.0
kif kamari zanane sade,10115746.0
pood baking,1738079.0
خودکار دو دهم,50675.0
پنیر خامه ای بزرگ,1017501.0
مسواک,13300445.0
gharghare,13321487.0
ابنبات خارجی دیجی کالا,10571974.0
ریشه جوز,3181933.0
اسباب بازی برای بچه یکساله,1006905.0
کاور m13,11150542.0
روغن زیتون ناب بی بو,808546.0
اسفند دود کن نقره ای,2838762.0
عطر شکلاتی,7018165.0
دوربین گوشی پوکو m6,14565825.0
وج قابل تنظیم,9293603.0
Ginseng instant coffee,4087034.0
گلدان گل طبیعیسانسوریا,4020554.0
برنامه هفتگی,9260890.0
ماگ اسم مهسا,14821528.0
تابلو elon musk,9321700.0
اسباب  ماشین پلیسی,17223962.0
ud di saz,9914387.0
دوچرخه  ویوا سایز ۲۴,2854554.0
بسته لوازم التحریر   ال او ال,9139656.0
کتاب2 focus  on vocabulary,5209372.0
کهنه شور۳/۵ کیلو,101056.0
ماشین ریش تراش فیلیپس,12891981.0
جا کلیدی طرح شدو,6893620.0
انگشت کشی,9071288.0
بخار شوی و جارو برقی زینکو,7695557.0
چسب تیپ ناهن,549702.0
تابلو طرح اسم سینا,1689189.0
میکروفن گرمر,11071862.0
ژل الوورا اردن,2170719.0
لوله شیشه شور پژو ۲۰۷,7128270.0
هفت سین سرامیکی,10690988.0
گوشی AD22,4593072.0
alberta,4395571.0
گردنبند مردانه زومرود,14264177.0
Honor Band 5 Smart Watch,8517823.0
30 watt stereo amplifier,2662413.0
لباس رونالدوبازیرپوش,12202771.0
لاستیک ماشین کویر ۲۲۵,7180922.0
اداپتور 24 ولت ۰.۸ امپر نیو ترانس,10238864.0
لبتاپ لتووش,13278622.0
ناخن مصنوعی مربعی بیرنگ,892501.0
شکلات کادویی رومینی شیرین عسل,6210801.0
سردیس چوب آشپزخوته,15578494.0
F7 timing belt,4374531.0
کوله پشتی با نوشته پلیس,7843220.0
قاپ شیایومی نوت ۸,5803476.0
هگزار پیتو,10815671.0
لوازم تولدت اسپایدر من,10641993.0
گِرلز رِد های هیل لوفِرز,5109328.0
لباس آستین بلند زیری پیراهن فوتبال,1584733.0
پت شاپ قلاده خرگوش,5306585.0
ستاره بازاریابی شبکه ای شوید سارا رابینز,5060451.0
پنکه usb,144966.0
Midrange Phone Cover,569376.0
کتاب زبان المانی plus neu schritte,13258196.0
ریالیستیک بیبی دال,1810798.0
روغن گیربکس بهران,10350155.0
پک سیمکشی سیستم,6010088.0
زه درب اريسان,8400781.0
ghalb gooshi,9177103.0
کتاب زبانoxford,42991.0
پنکه دستی عروسکی کیوت,6181661.0
دستمال روغن سرخ کردنی بهار الماس,5261472.0
لپ تاب عمو,6742314.0
سرویس دخت انه,12235824.0
دسته موتور هندا,7917791.0
منبع تغذیه الکترونیکی,3500477.0
tasme taym pride sherkati,263790.0
رول پلاک 3سانتی,4966806.0
بارسکن,9789567.0
چسب قوی مژه,983602.0
Wind speed meter,3237213.0
اسپره‌ تاخیری,602359.0
ا دو,186039.0
litening,42785.0
ست ریکابی و شلوارک بدن سازی,12455954.0
شومسنه,8519455.0
reno07,12071121.0
کابل شارژ تایپ سی به لایتنینگ,6517193.0
ویولن بچگانه,4261129.0
ابپاش ال 90,1484542.0
ایرپاد سامسونگ بادز,16072099.0
بادکنک شفاف بزرگ,12553170.0
Carap Top,9306396.0
فیگورد   جی تی ای وی,4105740.0
تکنو سان مگ,4466558.0
ساعت رز گلد مردانه,12189253.0
دفتر نقاشی دخترونهاناوالسا,6145047.0
شیر دستشویی,10960911.0
هِر کاندیشِنینگ سِروم ویت میلک اَند هانی,6436457.0
اسپیکر سلیکون پاور,6425156.0
ارماس شیشه بر,668821.0
تخت خواب یه نفره نیم,8293985.0
شورت کولسی سفید,3465817.0
شمع دکوراتیو,2700176.0
قاب گوشی ردمی نوت ۱۱,10722131.0
کبینت تیشو بسکت,4153002.0
تک دست دخترا نه,10347632.0
جاسوییچی ماشین سایپا,1882194.0
دستبند پانچدار,9632635.0
پایه میز  ۷۰ سانت,3359298.0
Gp power,3830917.0
ال ای دی مانیتوذ,4396103.0
تزئنینات داخلی خودرو شاهین,8297769.0
کفش کوهنوردی مردانه سالمون,367085.0
دستگاه پرس قرص سازی,6976256.0
کابل شارژر سامسونگ A23 فابریک,12722869.0
خجالت ضرر نداره,1688380.0
خو کار فانتزی,3876412.0
دشک برقی بیمار,361048.0
اویز ساعت طلا زنانه مدوپد,13699053.0
i12 Bluetooth headphone,3893790.0
شوینده روغنی سروای,11474073.0
قاپ هندزفری بلوتوزی,9393108.0
کفپوش لامینت,12383241.0
جا اسکاج دیواری,314384.0
استیکر کارت ‌بنتن,3565413.0
تردمیل هلث استریم,578192.0
شانه چوبیدرشت,10757160.0
استپ عقب پراید111,1660828.0
تیشرت دخترانه ۱۱ساله,11474078.0
غذاخشک سگ گیلز,14009423.0
daste bazi s6 tesco,4520505.0
کاور بادیگار مناسب تبلت سامسونگ مدل Galaxy Tab a7,5396467.0
کاندوم کاپوت اولترا thin,3710387.0
مِزدان دیلِید ریلیس کپسول,5062142.0
G-Plus Q20S phone,9503596.0
لامپ پایه دار حیاطی,9296213.0
لباس بدتمن,6800916.0
شامپو سرامیگ خودرو,12197331.0
گارد هواوی وای 7 2019 شفاف,3457766.0
قابلمه سرامیکی  زنبوری,12813282.0
جا کلیدی اسم بنیامین,9455757.0
استخربزرگ,5150034.0
پاکن خوش بو خوش بو,10058099.0
کیو ال ای دی ۷۵ اینچ,15104501.0
ماشین لباسشویی خشکن دار,10253259.0
می شکن پژو 405,4204115.0
کتانی آسیکس ژاپنی,11491004.0
اگزوز موتور 125Cg,11911364.0
فلاپ ایینه بغل چپ رانا,5297304.0
بی سی ای ای پی اچ,7477029.0
دستگاه بخار .,4905582.0
کیف تبلت سامسونگ galaxy tab a 10,8729265.0
ادکلن چستی تی,532966.0
jbl bar 1000 pro,9878083.0
میز تحریر دختر گربه ای,4506119.0
chasbe uv mohafeze safhe namayesh,3055781.0
بالم  بیول,8909113.0
باکس ۲۵×۳۰,5438621.0
براق کننده سفال,964677.0
استند رو میزی پوشه,6012268.0
shishe darb dar,4931636.0
پلاک طلا محدثه,1039612.0
lenovo low,9555021.0
هندزفری بلوتوث گلکسی ایربادز پرو,12914704.0
شامپو حجم دهنده نیوا,75270.0
عکس کاغذی بازیکنان فوتبال,4792905.0
شانه آریشگاهی,749119.0
ه‍واوی y8s,3453135.0
مسواک drwest,9614086.0
رمان جودی شماره 4,4184340.0
قرص بیکمپلس,12565176.0
خشگیر گوشی mi11,5072040.0
عطر زعفرانی,9550584.0
35-piece Zarrin dinnerware set,191291.0
لوازم جانبی pes5  فن,14348920.0
راهنما متور اسپورت,14245999.0
بلاد گلوکوز تست استریپز,9788096.0
گوشی ضد صدا نوزاد,12930590.0
عطر ۲۰۹,3326464.0
ماشین اصلاح فیلیپش,12407843.0
روغن ولوور,4060266.0
ست تولد ماه,1122123.0
آداپور ایرپاد,8469468.0
بازی 9,752467.0
باربیکیو چرخ دار,4448013.0
پرچسب ایرپاد و هدفون,9719761.0
مکعب پارچه,12015718.0
قرص کارن کافیین,3554505.0
کاور not 13 redme,14116165.0
پوشک کان فیکس,1457325.0
Oreal,12598258.0
کرم سوختگی لیزر,3578425.0
پنیه ارایش,12351230.0
بوغ کوچک دوچرخه,7674446.0
شرینگ حرارتی زخیم,6823327.0
ghomghomeye bacheganeh,6970871.0
تشک صندوق,7393227.0
تزئینی ۲۰۷,12709456.0
صمد گردی,4421343.0
شال نخی نقره کوب,6663320.0
iphone 11 sade gushi,8951540.0
اسباب بازی کوییک ماکت,12219863.0
پروژوکتور 206,284046.0
اسپری ساپیل مدل چی,5398220.0
ساعت مکانیک عکس رهبر,12359875.0
دستگاه  تستر ساختمان,1112597.0
کیف انیشتن,4933374.0
خرید ssd پرسرعت با حجم ۱ ترابایت,8176598.0
قاب گوشی شیائومی poco x3 NFC,4189613.0
محافظ دوربین گوشی Redmi Note 12s,14032551.0
گوش گیر گربه,8110066.0
شیشه جا شعمی,3179287.0
کیف جای تفنگ,3759644.0
تسکو یاکس,9826552.0
قرص هلتاید,3550905.0
غذای slow,4950327.0
توری سبزی لیمون,3511923.0
انبر اسپزخونه,797880.0
پرچم رومیری,829327.0
شیرالات بهداشتی ساختمانی,10389840.0
ساعت پرنسسی,2196258.0
تبدیل دسته ps2 کامپیوتر,6228161.0
پنکهی  همراه,9009983.0
شمع تورچ ۲۰۶ تیپ۵,4995311.0
سیستم اسمبل شد,12030029.0
سوکت سنسور سطح روغن ۲۰۶,10605416.0
قیمت گوشی   a14,10402620.0
مجسمه اسکلت خودرو,4256269.0
شورت و سوتین مدل پلنگی,9593086.0
کفپوش سه بعدی کوییک s,11851125.0
خار پا رکاب پارس,7926499.0
محصولات ژینورا,5841076.0
جوراب زنانه مدل Nar,916313.0
Ayas Hanger,9508030.0
کتاب آبرنگ جادویی,10498126.0
تاف گیمینگ اف ایکس فایو زیرو سون زد آر دی اچ,10288460.0
شامپو dp طلایی,222871.0
تیوب شهاب تایر,3654193.0
پک لول ۲۰۶,10598469.0
پاکت پول بسته 10,7274780.0
انتن خودرو برای 405,8794936.0
پیز فر,2387043.0
انگشتر نقره مدل love,9688202.0
لوله برقکاری,2919754.0
جوان کننده,8257025.0
جعبه کوامی ها در دختر کفشدوزکی,2716151.0
فوت فایل دیوایس,1023734.0
cheragh khab pinterest,14866307.0
گوشی a15 Samsung,14181093.0
Legend School volume 2,7480008.0
شانه ماشین اصلاح جیمی,7220792.0
تشک کلاسیک سوپر طبی فنری,7317800.0
اینه رومیزی سنتی,4854361.0
DPG,10413327.0
ظرف سفره نان,5196771.0
ساعت دیجیتال حرم,12583851.0
کاور مدل زنجیری گوشی note 8 pro,10538026.0
ظرف حبوبات طلقی مستطیلی,2686164.0
ضد آفتاب ساینی شیلد,6427985.0
ضد افتاب  بی رنگ سی گل,1036482.0
Sony video and photography camera,908.0
ساعت مچی تینا,1482145.0
لپ تاپ اینچی هواوی matebook,6324209.0
سوزن شماره8,2206978.0
کفش‌رانر,983854.0
دیس تلقی,1161598.0
dudi shishe ti estar rol 30 metri,2487676.0
بتونه کش اتوماتیک,12986138.0
پیکسل والکینگ دد بال,10040064.0
فلش دو صورت,187723.0
ادکلن الکلی دخترانه,1857547.0
Jomp,2639830.0
sharjer bateri cheraghghove,629090.0
شارژر fast قدیمی,457298.0
قاب گوشی شیائومی 13TPro,13235338.0
کاور گوشی موبایل سامسونگj 4,12373966.0
ja soichi madam coco,9161608.0
بابیلیس پرنسلی,92226.0
ساعت هوشمند مدل بند آهنی,451963.0
میکسر سیلور,13085782.0
تیشرت آفبلند لوپیلو,9435157.0
طرق خطر ال نود,1125171.0
محفظه روغن‌مو,11833762.0
کنترل  ریسور,9147790.0
ساب ساندلند,11105977.0
vasayel tamrin varzesh haye razmi,14036003.0
تِری کلاث کُت,12656609.0
گارد گوشی گلکسی A21s,4455409.0
من صندلی نیستم,2998855.0
R134 gas,11490088.0
لامپ ال ای دی 45 وات کاسپین نور,14607379.0
آلبومهای موسیقی شهرام ناظری,177217.0
استند   کشو دار,9764007.0
چکش نجاری,3768544.0
فرز سنگبری توسن مدل ۳۳۸۷,11580764.0
صندل زنانه گیس باف,11357204.0
گارد فانتزی برای گوشی ایفن سون,6576917.0
کولر گازی جنرال گلد تیتانیوم,8523888.0
بازی فکری سه گانه غرب,12436834.0
بوش جی آی اس پی,14190688.0
Gaming case for Note 11 phone,8493464.0
دست کش,9682747.0
گوشی موبایل سامسونگ مدل galaxy,13804646.0
مشقاب بتنی مدل صدف,8578896.0
fresh foam new balance,10887699.0
قاب اسکلتی,2915486.0
مکمل دارویی های هلث,12708037.0
کیف گوشی انر 8x,1037393.0
جارو شارژی دیرما تخت,4585575.0
ست مته غلاویز,9267983.0
اردوخوری چوبی,13848972.0
escouter mardane,901181.0
اسپری خوشپو کننده ی هوا,340779.0
farsh 9 metri tabriz,1145291.0
ستون پرایدسمت راننده,8461270.0
قیمت گوشی سامسونگ s21اوترا,5381957.0
پک تابلوی ماه,15961661.0
مانتوکتی,8681180.0
rozh lab jamed artskin,11330901.0
عینک یووکش,5253454.0
تومویی دخترانه ی کیوت,1602309.0
کنلول عقب ۴۰۵,7504341.0
قاب گوشی فوتبالی  j2 pro,1140969.0
ایلت لنوو,2887055.0
باند فرود هلیکوپتر,5620722.0
دست گیره روی در ۴۰۵,1768483.0
قاب گوشی honorx6,12939789.0
محافظ بلندگو ۷ اینچ,1477021.0
کاور گوشی شیایومی mi 9,12789392.0
رونیکس سایلنت اِیر کامپرسور,4842567.0
آداپتور برق 25 واتی سامسونگ,5936108.0
ست  جا مایع و اسکاچ طوسی,5064582.0
sayeh gir panjereh samand,1480794.0
منیزم,5132167.0
Copper Candy Dish with Bird and Flower Design,11460512.0
DD Lafavor foundation cream,715347.0
کپسول سی ان جی تییا,10103649.0
استیکر حرارتی,10287333.0
شومینه برقی اوالون,9463740.0
بک کاور سامسونگ a23,8312675.0
Not 12 PRO,11707618.0
لگو خودت آر جی بی,14195212.0
حا شمعی اتاق خاب,14581595.0
قالب شمع نرمال طرح ساده,11322928.0
کراپ استین دار,13503755.0
خوراک پز sahra,1709177.0
دسته بازی مدل MR_62,14057588.0
چراغ خطر ترووز,9169334.0
دفتر برنامه ریزی کارنیکا طرح گوی های رنگارنگ مدل پلنر روزانه,9427392.0
گردبند های کریستالی,14243261.0
پوشال کيلويی,1914498.0
مداد لب گلدن 510,10618588.0
لباس ریک و مورتی,16320519.0
set lebas pesarane,139696.0
پی اس4 کپی خور,26486.0
جیپ 10 وات,5426875.0
Leito,9540902.0
حوله ای پولیشی تن پوش,571948.0
قیمت کامپیتر سامسنگ,441847.0
افزاینده ولتاژ ۴۰۰,15030538.0
ریسه کمپینگ,16859043.0
تجهیزات ریو,8421261.0
پیچ 10,8435633.0
کفش پارکور نرم,728927.0
تخت یک نفره شیک,11185198.0
خردکن ۴تیغه,5500667.0
سامسونگ ای تن اس فون کیس واتر کریم,7935982.0
قرص سفت کننده پوست,11032647.0
گیپگر,2746264.0
قيمت ادکلن Lavida es bella,5602345.0
ماکاموشی جرونیمو,3057987.0
سنسور دود و حرارت,7812626.0
چراغ فلاشر,8836225.0
ساعت لمسی همه کاره هوشمند مکس پرو,8012550.0
قیمت سرویس ناهار خوری چینی سفید ساده,126688.0
حوله یه بار مسرف,4244981.0
صفحه گوشی A53,7406081.0
تصفیه کننده یخچال,534592.0
نوت تیکر,5796311.0
قاب گوشی سامسونگ a510 2016,614009.0
لگو تک تویز مدل خانه چوبی,1563637.0
مگنتی روی یخچال,3155935.0
چا کیلیدی دوربینی,5149251.0
اب مقطر دوبار,12503760.0
پات پازل گیم,9200427.0
سبد کمپینگ,14502462.0
ترقه  تک شوت,4707890.0
Nail polish container,9068845.0
nim set dokhtarane model morvarid,5025436.0
فرچه ی خودرو شویی,12282641.0
باطری 1.5 آمپر,10693590.0
صفحه نگین کاری,8302742.0
تق تقی مدل اکواریومی,14006084.0
دیلر شارژی مینی,6159749.0
rgbب,8112567.0
بانکه مکارتی پلاستیکی,8793843.0
شیر خشک کودک کامفورت,2394894.0
قیمت پی اس ۴,26486.0
Traditional manteau,804739.0
اب پرتقال گیر  دستی,3821449.0
mini ups 220,8193958.0
جادستمالی دیواری,17470082.0
شلنگ سینک ظرفشویی,5085833.0
Colorful skull light,13031790.0
amazfitgtr2,10654402.0
لوازم تحریر فانتزی روان نویس طرح گربه,5607537.0
دستبند آسانسوری دو عددب,11333471.0
ئشز,11476645.0
کمک عقب ۲۰۶ تیوفایو,4463663.0
Silver Yumus Yarn,1722737.0
ماسک زیر چشم کاسه ای,6348578.0
بشقاب سرامیکی چینی,282730.0
دیسک و صفحه پژو پارس اصلی,5262741.0
جلد گوشی آیفون ایکس اس,859481.0
آویز طلا ورساچه,16286253.0
ادکلن گود گیرلو,7554094.0
کیس تیردادhaylou x1 neo,11648662.0
شيائومی,14398384.0
قاب گوشی موبایل شیائومی 11T,11616787.0
بازیکنان کوچک,2983747.0
خیارشور درجه یک پیک,7363962.0
پستانک مدل تاج,2584390.0
گوشی شیامی  note13pro,14176170.0
رژلب جامد آرت اسکین ۰۴,10396494.0
shalvar dokhtarane koochak,3598654.0
کیبورد بی سیمماوس بازی,945581.0
شامپو cerita برای مو چرب,471143.0
اسپرسو نوا ١٣٩,10912200.0
پایه نگهدارنده گوشی موبایل و تبلت الدینیو مدل MG03,12506080.0
لب تاب روگ ۱۳,9628316.0
زیردستی طلایی,717455.0
fizik nardebam jame,4113547.0
اسباب بازی ی ادموه رباتی,1590579.0
یدک زمین شوی ماکارونی,6427221.0
ساعت مچی زنانه ساده بند چرمی,12722910.0
چراغ اویز تزئینی,4902284.0
بستقمقمه دوجرخه,9075982.0
jasoichi take shakhe banafsh,10599126.0
rozh HD flormar,5948450.0
گوشی موبایل هوآوی y6p,12531760.0
کراپ  تیشرت کبریتی,11699458.0
ماشین کامیون باربنددار‌بزرگ,741348.0
توالت شور سئلیکونئ,9864678.0
مقوا  کتان,13172847.0
اسپری بدن بیول,4589312.0
بازی رومیزی جاسوس,595379.0
یخچال مسافرتی سانفورد,9557066.0
کیف گوشی موبایل زنانه,11462027.0
آبرسان موهای چرب,5699051.0
محلول IVORPIPLL شپش,5612312.0
دوربین پشت گوشی j6 plus,6277532.0
بال بیرینگ پولی,10438847.0
بازی شاه وزیر من کیست کارت های,1949513.0
قلط گییر,2543130.0
Minecraft pickaxe,4826432.0
۱۲تی پرو,11119109.0
رویه دری داخل پراید,2094664.0
لوسیون دور کننده حشرات,11029535.0
ماشین اصلاح وی جی ار v 360,14196425.0
اسباب بازی به درد بخور,8317899.0
goosh gir pezeshki,533697.0
اچار ترکمتر,12911938.0
عروسک.جذاب باتری خور,9086223.0
اچار 10 یه سر رینگ,2882990.0
بلوور حلزونی,913351.0
پیکسل ایت,12428435.0
پ‌وشک مولفیکس,4167728.0
عروسک سراشپز,6506441.0
کاور گوشی a34 فضانورد,15279663.0
برد تقویت ولتاژ,4738948.0
روغن موتور برای h30 کراس,468936.0
کش مو طرح ابر,9607570.0
فابر کاستل hp,2842595.0
اچاررینگی‌,7722162.0
اب ان بی,9133186.0
فیلتر روغن فرگوسن۲۸۵,8163672.0
set kafgir va kard tarh marble,5258933.0
دوچرخه سایز ۸,3890894.0
Philips Food Processor Model,2781637.0
فنجان لنس,962101.0
کبسول آتش‌نشانی,586696.0
محافظ گوشه کودک نی,2900208.0
باکاراد رژ,9708003.0
بشقاب پ رنده,9255949.0
ساعت نرو مچی,16858178.0
جیب ثندلی خودرو,2415001.0
پاوربانک tdk,396213.0
ابزار عطر سازی,4416503.0
کاور گوشیnote12prou,12559255.0
کفش مردانه چرم آرا همراه,14014431.0
عینک سفید پرسینگ دار,7550613.0
کار کاور فور پژو فورآندرد اند فایو اس‌ال‌ایکس,14428253.0
تیغه ماشین اصلاح مجیک کردلس,9180751.0
پایونر ۶۹۷۵s,35021.0
پایه اتصال به سقف ویدیو پروژکتور,3055850.0
لنت گاد برای ساینا,930046.0
برچسب پوششی mi 10 lite Ne,10268467.0
ghab gooshi a54 amor,13412906.0
کتاب انیمه,4049523.0
پیچ چهاردسو چوب,7102362.0
استیکر امنگ اس,13907409.0
پدل لس بوت,499049.0
تبدیل تیلر به تراکتور باغی,7855730.0
ketab ravanpoyeshi cabanis,8418553.0
قابa52,4952671.0
دستگاه اسیاب کن‌و مخلوط کن,12900943.0
ماساژر دستی  گویه یخی,10651467.0
گوی مدل چرخ خیاطی,5233434.0
ست کیف پول و کمریند مردانه نوین چرم,6562526.0
ساعت عقربه استیل طلایی,11610493.0
قاب گوشی ردمی هشت اس,7812006.0
سرویس شیشه ای در دار,2765082.0
بازی مجیکلند,961448.0
تفنگ راشا تویز,5750777.0
Cpu core i13,8729182.0
اداپتور برای ترموستات,1710707.0
پولوشرت یقه هفت,12044854.0
ساعت هوشمند خیلی خوب ولی ارزان سنسورهای کارکن,4825795.0
فلایک قلمی,9064677.0
نرم کننده مو ویتامیکس,6406638.0
highlight milder en,1139189.0
ضربه گیر درب ماشین برلیانس,9086146.0
مهر هر کسی,9589386.0
اسباب بازی دختر کفشدوزکی وگربه ی سیاه,2507944.0
پلاستیک پلاست,1161678.0
سبد پیک نیک ۶۰ پارچه,6247153.0
Axon گوشی,14203413.0
mashin remote sharji,5599387.0
پیستون تویتا,1819575.0
تایر تیوبلس دوچرخه,2675717.0
پاستیل هانیه,10396169.0
شامپو بی اوبلاس,3297315.0
موزر بابلیس پرو,7118751.0
دفتر چرمی وزیری,556663.0
لاک‌ پشت رباتیک,6431588.0
بلز 2 اکتاو,4646894.0
چوب نشینگاه عروس هلندی,598677.0
کیف مدارک برزنتی مردانه,7695005.0
آتل پاک سمن,3041030.0
سلوار ورژشی زنانه,1001967.0
روکش پارچه ای زیر اتو,5333376.0
پوستر سیگار,4793179.0
کشو چوبی سفید,645600.0
کاور هدنزفری qcy t13x,12695788.0
هندزفری اسپیس,5550069.0
ویتامین سی پرودرما,983009.0
lebas parande,2888891.0
sorkhkon tefal,11859478.0
مرغ بدون انتی بیوتیک رضوی,919972.0
poco x3 kif,6305458.0
بادی اسپلش رولی,126151.0
محافظ ظرف غذا یه بار مصرف,13656509.0
پد های انگوشتی,587821.0
قاب تبلتA8سامسونگ,9125167.0
zaferan mostafadavi,2901148.0
اسنشیال مو,428979.0
رول فومی برجسته کابینت,5586007.0
عینک   ایمنی مهندسی آفتابی,1765774.0
روغن موتور سوپر پیشتاز ۱۰در ۴۰,202993.0
ساندویچ سازفوما,3184295.0
آویز سویچ مودل جب دن,1538119.0
میموری ۳۲ گ یگ,1844063.0
رنگ مو می دی اس دی,6593522.0
گردنبند اکسسورایز وگوشواره,11060860.0
dilink m 920,14064817.0
الماس صنعتی تراشکاری,8328373.0
کابل تبدیل میکرو یو اس بی طول 2. متر,11853882.0
موکت تایلی جنس نرم و مخمل,165896.0
جی پی اش موتور,13502179.0
دویورانت لدورا,3381528.0
کیف کمری مدل پیاده روی,8507591.0
گلبرگ گل مضنوعی,5235672.0
atr faking fibulous,12660228.0
ترانسفر خام,13587558.0
جواهر قلب,723895.0
parchame farance mashin,2357214.0
کتاب خلق محتوا خلق مشتری,4824790.0
جلد poco f3,6118411.0
کولر پرتابل فانتزی,2839217.0
گوشی سامسونگ  A30,1675658.0
فایل  جا ادویه گلدن استار,71461.0
اسباب‌بازی پا ساژ,12437914.0
اسباب بازی پسرانه لاکچری,2522912.0
ارگینایزر Vanity,730811.0
کتاب کاپیتان راموس,3098779.0
اسباب بازی ددپول,14287592.0
قیمت  گوشی نوکیا۰۰۱۲,543.0
تلفن پایه دار سیار,3177340.0
بولیز بابونه,12647727.0
pak sha'badeh bazi aji magic,3561465.0
برف واقعی,438452.0
ghab gooshi A13 mardaneh,10518512.0
واشر پمب,3008807.0
L-Carnitine 100ml Vial KBS,7847866.0
شیریکطرفه ارساو,13413731.0
ست ابزار و یراق,8472321.0
ساعت با طرح باسن,11920312.0
kolah policej,12349726.0
کیف حمل خرگوش,2394240.0
نوار چسب برق edc,4027344.0
قاب آینه کوییک,10618688.0
پادری طلایی,10288193.0
کنسول دوربین ماشین مگان,7776983.0
Poco c65  کاور ایکس قاب,14109840.0
قرص جوشان یورو,6288066.0
فشفشه,4242148.0
قاب گوشی نوت ۱۳ ۵جی,14566156.0
موتور هواساز ۲۵۰لیتری,12586823.0
بوق حلزونی,7640481.0
بسته بادکنک ابی,2856810.0
5-piece CCTV camera set,13904421.0
GTA V model phone case,12149756.0
Ps4 اسلیم ۷۵۰ گیگ,5932038.0
فیلتر سوخت sf 8847,8669046.0
دینام کولر تک ژن,4968240.0
غلبه کراسی,2858093.0
اسمارت واچ کی ناین,2397717.0
Deterone Hair Serum,12172280.0
لامپ ۷ وات یکتا افروز,4852495.0
Phone with 3 cameras,4832192.0
هلگه بسکتبال باتنزیم ارتفا,13662403.0
پوشاک دخترونه,5209137.0
جا ادویه ای چوبی,17480967.0
سالنامه ۱۴۰۲ دید نو,10587154.0
gire dokhtarane tarh dar,9089076.0
پایه دیواری شلف,1874470.0
دستبند بلک پینکی شبتاب,7565716.0
ظرف عسل خوری آکرلیک,9872209.0
پد زیر ماوس گیم,2505460.0
ابگرمکن دیواری بوتان کوچک,3950734.0
جاروبرقی شیاومی,4076941.0
Mobile battery eiTS7262,23859.0
دسته موتور sd,13999587.0
Wolf Glass Drill Bit,15297206.0
مرطوب کننده پلی ویتامین سی گل,16755280.0
پودر دیلی پلاس مکمل,1004021.0
تشک رویال ۲در۱۸۰,1411709.0
چراغ راهنما سوناتا nf,258247.0
کتاب  با صفحه های  زیاد,82937.0
کادو روز عید فطر,11107079.0
لباس پسراته انگلیس,9681293.0
بستنی ۲لیتر,15126651.0
مخلوط کنBellagio,777144.0
جغرافی نیمه مردانه,7066144.0
شلوار اسلش پسران,12356824.0
tablo naghashi abrang tarh derakhtane paeezi,1420638.0
کاپ رینگ  MVM 315 قدیم,11852558.0
A4 tech,13804774.0
لوله آبیاری فشار قوی,4984375.0
صندلی اوپن  70,1047824.0
سرم پوست ‌,1597971.0
Call of Duty notebook,14621679.0
لامپ  ال ای دی  چرخ خیاطی,2587235.0
عطر a chant,222488.0
Sprouted Mung Beans,7195939.0
دوربین فیلم برداری کوچیک رنگی,1828722.0
چرخ دایکات,10081971.0
دربازکن صوتی الدو,5126221.0
اِل ای دی دِسک کلاک,13735302.0
دیسک و صفحه والیو ef7,4862129.0
دفتر پاپتی,12671574.0
band saat hooshmand T800 rangi,12950092.0
Baseus CCGN010001 30W Charger,9843525.0
کاور کوسن فریدا,5689525.0
کاتریج2050,104262.0
چراغ دوچرخه مدل200,6547203.0
lap lap shansi bazikanan football,9997705.0
عینک  سه کاره,649515.0
سندلی بادی برای نوجوانان,3469722.0
انگشتر جمجمه ببر,12532616.0
ساعت دیزل ط,2585084.0
Audio receiver for ear,6855429.0
آداپتور گوشی s23 fe,14759198.0
دستکش صنعتی xl,5742706.0
بو اس بی به لایتنینگ,5253135.0
هنرذری,202405.0
لاستیک بغل باک,4137141.0
What is Vitamin D3,6735701.0
کارتن پنج کیلوی,6076259.0
موزر اصلاح موی صورت زن,15514368.0
شوینده نوتوژینا,9863628.0
دست بند  آویز مردانه,2926552.0
Mi 14 T,17137557.0
ghablame size 40 helia,6748254.0
hdd 4 ترابایت,196351.0
ماشین حساب دانش اموزی کوچک,48961.0
esme yamaha,6144723.0
عینک شناضدبخار,2434476.0
نوزادی اسپیکو رافائل,6469883.0
انگشتر نقره مردانه شجر درختی,9051696.0
kafsh tabestane varzeshi,10467137.0
گوشت تنظیم بازارگو,5344498.0
ماسک بینی لانینا,6500978.0
میز و صندلی تحریر بزرگان,6498494.0
میز عسلی 3,1809232.0
Special Arbaeen backpack,433357.0
ضد آفتاب ددرماتیپیک,4953123.0
گلس گوشی سامسنگ   دخترانه Calaxi J7,7571853.0
طرح گوشی پزشکی,1547931.0
باک موتور بسیجی ۱۲۵,7790253.0
ساعت هوشمند ws39 اولترا,12849731.0
کاور برای گوشی شیایومی نوت ده پرو,6035112.0
حالت دهنده مو اتو,7916430.0
هزارپا فیگور,9846312.0
مکان یاب حیوانات,2159526.0
رادیاتور بخاری مدل مناسب برای,4430011.0
شیائومی نو۱۳ پرو پلاس,14525482.0
ماژول شارژ tipe-c,8068521.0
آویز کوچولوی طلا,7662294.0
رینگو لاستی,2230780.0
گیره میزی,1144352.0
Speaker 8808,442730.0
اسپری لکه بر کتونی,889648.0
ادکلن گرم اینترلود ۱۰۰میلی,4417091.0
زه چراغ,12830552.0
درام فایو تری وان سیکس,145212.0
بابلیس مدل بابایس,4286480.0
جارو شارژی لایفهیت,106674.0
پوستر آموزشی کودکان,1792089.0
انگشتر دور سفید,57321.0
غذای برای سگ توله پامرانین,5226140.0
گلس   samsung  note 8 galaxy,10902708.0
هیدرولیک هوز فیمیل فیتینگ,7899721.0
جی تی ای وی cd,12804885.0
گل پاش برلیانس,1593759.0
اسباب  بازیتایت,3582917.0
کیف کلاسوری12s,11995524.0
اسلیم اند فیت پاودر,9314740.0
شیشه تستربوش,227680.0
جعبه تینت لب,12402803.0
چاقو ۱۹۷,8081582.0
کتاب کمپلکس هوش سن ۷ سال,242289.0
چادر دختد,9570970.0
قلبم را,14049507.0
وسایل ماشین کارا,13431400.0
Double-sided Naruto design clothing,6136708.0
چراغ خواب بچه گانه کیتی,8891280.0
chagho mive khori straight,8430508.0
کادی آقلو,1903582.0
کابل و گیره سوس ماری,2008043.0
چرخ 393,202682.0
باذز fe,12914704.0
کاغذ هپاپز,12299894.0
رینگ  لاستیک  پراید مدل اسپرت,429105.0
کتاب سقو,7281442.0
اسپری مشکی براق,753092.0
ماسک صورت مدل جلبک دریایی,3575224.0
هیر لاس پروداکتس,862983.0
گارد گوشی گلکسی گرند پریم پرو,10886706.0
هایجین پرادکتس کانتینر,1776517.0
ویپ لوکس,12506843.0
مرطوب کننده کره ای,3954961.0
آتر x7a,11313296.0
پاکت بزرگ a4,6851912.0
ماشین اصلاح darling,10462363.0
عینک افتابی دخترانه برای نوجوان,6939250.0
jasuichi nisan,6158866.0
کرم پودر مایع بدون چربی,514062.0
مجسمە ریزر,15197364.0
خوراک مارشمول,12095645.0
براق گننده مکی فر,7154304.0
اکشن فیگور فوتبالی ایران,644103.0
پیریز,13886812.0
اتوله,5301082.0
قرص جشان,3554456.0
ماژول تی سی,4586233.0
Bioxin,916897.0
اورکت جکت,478133.0
پدال گاز موتور سیکلت,7365891.0
اروسک اندرمن,14308846.0
kartun pelas sefid,11007251.0
Liquid graphite drops,3824225.0
فیلتر مرحله اول c.c.k,3464453.0
پول تزعینی مدل 100 هزار تومانی,7930094.0
Someone Has to Die Eventually by Adam Silvera Book,9638669.0
Smallest electric saw,9699869.0
#کیف,80237.0
سامسونگ z4,9491143.0
تیغه اره ۷ اینچ,2939544.0
dekor chobi baraye shofazh manzel,4851682.0
Men's slippers,8761808.0
مقاومت 100کیلواهم,13639983.0
کابل شارژ  موبایل A12,10593941.0
اجاقبرقی تک شعله,5792790.0
پایه تلویزیون tns,1157087.0
زنجیر بکس بند,3431953.0
بخور خرسی دخترانه,14554743.0
پوشک بچه سایز بزرگ,8581051.0
کیت منچستر ستی,11457161.0
پخش صدا خانگی,3592999.0
کش ومو,6457930.0
پایه شارژر دسته ایکس باکس سری x,9347369.0
خاک لیندا,6433138.0
شیر خشک ببلاک,1637989.0
بنتلی,6595635.0
توالت فرنگي سفرى تاشو,5360007.0
افوق کروش یزد,10737095.0
لوازم یدک اپی لیدی مدل pH -650,957790.0
فیس پاکت فن,144966.0
توری باند جلو پراید132,143580.0
برایان سینگر,2351425.0
Xiaomi Poco M3,8255486.0
guitar yamaha 2 million,55072.0
دسته درب وپنجره,977524.0
ayene barghi flasherdar samand,3640583.0
قالب رزین ست گوشواره,12700122.0
خرد کن BERUN,8208392.0
قاب انعطاف پذیر مبایل,13964899.0
سیدی ایکس باکس ۳۰۶۰,10823021.0
عایق صوتی سمند,13149286.0
سوزن کارتریج,6946867.0
ghab shishe shoor cheragh azera 2012,11824655.0
کتاب برای کلاس ششمی,881664.0
کاور poco m6 پرو,12747983.0
استپ سویچ پراید,5384390.0
یخچال ایکس ویژنگن,11790946.0
دیسک پدیکور,8215382.0
list zamani,10550567.0
تبدیل دریل به سنگ سمیاده,8197472.0
ditri 1000,37686.0
eskaj model ESK 306,9623006.0
Automatic scissors,56200.0
شرت ویبرع دار,489695.0
oven toaster mijia,4630447.0
تخت خواب یک نفره یفید,8884664.0
پررایمر صورت MND,2428872.0
زبت فلش خور,9222733.0
روکش ائینهای,10459614.0
cover monaseb baraye goshi samsung A15,14023845.0
کتونی ونس مزدانه,6901968.0
لاستیک سی ان جی,10210459.0
گوشواره برسیگ,10464170.0
گردانبند پسرونه,3914219.0
Iranian grounded electrical outlet,435088.0
زیر پایی جک اس ۳,9105099.0
دستبند چاقویی برای دعوا,2383451.0
پاکت تدی,11974409.0
پراید ۱۳۲ ریر لایت,1168656.0
شا نژ مان دوچرخه,3575155.0
پوستر کهکشان وینتیج,8826576.0
چهارپایه پلاستیک,10544388.0
شیائومی poco f3,8149411.0
سی ر,581101.0
گارد گوشی poco C65کلاسوری,13727168.0
sikenai,9338530.0
پیراهن مردانه,14241455.0
پورت شارژر,10679178.0
قیمت پی اس فایو یک ترابات,12957273.0
بادکنک سایز ۱۴,9341782.0
ایینه نقطه کور نیسان,9614729.0
ja'be javaher tina,1048946.0
فس تبلت,103095.0
قدرت نظم,13389998.0
قاب آی پد Galaxy Tab A فضانورد,17111036.0
برچسب ماهور گیر اس3,734233.0
تابلو مجید رضوی,2636509.0
yoyo post,9478226.0
ساق بند فوتبال پسرانه مدل های جدید,3762603.0
ضد آفتاب چرپ,12431846.0
چرخ دوچرخه Youmelg,259278.0
حوله لباس  ابراهیمی,5054450.0
درزگیر اسفنجی,9684535.0
روغن موتورذ,147516.0
برچسب بدنه طرح آدم فضایی,7533618.0
جاکلیدی طرح جوجه,16755006.0
Annual Planning,5349411.0
سرامیک اب گریز خودرو,9714651.0
لپ لپ اسب تک شاخ,6356790.0
حامی سالمند,623009.0
پوست آهو,7348309.0
لوستر مدلکلاهک,8612151.0
krem johnson martoob konande,8174589.0
کاکتوس دیزاین توی,11893422.0
Xiaomi 12x,12296936.0
ساعت زگدار,6107200.0
عروسک خرگوشیگ,11786180.0
موتور برق کنزو,614287.0
کفش اسپرت وای تری,6720261.0
اینترستینگ بوک فور اِیج ایتین,285041.0
پاکت سیگاری,1905089.0
ساپ امپلی,8949562.0
Original Bleaching Powder,1885744.0
بازی فکری بازی مرکب,17942912.0
توفگ تفنگ پلاستیکی,637232.0
آشپزخانه با یخچال,829181.0
پودر آب پنیر نیم کیلو,13869378.0
لباس  سیتی,2197659.0
کولر گازی 24 هزار کرال,2390325.0
ست کاسه وبشقاب رنگی,15072221.0
شونه ارایشگاری,2176301.0
هنسفیری زد اب,897119.0
Women's satin hair tie,9717360.0
زغال کرین,5618453.0
لامپ مگنتی چرخ خیاطی,3051315.0
ورساچه کدیستال,9796828.0
Mobile A,13981188.0
چمدان پارچه ای سایز کوچک,3786675.0
چسب آبکی,68695.0
رنگ موی speedy,1020704.0
ظرف میوه‌,3694804.0
شیر گازی 1 استارکو,11706172.0
doorbin chap kardan,3593269.0
آچار مشتی,8866541.0
حوله پالتویی کودک هنر,2817052.0
bak motor kalbasi,1959209.0
ماژول افزاینده لپتاپ,3815621.0
میزغذاخوریصبا,1829693.0
بچگاته,1426823.0
پنکه ۳۶۰۰,563823.0
وازلین نینورتا,6350909.0
kaghaz aks doorbin mini fuji,1550981.0
فلاش کارتون باب اسفنجی,3997038.0
گوی یخی  موسیکال,1489256.0
روغن ارگان شیشه ای,4935468.0
ژل ابرو کووین,8895848.0
Shazhe Hookah,2089470.0
دختر هیروشیما,7877923.0
بویز هیروز استیکرز,1545322.0
هواپز هوشمند,11274760.0
شلوارک تنیس بچه گانه,8765520.0
لامپ موتور,4631698.0
NESCAFE GOLD,3209596.0
موژیک کا غذ,11047327.0
کاور و کیبورد تبلت شیایومی,11636446.0
abzarhaye sharzhi sanati,13003487.0
تفنگ بادیpc35,27830.0
کاور Qcy,12702443.0
پی ای اس ۴پرو,12804885.0
گردن بند قلبی کامل,10844318.0
کول  پشتی مسافرت,10860107.0
DeeL,2387365.0
تبدیل دوشاخه به یو اس بی,11419558.0
گیج منیفولد,8229567.0
بانوی ابریشمی,6823208.0
Ardi spark plug,6561991.0
سبد برنر,904956.0
کاور گوشی گلکسی آ۵۰,1932392.0
ماگ طرح فرندز نیما,2208667.0
کاور رزین آیفون ۱۴پرومکس,5441418.0
قرص کاش وزن یورویتال,9360474.0
کاور برای دسته ایکس باکس s,4878993.0
موبایل Radmi10 power,7060930.0
کیف مخصوص وسایل شکستنی,8481682.0
football cleats size 38,12068731.0
کفی خودرو  تارا,12453314.0
سویی شرت شلوار زنااننه,513103.0
باطری ۳ ولت,124806.0
پایه نگهدارنده درب کنسول پرشیا,5318554.0
خرید ریموت کنترل تلوزیون سامسونگ,13538016.0
تبدیل چهار شیار به سه نضام,5027027.0
کیف کلاسوری گوشی انر x6b,16006742.0
کاور گوشی موبایل سامسونگ اس۲۳وک,11152854.0
دوغ صبرا,2811369.0
زه دورشیشه سورن پلاسـ,3398369.0
کتری قوری love sung,1659259.0
خانه رباتیک,4446783.0
سیفون موتور سیکلت انشکتور,1094947.0
کیف لوازم ارایشی با طرح توت فرنگی,3701566.0
کفش روزمره زنانه مدل مروارید,11314151.0
لباس گروه کی پاپ بی تی اس,9198712.0
برنامه هفتگی دیواری,10808695.0
Harion Smart TV,13274672.0
میکرو ی,6196537.0
ردی-مید گرات,8011488.0
مته ۶۰سانت,9201855.0
انیلی ابرسان,5058143.0
تفنگ اسباب‌بازی c18,3988597.0
قاب شیایومی 13C چند کاره,13877857.0
کاور گوشی ردمی نوت ۱۳ خرگوشی,14958401.0
Panasonic خوردکن,2850289.0
ظرف ماهی برای سفره,4458966.0
جیسون ویرهیز,12446652.0
Yoga 6 لنوو,151725.0
بلندگو پسیو,9835817.0
اسپری موتور سوی,1677740.0
تنفک بادی,77165.0
روکش صندلی های پراید جی ال ایکس ای,11473694.0
چسبدگی دروازه بانی,6116990.0
جادار دیور,11145265.0
سربلف اسپرت,3090192.0
تيشرت بش,13282306.0
رو تختی yasin,2469861.0
طبق s4t,1770347.0
"s,j ;a",3264348.0
ghofl keshouyi zarif show,12981618.0
ساعت سکو کامپیوتری,296151.0
سویشرت زنانه ایزی دو,17436439.0
بشقاب سرامیک دوربکا,328565.0
گوشی آی صفر ۴,9276686.0
اباژور گل ارکیده,807595.0
کاسه نمد عقب میلنگ,1468500.0
مودم دیلینک قابل حمل,7461288.0
موتور شوی خودرو نانو سان,6135391.0
دستگاه دی وی آر,426131.0
بالفیکس پستگیره,6136674.0
توربین خانگی,495528.0
ساعت مچی نیوی فورس قرمز,2583919.0
کاور لیمیا a30s,13533011.0
گرلز فون کیس فور ردمی,6226528.0
mabe golden bell,9733549.0
کفش دخترانه مدل pa,15307573.0
جرثقیل دسته یک تن زنجیردار,12194222.0
پمپ اکواریم,1119610.0
گردنبند رد دد,3890665.0
دستمال سولماز,11705509.0
takhte do tabaghe be hamrahe sorsore,6699387.0
لحاف کریی,2215376.0
تلب  خودکاری,9872277.0
ماگ طرح لیوای آکرمن,5762016.0
گوشی نوت۳سامسونگ,63831.0
قفسه دیزاین برای دستشویی,9965789.0
برد شارز,9377230.0
هودی مردانه طرح جی تی ای وی,1863815.0
شارژر سری برای سامسونگ,8133642.0
Right Front Light Persia,5095256.0
ست ساعت و گردنبند و انگشتر و دستبند,3025131.0
اره نجاري,5739874.0
Hyper speed,12573233.0
هدست  گیمینگ  ردراکون,3283047.0
پا ییه پس 5,11171072.0
اسپلیتر دنا,9126478.0
قفل صندوق تیبا2,8860964.0
عینک سه بعدی پسیو,448364.0
توپ ژلیه,8732036.0
کاور ریموت و سوییچ خودرو فلزی,14185470.0
عروسک زرافه سخنگو,14793809.0
ال ها دی۳۲,8746196.0
Leather chair,5622402.0
قاب نوت ۹ با اسم رومینا,14985370.0
صندلی پاپیون,9717198.0
۲۵۰۰پرسش فرزانگان,4296039.0
فیلتر جارو برقی ال جی مخزنی,3496519.0
پودر بهداشتی رو,8529234.0
پوچاکو,17815021.0
کش توپ هد گبال,10418510.0
Marshall watch band strap,5558420.0
متورجوش ایران ترانس,432653.0
چرخدنده برفپاکن,13526092.0
kaghaz a4 print paper,5449019.0
lastik mashin 13175,6999050.0
کتاب نگارستان ادب,4419347.0
قلمو ۱/۴ ۲۱۲۱,3689525.0
tablet xiaomi dar daste bandi,12965773.0
جاسوئیچی امید,13343048.0
کانتوم,680665.0
baby check ghatre chakani,6713474.0
کانسیلر بورژوا,4678062.0
گارد گوشی a02s,6438146.0
جعبه برای درست کردن دستبند,130176.0
پانچ ریز,13777064.0
سایبان ورزشی,183120.0
طاقچه فابریک پراید۱۳۱,7926817.0
کتاب آموزش ذهن خوانی,10262137.0
tablo tarh kit,3366928.0
پولوشرت جدید,5089563.0
ewgo,3488445.0
ایوسن لورن وای ادوپرفیم,1932080.0
رپ یاس,6406422.0
چراغدیلات لیفان ۸۲۰,10752446.0
دینی جامع,6011939.0
serom surat milito,9089254.0
لنز دوربین گوشی شیایومی ردمی ۹t,4204893.0
مسواک با برس متوسط,152110.0
گلس تمام صفحه ردمی 13c,13402001.0
صندل زنانه شهپر مدل تیبا,10442878.0
خشاب سیم کارت e5,2222566.0
جارو عصایی سایا  سیم دار,8526695.0
نردبان و نشیمنگاه عروس هلندی,486750.0
کاور ایرپاد air 2se,11244895.0
My Baby 0,197421.0
پکیج ایمرگاس ۳۲,9684933.0
zed khash note 20 ultra,3265733.0
گهواره برقی مایل دبیر,4046257.0
قاب گوشی دخترانهی A۳۲,7944449.0
قاب جک ۲۰۶,7079570.0
دوچرخه بچه گانه نوزاد,1496876.0
کاور اونتوستر,7781648.0
امر x9,9931729.0
مواد تتو کاغذی,8257978.0
قاب گوشی A30s,5136293.0
جارو برقی SAMمدل vc 9015.B,8310880.0
لامپ چراغ عقب خودرو پژو پارس,12522406.0
لامپ شارژی dp,12688760.0
ارم صندوق عقب اس ۵,8985053.0
کاور چرخ دوچرخه,7819136.0
ماسک های صورت برای از بین بردن لک,980807.0
farman ps vor,11410963.0
ماشین اسپرت کنتلر,2969602.0
پیران,4359657.0
باند خودر پایونر,3516999.0
جعبه بزرگ لوازم ابزار,8481670.0
کاور هوایی دخترانه ۶۲۰,11106291.0
وِری چیپ اَند اِفُردِبِل گِرلز نِکلِس,10045773.0
قرص   آهن سیدرال,3549810.0
4-groove drill,120258.0
مجموعه روکش فرمان,11431834.0
ماکت اشکانی,9281658.0
هنذزفری سیمی,2978266.0
kale cheragh,9110312.0
محافظ صفحه نمایش تبلت 13 inch,9208271.0
تونر اچ پی 415a,9583859.0
تینت لب  مجموع دوعددی,10583707.0
قلا آویزراست گرد,9732811.0
محافظ کابل شارژ مدل مجموعه,1742756.0
ساق بند پسرانه ورزشی مدل اینتر میامی,12076186.0
جامبوشلو,633387.0
سرهم جین,12163667.0
The Law Book,11261279.0
بازی داستان سازی,54145.0
daftar haye fantezi ba tarhe barjaste,6280450.0
ماسک لب زوزد,7083260.0
ظرف سفالی طرح خورشید,2523184.0
مگنت لندن,5519452.0
هندزفری 2پرو,12363287.0
گردنبند طلا مدل مستجابی,9648168.0
برد اینترنت,104631.0
جاشمعی دستشویی,495136.0
موزاييك سرويس بهداشتي,733582.0
واشر لاستیکی فلاکس,2130522.0
دفتر مشق با طرح پرندگان خشمگین,9706126.0
هاب مک بوک m2,4615121.0
MAC foundation powder,7239559.0
شیشه شیر بیبی س,96423.0
لباس مجلسی برای نوزتد دوسال,13231368.0
میکسر صدا,17548788.0
سلوار ورزشي,3713495.0
گارد سامسونگ galaxy a 52,4905454.0
صابدن پدیکور,6876011.0
اویز گردنبند,8387731.0
saat mochband rs4,9623810.0
میکرفون,12575901.0
دسپند ماری,12672505.0
رنگ مو بیول,1510875.0
لوازم جواهرات,2152938.0
بازژ کارای,1730180.0
Book,15825827.0
شوینده جامد  کلینیک,3790582.0
کپسول آیرون فورت,5664252.0
پخش خانگی سامسونگ,3162606.0
پودر جی تی گین آی اس اس 2000 گرم,7729570.0
chasbe uv mohafeze safhe namayesh,8365940.0
بانکه مکارتی 18,308442.0
اسپیکر شینوبو,9722881.0
شب تاب  ستاره و ماه,1585425.0
اِچ ۶۱۰ اِم اِچ اِی وای فای مادربورد,9044427.0
قیف خامه زنی یکبار مصرف سایز بزرگ,4340475.0
لانگسدوم,12997079.0
ججعبه نظم ابزار مهر,7065338.0
ابزار خیاطی مسافرتی,9782160.0
لوگو یوتییوب,5775119.0
لوستر امیران کد ۶۶۰۰۴,7435146.0
Core 0 vocal,16414350.0
اسپره رنگه مو,9632573.0
صندلی ماشین ویایپی پراید,15028893.0
گردنبد دوستانه سه نفره,13167560.0
شلوار جین  زنانه,15963251.0
برچسب دسته ps4 خفن,143761.0
تویوتا کمری اریجینال فیلتر,184274.0
لیتندو,2670.0
جا لیوانی  آشپزخانه,4622688.0
BT_40,7566698.0
ویفر کرم,2895961.0
گردنبند طرح D مردانه,794980.0
ضد افتاب ۹۰ ام ان دی,13983929.0
فندک سنتی,1112133.0
قطعات یخ ساز دو,709463.0
دستمال کاغذی ده عددی,6087736.0
پاکت اسلاد,12078880.0
جک ده تنی کامیون,7521904.0
اسپره مو ۲ فاز fg,9272294.0
دمپایی خانه زنان,7754712.0
dualshock 4 pro,585659.0
قیچی مهدکودک,10998475.0
کلید پریز ایران الکتریک مدل ارس,16537303.0
مینی اسپیکرws887,13251588.0
تاریخ زن حرارتی صنعتی اتومات,930482.0
بند ساعت Qcy مدل Gtc,12838592.0
اسپیکر پارتی,13430967.0
همسفری بلوتوثی سیمی,3915183.0
پارچه روکش کوسن,6316207.0
ورت مردانه کولسی,14943019.0
بازی لیگ ایران,7067157.0
avi,4569256.0
محافظ کابل طرح پلیس,3358668.0
تبلت نوکیا  t20,6860843.0
کاغذ تمرین cr,14234612.0
تندیس توو,73006.0
هارد اکسترنال ۷۵۰ گیگ ۴ ترابایت,2177862.0
قاب گوشی poco  c 40,9527106.0
صندل زنانه مدل ناسی,7303131.0
ماساژ ماسک,4452500.0
خمیر دندان سیگنال کامل,80150.0
عروسک لیوان بابل,10349066.0
دکتر شارژر,4546262.0
ساک کپسول,526298.0
negahdarande ghab aks,6129574.0
کمربند ایمنینمد سقف,9294022.0
Nova عمودبر,11043683.0
شصت بند برای گیم,5319481.0
دمنوش سا,544817.0
Red reflective tape for car lights,5323286.0
هنس فری بادیگاردی,10570478.0
کاور گوشی شیامی ردمی A1+,10551233.0
بافت مرواریدی مو فیک,6503651.0
نوار اکتیو قند خون,4402895.0
هدفون برای کودکان که ارسال فردا است,11852994.0
دفترچه دخترانه وزیبا وکیوت,10162478.0
فندکی لوازم خودرو,6230942.0
لامپ پرژکتور ۱۰۰وات,4235421.0
شیایومی i30,3451396.0
بسته پرگار و گونیا,52457.0
کمربند wwe کشتی کچ,4671970.0
ساعت مچی اسکمی جی شاک ۱۶۸۸,8087355.0
آنجلز شیر بای,10612434.0
سر سوهان دیسکی,17060887.0
اسپری ترم کننده مو,3341501.0
Type c اهنربایی,10406553.0
کمد دیواری نصبی,3003351.0
رژلب. مات,10554732.0
Mi wach2021,14990284.0
چرخ عقب موتور مینی کراس,961300.0
شارژره سامسونگa10,2260890.0
برچسب دودی 5,9183864.0
پلی هات,11830223.0
مدادنکی بینهات,12683475.0
Papco 200-page notebook,3899873.0
اچار موتور کرکره برقی,3451362.0
تاب برای پرنده گان,2007405.0
Multi-purpose Khatkar model,9736657.0
لنت ترمز مدرن تندیس عقب برلیانس ۳۳۰,1999745.0
بازی سناریو ضد,12090877.0
لوستر 5 شعله مولکولی,7751621.0
برچسب رولی نسوز آشپزخونه,7232503.0
بخاری گازی شیائومی,983371.0
سبد سبزی خودن,6888717.0
Kurizon juice,10538809.0
دوربين چاپ كن,14038806.0
مسواک اسپانیایی,599786.0
V p,1885602.0
سايه بزرگ,1135071.0
Catephil,9215556.0
ریمل است سبز,78001.0
محافظ و کاور ساعت الترا,9636699.0
Qajar style wall faucet,10025189.0
پخش کنده خودرو کنود,2936817.0
ضد لک الفا بوتین,11217296.0
استپ عقب پارس elx,13644566.0
trans mahtabi kamel,5994231.0
ماژول کاهنده ولتاژ۱۲به۵,7991742.0
Fast charger adapter,251724.0
ژل دست laminin,76982.0
هدست بلوتوثی رومن,5035423.0
زعفران آنید,14132756.0
برچسب سایپا,3410956.0
تخته برش چرم دوزی,9868369.0
ست چاقو و چنگال رولنزا,10116615.0
erfan salt,14186549.0
Dough spreader for baking bread,7874377.0
گردنبند ست چهار نفرهه,1556521.0
gooshi mobile kheyli kheyli koochak,2475940.0
cover switch L 0,13939525.0
ketab sonic shomare 9,5057153.0
مودم کوچک قابل حمل شیائومی,4725165.0
گلیپ جومونگ,13551569.0
پمپ قفل پژو ۴۰۵,5064718.0
سیفون دستشویب,995846.0
ادابتور ۲۴ مدلی ۱ اپلی,9513945.0
hovie azi,11455959.0
بلبرنگ پراید ژاپنی,9060954.0
rang acrylic shishe,1592884.0
کاسه یکبار مصرف آنی,3013565.0
فر فرهمفجاری,10022247.0
تنظیم باد سیار خودرو,205704.0
کالاهای سرمایشی,542963.0
سیشرت‌مردانه,1516654.0
Xiaomi Poco M6 Pro phone case,12749087.0
کیف مدل hg,8509775.0
ماساژور کوچک قوی,537379.0
سرم ویتامین کلاژن اردن,7205841.0
کاور ریموت هیوندای,796015.0
گلس شیشه ساعت میبرو x1,11171746.0
هوآوی Y7 2017,8506314.0
آینه کیفی فیروزه کوبی,3705686.0
mashin eslah khat zan mac,7930359.0
کاور قاب گارد مدل فانتزی مناسب برای گوشی موبایل redmi note11,14494540.0
مکل سوخت گلداستار,1759545.0
متور سیکلت سنگین,934862.0
هواوی 11,11151891.0
هندزفری بلوتوث انکرp2i,3218980.0
شمع سال,433458.0
کاور Y5 lite آویز دلر,9378158.0
ست هدیه مردانه چرم آنا,1117966.0
کابل شارژ usb  پاور بانک,3107660.0
cover gooshi note10,5298345.0
موتور سیکلت هوندا ۲۰۰ کویر,5080871.0
هدفون بلوتوثی کیو سی وای مدل H4,11591216.0
jaroo satli general fit,7004735.0
درک متن کودکان,4310710.0
ضد افتاب رنگی سولاریس اردن,9527627.0
کاور مناسب برای ساعت مچی T900,14105831.0
1080geforce,193342.0
کفش اسپرت ورزشهای رزمی,8873626.0
mohafez 2khane part,4418268.0
لوازم داخلی پرایپ,6614627.0
رزمری شامپو فور اویلی هِر,11035508.0
makeup organizer box,3257807.0
دستکش موتورسواری متال,9875223.0
پنکه بیشل مدل bl sf,11509788.0
کاوراتوبرالباس اتوکردن,7653577.0
کاور گوشیrealme 11 4G,17537520.0
قاب گوشی تزین,7843326.0
۳/۴اینچ,7432018.0
داست کپ پایونیر,8315311.0
چراغ سقف عقب ال نود,3724793.0
تقویت درخت گردو,8991413.0
ناروتو فیگور,537668.0
Phase Tester,2664209.0
Sound foam,12553487.0
کتاب بابا طاهر عریان,7106135.0
آنتن برقی کنترلی,2186330.0
khodtarash bic se tayi,4971284.0
دسد ترمز,2841775.0
یخچال ts665,4348794.0
Puzzle 1000 طرح ایرانی,1953011.0
گلگیر موتورجلو بی کلاج,3437431.0
گلس شیائومی پوکو m6,14267015.0
لاستیک195/60/15,8061397.0
اتود ۶.۰,4986492.0
Peugeot 207 Trim,919112.0
کارت های فوتبال ایران,14160172.0
قطعات پانل کولر پژو پارس,10472005.0
گارد موبایل خیلی کیوت A24 کرومی,17792304.0
ساق پا زنانه تن پوش هنگامه مدل راه راه,12619125.0
استپشن چراغ دنده عقب,2648343.0
یونیتی ۲۰۲ پلاس,12143102.0
روتختی بیگانه  فانتزی,795502.0
هدایت دو رنگ زنون,1487571.0
جاروبرقی بوش مدل BGL8GOLDIR,761211.0
165hz monitor,8478946.0
قفسه شانه,296051.0
اویزبندی موبایل,10040094.0
Ecu پرشیا,2670722.0
نتور مرغی,10946286.0
شیردهی,7050231.0
easy test,12999394.0
دریل شارژی مدل5821,10742703.0
کتاب  بزرگ سال ها,277570.0
اره چوب دستی,56912.0
ماشین اصلاح ۲۲۹۶,13341550.0
نیو پِژو لوگو,2363856.0
سلولایت وکیوم,10479698.0
قاب poco m4 pro,7808156.0
ظرف پاپکورن طلاکوب,6460839.0
حویه موبایل,3328828.0
کاور ایکس باکس سی,910553.0
کنترلر pobg,3730774.0
بند مگنتی شیاومی واچ,14093711.0
فابر کاستل براش پنسیل ایریزر,50796.0
کابل شارژر مفناطیسی,5231049.0
ام بی ۴۹۵۰,180937.0
پک لوازم تحریر اکسو,1778968.0
توپ پرش تعادل,1003107.0
موبیل,389247.0
شیلنگ باد ۱۵ متری,408640.0
قاپ گوشی شیامی ۱۲معمولی,11281765.0
OnePlus pad,9174362.0
لثه بوکس دراگون,1763712.0
TA800,10636233.0
قاشق بستنی خور,1026247.0
قیمت اکستنشن ناخن,915219.0
قیمت دیزی ابگوشت,432372.0
چرخ دنده غذاساز مایر,623637.0
قیمت آی‌پد ۱۳معمولی,9843310.0
اسیدشوبی,725032.0
پمپ تخلیه اب لباس شویی دوقلو,6365957.0
Avatar Robot,3255182.0
عینک تزعینی شیشه ای دخترانه,5109551.0
روبین مورچه ای,2091251.0
چراغ ١٣٧٠,11398900.0
کابل ۴ زوج مخابراتی روکش دار,1595358.0
سیامی‌9c,4883625.0
کت و سارافون زنانه کتان,14151937.0
گلس ساعت amazfit gts4 mini,10661112.0
ابزار والوو,4374767.0
کاور مدل لنزدار مناسب گوشی,7300449.0
پک استیکر چمدان,565994.0
Price of Speakers for Pride Car,10362197.0
Nissan GT-R,9743231.0
mobl sandali hasiri teras,1641788.0
دستبند و گردنبند مدل زنجیره ای,7301613.0
فوم شستشو صورت آردن آتوپیا,1523112.0
دستگاه دفع بوی سیگار,5708150.0
جلد گوشی پوکو ایکس ۳ پرو,8688900.0
انگشتر سایزشو,13353223.0
دنده کیلومتر موتورسیکلت,10689673.0
تونر زرردچوبه,8234291.0
".,  قاب گوشی A14 دخترونه",12202215.0
دریل اینتیمکس ۲۰۰۰ وات,12518888.0
تفنگ بادی P99,7362047.0
قلمو نقاشی پارس,2586430.0
تخت خواب  دو نفره,8771613.0
ماریک رِر تَنک,12552785.0
paye ayne peugeot,8675578.0
لباس رونادو سال ۲۰۰۸,7365384.0
هندزفری بلوتوثی هایلو gt1pro,3048830.0
بدن شوی سیلیکن,14333650.0
روپوش دندان پزشکی,5304337.0
وورم گیرباکس موتور,13948193.0
پایه قمقمه ای دچرخه,152123.0
لنوو ام سون تبلت,3329993.0
بخاری برقی فن دار,299236.0
درب اتوماتیک برای خانه,9079304.0
ترمستاد سماور,4355056.0
تشک بادی فورکلاز,7592410.0
ترنم ال شیپد سوفا,6331877.0
ترنسپرنت,4916098.0
Fl stdio24,816670.0
تولد,2710686.0
کابل گوشی  A71,9428054.0
فیگور هنتر ایکس هانتر,14437943.0
کوسن پلی,10222322.0
دکمه های طلایی دسته ps4,10725406.0
پابند نقره طرح قلب,9756715.0
گیره برای بافت مو,2290116.0
رنگ فیکساتوری,71942.0
استین بلند برند,10129178.0
عروسکخرگوش هویجی,12164132.0
ماشین تیر ژله ای,749384.0
مانیتور پژوپار,73702.0
بستنی و معجون,8041694.0
مداد قهوه ای چشم,4952995.0
پرزگیر لباس شویی,12645229.0
کلپشتی  دخترانه,5630320.0
فلورسنت بادی اسپری,1740203.0
آبمیوه گیری شیفر,187585.0
گوشی شیائومی Redmi10 5g,9627102.0
شانه ماشین اصلاح کیم,8607412.0
صابون مایع کن,7547715.0
seshvar bezh,14703444.0
شلوار دم پا گت ذغالی,13028920.0
بازی فکری دئل,221090.0
televizion 70 snowa,9716931.0
مادربرد gigabyte b450,723003.0
گیر بکس اسباب‌بازی,6323922.0
موتورولا edge40,13531141.0
کاور قرآن,7666578.0
شیر بخاری پیکان وانت,11132726.0
پکیج بوتلن ایر تورپن,9719394.0
ارس زنجان,8869441.0
filter roghan pride gheymat,11274003.0
REAL MADRID,3865146.0
فنسی استیکر,5261180.0
لوستر فلت,1513183.0
رنگ موی ۱۱/۱ پروکسا,2561758.0
بند مدل گردنی,14803529.0
دندهدچرخه,3592192.0
مانیتور الترا واید va,7577059.0
گوشواره آریانا,9480573.0
جاکلیدی فانتزی آکواریومی,9257304.0
بوش تی میکر تی تی اِی فایو اِیت اِیت تری,365831.0
محافظ صفحه فوکو x 4,9174799.0
محافظ دوربین آیپد پرو 11 inch,10475216.0
دستگاه شستشوی‌فرش,214257.0
roghan motor cycle sinolex 1/3 litr,8806208.0
پنل اکوسیک سفید ۱۰ عد دی,3578808.0
محافظ صفحه مانیتوردنا پلاس,9234149.0
مس پد  کوچک,7501115.0
قاب شیشه تسمه تایم پژو پارس تیوفایو,12889866.0
انجکتور شورکاسپین,905385.0
گود گِیم,7061153.0
شيره,8106665.0
ja'be shishe ei bozorg,655912.0
مو بال m14,13852850.0
شمع ولنتاین,4499873.0
Bd139 ترانزیستور,2047207.0
mahsoolat morley,11000524.0
پلاستیک فایل باکس,6413628.0
کاور ردمی۱۴,17567737.0
واکس روغنی داشی,11723131.0
برچسب ماشین ژاپنی,13568527.0
شلوار بگارتشی,7834490.0
گوشی سامسونگ  ام ۵۱,4207087.0
ست کارد و چنگال آشپزی,5373322.0
لباسشویی امرسان ۷ کیلو,456522.0
لامپ گرامافون موزیکال,16112946.0
کنسرو رب گوجه‌فرنگی طبیعت,2149655.0
بند شیامی,10784902.0
لوازم تهریر فانتزی و کیوت,3403213.0
موتور برق شینری,8820530.0
ناخون گیر برقی,4097330.0
ردی استیراپ,1033928.0
Women's glasses ring,6754789.0
کتاب ۵۰۴ لغت ضروری,1622791.0
بند 5 galaxy watch,10901262.0
آدیداس سوپر,5202043.0
کیدز الکتریک راید آن کار,11116159.0
Physics scientists poster,6613130.0
کیبورد tapoo,2843881.0
وسایل برای دوچرخه و موتور,159657.0
Bluetooth amplifier and audio player kit,7684242.0
كاور ميز اتو سايز بزرگ,4351903.0
اینه برای آرایشی,7495372.0
وان جی بی ممری کارد,1918189.0
دسته بازی ایگس باکس,12775038.0
همه چی پز,173542.0
دفتر‌هوشمند,267237.0
فشار سنج یونیتی,423594.0
گردن بند زنانه مدل حلقه,5378489.0
چراغ مطالعه گیره ای مخصوص مطالعه کتاب,330843.0
toner hyaluronic acid ampule images 500 mil,4486220.0
قابلمه ام جی آس سایز 38,636662.0
کتاب کمد,448489.0
لاک ژل میا کد215,13579808.0
کش مینی لوپ پارچه ای,9807887.0
ماشین اصلاح موی صورت کیمی مدل GM-6025,436821.0
نوار درب یخچال‌پارس,6661078.0
فلوئید مناسب پوست خشک,7221868.0
کرم لاسنس,7162291.0
میسیز ابراهیمی,12648431.0
گوشی شیاوومی 11T پرو,7051551.0
گوشی  Redmi13C,13518262.0
لاستیک,17633615.0
بوش و پستون پژو پارس,7638641.0
zhel shostoshoye maman seri,1825326.0
بند ساعت گارمیین,3238360.0
کش مو دو عددی,5283135.0
دریل 18ولت شارژی,4353116.0
فرانسه کوچک,2171761.0
گلس آنر لایت,8869738.0
قالب حروف انگلیسی برای رزین کاری,8270275.0
قلاویز NPT,1653131.0
bazi fekri shahrdaar,9243998.0
مقاومت 15 اهم 3 وات,12976560.0
سکه پارسیان پارک مادر,11623178.0
اسپری حالت دهنده الیف,3500158.0
Sport motorcycle rear turn signal light,996546.0
بیواکو کاو میلک لوشِن,8423423.0
viana 3.1,14638250.0
کمپ نوروزی,2767413.0
navar motor quick,3551212.0
لگوی بنفشه,4496965.0
taghvim minimal roo mizi,9928540.0
میز اپن آماده,7363437.0
Samsung A20s phone case with back sticker,13278798.0
باتری  هندز فری,3048569.0
بلوز استین بلند لانگ زنانه,5466323.0
سامسونگ a05s دخترانه,14333378.0
ماسک نیم صورت ترم ام,3758086.0
One-piece floor mat for Peugeot 207,849644.0
گوشواره مدل بقیه ای,8033239.0
گوشی موبایل کوکا کولا,4754715.0
کتاب راهنمای بالینی تجویز داروها,10780879.0
mokamel kalsium gorbeh,7431580.0
نهرين,737108.0
پالاز مسافرتی,2808706.0
مارک دناپلاس,1160075.0
عطر مردانه ژاک ساف,9895515.0
فرغ ن,2022697.0
قفسه ایستاده اهنی,4985247.0
کوپلینگ شیلنگ بخاری ژاپنی,9089232.0
shokolat khori doodi,305236.0
لاک پاک کن کامن,4640838.0
آدابتور شیامئن,9290682.0
بتزی ها ی خوب,4925584.0
تونر بادی شاپ پوست خشک,11475040.0
کاور مدل MYمناسب برای گوشی موبایل سامسونگ A12,11424321.0
ادویه آرومان,13431040.0
اینترامیل استاندارد,7964485.0
برای موتور جا کلیدی,1584808.0
اس‌لیتر ۱ به ۲ آنتن,4270768.0
لباس های نوزاد دختر,2743922.0
رهایی افکار سمی,9951863.0
خودکار۶تایی,9705085.0
عروسک پرانسس های دیزنی,50718.0
اسپیکر مکسیدر 524,10630704.0
وسایل امازون,2856776.0
فوم تمیزکننده  چند منظوره,1412732.0
عرق خارشتر سرمد,6363775.0
چیکن,13002646.0
فلش صرفیت ۱۶,4522712.0
ابرو شیشه عقب,11434306.0
بروملین,3551682.0
penny wise action figure,428020.0
شورت مردانه    مدلSPACH,4810357.0
موبایل سامسونگ مدل galexy a02,4177353.0
کتاب پیانو نبی زاده,49393.0
چاه عمیق,3919520.0
ادکلن مکزی,5604877.0
تلویزیون 40 سامسونگ,498576.0
بازی الاغ,11792453.0
قلمو رنگ رولی,2538094.0
Green Case Fan model gf120,3400456.0
قرس السیستین,12375903.0
کیبورد maxim,8182052.0
قاب ایینه راهنما دار سمند,16620811.0
الی ز کیتا,723825.0
daryaft shod,5180245.0
فندک مدل آدیپاس,2703757.0
سوالات تستی کلاس شش,5276317.0
زیر نشیمن باریس,6801649.0
ساعت mtpm305d,13266648.0
ویاکسی,15743868.0
charkh zhanome model 802,3111577.0
کیف پول سویل,6580689.0
چاقو d155,9372677.0
کرن لایت ۲ میلیونی,8544546.0
قالب برشی,1808733.0
فرئون R22,14769556.0
اکسل عقپ پراید,6524315.0
طرح لباس مدل پسرانه بارسنولا طرح سوارز,4512980.0
ghorme farsi,757391.0
قالب گچسازی,10612566.0
مینی فر ماکیتا,115561.0
peugeot 405,10970047.0
خط لب قهوه ه ای,1519836.0
گلاس محافظ گوشی,8686817.0
قاب گوشی M13 4j,13618602.0
پرچم آویزی ماشین فرانسه,2357210.0
اسپری داشبورد هانفر,8752810.0
لامپ اسپرت خودرو پارس,6631202.0
اسحله کمری,6533827.0
لوله اگزوز سیلور موتور سیکلت,5264862.0
جوراب تن پوش هنگامه مدل اسپرت کش,10493947.0
ژل شستشوی صورت درمالایف,6566208.0
وسایل دکوراسیون جغد,7222721.0
Aspire v3,80694.0
جیپاس دوقلو دیجیتالی,3152704.0
مماشین هساب عروسکی,5616229.0
رادیات نیسان دیزل,12534060.0
انگشتر بادکنکی,745924.0
قاب j2 pro prim,14090709.0
عینک زنانه مدرن,13905556.0
انواع فولیتسمای,11098593.0
انگلیسی,245396.0
همین تن,4937291.0
پایه پرده LED,281133.0
Robert f,9962261.0
اسپیکر GTC 1702,11498716.0
مغازه میوه,3444932.0
گلس مات x4,8806823.0
چسب برق,2160141.0
تاپ شلوارک نخی پسرانه 8سال,6007873.0
هندزفری گردنی ear phone,1683564.0
Rtx 3060 msi,8229659.0
poncho baft zananeh garm,7174761.0
فیگور چسبی انیمه,6274414.0
گابه گام منتشران دوازدهم,3373841.0
ادو پرفیوم  کازو,10290303.0
پیراهن مردانه جی تی جونز,11000594.0
برای گوشی ردمی ۱۰,10217020.0
دستگیره و قاب خودزو,5165276.0
پراید پیکاپ تراک دابِل اِسپرینگ,4862377.0
ایزی گواو,13880861.0
رئال مادرید جرزی نامبر تونتی وان,12453877.0
کمک عقب ایکس۲۲,826701.0
تاماکوحی,14947512.0
شمع عاسپشقانه,1638404.0
اسپیکر بلوتوثی قابل حمل پووروان مدل psb4117,13865602.0
کاور گوشی موتورولا Moto G 5G plus,4225979.0
فانل قهوه ۵۱,9345320.0
کتاب خوت باش دختر,1110715.0
اویز گوشی کرومی,3400318.0
خدکار تقلب,620316.0
وسایل گول زدنی,1972289.0
NVR WiFi,521444.0
گارد بتمنی شیائومی نوت 12 ساده,13521833.0
میخ کش کانگرو,5297748.0
آچار خار باز کن کج,9436496.0
تلویزیون اینپریال,10758233.0
فور پیس مادل نکلس,12275335.0
کیسه آب برقی,13154422.0
باکس هارد m2,5652072.0
NG underwear,3068071.0
دسته لوازم آشپزخانه ماهیتابه نسوز,1492020.0
لباس خواب زنانه مدل گیپور کد ۴,7730595.0
روغن زیتون برای مم,646719.0
پرژکتور مدل Hy 300Android,13783263.0
Motorola Moto G5r,9645982.0
دستمال کاغذی سفره لوله ای  ۴تایی,10248995.0
لوسيون بدن دافى,4294581.0
قاب a310,9387650.0
جا مدادی آنر,3343597.0
کاور آیفون ۸,192637.0
فنجان چای خوری شیشه ای لیمون,3701580.0
کمک عقب پراید hic,8963792.0
پستیل,2283053.0
تاپ زنانه کلاه دار,9611795.0
کاور گوشی سامسونگ A24 سی بی,14082098.0
فیکسر سیاه قلم,794921.0
گاردگوشی شیاومی C12,12594212.0
ادو پرفیوم مردانه فرانگس مدل ویکتوریا,10680006.0
قاب براي گوشي اپل ١٤ برومكس,9357873.0
میکرو ی,11846022.0
Gold M necklace,5157397.0
دستکش تاچ اسکرین,17484673.0
دیسک وصفحه,1097368.0
شیامی نوت پونزده,14525482.0
اسپری مو تافت مدل  shine mouse,1629774.0
Maxiss,5984226.0
پراغ جلو ۲۰۷,4231446.0
sandali edari sport,10977036.0
کیک روغنی دورنگ شیرین عسل,9568957.0
گ گوری,1619296.0
قالپاق اسپرت برای ساینا,3042455.0
هواکش فلزی ۲۰,606578.0
pakatname modeli hediye,10484612.0
اینه سبز دیواری,12181285.0
T50 epson,2514163.0
جاپا موتورهندا,7265386.0
half tarash,7289290.0
جا کلیدی ساطور,2364525.0
امپیلی چهار کانالjbl,264920.0
قمقمه تصفیه اب,584794.0
چسب زخم کودک پاندا کد ۲۰۷ بسته,3500394.0
کفشپسرانهخشکل,2984540.0
شطرنجی سوپرماریو,10974840.0
بانی,8449627.0
کتاب py x Family,8489421.0
تیشرت فوتبال تیم ملی,937532.0
شیکر  0.7 لیتر سه تیکه,7980019.0
شماره طلاعات لوازم خانگی,3734565.0
Ashtar,2595835.0
راهرو باکسر دیزاین انجین چِین کاور,8098125.0
پنکه کوچک برای مدرسه,1150578.0
منبع انبساط 50لیتری,5075705.0
سرویس استیل با نگین قرمز,552599.0
بنلدگو آتش نشانی,586696.0
پوستر جک اسپارو روی چوب,2714348.0
gooshi realme gt3,8498898.0
System sticker for back window,2103355.0
kuler gazi mark bosh,12016209.0
stand goshi baraye vidioyi,2716707.0
ژل شست و شو صورت  غیر صابونی,2075425.0
pro12t,14862524.0
گوش گیر خواب ضد نویز شیائومی,981926.0
قهوه سارچز دلونگی,4124800.0
چادر برای موتور سیکلت,6706357.0
گردنبند بدل صلیب,1141733.0
Ezam Code Clutch Disc and Plate,6435265.0
لامپ لیتک اچ ۴,12673045.0
کرمهای روز و شب لاکچری کوین,8513848.0
ایران خودرو ردیاتور,1161679.0
کار ایر پامپ,6566014.0
destroy me کتاب,9048521.0
پنل آکوستیک,1440386.0
کف سه بعدی برای کوییک,6762673.0
میز تحریر کشو و قفسه دار,2381229.0
هری پاتر پستر وسایل و پوسترهای هری پاتر,10591134.0
چسب شکری,832740.0
قابلمه کویر سایز ۲۴,5855224.0
سرویس قاشق چنگال ۲۴ نفره زولینگن,2268047.0
Figure,1425618.0
تیشرت مردانه طرح موتور cB,4641312.0
شیایومی ردمی پوکو,14192992.0
قلاده بندی خرگوش,8824586.0
کتاب هنر فن بیان,13531438.0
ژل آبرسان لیت فور,9842497.0
بال لنسر,5000646.0
اتو بخار 1288 بوش,4519838.0
باتن لایک,2839557.0
لامسه ماهیگیری,7379247.0
va taze,757391.0
مگنتیک کت آی,2453294.0
ال کارنیتین جن استار,3498911.0
درب تسمه تیباقالپاق,3305777.0
اسپایدرمن سیرکس اکوییپمنت,8397402.0
ظروف یونسک,13715232.0
کفی بابل تارا,10261729.0
جوهر آبی برای مهر,2211341.0
فندک آبسوز,1005433.0
کش موی ورزشی,2307028.0
اجیل بریلی,7847861.0
ابشارآبنما,12647595.0
GAt backpack,1529575.0
Mi 13Tگوشی,12956175.0
دوچرخه کوهستان سایز 24,10615202.0
کاور برای ایرپاد برای اپل های کپی,1658599.0
ماساژر برقی پروانه,12522411.0
پارچه پرده حریرکتان,10985290.0
سوپر مارکیت,2103408.0
کاغذ آلود,6731038.0
قیمت موبایل A21,11075754.0
دستمال كافي بار,11204388.0
لوازم ضد سرقت پراید,12456849.0
کاور گارد کیس A۳۲4g کیوت,12214987.0
پيمانه روغن خودرو,7600457.0
استپ عقب پراید111,13530628.0
مینی گیم دستی دسته کلیدی آتاری دستی جیبی کوچک گیم بازی دسته کلیدی کوچک,11188019.0
دستگاه mibox,8431072.0
پلاستیک زباله خودرو,7588506.0
دلونگی کتل فور تو وان اکسسوریز,6323277.0
پاک کن دونات ت,12054588.0
سیلیندریکال کَندِل ویت آیت الکرسی دیزاین,10701126.0
Mazda pickup front grille,13430705.0
کش تیر کمان متری,2326749.0
Blue women's jacket,13533634.0
بدلیجات طلا روسی زنجیر,5115533.0
Decorative barking,14596741.0
جوراب مردانه مدل میم ساق,2675756.0
میدرنج اسپیدوارد ۱۰ اینچ,14860361.0
ورساچع,12452046.0
گلاس اس ۲۴ الترا,14088436.0
کاور ipad Air 7,7184806.0
esprey mohafezat dar barabar hararat moo vokali,604326.0
آباژور رو میز,7311695.0
ماشین لباسشویی بوش سری ۶,11226032.0
قفل درب منزل فلزی,4624691.0
آینه گرد فلزی کوچک,12164451.0
لپ تاپ ایسوس f15ci3,14554731.0
شامپو ریزش مو scalpia,982993.0
لِف لِف,14568223.0
هولدر شیرینی خوری وپایه وگوزن,3849615.0
Sport Neck Hanging Card Holder,3755533.0
صابون اژه tcc,4236441.0
ونيكات نوزاد,13145967.0
از فیجت های کوچیک پسرانه,8339334.0
صندل مردانه پشت بنددار,346512.0
تی کاپ اند ساسر,2771659.0
سوکت تک فیش پراید,5170019.0
glass gooshi note 8,8122684.0
کفش تابستانی مجلسی شیک,5549883.0
Finger size,3882961.0
بیگودی مجیک,1505003.0
A-Z Vitamin Tablets,7432879.0
کاتر 2034,2251277.0
ال سی دی گوشی G730,8677650.0
Soundcore Liberty 4,13579136.0
کراش ناشینی,1505641.0
کیسه رولی بزرگ,169240.0
دوچرخهderak,14019592.0
فلش کارت american english,10644422.0
دفترچه یادداشت برگه کاهی,4475952.0
پکیج جلوبندی پراید,3628688.0
iphon 12 promax نیویورک,11141250.0
کاور فانتزی گوشی موبایل شیایومی با طرح ابر,9252574.0
ربات شارژی,9377384.0
kelid yadak bokhari barghi araste 2000 model zanbouri,2109104.0
قیمت سامسونگ تلویزیون,36838.0
سایه چشم نوت انگشتی,7096623.0
منز کامفورتبل پجاما پنتس,1368162.0
لوسیون مو ۱۲ کاره,9781991.0
Aqua touch shaver,2776377.0
کاور برای گوشی هواویy9a,10821081.0
شیرالات چشم الکترونیک,3072164.0
تلویزیون هوشمند سامسونگ ۵۰,12886918.0
کیف پاسپورت مدارک,13717450.0
میز  تحریر کتاب خانه دار,11525184.0
قاب A73گربه,14312296.0
فیگور شیطان کش,10334174.0
ظرف سرویس پلاستیکی مسافرتی,3785854.0
اسکوئر,17351803.0
قاب جا پلاکی ماشین,2429494.0
وسایل ورزشی باستانی,7246249.0
کتاب کار ریاضی پایه چهارم,12341846.0
لباس راحتی دامن دار,2980913.0
Cyrus the Great wall art,5161662.0
ghab gooshi sabz trend mall s23 fe,13164394.0
ست نقاشی اریا فلزی,2414238.0
کیف عروسکی سوفیا   تبلت,1881792.0
قاب کیفی a 55,15989810.0
esprey zed sas,8173637.0
Katکوله,6005120.0
par dakhel goldan,5720281.0
پارت الکتریک,5059161.0
al si di 32 LG,9659575.0
Pc مدل ردراگون,6953542.0
شومیز یقه قایقی زنانه,5024683.0
لامپ ال ای دی خودرو مدل تک کنتاک,779617.0
مجموعه انگشتر فول نگین,8280670.0
موفورلایف تونیک,951506.0
باربیکیو گازی12 شعله,12956290.0
پوشک سگ نر قابل شستشو,8004308.0
کاور لوکسار S24 Ultra,9269465.0
کود شمعدانی,3534947.0
درپوش بلنگو درب جلو آس ال ایکس,6812434.0
استیکر بزرگ کیوت,3595884.0
سامسومگa25,13215408.0
قلمخوشنویسی,5551003.0
کاور گوشی Honor x8a,13782957.0
سر پلوس فتچ,11590250.0
کپسول پورکردن,3525340.0
پیگمنتا آنتی اسپات کریم,11082522.0
بازی سیاوش,4358875.0
one blad phlips,5749873.0
پایه دسته xdoxs جای ۴ نفر,6943665.0
شب های کویت,14354432.0
کاسه ترمز چرخ عقب کد 0005,2906550.0
سررسید دیپلمات,167334.0
یخچال ساید بای ساید دوو 3730,3222791.0
ههلی کوپتر,7802622.0
تری دی فلور مت فور مزدا تری تو تری,7605704.0
9th grade math intelligence trilogy,4584106.0
Top Face Foundation Cream,12988358.0
rekab docharkhe 28,7135168.0
کتاب چرا خدایی نیست,2561858.0
کیت نورپردازی الوایر,10661290.0
کرم بستنی شکوفه گیلاس,3079364.0
سوزن چرخ راسته دور,7147625.0
Julia Ostie moisturizer,5884397.0
kharide gooshvare zhuping model ghatrei,2209733.0
لولزم عروسک,7451617.0
روغن موتور 10w-40 sn,861621.0
دمپایی fino,11519492.0
عروسک بچه فامیل دوز,1491115.0
کاور گوشی f3,10767789.0
سر شیور فلیپس 7000,7088760.0
ميز مدرن,833899.0
کشک نرم مشهد مایع,1747689.0
اسپری بدن گوگرل,3868112.0
تبدیل شارژر 45 وات سامسونگ,14868576.0
Small Square JBL Speaker,13266203.0
سنگ کریستال,12830142.0
پیچگوشتی اسکروگان,734180.0
حریف بادی کشتی,9686682.0
batman va mashin,4890217.0
کلاه یکبارمصرف ۳۰۰ تایی,2882917.0
چراغ زنون رانا,5285459.0
یدک تیر تفنگ بادی,7778595.0
سایه بان سورن پلاس,7890775.0
روغن گیر دستی,3243004.0
دسبند  چرب نام افسانه زنانه,11435290.0
دلر اسباب بازی باطری خور,12618675.0
UV (Ultra Violet),691099.0
دستبند مردانه چرم عقیق سبز,9349513.0
خمره ۲۲۰,873644.0
کرم ضد لک رونیتون,1554506.0
Canvas hot and cold pad,1459602.0
Silicone case A71,2995939.0
موزنبرقی گوسفند,892394.0
disk bazi haye playstation 4,544767.0
بند ساعت جی تی اس ۴,10011361.0
کاسه پلاستیک مستطیلی,1077019.0
سینک ظرفشویی,14009141.0
عایق کاپوت ارتقاء یافته,14973035.0
پاور بنک مگ سیف,8891000.0
ظرف ماکرویو,790252.0
رژگشونه مایه,12799796.0
اتو صورت مدل درما اف دبی ولاس,9896560.0
قیچی طرح دار پارچه,306998.0
ایرپاد5 پرو,11089468.0
433 MHz parking door remote,3393158.0
نگین صورت چسبی عددی,15246177.0
پوستر تزئینی هالزی,14603315.0
البرز افشان وان بای فور وایر,10471900.0
ست مانیکور ۷ تکه,4260936.0
دکوراتیو وودن استول,2559335.0
نوار شیشه عقب پژو 405,14453589.0
لوازم یدکی اسباب بازی ماشین,7437726.0
رنگ تزییم سمع,216366.0
چراغ قوه ایکس بلانگ,7564833.0
برنس وایا,8692023.0
قلم اهن ربای,734314.0
شلوار بهگ,5436725.0
کادو برای دوست دستبند,1024260.0
action figure arthur morgan,1800278.0
پروژکتور.,2333256.0
لوازم ارایشی کاشت ناخن,12215001.0
کلاه کپ  حلقه دار,8398404.0
پیراهن دخترانه عروس,5963977.0
گارد‌فن,3634502.0
A05   گوشی,13530777.0
سفینه‌ی فضایی,4212044.0
Damar nailing tools,9115881.0
ذهن اگاهی,2941363.0
قاب گوشی شیائومی Note 12 طرح پاییت,12516025.0
اسپری مخصوص ضد عفونی کردن تیغ,4993916.0
چدنی مانیفولد ۲۰۶,8285771.0
مخزن جاروب قی,11475653.0
Wooden cloth pin shelf,10240052.0
حشره کش باغبانی,5608353.0
daftarche va khodkar fantasy tarh dinosaur,7240420.0
بگ پارچه ای تولد,6838826.0
دیوارپوش مغازه ارزان ومحکم,10247677.0
پوسته بخاری وکولر تیبا,5083435.0
روكش كولر گازي,9306368.0
ideapad 3 gameing,12952974.0
جامدادی تحر  یونیکرن چ,12640343.0
خمیر دندان دارچین,602307.0
سی دی ایکس باکس ماشین بازی,1485962.0
منجق کریستال,17420991.0
یقه انگلیسی,10110079.0
pedal charkh khayati jack nime computer,2949512.0
ماژیک رنگی نک تیز,2993408.0
گوشی موبایل شیائومی 12 پرو,9713027.0
سینک ظرفشویی ایلیا استیل,3911995.0
فر کوهنوردی,6868419.0
ماساژور دستی مدل سیلیکنی یکپارچه,14059985.0
کرم ضد افتاب  رومینا,7595752.0
جاروبرقی بوش سری ۸,31848.0
ساعت مچی عثربه دار دخترانه,12543936.0
بانکه مدل شیشه ای,6475537.0
گیربکس  رباتیک زرد,12774881.0
کیف دختره نه ی اسپرت,5190171.0
L90 headlight dust cover,933185.0
استیکر چوبی در آرزوی تو,3716961.0
z318,5197288.0
پشتی خودرو اپل,3170102.0
سامسونگ m34,13581904.0
برنامه نویسی برای نوجوانان,4494747.0
Magnesium 200 Tablets,10340665.0
هوم اسپیکر مادل وان تو فور زیرو,873054.0
دیس گلدار سبز,557051.0
روکش چرم  صندلی پارس,9180929.0
اکشن فیگور گاد آف وار,4680056.0
کابینت آشپزخانه مدل قهوه بار,12744393.0
چهارچرخbabyland,518357.0
ظرف نگه دارنده غذا,7379172.0
ه اتو,876931.0
لاستیک کپیر,10996549.0
قیمت  تفنگ  اسباب‌بازی,687603.0
کتاب اول هری پاتر و سنگ جادو,11424616.0
short sefid meshki,12110173.0
البوم کیمدی,17751721.0
PlayStation 2 slim lens,1136176.0
بلندگو شیپوری 50 وات,677319.0
ست حلقه کاپلی استیل,9530686.0
Football goalkeeper,1548670.0
قاب گوشی ردمی نوت ۱۳,15257467.0
کتاب  دختری در طبق  ۲,3550505.0
Peugeot 206 light,12180030.0
می نی موتر بنزینی بچه گانه,961300.0
برگه ی چوبی دختر,13954687.0
گرلز فون کیس فور جی فایو,13113689.0
استخر بادی بزرگگگگگ,521121.0
کتاب های ترسناک برای کودکان,1740320.0
کاور گوشی a ۳۲ 5g,5089067.0
روتختی صورتی تکنفره,11419082.0
Asus laptop bag,11274192.0
صفحه محافظ گوشی شیائومی ردمی 9,6064579.0
محافظ صفحه تراستکتور می بند ۸,17013373.0
پلستیشن 5 ۱ ترابایت,10475384.0
گلس شیشه ای شیائومی,11405801.0
قاب a2,10275604.0
مدل آزول,1551517.0
رینگ لایتzb,4911290.0
کرمپودر ۲۴۰,1003910.0
pox3گوشی,6013983.0
chagho chan kare,14321650.0
ماشین شیور فیلیپس,2776377.0
سپر جلوی طرح کلیک,1910538.0
سامسونگ Galaxy  M14,12311903.0
کیسه تزیینی حریر,10047735.0
گوشهای LG,1257.0
بازی مار و پله تخته چوبی,9859965.0
کیو سی وای T,8532954.0
Moon and Star Relationship Bracelet,7240959.0
گوشی.s23fe,13628250.0
لارج فیش اکواریوم پرایس,5178689.0
",کشمش",651257.0
وسایل تی اکس تی,7517222.0
گیره پاکسازی,9629625.0
توپ های فیزیک,7954638.0
اخری,1441171.0
میدان کودک,4289432.0
تلویزیون جی پلاس 58,12775243.0
کتاب جامع خیلی سبز ششم دبستان,2190909.0
VR Device,6335627.0
چراغ خواب استوانه ای مدل پروانه,11900976.0
باطری شارژی ۴.۵ ولتی,534530.0
کوله پشتی پسرانه,12522765.0
Collar microphone,13231718.0
کتاب جامع فارسی,4323821.0
اسپکر کهکشانی,11116973.0
برچسپ کورد,6484699.0
بندگوچی,11394257.0
پک بافتنی,2457948.0
استیکر روی لپتاپ,4871471.0
دستبند عکس دلخواه,13158414.0
لب تاب ASUS tufFX507ZU,10082995.0
هارد اکسترنال 1 ترابایت sandisk,12414641.0
سرم بدن آنتی سلولیت,7340419.0
پایه صابونشفاف,2721355.0
گلس کیبوردی,736488.0
گوشت کوب برقی براون مدل mq3135,14467723.0
پکیج نقاشی الپاسی,3308291.0
oil cooler samand ef7,2831303.0
کتاب زبان beg,11912336.0
کیف پول کوتون,4062985.0
بلبرینگ چرخ عقب 206,2588590.0
عینک افتابی زنانه 1471,14922341.0
درب بالا موتور,5717374.0
یخچال فریزرسندوقی,12926611.0
لاک  رنگ زرد,1050226.0
وسایل ماشین شبیه سازی,6161608.0
لاکگربه,1560539.0
سه فیش رابطه تلویزیون,744279.0
محافظ,199623.0
آدامس رنگ مشکی,6843443.0
گردنبند دویتیثث,12549554.0
پرده زبرا100×300,10140363.0
نرم ککنده دست و پای سگ,2760515.0
روحی سرویس,9573460.0
Splendkr,4792107.0
takht narter kourosh kabir,7697738.0
ساعت هوشمند امیزفیت مدل Bip 5,4989781.0
Ps4slim500,607269.0
زیوار استیل  ماشین,7038768.0
چیزی که می چرخد,674062.0
rufarshi kond,5148050.0
قاب گوشی آیفون۱۳ ژله ای,9947773.0
تابلوشعار,8984756.0
گلس هواوی y7a,7604444.0
کیف کرومی دخترانه,13929076.0
دلووگی ۶۸۵,1490182.0
لوازم صدا گیری کابین,6556299.0
صندلی منحرک,5804075.0
توپ آهنربایی ۱۰۰۰۰,9385254.0
ست زنجیر بچه گانه الله,3390986.0
گردنبند به اسم Asal,13391818.0
ج P,4373764.0
چراغ جنرال پرژکتور ۱۳۲,8667588.0
بهترین کادو روز معلم  ماگ,15284231.0
رژ لب بسته تی,12934720.0
رفعغبغب,645366.0
کاور تبلت اپل آیپد مینی,7084646.0
مدال هوشمند,855992.0
گالپاق دوچرخه  ۲۴,13876480.0
کارت usb3,445937.0
ساعت هوشمند درب منزل,428256.0
گوشیpalm,13942382.0
جا کلیدی one oiece,7142116.0
پوشیده چادر,1592745.0
اسباب بازی مدل فرفره انفجاری آشیل ب,7293937.0
David Head Statue,3405536.0
ماسا|ر,2221277.0
شربت سکنجیبین,8331727.0
Fancy light,9235064.0
رزین کدJ1028,6650714.0
سفره متری,813540.0
ravannevis joojeh,6748468.0
کتونی  مارک,3060549.0
Touchpad keyboard,3382080.0
قاب گوشی کیوت شیامی ردمی ۱۱,8476023.0
بازی فکری قلعه تنهایی,6349644.0
khord tefal,138844.0
وومنز هِر تریمر,288078.0
Mathematics Book Year 95,109512.0
sampash sharzhi solo,3950345.0
توپ والیبال کوچ,2008349.0
service ghabelame taghala,206083.0
انشگتر سلیمانی,7129303.0
ساعت مچی عقربه‌ ای پتک فیلیپ,13156585.0
Tiba gearbox clip,6994218.0
کاور کوسن خز ۶۰,7719498.0
اصلاح موی صورت دی اس,3368623.0
پاولی,142420.0
رونه مایع,6935322.0
بویز اِی تِرتین فون کِیس,11411164.0
بند گوشی مرادنه,2393637.0
ساعت اسباب بازی مدل بتن,3250980.0
بازیهای چند بعدی,7096895.0
گوشی کلاسیک بزرگ,25959.0
چسب اکواریو مشکی,1130185.0
محافظ صفحه سیزده پرومکث,7652099.0
نوارجلوشیشه پراید,4288435.0
حوله پالتویی هنرمند مدل تنپوش,15982093.0
تیشرت طرح خبیب,1454764.0
چاقو بزرگ زنجان,665130.0
اسباب بازی مدل فرفره چراغ دار,8793354.0
HONOR x7a Camera Lens Protector,12247139.0
ادکلن la vie st bell,10769991.0
گلس ای 13,10984536.0
ماژیک 60رنگ,1693740.0
گردنبندجفت,13091349.0
دمپایی مجلسی دخترانه,5519812.0
cheragh motor glass rangi delight,10217337.0
headphone gamer,9986629.0
فایل آشپزخانه ام دی اف,1629443.0
ماژول مدل 4056 usb,8068518.0
جا گردمیند,1860173.0
قفسه حیوانات خانگی,2615017.0
ردچرخه ۲۰,4866896.0
پلیور مردانه تریکو طوسی,7154852.0
فلشخور ماژول,7422785.0
PS4  بازی های,12804885.0
سرخ کن تی ولی,7793395.0
dalve plastiki,5597339.0
Laptop sony,8815083.0
Mehrkhah 405 bumper,319553.0
پر سوال فارسی مهر و ماه,14985956.0
هاناکوتا,7224236.0
زنجیر گردنبند استیل طرح سین یانگ,13454932.0
ست لباس نوزادی دخترانه مدل دار,6823515.0
گشواره بچگانه,4682310.0
قلمو خرم کد ۱۸۰۰,5357364.0
سویشرت دخترانه ۱۴ سال,13963533.0
اتاق ۲۰۶ تیپ پنج,1430706.0
قاب گوشی ردمی نوت ۱۰پرو کاستوم اتم آن تایتان,7904244.0
khodkar rangi ising,11254524.0
اذان گوی خودکار,10881540.0
کرم  لایه بردار cb,10461490.0
ماشین اصلاحyGR,7016098.0
محافظ کیبورد شفلف لپتاپ,2279639.0
قفل مرکزی تیبا ۲,2973284.0
Tablet with keyboard in cell,2859399.0
گلس superd s21fe,9013302.0
انگشتر  چند تایی,5700211.0
همزن.هیمالتون,3637389.0
ابزار تاف بیلت,9430343.0
شلوار چهار خونه دخترانه,9513010.0
سبزی تره تیزک,6603008.0
Wooden foosball table,3570769.0
چراغ های زرد نخی,3670271.0
شل گیر پرپژو 405,860400.0
McQueen spoon,1606824.0
لحاف روتختی بچگانه,8749280.0
Imidacloprid,11162265.0
angoshtar safhe gerd,8917094.0
نگین سپر خودرو سراتو,15380581.0
تیخ اسلاح ابرو,5403418.0
لپ تابvictus,9360788.0
یخدان سفری 30 لیتر,4564067.0
هندسفربلوتوسی گردنی,9909994.0
آچار ۱۳ جغجه ای رونیکس,10226912.0
لولای خفاشی درب های جلو پراید,4587844.0
قارسینیا,9797238.0
انگشتر طرح زوم,3415050.0
شربت فروفورت,9478647.0
کنسول دنده پراید صبا,3825801.0
کارواش و پیستوله رنگ,13533432.0
لامپلامپ مخصوص لوستر,679366.0
اِی فیفتی فور دیسکاوِر,261051.0
شامپوکاندبد,4276790.0
هندزفری x7,8898035.0
قابلمه DAnalo,5926516.0
فکتوری اشتری وان وان وان,8461494.0
اتکلن writer,4886374.0
کره مقناتیسس,336184.0
ست سه تای ساک,323611.0
قاب گوشی آینه دار A03,9772859.0
rahl ghoran,2775237.0
ظرف سبزیجات,937828.0
چرخ دنده دیفرانسیل ماشین کنترلی,8069225.0
قاب ردمی نوت 9 کیف کلاسوری,3258412.0
لوازم موتور سیکلت تی وی پی,10685206.0
ایت اُهم تو پوینت فایو وات مینی اسپیکر,14054239.0
Harry Potter scarf,13340581.0
باطری تلفن p511,13144366.0
gooshi 6630,7876949.0
محافظه صفحه ساعت هوشمند k59 pro,14638569.0
سرخ کن رنه,17601869.0
‌ورتو,514988.0
mask moo hamam havi roghan argan,7812216.0
سر شیر اب پایه بلند,10823610.0
کاغذ دیواری برای گیم ماینکرافت,17217836.0
Black Sequined Manteau,13220379.0
Sensor module,6896633.0
Braun 3-in-1 electric meat tenderizer,8735928.0
ینسی کرلی هر استایلینگ موس,770774.0
خنک‌کننده پلی استیشن 4,1804837.0
Silver Yumus Yarn,5116408.0
برچسب جی تی ای,2960094.0
وال هنگ,15937518.0
مام مالیزیا,608796.0
با زی لپف,2719011.0
کاور گوشی ایفون سون,13251635.0
یواش بی بلوتوث,3232487.0
اره افکو,893475.0
Lace underwear and wireless bra set,14391334.0
دمپایی روفرشی تارا مدل اینا,7947685.0
ساک و چمدون,6622267.0
Poo m3,11494321.0
Anker gaming,10558674.0
اسباب بازی ماشین دکوری کوچک,5062268.0
چراغ متری متری دوچرخه,831483.0
محافظ صفحه نمایش مدل super d A34,11682472.0
گردنبند خلیجی طلا,5385015.0
Galaxy watch activ 2,2349276.0
سنگ استیلبر,2191842.0
اچار یکسر رینگی,2610656.0
فلش32 گیگ verity,2715002.0
Decorative chalk board,3891080.0
زنگوله سقفی,9928892.0
Witch blush,5425836.0
پوکو اف فور فون کیس,10044979.0
گل های کوچک,15121526.0
کارت دوست خوب,4549471.0
پلاک  اسم یگانه,716418.0
باکس dvd رایتر کیس,1577264.0
حقوق‌بشر در اسلام,2152076.0
بادی اسپلش زنانه آنیلا مدل آدامس خرسی,12152772.0
دستکش کار برق کار,190423.0
شورت مردانه پادار,9358671.0
کتاب کی پنیر مرا جا به جا کرد,37261.0
آیفون xs max,2144967.0
آمینو اسید کامل,3515888.0
بازی تفنگ امتیازی,9330978.0
کتاب نمیگذارم,3820358.0
ارکو پال ظرف,5934742.0
وان پرنده دوش دار,2406148.0
دستگیره درب بازکن ام وی ام 315,13196606.0
ادو پرفیوم بلو فورمن,6748502.0
کرم پودر کالیستا کامفورت,11115659.0
وسیله های موتور سیکلت,3125401.0
Glass cosmetic bag,13467787.0
قیمت اور فرز,7204175.0
سرویس قابلمه ۱۵پارچه زنبوری,9999118.0
چتر ماشی,14577768.0
ماشین لباسشویی پاکشوما ظرفیت ۲۱,11079523.0
لب مصنوعی تکی,5666461.0
ماشین فلزی ایرانی,9704028.0
mohafez doorbin poco x5pro,12444156.0
ایر پاد f9_5,14390411.0
حسین می باشد که,3740380.0
بستنی بیسکو رول,2842162.0
آلیتا آکواریم,11560128.0
ماشین اصلاح موی سربابلیس,7118751.0
کف پوش ۵بعدی کوییک,13261389.0
چاقوی آشپزخانه آلمانی,2069596.0
ابمیوه گیری kenwood,3135503.0
آن 9a,7053063.0
پیراهن مردان بزرگ,8391414.0
بادکنک حیوانات جنگل,10884328.0
لوستر دکور شاپ,9248539.0
فرش ماشینی فانتزی کودکان کیتی,1601878.0
ماسک صورت ggost,909536.0
فلز دست ساز,10426374.0
فرز سنگ‌کاری سبک,186067.0
Sports outfit with shorts and tank top,12455954.0
لباس لیونل مسی در بارسلونا,939238.0
ستند زيورالات,2342736.0
دانگل تبدیل تایپ سی به چند پورت usb,16531727.0
مایع ،رفشویی,205739.0
Areon (car air freshener brand),534631.0
poco F5 قاب گوشی,14410946.0
ال ای دی شلنگی فلکس,2294408.0
کرم مرطوب کنندهرنگی,1435319.0
هودی گنگ دخترانه اسپرت,12807422.0
نیکوتن پوش,13384011.0
شامپو ارگات,9077569.0
آینه کوچک  برا دیوار,314196.0
پرزکتور زرین سیما,4563908.0
قاپ گوشی سامسونگ a7 طرح زیبا,1757699.0
18 mm smartwatch strap,11704036.0
پولیش واکس پی اچ دی,1541231.0
ساعت  مدل x10,468422.0
سرم دور چشم پوست حساس اگزما,8480468.0
سوارش موتور هندا,10510261.0
تیر مدل t4,3054003.0
بک کاور a20s,2920090.0
موس hp بی سیمی,10090799.0
مانیتور دو ولوم خودرو رانا,2981561.0
پریجان,10057487.0
زین موتور,8949433.0
برچسب بدنه خودرو حسین,7038535.0
زنون دما,172747.0
کتاب پادشاه پارسی داریوش یکم,231773.0
headphone mh14,12950291.0
تک توی جنگلی,1563637.0
یحچال تک,11246431.0
شربت liver,10804858.0
نگین گیفت,4500400.0
پروبیتیک پرندگان,12535621.0
لوسیون  چیکو,97756.0
نحود و لوبیا,5439069.0
پایه نگهداره شلنگ آب,7535129.0
کاپوچیتو گوددی,9875795.0
سوزن انژکتور گاز نیسان,12554568.0
سفر فوتبالی,855999.0
هنذفری کلاه کاسکت,451154.0
لباس ورزشی دروازه بان,716113.0
taken,189571.0
رمان دختر درتغالی,1502558.0
لباس ورزش رونالدینیو,11841668.0
کارت شارز تلفن,3890870.0
مهره مروارید,6308150.0
jaye khakestar sigar,624926.0
کاور گوشی شیائومی مدل pm 8pro,7390635.0
ریسه ال ای دی ۱ مترب,5069534.0
پیکور برقی BPZ,10835201.0
ساعت آینه,5357338.0
آتش زا فست فایر,6770785.0
Infinix 11play,13399395.0
دیوار کوب طرح خدای جنگ,3971425.0
قیمت کود پرورش قارچ,3859841.0
اُلد پژو تو زیرو سِوِن هِدلایت,9053136.0
لنت ترمز عقب لیفان ۸۲۰,5620278.0
تایر موتور 200 جلو,576371.0
لیوان ماداکاسکا,7054953.0
Mcdodo hp-330,3517431.0
روحش درب۲۰۶,2666771.0
اکسسوری چراغ دار,9654161.0
edo bugatti,582429.0
هارد اس اس دی کامپیوتر,1843483.0
آویز تزیینی کسف,7364909.0
کفش جیت,6003185.0
پیراهن دکمه دار زنانه,7915316.0
شکلات کاکایویی گرد,10527270.0
سرم مژه سزیتا,11512116.0
دیمر چراغ ال ای دی۴ولت,16736391.0
سیم اتصال به بدنه موتور,11109796.0
مبدل سه فیص,405946.0
کاغذ رافیا,6256896.0
سه راهی برق یو اس پی خور,5148230.0
کالکشن ۵۰۲,1443507.0
میبند مردانه شیائومی,643764.0
ماژول تنظیم صدا,2610567.0
شامپو رنگ موی بنفش,1955382.0
موتور ساعتشب ناب,2871672.0
speaker cerb,12546851.0
فیلیموباکس,2849057.0
شکلات فندوقی smart,6135608.0
تَک مَساژ ساپلمنت,154397.0
zivar alat mardane angoshtar,10635917.0
عشق سرخ,325520.0
مداد فشاری 7.٠,2101667.0
کود micro max,10730025.0
naghshe sazan,217153.0
ارپاد مدل دار,14472064.0
lavazem tahrir tak shakh,14751687.0
Kw99ساعتهوشمند,9800297.0
اسپری چند منظوره آنتی باکتریال,3325837.0
انگشتر دخترانه اکسسوری ست دو عددی طرح روح,10556052.0
لپ تاپ رنگ صورتی عموپورنگ,6349054.0
shoyande lebas softlan,17088276.0
هندزفری بلوتوثی مدل m28-c-damax,9283347.0
اکسپریا نوزاد,2992.0
تابلو وژن برد,10909098.0
پالت رژگونه خرسی,11906988.0
عینک مستطیلی صورتی,1350873.0
تلق برای سنگ مصنوعی,13906032.0
هنور x9 b,3765030.0
تیغع,299944.0
دیگینیتی پرستیژ,10231475.0
ساز  بربطاسپرسو ساز,15325190.0
nokhod keshmesh,1515290.0
بلدم برم,9952903.0
اویز گردنبند مدل مارکو دایره,15912361.0
میکل وی,2596634.0
Montage,1645794.0
کفی یک تیکه پژویی,181330.0
فیفا ۱۸ ps۴,317619.0
عایف لوله,12050377.0
غذاش خشک گربه,3540612.0
طلق پرس سایز A4,7742260.0
ترمز کفی,2132786.0
کلید چراغ دارمناسب پراید,7512465.0
قالب چراغ قوه,11346338.0
Soundcore guard,12457774.0
لامپ دنده عقب سکند,7796412.0
واشر سر سیلندر پژو ۴۰۵ استیل,6984499.0
قاب گوشی سامسونگ s23 fe,13065873.0
kif bashgah asb tak shakh,10796599.0
کاور تب اس ۳,6206347.0
گلس Redmi not 8,7988240.0
باگیر مردانه,944925.0
کفش های  سبندی دخترانه 10 سال 35 36,560818.0
Wel lwoman,5064814.0
کار ویندو تینت اپلیکیشن تول,2603992.0
گوشی شبائومی ۱۳ پرو نوت,14132342.0
وود دریل بیت سایز سونتین,10985094.0
کتاب برق کار ساختمان,7142852.0
gheymat gooshi samsung a11,4823914.0
گیربکس هوو,10162415.0
توپ فلتبال,13519086.0
باند دبل اکتیو,7432265.0
کوله برای بسکتبتل,1144032.0
جسمن,4197849.0
کفی سر سره طبی,4321877.0
بشقاب شیرینی خوری چوبی,9899588.0
گیره نگهدارنده مونوپاد مدلYN,1491994.0
لاستیک بارز700,3437.0
کارواش  سر شلنگی برنجی,11796792.0
کربند قهوه ای کاراته,11592601.0
ماکت چرخ فلک,5076264.0
استند چاقوی آشپزخانه,3022844.0
عینک آفتابی ترند,10351598.0
ادکلا اسیژن,54695.0
گردنبند دخترانه  گربهای,13245538.0
مسواک دندان مسنوعی,12547362.0
کفش هومتو خوش رنگ,10312343.0
قاب گوشی ایفون ۱۲ طرح پزشکی,11722455.0
angoshta lebasi,9665402.0
ماشین اصلاح وی جی آر مدل ۹۶۵,7886575.0
فیول تنک فلوت پارتس,4953306.0
دستگاه وای فای اینترنت تک سیم,1496655.0
می‌بند8,13349301.0
کاور آکادا مدل سیلیکونی طرح Lens مناسب برای گوشی a52s,13945893.0
بی بی مرم گابرینی,1108894.0
قرص ویتامین بالای ۵۰ سال بانوان,14017564.0
جا قاشقی دستباف,5992012.0
باطری تبلت galaxy tab 4,684396.0
پفک با طعم مرغ بریون,806089.0
میز ترسناک,8659443.0
چراغ کرومی,15309498.0
دستگاه استارتر شارژ,7920573.0
شارژر باطری ۳.۷ ولت,2053912.0
کرم نرم کننده آبرسان نئودرم,111606.0
قلم  صفر شویی,9141108.0
گلس برای گوشی edge,9147929.0
کتاب معرفی جاهای دیدنی ایران,4251149.0
فتوکرومیک برچسب,1789638.0
earbuds Xiaomi,10010228.0
محافظ صفحه موتورولا اج۴۰,12673805.0
قوری قهوه جوش سانی,5419091.0
پازل اتشین,8000168.0
تلویزیون سامسونگ هوشمند 43 اینچ,329106.0
kerem dast nitrozheneh,11914277.0
شیشه ماسک جوشکاری ۱۰,4216113.0
810f,3074423.0
لوله سه راهی پلی اتیلن,2262129.0
محافظ لنز دوربین گوشی s23FE,13148210.0
ja soeechi sullivan,15247016.0
لاستیک سایز ۱۶ بارز,11764073.0
کمک فنر عقب اریسان وانت,14218455.0
برقلب برا لب,7308250.0
روشن کننده پوست بدن,6919034.0
تخته  عقب پژو,6854553.0
فیژت ضد استرس طرح موز,12391533.0
ضد جوش لامینیت,831820.0
فیگور‌جوکر,615164.0
روکش پدال خودرو هیوندای ورنا,3364429.0
lebas mamad salah,2805018.0
فیجت ضد استرس ترح تاس,630081.0
آبنبات با قرص نعناع,10661237.0
ست قاشق چنگال بشقاب,1508629.0
دکوری های چوبی گیتار ادمک,6394152.0
شیور صورت ماتیکی زنانه,9119757.0
Mini camera دوربین,3592470.0
دندون سپر ۲۰۶,16432146.0
سیم  دوچرخه,4875708.0
استیکر دخترانه فانتزی,3178498.0
کاور مدل PLP-01 مناسب برای گوشی موبایل شیائومی Redmi 12,12308731.0
damnoosh giahi mehrgiah 14,612594.0
کفش کوهستانی,6175504.0
ساعت دیواری اتاق جوان,6819000.0
کتونی آیکس 2,142262.0
چارجر اند کیبل,251724.0
لاک  ژل مغناطیسی,2583317.0
قاب داخلی اینه برای پرايد,12974267.0
model call of duty,11368177.0
تراس ۳۰ هزار,7340343.0
قاب گوشی برای سامسونگ +‌s8,8248596.0
دستگاه آسیاب نوا 3661,11838209.0
کیف پول طرح نازیسم,7290594.0
شارژر نوکیا g21,8267393.0
رینبو سیکس,13612974.0
galaxy watch active 2,3532676.0
بکس فشار قوی ۱۹بلند,12337287.0
پلاک ماربر ۱.۵۰۰,10237644.0
مقوا ۲۲۰گرم,370531.0
محافظ سینی206,4836859.0
",خردکن",495439.0
چراخواب بارونی,14574143.0
Kiko nail polish,13816037.0
کره بادام زمینی پروتینی وی,6567845.0
روتختی سایز ۲۰۰×۱۲۰,9761959.0
کتاب انگلیسی TAK مهارت شنیداری زبان,42785.0
کپسول هوا.سربرش وجوش,10747132.0
dastan haye mickey,12380068.0
لامپ های حمام,7460260.0
Golden flower in a gift box,968607.0
میوه خوریخورشیدی,13933524.0
روتشکی کشدار یکنفره سایز  140,9529336.0
فنر پرایدیع,2355599.0
فیلتر دستگاه تصفیه آب خانگی,7184432.0
ماشین لباسشویی ۱۴۸,9065602.0
لوسیون کودک,4290740.0
وان حمام برای  جوجه,2406148.0
شلوار بغل دکمه ای مردانه,7795622.0
ادکلن خریسون,5362159.0
انواع زیپ خیاطی,9411876.0
ماکت بل,7451334.0
ویرایش کارت بانکی,4793273.0
دوچرخه فوجی ن.,35299.0
قیمت جای رختخابی,1837601.0
ظرف نگهدارنده شیشه ای کامل,3888213.0
تیر پرتاب کن مرد عنکبوتی,1984456.0
اسباب بازی رول بال,419298.0
چسپ زخم,8004738.0
شامپو بدن puply,14018731.0
Gtx 1060,341677.0
اچار بکس سه پر مدل دسته بلند,17048438.0
فن memo DLA6,12637319.0
پازل ۶۰۰ انیمیشن,8366107.0
کابل ۲*۲.۵ مفتول,9881235.0
بک ساپورت چر,1803281.0
شلوار جین مردانه آبی آسمانی,2031949.0
گیلتر صورتی شاین,532964.0
Magic trick cards,631598.0
وکس موبر لیدی میکاپ,5748923.0
الحفظ,4798605.0
code name بازی کارتی,693723.0
کاور گوشی a54 دخترانه,12283267.0
خون باند,9546468.0
تلویزیون rq752,10897293.0
قالب پتیسه,2203392.0
دستبند مردانه با قفل لنگر,11595254.0
گل سلطنتی,1084233.0
0.5 amp charger head,2081187.0
daste sheber ahromi,7386687.0
اسلایم شکلي شب یلدا,8996055.0
روزگار وصل,10183601.0
کولر گازی موتور t3,12177638.0
قلاب اس,6163723.0
iphone 6sگوشی موبایل,5306528.0
ghahve saz tefal express model cm4155 tefal cm4155,31644.0
اسباب بازی قلمی,671036.0
glass redmi note 4,228268.0
پولو سبز عطر,5703443.0
Poster holder,12498534.0
کی بورد,14583873.0
ست کامل سطل اشغال دستشویی وروشویی,6578308.0
سر دنده ۲۰۸ مشکی,2783887.0
شمعدان سه عددی انار,191576.0
اس پد,5189.0
نخت,8468225.0
انگشتر دخترانه اسپورت سیاه,10229655.0
سینی ادرارسگهاچیکو,9357417.0
جاروبرقی ایستاده سبک,8383328.0
کتاب  هندسه 1,113181.0
ماشین چه ژی بی ام دبلیو,8304319.0
سامسونگ تی وی تی فیفتی اینچ,2408736.0
قاب گوشی ردمی پرو 9,2963787.0
ال ای دی برلین,6102391.0
کولت اسباب بازی اهنی,8235932.0
roughan organ 100,1626901.0
دستگیره سلیکونی تابه,1057886.0
شلوار ورزشی پارچه,3713495.0
تخم‌مرغ,7278098.0
پمپ ظرفشویی,2710840.0
ماژول iled,7709648.0
کلید بالابر شیشه سمت راننده تیبا,11743122.0
ادکلن ادوتویلت بولگاری زنانه,55691.0
استیکر لپ تاپ طرح باحال,3579546.0
شورت مردانه پنبه,14566452.0
ابرسان  اورآل,6090847.0
Redmi 12i phone case,12686706.0
تلویزیون میدی استار,7144000.0
شیلنگ فن کوئلی,7444105.0
نی چرز,8481749.0
تابلو بوم پرتره,3115148.0
کتاب تاب,11330882.0
نخ نیل,10214171.0
poco M6,12747983.0
سامسونگ A 35,14399184.0
لباسشویی ۸ کیلو اتومات ناسیونال,10914314.0
دکوراتیو مدل قلب,5002501.0
ظرف چهارقفل,14115658.0
کتاب اموزش انیمیشین,9289318.0
لباس فرزند,1093270.0
kaghaz glaseh baraye khoshnevisi,2223115.0
برای آشپزخانه برای آشپزی نگهداری,1798672.0
رایگان توس,3071170.0
دستمال حوله ایرو,6391068.0
دستگاه فیزیو تراپی توتانسل,11970874.0
تی شرت مالدینی,8127544.0
جای سیخ لیمون مدل بامبو,1958831.0
لوله اتصال پل کوتاه,9330621.0
cover gooshi nokia hooshmand,5904494.0
کمربند چرم سوسمار,9468485.0
فنجان قهوه با استند چوبی,6352215.0
کراپ تاپ کبریتی رنگ مشکی,11588770.0
کاور گارد ایکس طرحEren anime,14210521.0
تابلو سمندون,9378758.0
بر ریموت ۲۰۶,2391271.0
تیبا کار فرانت ساسپنشن پارتس,4529283.0
مهماني,739779.0
کرم ضد افتاب ژوت spf50,6269908.0
کاور poco x4 pro,8886721.0
جا کلیدی دیواری تکی,5930020.0
اپلیکاتور رنگ ویترای,3993200.0
اوتومو نانوسرامیک,7808672.0
خدکار طرح صدف,7908031.0
ghomghome denat,8639614.0
کیواندکیو ویمنز ریستواچ,3454494.0
پنکه شارژی با باتری,12746508.0
کیسه زیپ پلاست,885682.0
قهوه سبز,17450264.0
جاکفشی مفتولی,10117064.0
اتو بخوار کرون,1725361.0
سونی فیمیل پاور پلاگ,10768868.0
تیرینک,8687712.0
فرمون موتور ۱۲۵,1851696.0
Everyone Dies Alone,1828208.0
هنزفری بی سیم نویز کلسلینگ دار,9918604.0
کیچِن کارپِت اَند راگ سایز وان تو زیرو بای وان ناین زیرو,9770679.0
کاور برای سامسونگ A20s,3618324.0
بیتروی آیبرو کریم فور اویلی اسکین,12586759.0
MB 4950,12662591.0
بادگیر شيشه جلو مناسب برای پراید,11421030.0
چرخ ترالی,526527.0
النگو ۳ عددی مستجابی,8384280.0
تخت کنار مادر بونیتو,4323264.0
Ronix laser level,10040160.0
standard naghashi sazman fanni herfe ei,6135735.0
یخچال فریزر دوقلو گلوری پلاس کلور,6048427.0
انگشتر ریل,7940220.0
هارد اکسترنال 2 ترابایت western digital,24775.0
Hdd,103641.0
پک. ساعت. هوشمند. و. ای,11372593.0
zed aftab lafarr mask mooye lafarr,715340.0
چاپگر اتیکت زن,607449.0
قاب کوچک فانتزی,453777.0
محفظه لوازم,503450.0
موس برای پابجی,3693380.0
منبع اگزوز 106پرایدی,9850282.0
لایه بردار جنو بیوتیک,13213147.0
poudre esanse tout farangi,491322.0
کیسه بکس پارچه ای ۷۴ سانتی,12381319.0
گیر مو زنانه مدل,10860371.0
کاور ریلمی 55,13785575.0
ساعت اپل واچ x9,13550999.0
حلقه گردنبند مجموعه ۵۰ عدد,12965291.0
پودر لیمو امانی,651025.0
سیم کشی کامل سورن ای اف سون,15001598.0
لووستر اتاق خواب,12536422.0
مک دودو بولوتوس,10066988.0
هارد اس اس دی ایسوس,8737685.0
اسپری کت نیپ گربه یوروپت,4481700.0
لگو پهن,5941999.0
فنر موتورلباس شوی,6520197.0
النگو طلا  زنانه,8135591.0
دیسک چرخ پرایدی,6459788.0
سنسور درز,216900.0
خط کش ۳۰ سانت کلاسیک,7359906.0
کارت های کیمدی ۲۰۲۵,17480397.0
لاستیک دور در ام وی ام X33s,14380342.0
کرم دست آریانا,9380520.0
چیلدرنز روم اکسسوریز,5895194.0
فن کولر ۱۲ هزار  دو تیکه,10457347.0
پایه نگهدارنده تلویزیون ۶۵ اینچ,3225041.0
5 Pixel CCTV Camera,8864536.0
سنگ ماساژ کمر,1827485.0
موادلکه برلباس اکسیژنه,12233216.0
پیسی فر,8444265.0
لوسیون ضد ریزش,749485.0
هدفون فیلیپس با سیم,22481.0
zed aftab MQ,8671752.0
ست بادی و شلوار,5182912.0
درب محافظ غذا,9442728.0
زنون برای مه شکن پراید,3183048.0
چمکه آتشنشانی,192498.0
قمقمه ی عروسکی,10566095.0
فر توکار فرانکو,10710833.0
موکت cng,9319210.0
وسایل جانبی اسبیکر,1592461.0
تخت کمد۲,6231522.0
هدفون انکر life u2 i,9729133.0
carburetor mini yamaha,11094223.0
دستگاه‌قهوه ساز nesperso,400168.0
پیچ و لقمه,1117102.0
ferfereh tarh bob spongy,5345214.0
لوازم سمند مولتی پلکس,755465.0
گوشی4 ملیونی,13804646.0
اسپری محافظ سشوا,3218826.0
برچسب  مات کن,5826102.0
لباس ورزشی قطری,9776588.0
خورشیدی و زنجیر,4341832.0
موتور جوش ۷۰۰۰,669351.0
کابل شارژ not 11,10432400.0
قیمت سه تابه گرانیت در سه سایز با درب,616284.0
بی بی کرم یونیکو,8615306.0
pardeh otaotagh,12894905.0
ساک پارچه ای,17589456.0
متور همزن برقی,9010850.0
IP68Waterproot,1154351.0
جک بالابر خودرو سمند,13827543.0
برچسب کنسول بازی ایکس باکس سری اس مجموعه ۵عددی,15986310.0
bazi moka'ab,429720.0
قاب گوشی a10 ساده,6252788.0
شیر کنترل رادیاتور,16455986.0
کاور آیفون ۱۵ پرو‌مکس,13160534.0
اکسسوری طرح نیروانا,4006831.0
کتاب هدف ها برایان تریسب,10740002.0
خنک کننده cpu,10823817.0
تونر پوست آزلادرم,5026418.0
شال و پوشت,10201221.0
زیرانداز روشی,4607253.0
کردنبندشبرنگ,608534.0
بهترین کرم پودر تولید کننده کشور کره,115001.0
میز‌ پلاستیکی,6753202.0
اسب چهارچرخ,8483580.0
کفش صندلیزنه,15126953.0
گیرنده بلوتوث‌ ماشین,287451.0
روکش فرمون پارس,12285836.0
چراغ صقفی پژو405,2568772.0
ظرف غذا سه خونه,6090666.0
کاور صندوقی سامسونگnote,4488602.0
دوچرخه تکشاخ,5698028.0
لانهعروس هلندی,9586937.0
شامپو رنگ کننده دوقلو,2094946.0
استارباکس زنانه,4454387.0
اسکوتر دریفتی,6167628.0
محافظ صفحه نمایش s9 plus,14608010.0
ماین کرفتجاکلیدی ماین گرافت,12499229.0
soundcore life p3,12457646.0
عینک پرو ایکس ویژن,11336547.0
در قابله پیرکس,927004.0
ارپاد و پاور بانک گیمینگ,8365210.0
quran tarjome ghomshei,11866878.0
چراغ روی میزی کافه ای,8351078.0
قاب گوشی سامسونگ ۰۳۰,11419550.0
کشتی مینیاتور,9791693.0
بخور سرد شیایومی,9667367.0
بند miband6,5173333.0
Rechargeable game with monitor,10094197.0
مترونوم برای پیانو,267559.0
روان نویس لنگو,16592579.0
Marching band drum price,5984204.0
انگشتر زنانه مدل های مختلف,5700211.0
نورا موبر,1848206.0
جوراب‌آدیداس,7512551.0
نگهدارنده گوشی تلفن همراه,2689056.0
برچسب دستگاه بدنسازی,10190962.0
تی میکر ست,10832056.0
زستگیر,7645751.0
مدیوم ریتاردر,2067376.0
قیمت دستگاه جوش صبا 200 co2,4309206.0
آمیلی ددکانال,136984.0
سامسونگ  71,10414149.0
برچسب  ایکس باکس سری اس,9851111.0
سایز بندی نیم بوت به‍شتیان,978692.0
بک کاور گوشی هواوی y7,14495080.0
فیگور بازی  گیم,7746824.0
مدادفشاری ارتلاین,3275535.0
مکمل روغن هیدرولیک فرمان,828633.0
اسباب بازی شاستی بلند,2962922.0
باکس میله ای حمل بار دوچرخه,8616817.0
بادی بگ سوپرمی,1093661.0
اکریلیک 20 کیلویی,367650.0
استیکر CS,12087708.0
چاقوچاقو دسته سرامیکی,10352901.0
Portable Bandage,337494.0
شارژ برای ساعت دو هسته ای,14208498.0
وان بزرگ. اب گیر,921724.0
ویدیو پروژکتور جیبی کوچک,187301.0
چشب ضد جوش و آکنه,932152.0
کیسه رخت خواب مسافرتی,1455168.0
rubik gear dandeyi,835777.0
قاشق آشپزخانه,15290047.0
سرم  برنج بیو آکوا,4278971.0
چراغ الارم ماهیگیری,2196302.0
فاراتل 3000,12673403.0
gosurface,7402345.0
روکش دنده مدل هودی t4,5403851.0
بازی دوز دور چوب سخت,6526327.0
گلی آیفون ۴,13807569.0
مانکن بافتنی,876629.0
فیلتر اب تصفیه بزرگ,12886626.0
رادیاتور پره ای کال ده پره,8701936.0
مجسمه,8083708.0
همه چیز دور است,3942786.0
اسپیکر خودرو 2 عددی,10827963.0
باتری گوشی Me,308517.0
organizer kabel,8714551.0
آداپتور 67 شیامی,12662004.0
پاکن بی رنگ,919220.0
استند لباس کثیف,6292647.0
سایبون ماشین پرايد,9614779.0
روز وروژگونه,1470935.0
کیس سامسونگ اولترا 24,14469461.0
محافظ دوربین s24,14466033.0
پروتز باسن,5569495.0
Hair tonic,2882705.0
خمیردندان هربال سیگنال,1628644.0
ظرف گلاب گیر,2959261.0
وینده پوست چرب سینره,10194563.0
سوتین زنانه مدل B-1,1651504.0
چاقو‌‌دوایی,2534522.0
بکس سایز 10 12پر,12488839.0
لامپ  کوچک داخل کاسه چراغ,5700311.0
pich gooshti chandkare chaharsoo,10133351.0
تبدیل برق ۱۲ ولت,5190712.0
کاشت ناخن ابی کاربنی,13655115.0
ساعت کنستانتین,1032542.0
زعفران گلیران نیم گرم,6035037.0
السانا مدل فرناز,12064951.0
Blue disposable contact lens,2090561.0
بلفایر,10952084.0
تجهیزات گوشی a34,11410958.0
اسباب بازی. لبتاب,158528.0
گل سبز یشمی,4307586.0
ساعت مچی اسکمی مدل9126,10288925.0
مامبدن روکسانا,203183.0
ghab akse gerd mashini,4615249.0
دسته چسبان برای کالاف,2830183.0
پایه نگهدارندە تبلت,3381852.0
mouse gaming rgb arzon,4854648.0
mask zakhar cheshm aqua model holoee,6774949.0
ظرف چینی زرین ایران صدف,852735.0
قاب فانتزی گوشی moto g13,12940098.0
کپسول immunace,3536591.0
Edge cutter,530419.0
mahoot xiaomi,7608860.0
مجموعه داستان شاهنامه,415439.0
کفش.تابستانی.نردانه,11098794.0
م.وبایل,10579283.0
عطر آرایشگری,252103.0
دستگاه کمل,1438846.0
sonbadeh zan barghi,6803405.0
دوربین فیلمبرداری با باطری قوی,950423.0
Betroye Face Gel,6522340.0
شعر اشباح,2046421.0
دستگاه تعریف سوئیچ,4819160.0
کاور گوشی آ۱۲  دخترانه فانتزی,9615843.0
کرم‌رزاکر,5119153.0
آنر سیکستی اس ای فون,10379710.0
Sdپولی هرزگرد تسمه دینام ۲۰۶,265143.0
ایستگاه جای شارژ موبایل,2242479.0
Cover Nokia 6.1,1015441.0
نیم تنه جذب زنانه,4011001.0
حرمون ریشه زایی نهال,9695099.0
کناب نتورک پلاس,2085875.0
روکش انولناگ,2825886.0
اسپری میشل,12592698.0
Derma Epic Vitamin C cream,6411263.0
چسب زخم مدل طرح,691040.0
هالند لیکویید لیپ گلاس,12754374.0
عروسک شارژی سگ,505309.0
طرح اینه ایستاده,11400727.0
کفپوش خودرو مناسب برای پراید,12890633.0
گردن بند باسلونا,14219149.0
ماشین اسباب بازی اتوبوس فلزی,9110721.0
شیامی 9s موبایل,3087539.0
لوگو حرف s,5903516.0
اسپری بدن مردیت,12294463.0
قالب شمع سازب,8925030.0
تابلو طرح خواهرانه,11618796.0
A54 کاور طرح پاندا,12463754.0
جاکلیدی اسم  بهار دخترانه,2009191.0
قیمت کابینت ملامینه,6072525.0
رژ لب مایع مدل شیگلم,4419202.0
Mi12محافظ صفحه نمایش,9686380.0
تابه نچسپ,3213581.0
پلاسمابیوتی پن,10030958.0
lola model tn 3,6245149.0
تراز نووا ۲۰ سانتی,174943.0
تبلت‌ها و گوشی‌ها,8673314.0
Hertamins tablet,9983214.0
کاشی بین کابینتی,11246513.0
saat digital mardane empower,10133630.0
عطر زنانه rodier,2444236.0
پی اس ۲۰ پی اس ۲۰۰۶ دوربین فیلمبرداری,4630526.0
دسته پلستیشن 2 بی سیم,11758156.0
کفپایی سانتافه,11337905.0
کاور گوشی a54 طرح نت موسیقی,12092316.0
مقاومت اجری,11025870.0
آبرسان کیلینیک پوست خشک,12100062.0
دکتر تولز,907973.0
قرص برای ریزش و تقویت مو,9277692.0
چراغ جلو تویوتا هایلوکس,4170530.0
چراغ پراید نسیم هاچبک,1137514.0
Asus fx-gtx1650,9294989.0
سرویس روتختی سینا خواب,4306831.0
قالپاق 405slx,2894923.0
سنسور اکسیژن نیسان اصلی,13569337.0
گوشی نت ۱۰ شیائمی,9886572.0
عطر بهار,3195329.0
مقدار مصرف شیره مرغی برای آفتابگردان,880906.0
نشانگر کتاب دوطرفه طرح دختر,7948519.0
درخچه توپی,5717830.0
دربازکن قوطی کارتی,12395584.0
سرخ کن بدون روغن سیلور کریت,12376576.0
گارد آیفون5S,762716.0
چاقو کونای,8326812.0
تم تولد خالدار,3471063.0
تابلوی نقاشی دختر,4941927.0
گلس سرامیکی M23,9249898.0
پودر چسب قوی,6092808.0
چراغ لمسی سقف,2230861.0
پمپ اب ثنتاکس,1651116.0
نمدی‌سقف‌پژو,14344908.0
باتری ایففون 6,212446.0
golgir pofak,5622922.0
ماشین اصلاح سر صورت کیمی,16187751.0
ست عاشقانه,4109459.0
ساعت هوشمند بلاک شارک کلاسیک,164619.0
گلس وان پلاس n100,8334051.0
پارس سیاه,6932884.0
گردنبند مروارید عشق,17536289.0
گوشی شیائمی نوت 12,12212151.0
ساعت  فلزیمچی زنانه,10245642.0
هیدلایت یخی ساینا,1524065.0
کش ۲ سانتی,4827418.0
پخش خودرو مارک استیلمیت,179951.0
شب امتحان علوم فنون,4108417.0
Renault Duster monitor,224849.0
Slippers,10067768.0
اسکیت چراغ دار,5651845.0
واکس لاستیک آزاکس,6854837.0
لگن ظرفشویی ایمون,1471612.0
تی‌ایت‌هاندرد کمرا,11708864.0
دماسنج مدل میله ای,411103.0
گوشی نوکیا ۱۶۸۰,401.0
شلنگ بنزین سورن,9384920.0
پلی استیشن ۴ fat,4545023.0
doUcce,1088721.0
جارو برقی,26750.0
ماگ درس خواندن,2205733.0
سر لاستیک موتور سیکلچچچ,11354540.0
صندلی نرم توالت فرنگیضض,5656137.0
ضربه گیر کاپوت خودرو دنا,2533837.0
ابزار شوخی قاقو,13640746.0
آویز موبایل مدل گربه پرتغالی,6349467.0
شیامی note13,14271321.0
انگشتر مردانه اسمی صدرا,14205631.0
گوشواره ماه و فرشته,9833806.0
جاکلیدی طرح ماشین جنگی,3607248.0
پیکسل بهاره کیان افشار,6243257.0
بازی پا,4155832.0
تلویزیون لئوکو 55 اینچ,14112919.0
ماگ طرح بلادبورن,7279314.0
قیمت گوشی a+9,1487519.0
کرم پا باربارا,6955660.0
جوراب استیچ,16670787.0
ماسک صورت بایو ورقه ای,7009820.0
جلد m6,830064.0
دیسک وصفحه ال نود سکو,10674345.0
شرت و زیرپیراهن مردانه,427025.0
ساعت عقربه ای مچی الگانس,4977840.0
گلس گوشی شیائومی mi 11i,10824198.0
ال۲۹۸ موتور درایور ماژول,6323457.0
نيم ست بدليجات,17336734.0
کاور کوسن کندیس,3974550.0
شورت سوتین لاوندر,3179537.0
dastgah keyk,3144782.0
شورت و سوتین مدل FN-B,9609031.0
مروارید پلاستیک,4863898.0
نمیدی صندوق سمند,6997676.0
کولر اسپیلت ابولی ۱۲هزار,12299347.0
فنر خطر,7096097.0
آیپد و تبلت,9843310.0
کاور گوشی g place,5813081.0
پکیچ کامل آیفون تصویری  سمیاران,12419953.0
Anker R50i AirPods Case Cover,14676761.0
نارون لیان ۱۵ وات اِل ای دی لَمپ,7869818.0
گلدان پلاستیکی  سایز خیلی  بزرگ,7761376.0
اینه رومیزی سنتی,8065760.0
پانتوگراف,1138667.0
شاهنشین سنتی گلیم,7147369.0
نهار جی تی ای وی,8937638.0
چراق پلیسی دوچرخه,5961873.0
سیلیکونی نوت 13,14891524.0
BLITZKRIEG,13629361.0
روغن مخصوص ریش تراش,2971948.0
لامپ led موتورسیکلت  دو رنگ,1968037.0
برچسب ناشنوایان,5599114.0
گوشی  نرا 10,7624321.0
اسباب بازی گل های رقصنده با انرژی خورشیدی,7963204.0
رو باندی  عقب کوئیک,2668036.0
gooshi nokia zarfiat 64 megabyte,2213318.0
چراغ سقفی,15390774.0
سینی پذیرایی لوکس,4157305.0
صفر زن green,9124465.0
X Shot-like toy gun,2916857.0
شورت زنانه بزرگ,5025540.0
سرخ کن مدل sisily aid,99328.0
دستبند مدل سیسیل,9745335.0
پمپ دستی برای رودری,14876850.0
بادی اسپلش مای زنانه,82169.0
کیبورد تبلت ssung 9 plus,14514895.0
اسکراب لایه بردار بایو آکوا مدل خیار,4978160.0
پرفیوم پیراسی,4547127.0
ASUS Zenbook Pro 14 OLED,12656284.0
لیوان بدون دسته خرسی,4829705.0
ردیاب‌گنج,284634.0
آکیلیز انجین کاور,3426338.0
قرص ویتالاس,9251713.0
هدست Xbox,6556217.0
اَپِل واچ فایو کاوِر,10416315.0
کاور قاب مدل دخترانه گوشی نوت ۱۰پرو,9863317.0
تابه خیلی بزرگ,349378.0
اردور ترشی خوری,1958658.0
گوشواره طلا حلقه ایی,17443537.0
ماسک مرد عنکبوتی,15636106.0
لیوان یوجینگ,13644886.0
لبتاب le,7561757.0
ماژول شارژ دار شارژی ماکیتا,6990645.0
ketab doostat daram yarta yartan,8272088.0
سینی های تزینی,8236737.0
ملزومات اداره,706778.0
مادربرد B550 rog strix,3424623.0
اویز لباس  برای حمام,8754590.0
بوش جارو برقی,31852.0
Formal and elegant manteau,7949157.0
Silicone molds,619874.0
مالبری فلیورد کاندوم,7012721.0
ضد افتاب مناسب پوست خشک,1640291.0
mashin kamyoon volvo,9239327.0
شاستی اردی,9839290.0
H7 پراید ۱۱۱,8503217.0
برچسب حروف فارسی کیبورد کد 09,1913391.0
تایمر لامپ سقفی راپله,6760814.0
روغن موتور زنون ۲۰۶,13691969.0
قرص اوا پلاس یوروویتال,11097126.0
عینک افتابی زنانه مانگو,11423012.0
digital box,347537.0
لباس ورززشی s,4185887.0
اسپرسو ساز زایش,706269.0
دومپایی تدی پولیشی,9941383.0
پک آرایش بچگانه قیمت ۵۰۰/ ۳۳,3204480.0
کفش کالش مردانه,12047718.0
Number the stars,7451049.0
فیزیکس آی کیو,1970039.0
گیربکس ال۹۰ ۹۷,493281.0
دوربین انالوگ برایتون,10289010.0
جاکلیدی وزنی,3481212.0
سیم شارژ باطری ماشین,735088.0
اسکراب صورت چین و چروک,5948638.0
بی تی اس سیکس سون زیرو,9380054.0
رگال لباس مدل اسپیشیال,14052039.0
لوازم پراید گلگیر,4598909.0
شیائومی 5j,8169649.0
افتاب گیر داشبو,3033133.0
سر برش جوس,671584.0
فارن تاکینگ دال,7532175.0
a4 box,1923816.0
روکش پدال کلاج,9131125.0
Re:zero,8320625.0
گیره پنچ کیلو,13081627.0
کتاب طریق کیمیاگری,2941244.0
ساعت و دسبند و انگشتر,5790627.0
کتاب میخواهم بمیرم اما دوست دارم دوکبومی,16858588.0
پیراهن شلوار خانگی مردانه,10034337.0
دستبد استیل ستاره ای,4616527.0
سرامیک می وینچی,14331365.0
فوم شستشو درمالیفت پوست حساس,4241462.0
پنیر موتال,11695682.0
پیکنیک‌مسافرتی,10566257.0
مینی دستگاه جوش,15114356.0
کپسول آتش نشانی یادگار 12 کیلویی,1907918.0
گوشی شیایومی مدل poco x3 قیمت,6139064.0
دنی وان۴,13615782.0
شیر گرم و سرد حمام,455580.0
6-piece wooden measuring set,157972.0
چادر اسنوهایک,15372734.0
الن چاقویی هنس,4492680.0
بویا ام وان,3943482.0
کوسن شکوفه سفید,14857729.0
لنوو,13676115.0
Embossed poster,6962428.0
آویز تزیینی خودرو مدل حسبی الله,8670721.0
مجسمه های برنز بالرین,9008995.0
ست گرکن,10059377.0
هندزفری بلوتوثی های فای    M11,10875835.0
فتو,11242972.0
اینه اصلاح حمام مودب,725292.0
برچسب بدنه  کیلیک,14848042.0
قاب گوشی انیمه ای آ ۱۴,14250473.0
نوکیا طرح آیفون,2373857.0
دستگاه باتری شارژکن,7715882.0
کرم مو صاف کن گلت,670162.0
کاور و بند ساعت هوشمند,14279802.0
اسچهار چرخ,267438.0
تنور دو نان گازی,6548170.0
سوهان ناخن برقی دستی خانگی,3179358.0
پنکه4060,26709.0
هوا کش بخاری داشبورد پارس,7179227.0
ساعت با هنذویری بلوتوثی,11872564.0
سشوار مسافرتی جنس خوب,8541903.0
دوربین عکاسی کنون d7,2790099.0
صفحه کیلو متر۲۰۶,4792739.0
Rabbit Model Cover for Note 11 Pro,6424957.0
هدلایت لامپ خودرو پارس,1621304.0
ماشین اصلاح vgr چندکاره,7732577.0
کنترل مخصوص بازی ال جی,6940473.0
کمک فنر جلو ۴۰۵ اسپرت,7747911.0
تنرین فوتبالی,7435487.0
dastband band lirda model F,14531056.0
پا بند تکواندو,1595405.0
تخت  گچی,572256.0
فلش کوسه,8236672.0
تابلو last of us,1666656.0
دیسک و صفحه کلاچ تیبا۲,6435051.0
سرویس مس فیروزه,868716.0
کلاه بیسبالی ببعی,9542290.0
پکیج تص استخر,714324.0
Giniun,752022.0
پستونک بچه بی بی لند,3211073.0
گوشواره قشنگ زنانه,9752721.0
فیگور خانه قارچی,6209833.0
کولر گازی ۱۲ هزار ایوولی,5865949.0
گارد سیلیکونی شیایومیmi10  t  pro,10633491.0
کادو اپلد,607213.0
رینگ طلایی پژو,11255602.0
شومیز مجلسی,14651486.0
ساق دست مدل لاانگشتی,11717943.0
اسپره تمیز کننده آهن زنگ زده,376930.0
پک تمیز کننده ی کالای دیجیتال,540860.0
چاپکر چند‌کاره,2925288.0
هدست وی ار,1552131.0
آینه جیبی آواریومی,7925806.0
كفي كفش تركك,3063106.0
گلس گوشی شائومی mi 10t pro,10781225.0
ماوس ام ای ای,7706929.0
Ear piercing,5927210.0
گلس‌هواوی‌یو366,7465654.0
سیم تلفن 4 زوج,7542983.0
جوراب خاکی ساق بلند,8129430.0
سنسور ای بی اس پژو ۲۰۶,13676858.0
وسایل گردنبند رزین,10448004.0
پکیج آموزش بازرسی جوش,2382422.0
ریسهی نور هوشمند,7644288.0
کاور مناسب برای گوشی شیامی پوکو m3 فانتزی,5005709.0
دستکش نوزاد دندونگیر,9045018.0
کاور انیمه ای  a 12,13528435.0
کلید صندوق پران پراید صبا,2764863.0
تي مخزن دار,11165628.0
اچار yofe,14346547.0
Huawei Y8 mobile phone,3532969.0
ژل مو بیتروی,8267433.0
موتورولاg84,14982487.0
نوکیا وان او سیکس فون,15595047.0
چای ساز Aa,9824297.0
هالوژن تزئینی,13917758.0
گارد گوشیpoco x 5 poro,11153458.0
جامدادی لباس فوتبالی انگلیسی,8338751.0
خامه شکلاتی دامداران,924058.0
باتری نيم قلمی Nass,10646502.0
شیایومی  mi 10t,3320722.0
خودکار خوش نویس,3971487.0
هدفن آهنگی,13969235.0
SYNBIONYME,1064939.0
کیف زنانه صندوقی,10578487.0
وال برکت شیت,7954927.0
پوستر استری کیتز,6596396.0
Handmade,6854659.0
Coldex Ultra condom,334514.0
قابگوشی ای ۵۵,14679714.0
میل  سوپاپxum,7922203.0
محافظ دسته ژله ای ایکس باکس وان اس ردد,2126582.0
پول دیواری ترموود,13324355.0
قفل درب پراید تیتان,12693022.0
کنسرو شکمه,52753.0
گلگیرپرایو,9857792.0
محافظ تلویزیون ۴۹ اینچ ال جی,3539343.0
بلوز گره دارکتان مردانه,7338292.0
هنذفری بلوتوثی سامسونگ سیلیکونی,1930327.0
غذای تشویقی سگ یک ماهه,736874.0
آب رنگ حرفه‌ای,1655174.0
دستگاه کپی حرارتی,1645296.0
dastgah baraye mooye surat va badan,1484777.0
Corded landline telephone with base,14645.0
نوار بهداشت زایمان,2127951.0
FF حجم 20 میلی لیتر,9915584.0
ترقه یک,1134379.0
علم دوش راشا,11630643.0
راکت بدمینتون پلاستیک,410177.0
قاب برق ساختمان,1514106.0
ریسه smdدوازه ولت,9981331.0
نیتیو امریکن تنت,8453861.0
افتخار فوتبال,7094925.0
قرص سوپر آکل,7847346.0
پایه نگهدارنده گوشی رو داشبورد,10100238.0
چمدان سه تیکه,9063227.0
قاب A54 چا خونه,13303554.0
Three-piece pot holder bags,8276226.0
دستگاه شارژکن پیچ گوشتی,12449332.0
شیایومی c13,13514411.0
اسباب بازی  باب اسفنجی,7091950.0
کراپ یقه اسکی,17398361.0
بکس بادی فندکی,15414041.0
فیگور mashel,2255843.0
تفنگ کلاشینکف موزیکال,4013155.0
ظرف سفالی مدل هفت سین,10536713.0
ست حوله رودوشی,12946769.0
ساعت هوشمند GTC,4495195.0
دخترانه در گوشی.,9361439.0
Zephyrus laptop,9214719.0
ماژیک مخصوص نقاشی راندو,4800187.0
می ه خوری ساکورا مدل مودنا,10720932.0
میل فشیال,5060776.0
کولرهانسس,309830.0
پودر نشاسته,3706469.0
آرم ۱۹۲۴,7836765.0
قاب هدفون عروسکی قاب هدفون,6882567.0
TSCO wired gaming headset,3207817.0
لامپ حوچک,875262.0
گوشی شیامی ردمی سه دوربین,14176170.0
دوچرخه بچه گانه.,1496876.0
شامپو رنگ ماری خونین,6526990.0
بازی آموزشی مدل صفحه چرخنده,3773186.0
پیچ میل تنه سی بی,8620945.0
محافظ صفحه نمایش حریم شخصی iphone 12 pro max,4099036.0
هندزفری بلوتوث گیمینگ بلک شارک,15096900.0
روفرشی بچگونگه,6838163.0
L'Oreal cream,676111.0
رادین بویز جولری,12582151.0
گلدان با گروت‌,3993549.0
Heat resistant brush,12198705.0
ساختنی برانت طرح رون ویزلی,13778709.0
مستر لینک,11826104.0
ماگ هات اند کولد,9894892.0
روغن حیوانی کرمانشاه,6981524.0
عینک صفحه مجازی PS5,3112577.0
کاورموبایل ردمی 13cمحافظ دوربین دار,13716822.0
قندان سیلور,2787116.0
لوازم کاشت مژه,12987634.0
سرخ کن پارس خزر,27956.0
شارژر 13c,13514411.0
صندلی راحتی مردانه,549513.0
استیکر ساندویچس,1633485.0
جوب لباسی کروات,1610239.0
ماگ فانتزی قمقمه ی,7951437.0
بین کابینتیچ,11332174.0
tablo aroos namerei,12318389.0
Liberal amplifier,12123595.0
برق ناخن صدفی,8492349.0
شابلون سکه,160744.0
تبر‌ و پتک سفری,10122383.0
سیلیکا ژل  کیلویی,5750628.0
Stylish sandal,11750358.0
ست تیشرت شلوار زنانه ناربن,4321474.0
آچار کامل,1732746.0
بلوز بقه هفت زنانه,7866153.0
تک فن خنک کننده مودم,1021213.0
تابلو شاسی طرح سولو لولینگ,15534948.0
قلم لمسی مدل -30sfp بسته ۵ عددی,4478021.0
قیمت گاو آهن ادوات کشاورزی,12892691.0
پاکن مدل چمدانی,839031.0
هندسفری بلوتوزی,10676179.0
ساز دهنی کیوت,13938626.0
پکیج برق خورشسدی,2932463.0
سرویس پخت و پز طرح مربع,12878488.0
ضد افتاب Bbکرم,10653856.0
Pocox5,11594759.0
کتی شرت میلان,5587260.0
تبلو ۵۰ در ۷۰,207314.0
television vinsent,13083554.0
Cretive,12305674.0
علم دوش حمام آریانا,7345465.0
ماسک گلدار,4486514.0
ریسه ار جی بس,10062088.0
Cripsy camera lens,4601661.0
چسب عفاری,827203.0
کاور آیفون پرو مکس ۱۳,9278594.0
کرم زدافتاب بیرنگ لافار,715340.0
هود البرز مدل SA507,9445070.0
",قمقمه سیلیکونی",9864060.0
اتود آویز دلر,6172464.0
سامورایی لگو,1719126.0
عینک افتابی  مدل سه بعدی زنانه پیرسیگ دار,10689760.0
پاکت دستی هدیه,315488.0
خار روکش درب کوییک,2834962.0
تفنگ آب‌پاش فشار قوی,11209558.0
فیگور  انیمه مجموعه 6عددی,8384140.0
قلمو ره اورد شماره 3,1562421.0
تونر ویتالیر 200,10867257.0
control max,2773505.0
hahab,603143.0
کیت تغذیه ۱۲ با ولوم,8938359.0
اسپرسوساز ۲,8800744.0
شارژیساده,9474398.0
روسری تی تی,8136665.0
National Team Model Sports Jersey,2171115.0
microphone electroniki koochak,596699.0
512 ssd m2,5930508.0
62014,14977026.0
سرشیر حرفه ای,13242277.0
ورلدکاپ,961925.0
hailo,10120510.0
نوت ۱۳s,11281765.0
ضدتعریق سوربن,2725058.0
کش سرذستبند,1563457.0
لوازم تحریر کیوت جامدادی,15367789.0
dvr داهوا 16 کانال,1901258.0
روبالشی ماربل,10456796.0
Kuromi smiling girl wall art,12334337.0
asbab bazi tofang abpash luleyi,12957372.0
جا سبزی خوری,64316.0
پولک جواهردوزی,7370724.0
خودکار بیست رنگ,6436906.0
آویز گردنبند برف طلا سفید,341951.0
تاب اویرزی,567638.0
تابلوی روز پدر,10462829.0
نشکن صفحه تلویزیون 43اینچ,5561794.0
چراغ ارجیبی برای دوچرخه کنترل,9032772.0
قاب گوشی شیائومی A۸,4273719.0
اینه مؤدب,10656375.0
ظرف ozibo,12607232.0
کابل شارژ اچل,286688.0
8245 q2,9422975.0
FIFA 2024,6257808.0
لباس دختر کفشدوزوی,2554355.0
اسباب بازی های کنترلی,363896.0
گلس سوگا,7441638.0
کوشی ۱۲۰۰نوکیا,543.0
حزب دموکرات کردستان ایران,54419.0
پک ۲۴ تایی کارت کیمدی ۲۰۲۵,17177349.0
بازی مافیا,5679099.0
کاور مدل سامسونگ A30,6078390.0
ریاضی بنی هاشمی هشتم,9860681.0
تخت خواب کودک مدل  سایز,9172828.0
Docoo M3 Knife,4134877.0
شادژ کن سوزنی نوکیا,14696.0
شامپو ضد زردی برای موهای  مش,4435713.0
رژ قزمز صورتی ملایم,384444.0
دسته گاز فرمان کامپیوتر,10610361.0
تی بگ پارچه ای چای,519162.0
چراغ قوه طرح دخترانه,6431666.0
کلونیا,11649541.0
ماوس پد طرح کالاف دیوتی,12057211.0
مانتو دخترانه شیک و مجلسی  کوتاه,9567496.0
کاندوم افزایش میل جنسی,389422.0
گوشی موبایل A9,111860.0
وایر شمع تسکا,13977357.0
آهنربای نئودینیوم قوی,6827885.0
گردنبند زنانه کدB,2432245.0
بِرِیک پَدز سوتِبِل فور شاهین کار,13279036.0
سشوارiraks,1047021.0
کفش فوتبال نایک پسرانه,2009530.0
دوچرخه ی اسباب بازی کوچک,12020425.0
شلوارلگا,7510865.0
ریمل پلاستیکی,3026760.0
Code FA1093,11643491.0
تشک بازی نوزاد موزیکال,7269213.0
جادستمالی بنتلی طلایی,466002.0
کیف کتابی گوشی m34,13581904.0
لگ و شورت ورزشی,837412.0
Xiaomi Outdoor Camera,11708249.0
بلندگو 8 اینچ,1085299.0
LG g6  قاب گوشي,14139392.0
پارچه برزنتی چادوری,624673.0
tom ford grey vetiver,878724.0
قوری پیرکس چای ساز گاسونیک,6793934.0
405 S Set Camshaft Sensor,5005407.0
شیرتوالتKwc,186930.0
پپاد هیددروم شقاق سینه,2030253.0
سوپ خوری سرامیکی,99696.0
چاقو چنگال سرامیکی طلایی,7545746.0
شوتینگ کابینت,842100.0
کیس اسمبل شده کاربر عمومی,11765611.0
ریمت هوشمند,4338814.0
درب کف صندوق,7515632.0
تلویزیون ال ای دی اسنوا65اینچ,10310417.0
bachegane defacto,9909708.0
مساژور با سدت بالا,9652949.0
عسنک آفتابی مردانه,1614021.0
میستری باکس برای عید,7847710.0
شارژ ر فندکی,183328.0
سیت منقل,388107.0
کوسن مدل سارا,532225.0
اره برقی عمود و افقی بر,3852727.0
masazhur yuzeni,10828044.0
ترموکوپل اجاغ گاز,2140580.0
شیر روشویی  سرد,2525763.0
کاور خنک کننده گوشی a15 گوشی,65292.0
میله نگهداارنده گل,5073393.0
تابلو شهر اشباه,633880.0
دفترچه یادداشت مناسب جلسه,892181.0
سر کلیدی مدل تنبک,1457546.0
کِی وای اِس شاک اَبزوربِر پرایس,4408429.0
پتو دونفره تخت,129694.0
فروش خط همراه,7295871.0
shalvar sar ashpaz mardane,1056100.0
کتاب واژه نامه فارسی,12305688.0
الکارنیتن ویال,11228214.0
NVIDIA GeForce GTX950,178762.0
لباسشویی‌کوچک,212881.0
چسب چوب ۲۰ لیتر,5202966.0
Fruit hair clip,717913.0
قیمت انگوشتی,3016694.0
چراق قوه جی ۵۰۰,1726561.0
dastband ba esm mohammad,13033468.0
چادر خودرو مناسب فیدلیتی,7497665.0
پروجِکتور,3773573.0
شمع فانتزی ایستاده,7264632.0
جاکارتی چرم بهشتیان,12643128.0
گوشی نوکیا مدلc10,5749229.0
اسکناس ده ریالی شاهی,10420928.0
روتخی دو نفر,83472.0
انسان معنا,2074913.0
دنپا یی های 10 تو مان,10693211.0
dastband charm tala nazanin,10952198.0
zorofe dardar mosaferati ghabel haml,1776517.0
Self-Compassion Guide by Ibn Sina Publications,12056902.0
تبديل تايپ سي به لايتينينگ,14554576.0
رکبار اسباب بازی,2877154.0
باتری سه آن آنپر,3633322.0
پایه نگهدارنده  پلستیشن۴,274198.0
فربرقی آلتون سری ۶۰۰,9861439.0
rojlab maye roghan,1543627.0
کلاسور حرارتی دستگاه,279853.0
Artificial Trout Bait,4967444.0
کاور ایرپاد ۲پرو,2262835.0
مُست اِکسپنسیو آیفون واچ,9422726.0
سوتین 75B,14193478.0
headphone bluetooth tarh stn,8929380.0
کرم غذایی مخصوص پرنده,6060757.0
زیره پلیمری,5666089.0
O'General 18000 BTU window air conditioner,2938529.0
کنترول شارژر,2432359.0
طلا بذون اجرت,10017891.0
سرم ویتامین سی گارنیه,7898863.0
شامپو جینسیلینگ,5168003.0
فرمان  برای پراید,1151448.0
کفش بچگانه خرگوشی,11997584.0
لوستر سه تکیه,8996747.0
Fifty short stories,449113.0
متال پوستر,4816942.0
مته سه نضامه,14128745.0
ملکت ماشین مازاراتی,6958247.0
بادکنک مدل a001,6187952.0
خودکار60رنگ,10719782.0
شلوار بگ  مشکی,6238884.0
رویال کنین کت فود,4320112.0
باربند اسباب‌بازی,3315334.0
berurer,221364.0
رژ لب مات  سان ست بیوتی,12084333.0
گارد تبلت a7 سامسونگ,3851079.0
صفحه ال ای دی کم مصرف,3553600.0
سیم دو سر سوکت تلفن,557201.0
cover tarh real madrid baraye gooshi a14,13816908.0
وایلد اَنیمال رِپِلِنت ساوند دیوایس,3333664.0
جرمگیر وانیلیا,11999163.0
طرح دریایی بند می بند ۳,8225657.0
چاقوی ذبح,7745780.0
گوشیa55,14754405.0
پچ فوتبال لیگ قهرمانان,13282374.0
پرده کرکره ای زبرا,2094624.0
سرباطری باطری خودرو,1898312.0
باطری   موبایل a10s,3191825.0
عردسک کارتو اسبازی های زنده,10064894.0
موبایل  ضد اب,3622380.0
daste group nova,2285284.0
اسباب بازی هنک,6976199.0
سامسونگ M 52,11308070.0
نقابدوزد,2552157.0
جی ال ایکس f8plus,11411415.0
pirahan astin boland mardane toosi,4316801.0
محافظ صفحه دربازکن تصویری تابا,14020596.0
ست لباس مردونه,9798133.0
مداد رنگی 24 تایی آربا,368743.0
گوشی شیامی نوت ۱۱,10521208.0
قرص منیزیوم پلاس یوروویتال,9395415.0
تسمه تایم ۲۰۶ دانگل,3998323.0
DeLonghi 850 coffee maker,3550869.0
وی و گینر و کراتین,5426868.0
شامپو کریسپرسا,12625697.0
پایه انتن پژو پارس tuf,7813142.0
C362,4268372.0
kot daman majlesi boland,468522.0
هارد اینترنال ۵۱۲ گیگ,9607810.0
فیگور موجود هاتسومه میکو آبی,10722809.0
روکش پلاستیکی ماشین موتور تندر ال ۹۰,9984274.0
شونه اسلاح مو,459395.0
میکرفون کندانسر,11071862.0
۳عب,7359701.0
مدادرنگی ۶۰ تایی فابرکاستل,5699257.0
ضد آفتاب فاقد چربی پرایم,15895722.0
حوله دستی آشپزخانه,8122486.0
دستمال چشمک,6392126.0
چسب بینی لنبانا,11409541.0
پیراهن ایپیک,5846463.0
گلگیرکوچک,860400.0
دکوری پرنده مشبک فولادی,4941308.0
کاور کیس qcy t13 anc 2,14656328.0
رعفران.,8838317.0
توپوالیبال,1016395.0
نیوی مورس,2278496.0
منبع پراید,13085716.0
قطعات یدکی ماشین سه تیغ فیلیپس,12349056.0
شابلون ستاره,3452241.0
shokolat kadoei dast saz,1491939.0
ممری لایت,1792412.0
لامپ خطر عقب ال نود,7173763.0
اندازه ی قرآن,230499.0
وسایل موتور 125,10649152.0
پک شش تایی,4345700.0
Avodin  کلسیم,3537350.0
صفحه کلاج پژو  پارس,7487162.0
لیمون ۶۸۰,3289173.0
کتاب پس از جهان لرزه,2110368.0
نوار بهداشتی لک,7124829.0
Note 13 pro 4G 256,14271352.0
یزدی کیک پیپر,619737.0
ساعت زنانه مچی چی چی,639574.0
مخلوط کن مسافرنی,2842627.0
مگنت سن.,13727015.0
فربخار پز,6105280.0
ghoran kham,215632.0
لامپ زنون پژؤ,7780046.0
پد آکواریم,3330902.0
ست لوازم اشپزی چمدانی,8563832.0
کاور گوشی iPhone 13,12624658.0
بلک شارک وی تری پرو گیمینگ هدفون,4107592.0
تیغ یدک قیچی باغبانی دسته بلند,387077.0
ربیت کزمو,781227.0
ساعت جمله,12398907.0
داکتر جوراب وومنز شیر استاکینگز,9780840.0
استندادویه,8960641.0
pish dasti tarh elisa,7285915.0
لوازم اسپروت پیکان,11246905.0
hamid mousavi,2965700.0
واترینگ سیرینج,2667217.0
farhangian hoosh va estedad moalemi,2461046.0
قاب عکس ۳۰ در۴۵,160392.0
طول صفحه کابینت,7990598.0
تابلو wlecom,1446443.0
دوربین مکه,594909.0
زنجیر موتور آر دی,2654791.0
کاور کیوت Poco c40,13200706.0
کوله پوشتی کرومی,13929076.0
Notebook design keychain,13083849.0
کرم کلاژن د,4192569.0
گلاس داریا,14191430.0
پمپ هوا فاظلاب,12124805.0
داستان کیمیا خاتون,82573.0
موس گیمینگ تسکو 764,4419091.0
اسپری خوش بو کننده مردانه,14133879.0
برجسب باک موتور هوندا,7901711.0
لگینگ براق,12571887.0
reedmi 10c,9439568.0
دستگاه چسب حرارتی PASS,2507543.0
تهویه سیار,527018.0
هوندا کلیک فرانت فندر,3797495.0
مداد اریا ارتیست.,7662665.0
دربازکن کالیوز,2672678.0
ای اس اس مکمل,6807225.0
انگشتتر طرح پرنده,7201615.0
توسترsafinox,847112.0
پایه شارژر دسته مناسب sony ps4,4226290.0
درب کامل  پراید صبا,1447978.0
Spring season design curtain,11373570.0
زر کادو,12648083.0
Love Model Necklace,7535192.0
قاب تاب s 6,12222869.0
Video games,2365505.0
ویتامین E,13364158.0
کنار صندلی مائن,562382.0
لباس پشت سوراخ,2666116.0
مشعل اشپزخانه,333942.0
باد کنک,3287572.0
بازی بافتنی برای کودکان  ۱۴ سال به بالا,40971.0
karmodr bourgeois,272669.0
جک هیوندای,8171818.0
کف طبی مخصوص خار پاشنه,3971051.0
شیامی note13,14132342.0
5 tigh eslah,3139324.0
محافظ صفحه نمایش not8pro,2006069.0
روغن موتور بهران 20لیتری,147439.0
شامپو خشک پرلا,13471564.0
آویز طلا زنانه,9221077.0
قمقمه کودک طرح حیوانات,10451019.0
سوپرمینرال,1496459.0
ادکلن فراگرنس کرکجان,10220257.0
فوتبال دستی گل محمد,2961825.0
دماسنج dc 103,402097.0
وسایل گوست مین,7230201.0
دبه‌,6882679.0
پوشه فا,8778416.0
محافظ لنز دوربین گوشی شیائومی ردمی ۱۲,9269104.0
اصلاح کن صورت زنان PH-5500,2392148.0
کرم زینک اکسید فیروز,7770517.0
جای درب قابلامه,13951102.0
تزعین اتاق بچه,4886795.0
گارد گوشی 8,10451858.0
ناخن مصنوعی مدل فرنچ,16749668.0
نمونه سوال ششم به هفتم,8421822.0
nozad baby born,8218017.0
لوله هواکش پرایو,4409667.0
لاروچ پسی,1121434.0
fm transmiter,276319.0
اسپکیر جی بی ال دوقلو,2052436.0
گارد گوشی عروسکی a12,8671400.0
آب سیب لدون فند,550344.0
Nova7i panda phone case,6695990.0
ridmi 12 s,14794205.0
HDMI Switch 2 to 1,9943533.0
Powerful three million (currency) gun,6533827.0
کیف موبابل دوشی,7294241.0
Tch z40 plus,17015612.0
عبپاد  رنگ عیپاد صورتی ساده,502687.0
ست مردانه باشاگاه,7824158.0
شربت مصفی خون,12309780.0
اپیلیدی برون ۱۷۰,5764692.0
پاوربانک پاور دلیوری,7307739.0
نقره طرح صورت,806227.0
ب چسب رکاب,1602832.0
مداد برداشت نگین,1998383.0
درخت مصنوعی کوچک,8737931.0
کتونی سفید ایرفورس,8723324.0
پیس پستی,5813649.0
saat hooshmand samsung,809776.0
گوشی شیائومی redme not 11 Pro plus,10148280.0
مدل کیف شمالی,10520916.0
bateri lithiumi 36,2205336.0
آرم درب حمام,13853364.0
اسمال پیکنیک کیت,937913.0
یکس باکس,5696222.0
RDR,8021519.0
فن پراید ۱۱۱,6593322.0
کپسول پریگمنتا,9994533.0
dastband siah ghalam kari tala,11467012.0
ویالون کودکان,525953.0
سامسونگ ای تولو فون تیپ,5385477.0
ماساژور برقی اوابس مدل 001,11572853.0
آریش صورت,8812256.0
سیخ حیران,5716984.0
رم گوشی ۳ گیگ,1626043.0
لباس مناسب دختران 15 تا 18 یال,7828165.0
کیف دخترانه طرح خرسی,9796558.0
Select reiding,2801580.0
کتاب هنگامی که قهوه سرد میشود,253294.0
لگو ماشین ایرون من,13015000.0
کاور لوکسار redmi 13,9231800.0
زیر آب سیفون ظرفشویی,7118302.0
اسنوا ۲۲۲۶,6884403.0
گردنبند مردانه نازک استیل,7349530.0
ناخن مصنوعی بنفشه ـ,3198163.0
پاک کننده چرم مصنوعی,358187.0
منظم کننده,3398205.0
گردن بند دو قولو دخترانه،,7428555.0
گوشی   A30,2069117.0
اونی چاقو,12418657.0
مدل 1962,143233.0
دوربین بیسیممودم سیم کارتی,942712.0
دستبند طرح بازی,6745919.0
قمقمه ابخوری  حیوانات,7278624.0
فرم عمود بر پروفیل,14884689.0
دستبند زنانه با پلاک طلا چشم نظر,7614409.0
وظایف وسایل آرایشی وسایل آرایشی,9748258.0
اون توستر پارس خزد,12601366.0
primer araal,759037.0
گردنبند استیل برگ,11589339.0
سرم ويتامين سي,14213476.0
jet jangat,6647088.0
کتاب دبیر مطالعات,11953252.0
گوشی ایفون سیزده پرو ۵۱۲,10741729.0
Ramsar weather,13357606.0
سری سوهان الماسه,13217179.0
کیف ابزار دانلکس,9893926.0
میز اتو leifiet,307095.0
لپ تاپ ایسوس x415,943502.0
تقویم رومیزی ۱۴۰۳ پدیده نقش مدل فانتزی کرافت,10131996.0
پیک ریاضی نهم,7325334.0
ماگ فانتزی مهلم,15216852.0
فیس دوکس,9372061.0
قرآن با صفجات رنگی,4288935.0
هودی دخترانه طرح فاطمه,2171400.0
زودپز برقی verona,14092946.0
خرید کانتور r.t.s,3042739.0
RGB gaming microphone,10073361.0
کاور پلاستیکی برا موی سر ضحیم,1534778.0
ظرف چاشت باشگاه,12294345.0
iphone xs max 2020,11145215.0
محافظ لنز Redmi note 11,10873922.0
گل پاش برلیانس,5388918.0
کتاب گام به گام نقاشی کودک,5063472.0
لیوان طرح رامتین,14771408.0
کلاه کآسکت,14131504.0
پنکه پره,15772701.0
range sefid mashin,8009061.0
جازو برقی جی پلاس,1104038.0
تلویزیون دووk ۶۵ اینج hd,11224344.0
دستگاهی که شکل پمپ بنزین,4415290.0
پروژوکتور فوق کم مصرف,3475356.0
سم درخت,5542160.0
2c cover,570764.0
فیگور حیوانات  شیر ماده,5092438.0
قرض ضد خواب آلودگی برای مردان,3500901.0
airpod 10M,7956277.0
دستگاه پی است تو,2102520.0
دوچرخه  کو هستان پهن تایر,8771500.0
medad basteyi siah fantasy,7139307.0
چراغ نفتی گازی,6826975.0
کفش مغان,3588460.0
آچار تسمه تایم x33,9863906.0
خرید آب زرشک,6833688.0
دوربین مدار بسته ۸مگا پیکسل,2007653.0
هدبند اکسسورایز,4304895.0
پیراهن مردانه کرم,8463027.0
کاور گوشی a01,7378417.0
لوازم جانبی گوشی موبایل poco f5,12696009.0
پاکت جارو برقی پارسخزر,163122.0
کمر بند ریلی مارک,602981.0
مچ بند انگشتی اپلون,1016559.0
قیمت گوشی اس ۲۳ اوترا,11103764.0
گوشی G PLUS P10,5139942.0
جا کیلیدی مدل توپ پشمالو,15319527.0
گردنبند مدل تاریخی,9490267.0
حزب الله,9004905.0
پشتی صندلی حصیری,1162793.0
گلس آریزوفایو,1738232.0
منبع عقب اگزوز عقب,13161928.0
Messing up,870862.0
پد موس ماینمرفت,7797377.0
ضدعفونی کننده دست,5240881.0
shalang gaz,3537831.0
لباس انیمه ای ایتاچی,11403849.0
چای سبز با رازیانه,5820108.0
حلا ارده راوک,7219736.0
شکرسفید,3277497.0
قاب عکس 21×17,723178.0
ساعت مردانه رینگی متحرک,16793428.0
گلدان لعابی استوانه,6107940.0
غذای هروس هلندی,4882650.0
مانیتور سامسونگ ۳۲ اینچ ۴k,5091399.0
کاور گوشی نوکیا ۸۲۱۰,12575332.0
اردینری سرم صورت,5024364.0
کیف حمل ps4 سوپر اسلیم,3246560.0
CDs for laptop games,4502122.0
قاب a31 طرح اپل,1638676.0
galam nakhon graph 8,8531074.0
اتل انگشت کوچیکه دست راست,3907654.0
هددفون بی سیم t19,8882003.0
ماهیتابه اوا,7645771.0
کتاب بلندتر بگونه,2728942.0
گیره تق تقی  نوزادی,7111920.0
saate sport zanane digital,6535734.0
فنجان سرامیکی مدل,5117308.0
اسباب بازی کوهنوردی گربه,6236121.0
اول واچ سری 11,3432901.0
در باک داخلی لیفان ۶۲۰,7374449.0
عطر و ادکلن الحمبرا,6450361.0
pancake lalatop,3945686.0
قالب شکل عروسک  ساخت شمع مختلف,10784475.0
لاستیک موتور تریل عقب,1639303.0
مک کوئین تِرَوِل بْلَنکِت,9126823.0
دستگاه ملات پاشی,6681201.0
دستگاه پشمک درستکنی,1101531.0
واکس کفش  شفق,1813686.0
برچسپ واسه ماشین,7340116.0
ارزوناسکوتر برقی,11269336.0
Cable switch,2870931.0
شونه فانتزی دخترانه,7107507.0
غلط گیر نواریتخته وایت برد,1117465.0
ساعت هوشمندWy88max,10635382.0
چاقو سراشپز,5133301.0
کفش کنیتکس زنانه,3382496.0
yakhchal close,11246431.0
چسپ فرمان  دوچرخه,2501174.0
گوشواره طلايي دايره اي,13986631.0
سرافون آستین حلقه ایی,1364878.0
ماشین فلزی پراید مشگی,4547675.0
تی شرت مشکی راه راه مردانه,8150060.0
کاور گوشی a12 استقلال,10776118.0
لنز ناخون.,5424088.0
صافی‌سوزن‌انژکتور,12153023.0
ساعت اسم دخترانه,3202321.0
کاور گوشی نت ۱۳ پلاس پرو,13322394.0
sege dast paid,1140660.0
لب تر کن,13318293.0
آدم لگویی کودکانه,11255090.0
پخش کننده صوتی  V73 سونی,8683837.0
espre afzayesh size alat,668165.0
دونات کاپ,7121107.0
باطري ٢٠۶ واریان,14336571.0
تی شرت پسرانه مشکی گرگ,7357314.0
موس m238,2457634.0
روغن سرد کن سمند ملی,9567498.0
بیسکوئیت دورنگ,6834237.0
3-pin power connector case fan,7053936.0
کفش مدل ویوو,3389477.0
تقویت دست توپ,68830.0
khoshgir khodro tiba,1025472.0
روسری دورمروارید,10751064.0
طرح پانامرا,6787707.0
فیگور حیوانات ببر,6702032.0
گردنبد دست کش بوکس,2944457.0
ساعت مردانه رومانسون,13471783.0
کفش واله,14468998.0
کابل usb c به usb 3,486417.0
بادکنک لاتکسی خالی,7929922.0
گوشی موترولا E13,9677180.0
آنتن هوایی ۹۶ هانی,14078112.0
کولرگازی جنرال گلد 12هزار,10894781.0
محافظ مکبوک پرو ۱۳,430950.0
جرم گیر 1,7167500.0
پوشک حجیم,844531.0
براش شش,11676603.0
کلیپر سنیور,9947129.0
تبلت S,117568.0
چوب لباسی نوزادی,8132436.0
اسپروسر,4124800.0
کریستال لوستر آسفور,12530933.0
هدس ریز,7833858.0
شلوارک زنانه مردانه,987316.0
کیف زنانه کهتیر,6560177.0
گلدون ماری,3605044.0
شارژر بی سیم آنر,9663993.0
پارچ مخلوت کن مولینکس,4897005.0
کرم مرطوب کننده موتاک زیتون,395674.0
لپ تاپ اچ پی g6,2137174.0
dastgah zekhamat sanj mk,9664454.0
کاور شیایومی Redmi note 12s,12557249.0
کار لایتینگ,306005.0
کاور شیاومی نوت 13پرو,14883397.0
لنت النترا ۲۰۱۶,13784427.0
پنس مود,8924210.0
Metal Shelves Purchase,4985247.0
angoshtar tala seke garmi,1115788.0
لاستیک کاید سرسیلندر پژو,1468629.0
Ca2271,10720087.0
پیم چوب,1017455.0
وسایل بیابان گردی,1497226.0
ساک مسافرتی ۴ تیکه,3027097.0
کرم ضدچروک شب والنسی,1138304.0
لوازم‌التحریر فانتزی دخترانه,3403213.0
دختران پفپفی,6580651.0
کلیدشیشه بالابرایسوزو,433182.0
ماسک موی BlTROY,8267157.0
سنگ سنلایت,9709270.0
تلمبه شیلنگخور,3876063.0
لولای در لباس شویی پارس,8950594.0
Built-in spring holder,908356.0
بیسیم اسباب بازی پلاستیتیکی ارازان,7248561.0
Crystal shoe rack packaging,6766561.0
باطری41,4677719.0
هولسیل دشبورد فلت پد,7553898.0
کاورکلید فانتزی,10479780.0
علی پارت,2969986.0
جارو شارژی  دسته بلند  پارس خزر,26757.0
ضربه گیر اکسل,12454100.0
تاناکا,14843838.0
بند اسپریگ مدل PUFF مناسب برای ساعت هوشمند شیائومی Redmi watch 4,17278326.0
کتاب ششم  خیلی سبز,1973811.0
Lesdin Sunscreen Cream,10638723.0
ادکلنone billion,7032222.0
فروش میز عسلی,6227495.0
بخاری آکواریوم استیل ۳۰,959015.0
rokesh sandali fabric monaseb baraye,9652451.0
دستبند نگین دار اسانسوری,11071024.0
فنجان چای ترکیه,7818581.0
دستگاه خوردكن,31688.0
کفپوش سه بعدی اوانته,14490208.0
فیفتین سانتی‌متر هَند پرِس,9897042.0
فاندامنتال b,2421535.0
بسته کوچیک مغزتخمه,880451.0
Air fryer parchment paper,14267990.0
تیشرت طرح جانی دپ,788542.0
Shoe float,689260.0
واتِرپروف پلاستیک کِرتِنز فور بَث‌رومز,1030285.0
سرمد,8880977.0
گجت حمل اشیا سنگین,9063247.0
A51 سامسونگ,4705655.0
روغن موتور پراید,2357548.0
قرص فلاوونوئیدها,5152888.0
Pukoff six,14192208.0
منقل کرسی برقی,6435888.0
Thermo hair cream,1956056.0
مکسان اجاق سفری,3118113.0
قفل سیلندردار با زبانه,12826260.0
kompressor cooler slx,8910937.0
سرباز ماکت,3353596.0
اکستوری فیلم برداری,14556961.0
تند ترین آبنبات جهان,602111.0
بازی فکری کودکان و,13950061.0
چاقو نان بری شیائومی,2712971.0
قلاده به همراه بند,7858136.0
بسته پروانه تزیینی برای دسته گل,657374.0
تیغه اره عمودبر jiG SAW,6779969.0
سشوار philils,2792992.0
لگی طرح ماشین ۴۰۵,770259.0
گلدان دکوری قو,10860899.0
ماشین ریش dingling,169973.0
کرنرلایت,6373656.0
ماسک هری پاخر,3792937.0
رومیزی اکلیلی چرم,6190722.0
عرویک🐇,877357.0
Camera lens protector for Redmi Note 8,3103299.0
panke national,5762323.0
کاپتان بلک  اسمارت کالکشن,4529789.0
فُرتی وات پارس شعاع طوس,9994878.0
پست ترنسپلنت آیبرو استایلینگ کریم,9878812.0
K-pop Model Card Sticker,7734110.0
کتاب صوتی اشراف زادگان فقیر,6195938.0
کتور تشک خوشخواب,8764944.0
تقویم دیواری؟,7257502.0
کپسول جینکوپلاس بهار پایا 30 عددی,5131127.0
دستبند دست ساز زمرد,5366991.0
شیشه شیر بی بی لند مدل 358,11362737.0
دوچرخه citroen,5482819.0
Mahoot Cover Sticker for iPhone 13,7701298.0
رنگ ساختمانی بادومی,10111583.0
لپتاپ ماوس,9080322.0
ماسک مو hair maks,631027.0
دوربین کؤچک آهن ربایی,6830905.0
رژ گونه پودری هلویی,580425.0
ترمز دیگسی موتور سیکلت,3376676.0
کفش پسرانه برای ۶ سال رنگی باشه و اسپورت,12054697.0
قاب عکس ۱۳ در ۲۳,589137.0
پوکو لک,81887.0
مخزن آب رادمان,7691559.0
قفل کمربند دو طرفه پراید,96240.0
دمبل دو کیلویی صورتی,2702152.0
تسبیح مدل M-11,6343668.0
شلوار دمپا مازاراتی کرم,12492669.0
دسته ps4 اورجينال,6419280.0
Angel Land,4726765.0
فن گیمنیگ موبایل,13105650.0
استیکر کارت پیکسل میکسل پله,4415866.0
گاز فندک کمپو,17431061.0
چاقو  کونای ناروتو,2118749.0
هندزفری گردنی ایزن,2097924.0
سرم ضد جوش بایو‌آکپا,5333465.0
جا کلیدی دوغ ابعلی,7546533.0
donbal kar budam,5420778.0
کش چشم تک,693325.0
لاستیک,2258357.0
اسباب بازي عقاب,8513506.0
قیمت گوشی m6pro,14398280.0
لیانا,13906966.0
استند لوازم آرایش مهدی یار,924553.0
دستگاه پلی استیشن۲,640031.0
اسياب قهوه يونيك,2313536.0
قیمت شیشه بزرگ ساینا,11706479.0
یعقوب لیث صفاری,3657318.0
ریموت دزدگیر خودرو ایزی کار,1132730.0
تخم مرغ شناسی کیندر,470122.0
پرو 6 ایرپاد,8580963.0
آی واچ سری ۲,214841.0
انگشتر زنانه ماصرخ,8271644.0
ساعت دیجیتالی طرح اپل,8285100.0
کرم دور چشم مناسب ۲۰ الی ۳۰,82048.0
سرویس پزیرایی عروس,785023.0
غذا تشویقی بچه گربه,7124918.0
هدبند مدل حرارتی,3495091.0
دفتر برنامه غذای من,4315264.0
چاقو مسافرتی ارزان,11944757.0
برچسب آبی سپر و زه بغل درب خودرو 405,2015247.0
لوازم جانبی دستگاه بدنسازی,461904.0
برچسب های وان مور,7375515.0
پالت سایه شیگلم,3400272.0
کولر ابی 6000 کاوه,5890764.0
جامجهانی,10652816.0
چگونه با کودک خود,38902.0
کتاب شعر عاشقانه مولانا,4737240.0
رم سرور 32,8718260.0
منیزیم سیترات نیچر بونتی,5110719.0
لاک مزویک,2916538.0
تیوتر جی بی ال,6230137.0
گاز کولر پنجریی,2846889.0
لپ تاپ ip3 i5 1155G7 512 GB ssd,10849913.0
گوشی نت ۱۲ پرو ب,14257955.0
Desktop calendar year 1403 folder model,13961466.0
چرم يلسان,15641477.0
لگو اژدها بنفش رنگ سه شاخ,7697832.0
pich egzoz,4417108.0
شال زنانه مدل خطاطی,804699.0
پمپ تصفیه آب آکواریم,5536763.0
پت  شور خانگی,10335726.0
dastband 3 tayi,4207004.0
تزئینی دیواریrgb,10676026.0
dampayi sileskoni model geromi,9371896.0
هنذفری بلتوسی مدل t10,12379255.0
گوشی شیامومی نوت۱۳پروپلاس,13415140.0
قاب گوشی A20s  مدل ژله ای,9947724.0
قهوه بدون کافئین,3871768.0
گیره دیوار,2406103.0
شستشو ژوت,9054363.0
پاور بانک ۳۳w,13920852.0
دفتر خاطرات 50,765991.0
پستانک تامی تیپی,9337800.0
gerantarin tambr iran,2973194.0
حجم زن کیمی ۲۲۹۶,14350372.0
لباس برای قایم موشک,10262401.0
کتو بند,1806576.0
الکتریک میت تندرایزر,10120858.0
گریس سیلیکونی مدل 111,2819510.0
نگه دارنده موبایلی ماشین,9648403.0
رنگ دوپولی,304734.0
پایبنده زنانه,2747677.0
My Baby diaper pants,10638509.0
قاب  گوشی  خرسی,9438140.0
سایزی‌بزرگ ‌ما‌نتو‌زنی‌,202375.0
شربت ‌کلسیم,4660654.0
کل ارجیبی,8501934.0
هدفون میکروفن دار,5926917.0
کار لنز پراجکتور,4711031.0
دفترچه یادداشت ونگوک ای,11699162.0
نخ عکبوتی ی مرد عکبوتی,15115718.0
پیراهن زنانه A003,1802368.0
لامپ چراغ خودرو mvm 315,5102788.0
آپتیما,1414797.0
تبدیل دریل چهار شیار به سه نظام,11637009.0
لاک خشک کن بلوکیو مدل BQ5T PLUS,7241123.0
برچسب شب تاب پریز,9567048.0
جو‌پرو,7632776.0
لباسشویی اتومات پاکشونا,8461297.0
تقویت کننده سیم ماهواره,3241307.0
سرخکن زولینگن,14152346.0
Pride 141 Dashboard Cover,9026799.0
Kids ice cream toy cars,2186480.0
لوازم خیاطی کش ترمز,1720958.0
mikrofon bisim,9315706.0
پیاله ماست خوری زرین مدل مربع,7060891.0
اسبیکر KTS1057,3690229.0
اتوبخار elinor,7464696.0
سپر عقبپرشیا,4015327.0
saat BIG,12031578.0
ساعت مچی مخصوص برنامه نویس ها,2588057.0
اسباب  بازی زیرک,1775829.0
حوله دنیز,14471723.0
Pars Khazar 4-Function Juicer,26666.0
گوشی سامسونگ گلکسی گرند تو 2,49766.0
دستگیره درپرایدفلزی,697280.0
PC joystick,7192556.0
اسباب بازى دخترانه,6818217.0
HP 2024,13836558.0
Women's Thin High Socks,9524821.0
اتودیهویجی,2854783.0
بند زیرو sf1e,13580657.0
bal 111,3757788.0
پوشاک سایماه,14096421.0
قاب ایربک پارس,9229172.0
دستگیره در داشبورد 206,9021822.0
شلوارجین بچه,1570634.0
دی اس بی الکتریک شیور,8955395.0
خرطومی سیم جمع کن,3087141.0
10th grade biology book: My Adventures with My Lessons,9445237.0
ژل ابرو الی ژن,1120456.0
تریلی دکوراسیون,11381904.0
پخش تصویری خودر و پراید,8387092.0
جاکلیدی انبردستی,1059820.0
روبان مدل حریر,17027259.0
شامپو ضد اگزمای مو یرسر,161524.0
وایرشمع تقویتی ۴۰۵ xu7,14217959.0
نوک مداد نوکی HB,6986157.0
عطر جنسی زنانه,532966.0
آچار تعویض لاستیک,1031583.0
سوکت فشنگی آب ۲۰۶,2288660.0
میکروعن اسپیکر,7391150.0
آذرخش هاف گلس,9715350.0
طلق چراغ خطر رنو,4096476.0
سیم نایلونی ۲.۵,1526337.0
شکلات خوری مسی فیروزه ای,73619.0
قاب  شیائومی ردمی نوت 11 جکر,9217198.0
پک ایر پاد و ساعت,877254.0
پیراهن مردانه مدل کره ای,8808913.0
Wireless charging headset,2413323.0
کاور   سوسیس,12594084.0
قاب گوشی ردمی نت 13 4 g,14116165.0
پمپ باد.,3234768.0
Fabric Gorilla Toy,9445143.0
تریازول,4264439.0
دستگاه پرس لوله نیوپایپ,6531055.0
colorfast watch set,10442694.0
چراغ ریسه ای برای ماشین,467306.0
کتاب‌داستان‌فضانوردی,11548891.0
حوله اشپزخانه T001,10653284.0
کاور ای 24 اولترا,14194971.0
قاب اینه کییک,7889284.0
تایل های آینه ای,4289403.0
گوشی اپل ۷پرو,7180091.0
چادر  بچه‌ها,4006952.0
قرمه سبزي گيلاني,3638078.0
Apple flavored honey,1923667.0
کیوت گرلی فون کیس فور شیائومی نوت تن,4460787.0
بر پوش ماهوت,5845932.0
ال سی دی ال جی تلویزیون,6327689.0
tala ahura mazda forouhar,181535.0
sorkhkon tivaresk,14555784.0
قیمت گوشی انر X9a,13602764.0
ماگ قهوه تکشاخ,6202050.0
F3 محافظ پشت,11923642.0
ابکش سینگ,6261040.0
سیمکشی داخل موتور ماشین,12656613.0
boshghab chini zarrin neoklasik,12088288.0
تاچ ال سی دی تبلت سامسونگ Tad a 2019,1829340.0
لامپ پراید ۱۳۱ مه شکن,2068072.0
گارد گوشی یازده لایت شیائومی,9958566.0
بولدرر,12325010.0
برگه ی عکس دار بازی طاق,10483411.0
شاژرر باتری شارژی,645879.0
Wheeled serving basket,638338.0
آفتابگیر پراید هاچ بک,4728336.0
روبیک پنج وجهی مگامینکس,613239.0
باطری گوشی هوآوی Y530,7750051.0
Water Bottle Model pro535Ey1,13494305.0
ست مسواک و اینه,552307.0
قالب شمع بابونه مینیاتوری,12602365.0
برچسپ هندا,10388992.0
ظروف سرو,3054718.0
ماشین اسباب باززی پراید اهنی,472306.0
زیر پوش انیمه ای,4917171.0
پپیت گیم,12528544.0
Mi 10 Late,11974174.0
لامپ ال ای دی قاب دار,848850.0
ارم اسب موتور سیکلت,9577321.0
اپیلاکاتور مژه مغناطیسی,908932.0
شیلنگ موتور اب شفاف,5205149.0
کد نویس,14162487.0
تلمبه فند‌ی,379621.0
هدست p9 کپی,5357021.0
استند اتاق ابری,13462878.0
کار تو روپ هوک کانکتور,7197935.0
laptop flip flap,33592.0
ابکش استیل لگن مستطیل,8659374.0
کیت منچستر یونایتد,640156.0
ماشین سواری  آمیکو,10996552.0
سینی قاب زنجیر پیکان,7990655.0
کامپیوتر DEER,213731.0
تینت  لب ژله ای,17536916.0
hamzan barghi faker alman,10948118.0
دنبال کلید پلاک ماشین,3085247.0
روزشمار یک عشق,1506889.0
هندزفری  کیو کی زد,10602118.0
هندزفری مدل AP-6,3470463.0
گلس سوپردی a12,4970277.0
شومیز شلوارزنانه,11872294.0
عروس جلو ماشین,804925.0
کارتریج 49a hp,6331516.0
headband rooti poosti,6737394.0
هندزفری Y9 prime 2019,12499125.0
دیمر ۱۲ ولت,10425290.0
عطر گلاردو زنانه,6004716.0
دستکشدستکش بدنسازی,8071173.0
گوشی نوکیا s 10,8206881.0
10th grade humanities Persian exam night,4117274.0
Drawer organizer,3825594.0
Miss Wendy,10350205.0
ترولی رنگ کار,8666873.0
شیشه پاک کن یوموش,13882612.0
Chakras model notebook,10620531.0
درجه نشان دهنده  گاز کولر,12779149.0
ef7سنسوردورموتور,7922580.0
ست دستبند و ساعت ضد آب زنانه,2485521.0
برچسب ضد خش فریم پلی استیشن 5,13942891.0
اگزوز ام جی,5195847.0
پریر هدبند,7274041.0
3feet,7546584.0
miz va sandali naharkhori 6 nafare ganjine model toska,8536946.0
آچار قفلی کنزاکس,3644582.0
پایه اتصال تلویریون به دیوار,589998.0
دنوگی,5129645.0
فروش کار ساده ای نیست,14972695.0
ماسک بیمارستانی ان وا,5112626.0
کرم ایران فاربن,15316254.0
بیلی ایلی,12558572.0
اچار بکس 6.5,4575062.0
سافی غذا,842691.0
نت ۱۳ پروکسی,13527053.0
Women's silver razor,151394.0
وسایل جانبی مردانه,623214.0
Wallet and small mirror set,5873413.0
ست 6 تکه شیرالات فراست پویا مدل النگویی با شیر ظرفشویی سماوری,6247336.0
قیچی اطلاح سگ,5803998.0
دارو ضد چنین وچوروک,85086.0
شیائومی رِدمی نوت ثِرتین موبایل فون,12433865.0
ماشین اصلاح وی جی از مدل 276,12921491.0
ارگاانایز نه کشویی پاستیلی,8180402.0
اِی ناین پلاس وان تو اِیت,873126.0
espery baragh konande pak,199083.0
شمع خودر واردی مدل اکیوم,1558818.0
1907,3805248.0
کیف گوشی موبایل شیائومی redmi 13c,14055948.0
cover aroosaki A20s,4995373.0
کاورشیائومی‌نوت10 5g,5853104.0
idm5,153508.0
Xiaomi 12 pro,9022790.0
پوستر Black pink,8450908.0
سنجاقفانتزی,8448494.0
چراغ جلو قدیمی پراید,8896427.0
ساک رودوشی پارچه ای,1826076.0
دستگاه هیدرودرم,10691915.0
قاب گوشی a80,11506193.0
سامسونگ جی تری پرو فون,314213.0
کلیسیوم یوروویتال,6248479.0
tasfiye ab Agua spring,886651.0
پاورمتر,10472470.0
گیره جلو سر,2275515.0
وسیایل شعبد باز دججی کالا,10898538.0
کاور گوشی مدل خزدار پشمالو A54,12942068.0
لباس مخصوص بیکر,5055853.0
ایده های بزرگ برای ذهن های کنجکاو,10368861.0
تختهدسیاه کوچیک,3828058.0
پوستر کفش رونالدو,4909407.0
کاور v7a,4304206.0
تشک رویال ۱۲۰,6991694.0
پترند دال اسکارف,11358108.0
اب خوردن کودک,5568535.0
کامپیوتر دسکتاپ مدل Core i5-3470| RAM 8GB | HDD 1TB   SSD 128GB,8474138.0
گوشی شیطانی نوت ۱۰,11682207.0
جوراب مردانه ال سون.,15502469.0
اینه  دور پلاستیک,1030285.0
کفی پنج بعدی پراید,9136299.0
اتین ژیلسون,2438582.0
استکان انجلیکا,3840587.0
Mate pad t,5592965.0
نیم ست  s,7731917.0
هدفون بلوتوثی.  خرگوشی,12819153.0
سر جارو برقی  ال جی,4566914.0
کفش دخترانه تی یو,10934087.0
دفتر برنانه ریزی مذهبی,6735488.0
patoy paris san zharman,10836360.0
پفک نیتروژن,2214031.0
شیر روشویی پویان شیر,4147872.0
ping light,12943759.0
ژل لور آل,5123200.0
توتر بیو آکوا بولبری,10979517.0
قرص ویتامین فیفول,10006431.0
رومیزی اکلیلی ۶ نفره,1116925.0
قاب مدل پاپیونی ردمی نه سی,8842052.0
ایمنی نوین هادر,5347419.0
شامپو مدل فر کننده مو,5123200.0
پیشگام آمریکایی,9944694.0
اسپیکر تسکو ۲۰۶۴,9033409.0
جای قاشقی پلاستیکی دوقلو,960381.0
Jordan Love Original,5503358.0
پودر ماشین لباسشوییکود,13947776.0
سرویس سلطل زباله دستشویی سرامیکی,3192810.0
ست تابه وقابلمه چدن,9932602.0
قیچی زیگزاگ,13033548.0
کلید بین راهی,9382384.0
ماشین اصلاح صورت دالینج,9547970.0
کاور mi 10T pro,13358306.0
کاور قاب ساده برای موبایل,9943343.0
ناخون گیر خرگوس,476376.0
ست خط کش طرح هویچ,4397106.0
کاسه چراغ عقب احسان موتور,10999616.0
استیل مو,12387366.0
Mountain water,9855378.0
سایه و,11640402.0
ردمی ۱۳c,14663227.0
10 kg kitten food,11795283.0
رنگ خودرو کوییک کرم,3730552.0
سم کش دیازینون,11245945.0
منوال ریموت کنترل توی هلیکوپتر,7802622.0
مداد فشنگی سیاه,8395302.0
نسکافه گلد 190گرم,4214565.0
سردنده اتومات,712400.0
فیری ژل ماشبن ظرفشویی,5109437.0
گوشی Redmi 10,14212796.0
لگو دخترانه بزرگسال,269306.0
مدل و قیمت میزتبویزیون جدید,4344817.0
بازی ایکس باکس بکش بکش,8598954.0
Cotton Gauze,2753599.0
ست مردانه چرم درسا,11223338.0
بشقاب سفالی خام کد D20,8057538.0
مداد فاتیح,1416631.0
Baby bottle design marker set,14182497.0
جوراب زنانه رنگ شاد ساق دار,16310340.0
خرما نخل علی,10747176.0
لامپ مسعود,8491338.0
اسپری بوموش,11311087.0
دستگاه فيزيوتراپي كتف,5972745.0
بند ردمی واچ ۳ اکتیو,13098387.0
Timekeeper,4551871.0
Yellow s24ultra case,14263738.0
sandogh chamedani bache gane,7561829.0
جارو برقی پانوسونیک ۲۰۰۰وات,33674.0
جعه مداد رنگی,3258151.0
هدست  تسکو 51 24,6290252.0
نخ ابریشم با سوزن,8714816.0
Baja,9795665.0
خودکار پاک کنی طرح دار,14126372.0
سرخامه هیونداسنگین,2414671.0
Mi12 محافظ,12463213.0
جلدشناسنامه,4608283.0
شلوارم مام فیت پسرانه,7471158.0
اره زنجیری شاخه زن رونیکس,8927059.0
سی دی نرم افزارهای ایرانی,3784568.0
martoob konande mosaferati,74921.0
کابل شارژJ6,5839832.0
اسلش رنگ لی,10156991.0
‌تاب هستی و نیستی,8725423.0
mb 2000,4498563.0
پروتین کربو پاور,10170605.0
پالتو زنانه مجلسی مخمل,7412355.0
تخت گربهچ,435451.0
اتو مو بیبی ورسه,10132814.0
کفش زنانه  چرم,11112937.0
دستگیره ی ایکس باکس وان,159941.0
گوشیه سامسونگ a23,9953673.0
سیلیکون پلت,5534645.0
لپ تاپ مک بوک ۲۰۱۲,2212161.0
گوشی موبایل سامسونگ a34,10939946.0
لپ تاپ ایسوس vivobook مدل m1602,10082929.0
دوربین عقب دید در شب,3294846.0
Used Samsung J7 phone,539062.0
پیراهن اسپورت مردانه دو رنگ,5204175.0
تاخچه ۱۱۱ فابریک,9027322.0
ک م ویتامین سی,5521775.0
ست براش های ریل تکنیک,15952446.0
بهترین مارک ساعت ورزشی ضد آب,2425682.0
air conditioner dynamo protector,11396255.0
ساك دوديا,15585289.0
پلت سایه هودا بیوتی,11421317.0
مواد ضد پوسیدگی,812887.0
ferfereh haye enfejari fefnir,9422675.0
لاک ژل,13527881.0
مانیتور سامسونگ مدل S5,82697.0
Samand EF7 air vent connection rubber,3961887.0
خار پرده سانروف برلیانس,133158.0
فوتوکارت بلک پینک جنی,10077614.0
ایرپاد g-tab,5831949.0
توکلی ترید دیسکریپشن,1877280.0
تجارت در کسب و کار,279467.0
کمربند چرم ۱۳۰ سانت,2436338.0
یخچال فریژر ایستکول,9434505.0
مایع شیشه شور دیپ کلین,6241074.0
کتاب پاندا بزرگ واژدها کوچک,10332707.0
چراغ خواب استار مستر کهکشانی,519363.0
چراغ عغب خودرو سمند,2957013.0
شیرمنبع اب,2906190.0
کف یخچال  رول پلاستیکی,7140776.0
پد ایرپاد مدل QYC,11648685.0
کتاب اطلس ها,11367985.0
زنجیر بیپ,1585520.0
زه بغل در ریو,9026975.0
کولر ایران رادیاتور 18,7758131.0
روکش سر دنده خودرو,9540940.0
ترموسات پژوه اصلی,8169830.0
اتو صورت,9806934.0
Poco ماحوت m5,9961030.0
دسته اصلی پلی استیشن 4,11000988.0
عینک ورزشی ترکام,2106573.0
فانتونی فیفتی ریل,10839890.0
پوستر طرح تونی استارک,6367861.0
بشقاب تفلن بزر,349676.0
ورزش هوش کودکان,4679632.0
ماینکرفت پازل,7192914.0
قاب های داشورد پژو۴۰۵,3781711.0
صافی سرسیلند,1115423.0
Changing Places (Family,7729949.0
می نوت تن فون اسکرین پروتکتور,8366074.0
کتاب اتنوموزیکولوژی,10563340.0
ماسک موی شون کاسه ای,267545.0
کولبه کودک بازی,5587465.0
کاور مگافون ۴۰۸۰,7479385.0
لوسیون بدن lng نعناع,464143.0
شامپوی مخصوص اردک,3465186.0
قیمت گوشی GLX,7631473.0
کمربند پراید صبا بسته 2 عددی,2074248.0
کابل چهار زوجی,669307.0
بی سی ای فارما پلاس,7619749.0
هدفون بیسیم مدل Mk90,2875868.0
MEXXi چای ساز,3414388.0
ایرپاد گیمینگ x1,10120510.0
ست شورت و سوتین زنانه گردن,816001.0
گلس redmi note 13 4 طرح پاشین,11159404.0
پدال چرخ ۲۸,13259598.0
قاب مینی سنگ فرز,9502262.0
کفش بچه گانه دخترانع اسکیتی,3080538.0
لوازم ماشین لباسشویی,6237630.0
دبه بزرگ جای برنج,4354946.0
کول پد,7759822.0
saat sunborn zanane,11254905.0
جا سورمه ای,1538121.0
کاور گوشی خرگوشی برای گوشی شیائومی ۱۲ پرو,14958165.0
نوشابه زوفا,12310300.0
تاچ ال سی دی a 750,16693891.0
Benz exhaust muffler picture,11007995.0
شیرالات فلاش تانک,8890436.0
دستگاه اندازه گیری قند خون  آکو چک اکتیو,4362497.0
Bridal Party Hat,4360062.0
Naser Plastic Chair,921961.0
Mi band 4 charger,2378379.0
دستبند مردانه رادمهر,6452107.0
چادر خورو,5443698.0
21-volt battery,11249252.0
مارک هوندا,4366604.0
دکوراتیو مدل دایره,8716895.0
سرویس خواب تاشو دو نفره,13117072.0
fermo afriqayi,13507309.0
کت نیپ اسپری مدل ۰۰۲,8619571.0
ضبط پخش ماشین پاینوراخرین مدل,82118.0
Women's Note 9 phone case,8141019.0
توپی  چرخ عقب,6582726.0
ard hame manzooreh,482795.0
واکس مو مدل لوییز,3621770.0
کاور خرس های کله فندقی poco f3,12560714.0
تمب هندی,12009083.0
گلس pocom6pro,14162875.0
انگشتر 8تیکه زنانه,11361274.0
نویز کنسلینگ لاوالیر مایکروفون,3169130.0
redmi13  کاور,13281581.0
کولر سقفی سلدلزی,8577079.0
باکس طلقی کوچک,1161598.0
کیت شارژ و دشارژ,2289837.0
تابلو طرح پیانو,12487138.0
سیم شارژ میکرو تسکو,4506710.0
کلید پریز پارت الکتریک مدل آذین,11388363.0
ps 4 اسلیم یک ترا,1617886.0
جرم شیرآلات,4470323.0
سر پیچ اسپرت لاستیک,394057.0
پرس سینه نشسته,409199.0
اسپری لاستیک و داشبورد خودرو کاسپین,7670489.0
امپول ریزش مو اف,10930347.0
کلییر گلریز,6835557.0
رینگ 14 اینچ برای تیبا,4003038.0
دفیوزر سه تیکه,741055.0
کست آیرن گلس تاپ استوو,6465396.0
رینگ  موتور پژو کرهای,7961102.0
جاسوییچی چرتکه طلایی,4626274.0
saat zangkh,6105808.0
فلش مموری کداک,11236294.0
پریز ساعت دتر,9457871.0
محافظ میدرینج سایز ۱۰,3716034.0
کرم بسکدییت,3150946.0
فنجان نعلبکی دوجداره,10220686.0
چند مغز سینی,11214778.0
محافظ صفحه نمایش پلاستیکی  G20,9905265.0
کوله پشتی لپ تاپ شایومی,5450132.0
قاب زیر پلاک گازس,1568281.0
مبلنان وراحتی,3266048.0
‌کاور لوازم برقی,12284171.0
ویتامین chrom+ b3,170017.0
روفرشی سفید,750182.0
استریت لگ پلیتد پنتس,14799817.0
قفل کتابی ایکس ای,13622794.0
rakht khab nozad chico,2411284.0
فوم گردگیر,3062680.0
ال سی دی گوشی هانر ۱۰ لایت,8609452.0
نان رولت آماده,4437935.0
فندک‌ طرح  زیپو,177628.0
Major 2,5696383.0
ریموت کنترل روشنایی خودرو,14041181.0
گردنبندیین ویانگ,13455141.0
کنترل ار تی سب,4956897.0
کرمر لایت,5700424.0
باطری ماشین شارژی  ۶ ولت ۷آمپر,7544531.0
washi allah,899210.0
قیمت a  53,11510814.0
پمپ شیشه شور پی کی,5066318.0
پرده۲۰۶,162579.0
شب رنگ موتور  آرم پارس,172501.0
کواره  تخت نوزاد,8948840.0
ماژیک مجموعه پاستلی,11625433.0
kif mardane,9715584.0
ژل آبرسان,4874779.0
کابل وصل شونده ps2,1724979.0
کارتریج ۲۸۵۰,6252585.0
پی اِس فور کنترولر جوی استیک,2825893.0
هنذفری بلوتوثی مدل M10,12817985.0
نظم دهنده‌ی لوازم آرایشی,815931.0
قاب محافظ برای گوشی شیائومی نوت۱۳پرو 5g,13238409.0
جیبی زنانه هات لاو مدل Manifesto حجم 40میلی لیتر,10650567.0
برچسپ رینگ موتور سیکلت,7364490.0
King ماشین,6167628.0
gooshi mobile xiaomi mi 10tpro,5258935.0
عاطفه,5874959.0
کلاه ایمنی ضربه,1552186.0
ماستلا استرچ مارک کریم,263299.0
ماگ پروین,15761801.0
بسته بدی پلاستیک,4642638.0
ترانس تابلو ۱۰ آمپر۳۰ وات,10082054.0
Plastic coffee cup,1569146.0
طرح الیس در سرزمین عجایب,6744529.0
انگشتر دوسته بسته دو عددی,13325298.0
کارتریج اچ پی 106,2257125.0
جارو شارژی مدل AS_228,3723264.0
آخرین فردی که میخندد,8636262.0
کاندوم ultra thin,443008.0
Usb hub dlink,1569587.0
lamp remoti mashin,4661132.0
کیسه خرید پارچه ای,13343888.0
24-inch bicycle with suspension,7436272.0
مه شکن ساینت,3875573.0
قیمت سی دی ماینکرافت برای پی اس ۵,8387744.0
GameSir VX Aimswitch,7094941.0
ترانزیستو 2N2222A,8694251.0
لنت ترمز برای کوبیک,2533881.0
ست کارگ‌و با کت تک لی,12222680.0
پاکن pvc,577147.0
کورین کیوت استیشنری,2958150.0
ماشین برقی کنترلی,12817900.0
ریشه خوشه ای,12633409.0
رنگ خوراکی برای اسلایم,3919055.0
تخته سیاه کافه,9233353.0
موتور سمپاشی,12014271.0
روکش داشبورد نمدی خودرو 405,180912.0
نوار چسب ام دی اف عرض ۳۰ میل,10329529.0
کوله پشتی لپ تاپ ۱۷ اینچی,8789224.0
انبر آلمتوبندی,9673893.0
گوشی hunda,3809063.0
لوستر فرشته,3138852.0
kart ISA,295751.0
درب مخزن آب پلی اتیلن,4658327.0
کاپشن زنانه دیجی کالا,7022529.0
انواع بازی های هلی شاد,2272565.0
شرابی صدفی,8815105.0
پاور بانک راور پاور‌,9329090.0
شمع سانکو پراید,14391683.0
قاب سامسونگ آ بیست,3101194.0
انگشتر مدل هندا,10649152.0
ناین سِوِن فایو زیرو,4834974.0
padari model majmoe,13547574.0
hp pavilion x360 2 in 1,14340995.0
دیس‌ اکروپال رونیکا,10701828.0
Enlargment oil,4007035.0
سیم چین فشار ی,14387651.0
جارو برقی پاکشوما مدل ۲۵۰۰w,3323638.0
گلیم فرش اشپزخانه ۹متری,999220.0
موم درز,1811853.0
Nail gun blade and piston,9296886.0
sharjer iphone 13 mini,5371740.0
ژاکت لدر کت,5160907.0
کلاه دخترانه ای تمر مدل,6374504.0
plas tish,2339955.0
مِنستروال پِین ریلیف پَچ,797396.0
چراغ خطر پراید 132,8353565.0
اسپری ۲۰ کاره,10871908.0
استند فنجون و نعلبکی,1718000.0
خانه ی بازی بچه گانه,777689.0
ریموت کنترل mx3,5865442.0
کال آف دیوتی گیم کرکتر توی,12349662.0
جا شمعی تزئین,1097022.0
هدلایت9005,3390678.0
APW grill,10217111.0
صابون لیفت ابرو کاسه ای اسکار,4573008.0
شانه حرفه‌ای,551270.0
سرویس آشپزخانه جنرال,618869.0
مهافز ترمز دورخه,10974039.0
roshouyi divari bedoon paye,11670350.0
کتاب هری پاتر جلد ۵,14128574.0
سیدی بازی پی اس۱,4165937.0
هارد 512لب تاب,109633.0
Craft adhesive tape,964898.0
اتومو سشوار,2137875.0
قرص  تمشک,5111291.0
ظرف غذای پرندهT3khane,10404044.0
آب پاش بطری دار,1714761.0
پی آر ال ام ای کریم,1581825.0
ازدودج بدون شکست,4967179.0
Samsung a24,11578379.0
گاز شیما,8577856.0
دفتر شطرنجی ۱۰۰ برگ طرح night,9851966.0
سرپیک جوشکاری قابل حمل,7357501.0
Pulse لوازم یدکی,3627290.0
ایپاد گیم سبر,7027586.0
بند می بند8,11852527.0
دکورچوبی,13551839.0
لباس پسرانه عید,13073651.0
Phone stand,4202210.0
pich gooshti pnp,3570870.0
f40 فر تو کار,3027828.0
LiQ دارو,6841625.0
ریسه نئون فلکسی ٥ متري چند رنگ,14024452.0
ظرف پخت چند قسمتی,5465929.0
دکوراتیو کانتینِر,2191995.0
پایه لوازم‌ آشپزخانه,10620011.0
سی ال دیفرنس,5068713.0
گردگیر پولس پژو,13128770.0
اسکیت چهار چرخه دوخترانه,766062.0
باطری ساعت مچی  626,8143640.0
سی دی دچنگی,13504571.0
درمانگر ذهن,5193420.0
اکواریوم برفی,12926669.0
اکستییشن مو بلتد,917261.0
رول ضد تعریق tulip,1746928.0
قیمت کمک کپسولی سمند سورن,4441224.0
1001 inventions,2860902.0
کیف مردانه چرمی,1645570.0
وسایل های سگ های ولگرد بانگو,7188846.0
Grand double door refrigerator,9080302.0
angoshtar mardane varsho negindar,9101426.0
M601-3,269151.0
منظم کننده ماسک پوستی,9126030.0
تابلو‌طرح کاشی ایرانی,1714950.0
اینه و کنسول برز,1837320.0
برچسبه دور رینگ کلیک,14759505.0
bastan khoroji ab,11465019.0
دسته موبایل پاولن,749476.0
دستگاه قند امپرول,910280.0
سمپاش ka,4852681.0
اویز دستبند پری دریایی,1407137.0
تخت خواب یک نفره مدل سلطنتی,6562476.0
پودر موی پشینیست,4305079.0
آرام بخش مردان,5343249.0
اهن ربا اموزشی,732825.0
vasayel arayesh koodakan,4954108.0
کال آف دیوتی موبایل گیمینگ کنترولر,5408675.0
جک ماشین سه تنی,6099091.0
هندزفری بلوتوثی شیایمی اصل,7106192.0
ماشین دو چلنجر,9010242.0
ست شیر آلات مدل قهرمان,12420468.0
هندبال بوکی,946160.0
قاب گوشی Poco  x3 دخترانه نو جوان,13239760.0
قاب سیلیکونی برای گوشی آیفون ۶اس,8052513.0
teflon 50 nafare,59132.0
M1 14,13656147.0
ژل پاخن,13942221.0
بازی crash pc,5793021.0
کاور گوشی موبایل هواوی نوا 3,11210768.0
هواکش روی گیربکس 206,4397081.0
کابل دیتا کیس,883904.0
اسکیت کفشی یک تکه,10609076.0
لوسیون بدن اپکس,12233240.0
روبالشتی گبه,5254220.0
استیکر لباس فشین,10463243.0
جک فندک وباد کردن چراغ قوه,8054513.0
آبمیوه گیری کافه ای,7983850.0
گلس موبایل  poco M3poro,11717667.0
نئون ریسه ای فلکسی rgb,6602710.0
رنگ موی طبیعی شماره ۷ دوماسی,10611401.0
کاور ردمی نوت ۱۲ شیائمی گوشی فور جی معمولی,11891856.0
barchasb masraf energy shishe jelo khodro,7582077.0
هفرنگ پرشس استون,8387799.0
قاب گوشی پافری براق نوت ۱۲,12532693.0
صندل کتابخانه,11491863.0
قاب وسط فرمان سنند,11596055.0
دانگل اچ دی ام آی مک دودو,1744686.0
کفش ولف A,11551035.0
ابرسان ومرطوب کننده پوست,714799.0
پرچم آویز ماشین تیم فوتبال,13218038.0
پرده تیکو دکو افکت دار,10961693.0
آرم کمک موتور سیکلت,4986463.0
فنری ریگلاژی پراید,7421005.0
برچسب برای دوشاخهی دوچرخه,13754764.0
موچین بینی و گوش فیلیپس,10088444.0
iPhone 13 Samurai Case,12684890.0
پرده نیروانا هازان 200,12644844.0
لولا‌ی درب‌لباسشویی سامسونگ,9037666.0
اسبازه‌پرنده,9215637.0
دینام کپ کش,3184247.0
فشار سنج تصفیه,7033494.0
cheragh polisi,13737183.0
کاموا قلاب,5027766.0
Regular watch charger,6243091.0
عروسک,5618757.0
ماکس زغالی,15306465.0
شیامی ردمین9,3150728.0
برس اورجینال,7166735.0
تو پیس کنسول اند کنترولر پروتکتور فور ایکس باکس تری سیکستی,3571154.0
شامپو پرژک برای موی چرب,7394608.0
عکس  ایتزی,11019622.0
کاور قفس پرندگان,3321686.0
portal usb,681938.0
رژگونه مولتی کالر نت,384900.0
بند ساعتHK9,12950074.0
کفپوش ساینا,10333025.0
گوشی موبایل سامسونگ m۱۴,11827932.0
چوپان مشهد,797290.0
دریچه گاز تیبا 1,8577074.0
لیبل y6s,4362824.0
قطره ضد جوش راکوتن,9062550.0
دوربین تفنگ بوشنل,15959093.0
مرطوب کننده سیمپل آف خورده,7232637.0
پیچ دستی نووا,5144437.0
کاور نوت 11 تی پرپ,8312082.0
ساعت شیائومیمی بند 5,3426902.0
قرص کارتیژن مکث,5129444.0
z fold قلم,15593973.0
shesh giah shooder,3956184.0
Pride 132 power window,162410.0
مغزی خودکار کیینو,4022270.0
asbab bazi mashin paykan,7455828.0
تیغه اره فرز انگشتی,14554037.0
ساعت هوشمند T8 Pro Max,11111095.0
گلس لنز گوشی s24fe,17210794.0
کارتن بسته بندی مدل C-3,9397341.0
خط چشم مدادی صورتی,4266141.0
تبدیل هارد اینترنال به ایکسترنال,1868597.0
کاور دسسته,2943388.0
مانتوتابستانی,8552325.0
مچ بند کراسفیت,14783795.0
سلیکون محکم,14964963.0
برچسب دسته Xbox one s,759520.0
هدفون oslo,7655336.0
Developmental psychology,7062154.0
خرد کن مایر دولیتر,8368548.0
رنگ فابریک پراید,152741.0
ادکلن مونتاین لگنت,7375409.0
Cosmetic copper,1768109.0
یخچال و فریزر اسمگ,460463.0
کولر گازی9000 هایسنس,309830.0
محافض دسته بازی پلی استیشن 4,9101770.0
دیسک جلو ترمز پراید,6459788.0
خوکار روان نویس,189770.0
گلکسی ای فیفتی وان کاور,2597212.0
gol gaj montabegh,5221431.0
برچسپ و ان یکاد,6943577.0
موس تایگر,149716.0
Lamb skin tanning,7947395.0
شیشه  چراغ خطر پراید,1864688.0
طرح واره ازدواج,5463310.0
دفترچه برنامه ریزی,8338133.0
فرمژه انگشتی,2645301.0
اسکارف طرح رئال مادريد,14006784.0
عود هما مدل اسپند,1003488.0
گلگاردگوشی سامسونگ A51,9869248.0
مردانه ارتشی,2258784.0
خرما خشک,10279663.0
کارتن انگلیسی,80316.0
آرتیفیشال بِرِیسلِت پیکچر,379679.0
نگهدارنده کنترل هود,11173228.0
بی حسی تتو بی ال,6148379.0
ساعت 9089,652824.0
گردنبند ست طرح سنگی ماربل,10091060.0
باتری آ۱۱,14606650.0
زیرماوس,416524.0
کودک سیوند,2095608.0
قلمو شماره ۰ خرم,3779119.0
سینی  پایه داردکوراتیو,10766629.0
گریس خور سایز 10,5245403.0
کتاب تحلیل زمانی,3050864.0
هدفون بیسیم B-05,10624539.0
وال واشر دکوری,1795756.0
ساعت های لمسی دخترانه,9851720.0
گلدان تسمه ای,13452326.0
ماسک پاک کننده,4919301.0
تبلت سیمکارت خور,14176713.0
کت و شروالل و شونیزه دخترانه,8994914.0
چسب ۳۰سی سی,3457566.0
ساعت هوشمندhiska,13463142.0
ماگ طرح کرومی,13380111.0
قالب ته چین و,7517005.0
روکش موتورهندا,10076719.0
استند پی وی سی سشهوار,17406399.0
شیر بطری,2051041.0
توپ اسبابازی,7623616.0
85a,1514737.0
stand goldan model a06,12652614.0
تیبل لمپ,9539928.0
جاکلیدی ۱۳۰۰,10260791.0
قیمت ارف و بلز,479520.0
ام مچستر سیتی,7220776.0
گذیل,6889826.0
3.5mm Microphone,8107171.0
انتن ماشین آفرود در دیجی کالا,1016194.0
دفتر مانهوا,9388540.0
lavazem tazini dakhel kabin peykan vanet,2914569.0
آیفون  اسمارتیز,13939723.0
کاور چرم سوئیچ شاهین,14553599.0
کلنگی ترمز,9545099.0
تایرتیوپ دوچرخه,7356395.0
سری کاغذی,148036.0
هنسفری بلوتوثی ریمکس,17512480.0
گلکسی j200,9126936.0
فوتبال  دسته,8371040.0
ردیاب لندر,14310946.0
قاب گوشی سامسونگ T505,4000803.0
شارژر فندکی ۱۸ وات اکسیژن,13976650.0
کاور اکواریومی انر 10 لایت,3412806.0
لگو titan,9504309.0
S22 galaxy,7855805.0
کاور ویپ ipx80,12506890.0
یدک چرخ روروئک,8372721.0
ساعت کامپیوتری اسکمی بچه گانه آبی,2425682.0
ماکت پهبغذ,717760.0
سوزن موتیف,3179083.0
گیفت اندکوردقسم,12311019.0
کاورکلاسیک مدل شفاف,10852536.0
باربند مدل گیره,14690036.0
جامدادی شب پر ستاره,17314096.0
تزئینی مار,2063886.0
اداپتور ۱۲ ولت ۲/۵ آمپر,7505141.0
بانکه خمره ای,15707925.0
فرش دستباف ۶ متری سنندج,7444508.0
قیمت مانیتور  برای بازی,9197280.0
لارج کریدل,3696981.0
تخت کودک مناسب ۴ ساله,10346293.0
Venus GCC Nuts Bowl,8392552.0
راکت پینک,7922395.0
قاب و پاپ سوکت گوشی شیائومی ۱۱لایت,9772865.0
انشنت ایرانین استوریز بوک,8487318.0
امان از دل زینب,9052518.0
گردنبد زنانه رنگ ثابت,2725449.0
محافظ ولتاژ نگار ازمایش مدل ml_5000_2m,3689934.0
اسباببازیامسیناهین,472306.0
کیت تمیز کننده مدل a88 کد ۱۱,10311608.0
توِلو وی وان اِی پاوِر اَداپتِر,9706010.0
تابلو لایت دار,699190.0
فیلتر تویوتا یاریس,12388741.0
درب روغن هیدرولیک لیفان620,431367.0
میوه خوری پایه دار ویولت,8215708.0
هندزفری وابی b2,13841267.0
جعبه ابزار کاوان,13504983.0
تراست شامپوتقویت کنتده ضد ریزش,7385077.0
ساعت هوشمند سامسونگwhach4,7221141.0
تستر باطری دینام فندکی,1827219.0
کمپل ۷,7048065.0
محافظ لنز a32,6836434.0
نظم دهنده پلاستیکی,3371358.0
برچسب تاتو فانتزی,9073973.0
آچار 10 رینگی,134840.0
پاستیل گچی ۳۶ رنگ gallery,3123964.0
تابلو بزرگ اتاق,906231.0
زانوبند ورزشی کودک,5373611.0
کیف ابزار موتور سیکلت سبد موتر,3745959.0
نیوماتیک بایسیکل,6013513.0
اسباب‌ بازیمیوه,11349887.0
سینی بنفش رنگ,1514008.0
چرخ خیاطی دستی مارشال,6821120.0
ماسک صورت یک بار مصرف پارچه,4258720.0
چبپ لامپ,3524979.0
کاور ایرپاد  طرح گربه,8549674.0
ماگ خونآشام,11699280.0
ابرویی خودرو ام وی ام ۵۳۰,9196930.0
کفش مجلسی زنانه مارک,16721016.0
reedmo watch 2,7602522.0
سینی زیر موتور تیگو 7پرو,10612029.0
Ronix 24-piece socket wrench set,4048051.0
انیمیشن پوکمون کاراگاه پیکاچو اثر,2604096.0
ایرپاد مارک r50,9373848.0
اتل متل توتوله,6863297.0
ال ۹۰ جلو پنجره,3228627.0
خطر سوم,3698986.0
قاب گوشی تاشو a12,4867366.0
کلاه پسمی مردانه,3379229.0
goorgirl jibi,1917569.0
Used LCD TV,1079576.0
ماسک argan oil,3728454.0
فویل طلایی کابینت,10355916.0
صندق اشیا,876180.0
آر ۱۳۴ ای گس وان کیلوگرم,8933199.0
کاور گوشی مدل A۱۲ دخترانه,4744930.0
شورت مهره,785154.0
ترموستات‌کولرابی‌انرژی,4488066.0
پیراهن پسرانه. زیپ دار,14586691.0
پریز تکار,2636930.0
گردنبند کونگ فو دو طرفه,10164226.0
فلاسک کتابی استنلی,4877415.0
کیت دوم  رئال مادرید سه تیکه امباپه,17969085.0
کنترل آبی,1797827.0
چراغ خطی ریموتی,6657649.0
مته نیزه ای کاتکس سایز 8,11727101.0
ذوب وکس,12680909.0
جوراب مردانه مجموعه 12ساق بلند طوسی,7350088.0
گارد گوشی سامسونگ مدل a30,1568408.0
بند شانه کوله پشتی,4621360.0
لیوان گیرس,14898338.0
تبلو ایران,14299009.0
کاور گوشی موبایل a20s بتمن,6825028.0
پرده  سورتی,11476129.0
My Good Mom book,38873.0
ساعت مچی عقربه ای زنانه مدل کلاسیک مینیمال بند استیل کد ۲,16576316.0
کس مسنوعی,11149658.0
بازی نوزاد,3037283.0
صافی شلنگ خور,8941911.0
چراغ توکار پارس شهاب,2259182.0
cover xiaomi Redmi Note 13 Pro 5G,14766903.0
هواوی p30 pro,17311931.0
محلول تقویت ناخون گلدن رز,1077362.0
تابلو مدل Start doing,13631449.0
لباس نوزادی طرح زنبوری,2233703.0
Rimmle london,880639.0
خودرو تزیینات,8112340.0
mate 10 lite joker,4954085.0
ترازوی دونه  شمار,8516352.0
محافظ لنز گوشی آیفون,8739501.0
دانه پرنده فنج,8913983.0
برچسب پراهن بنز,10306216.0
بیستبال درخت گردو,10097967.0
zoodpaz barghi fuma,3644156.0
ریسه ال ای دی 30سانتی,12126126.0
Pockoc40,9527106.0
سبزی سحر خیز,3367562.0
ba-302,509122.0
قندان پایهدار,13384382.0
مایو بچگانه,12216494.0
پازل ۱۰۰۰ تکه فنسی مدل,134955.0
gheymate sharzhere mibro watch,9815559.0
کیف نوت بوکلپ تاب,7199802.0
برق لب مایع,12680721.0
دیسک صحفه  mvm315,7332407.0
achar charkh job,12100106.0
ساعت برنز,485090.0
برق نور مخفی,419085.0
Baby nail clothing,9588977.0
کیف کلاسوری گوشیA03,4489476.0
لاستیک پژو پرشیا,959932.0
کاور موبایل  بی تی اس a32,6239105.0
مخزن گوشتکوب برقی پارس خزر,7111030.0
چادر کمپ\,9276214.0
کشوی زیر استند لوازم تحریر,1075108.0
Car Tow Rope,1664086.0
کراتین سپاس ان,6890835.0
sim charger goshi a34,11505940.0
ضدافتاب لافارر پویت خشک,14029625.0
Cat life dry cat food,4801149.0
چرخ موتور ارابه,9563117.0
مدلهای قاب گوشی سامسونگ a02s,4314484.0
دیس گرد,5984777.0
آبچکان,2360509.0
Anime Design Decorative Hanging Set of 12,13733790.0
شیائومی ردمی ۱۳سی موبایل فون,9000958.0
shahrbazi pelastiki,7357985.0
مرگ سوسک,5607915.0
کتاب های جیبی خیلی سبز,13163447.0
طابلو خفن,1767570.0
Fotom Vacuum Cleaner,5806302.0
لوازم تحریر دختر.کفشدوزکی,4816326.0
Football corner flag,13985468.0
چر والیوم ادجاستمنت اسکرو,10385896.0
کفش روزمره مردانه پویان,8073670.0
موتور دلر برقی,10358668.0
پاسیتل,602199.0
موتوسیکلت شارژی,5205826.0
اسپری  بدنه دچرخه,2672984.0
نوکیا 93ت,9362179.0
استیکر اسم ادویه,8348995.0
فنر تخت وانت نیسان,3839766.0
وسایل ۴ انگشتی برای بازی کالاف,3749050.0
چراغ قوه دستی جی وای سوپر,6782659.0
آویز عقب خودرو,13068451.0
Capsule water heater,728621.0
بشقاب پلوخوری گل سرخ,6240057.0
چوب دارچین صادراتی کاپیا,13080560.0
آب برای دوچرخه 26,5545158.0
بسکتبال  کودکانه,890360.0
بلوور رونیگس,3860138.0
سنجاق مو کره ای تاریخی,1734275.0
قالب کاشت آماده ناخن,9584036.0
جعبه لواززم آرایش,3017645.0
بر چسب لبتاب حروف,1609964.0
خرگوش گرین فیل,6940852.0
همزن میکسر ۲۰۰۰وات,14721045.0
تابلو شاسی حرم حضرت عباس,3272499.0
عقربه مدل ۱۲۸۸,2194673.0
نظم دهنده ادویه کمد  کشویی,3417603.0
جعبه  کشور,9364733.0
Casio watch band,1856417.0
Samsung S24 Plus Camera Lens Protector,14050989.0
باطری ساعت موبال مدل Dz09,1745551.0
هود اکسون شیشه ای,10112729.0
ساعت مردانه ال ای دی,5662396.0
لیوان فنتزی,12344937.0
رزماری گیاه قانون,8141377.0
آویز ساعت زنانه مکعبی,13465465.0
قلم نقاشی کلفت,111707.0
tabdil hard hhd,702346.0
گير بكس,8561802.0
شامپو اچ اس لاین سولفات فری,2227589.0
کتاب جاسوس ۷,10683941.0
کتاب ۴۹ قانون موفقیت,15186788.0
داروی ترک اعتیاد,5487362.0
استیکر خوروه سرعت,12452964.0
قالب برای داخل سرخ کن,12235594.0
نمک نیکنام,5892803.0
کنسول بازی‌ psp,482.0
کتاب جوک منوچهر نوذری,190713.0
لوازم طبیعت گردی وآف رود,12021769.0
محور اعداد,13025803.0
جا ارایشی پلاستیکی,3257807.0
لگو مر ده اهنی,3875716.0
invictus اسپری,11704944.0
چرخدنده بخاری 206,5505856.0
ماین کرافت آخر ساختنی,12974035.0
اسباب بازی انتقام جویان,2869152.0
جعبه نیترو,2586263.0
کیره سیم,3564259.0
دما سنج عقربهای,138837.0
دستگاه ویبراتور ایستاده بدسازب,12911007.0
اَپِل هِدفون استند,8183334.0
خورد کن چهارتیغه,7969736.0
Industrial salt,12247887.0
escrap badan va soorat bioacua holu,6774949.0
چمن مصنوهی,3679832.0
خودکارهرید لوازم تحریر,490435.0
نخ کاموا چانگب,2355836.0
هندزفری بلوتوثی مدلwhs bth f9,14864302.0
شابلن سوزنی کاشی سرامیک,2555717.0
سوپر اسپید,3148813.0
گیتار‌برای‌بازی‌,544744.0
شاپو زد شوره,3383776.0
ژل بهداشتی ژنو بایوتیک,3833118.0
اردک وان پلاستیکی,684205.0
پودر موبر بی بو. نوره,3976530.0
ژل شستشو پیور گارنیه,14498545.0
مهر شیربنی زبان,13611567.0
گوشی zfodx,6092284.0
پستو برقی,8812442.0
میر ارایش,5028427.0
گوشي موبايل سامسونگ A20,7324155.0
گوشی galaxys s23,11419580.0
ال سی دی مناسب گوشی موبایل ارد,5072153.0
Nail Polish,7888690.0
برچسب بدنہ نیسان زامیاد,14076582.0
ژل‌کرم,6959175.0
کاور گوشی redmi A9,8070256.0
وزنه 25,916324.0
سه راهی آب فیتینگ,6116245.0
عطر جکسافت داوینچی,14891626.0
go saware selib,2860406.0
ریست اِسترِنگثِنینگ رینگ,68830.0
ایرپادسری3,8450192.0
History of america,13131058.0
گلس گوشیA8,8118539.0
بقیه تقصیر دلیلش از این است,10708778.0
فیگور غول چراغ حادو,13152830.0
gardanband nameh eshgh,2407543.0
تسلای فلسفه,393078.0
تخت نرد چرم,964286.0
چادر نماز عادی,6510095.0
قفسه اداری آذران,13298516.0
watch active 2 glass mat,6423408.0
صندلي تعادل كودك,4167846.0
ژل لیفت ابروی بارین,4885697.0
saat hoshmand xiaomi model GT,5827896.0
هیدن بلیپ,1163645.0
گگلس ناتینگ فون1,15213679.0
قاب رو راهنما,11778310.0
حفاظ گرد روی دوربین مداربسته گردان,8908327.0
تابلوی عروسک روسی,4621203.0
Boys casual short sleeve t-shirt,1516664.0
اون بالا میبینمت,11704661.0
پماد درد زانو ومفاصل,475703.0
y9 2019,17470238.0
پل دیود SMD,6053278.0
girboks savari rdi,5316473.0
وسایل گیمینگ جراغ,5664068.0
Xiaomi Note 10 camera protector,8518680.0
جلد سیلیکونی کیس ایرپاد پرو,8513272.0
یونیک الکتریک استون گرایندر,8859039.0
چراغ جلو طرح۲۰۷,4956709.0
شیامی پرو 14,10694984.0
پوشال صورتی براق,6870884.0
ترازو دآشپز خانه,545029.0
عروسک خرگوشی جامدادی.,10048426.0
جلیقه xxL,13185064.0
کاب ۲۲۰ ولت,8868046.0
کیف باف,7168123.0
کارد چوبی پیتزا,108540.0
ضد افتاب بژ تیره,733765.0
صابون مراقه,2042181.0
لپ تاپ با سیم کارت,9979410.0
گوشی نوت 13 4 جی,14271321.0
برچسب ضد خش پشت iphone 13,6965505.0
اندروید باکس X96Q,6184497.0
پیراهن مردانه زاگرس پوش,606382.0
Ice Race,9418623.0
گارد   شیامی نوت 11پرو 5G,7373577.0
قاب پوکو ام پنج,14439591.0
رنگ گریم صورت  کانتوریگ,5050942.0
set bande apple watch va garde gooshi baraye iphone 13,10122262.0
زه ابگی سینک,2023379.0
گیف هدیه مرد عنکبوتی,10632942.0
Niasamind gel,7885034.0
درپوش و گردگیر پشت کاسه چراغ ال 90,13094132.0
shalvar nozadi lopilo,8507186.0
Eye fish,3327411.0
پودرپرسیل لوندر,4104507.0
ساندیس زوفا,2209409.0
جاسوایچی چاغویی,891524.0
لباس های پر طرف دار دخترانه,9906836.0
شارژر سفید ۲۵ وات,5936108.0
کاور  سوییچ 405,10514238.0
هدلایت h3 بی سیم,13639566.0
کابل شارژر تایپ سی به ios,108299.0
قابلمه دوجداره گرم غذا,9327243.0
قطعات اجاق گاز,15659202.0
Edon Model Hair Curling Iron Price,7518451.0
جدول تناوبی کوچک,4496519.0
کلاه صندلی ۱۳۱۱,5528497.0
ست خورشیدی و دنده دوچرخه,833471.0
اسباب بازی کاکتوس رقصون,7314195.0
رومیزی توری چهار نفره,11026740.0
اسمال هِر تای,2935649.0
کاورگوشی 11t pro,13706806.0
کرم ضدلک قوی رویال,11563408.0
باران باش نه تگرگ,11295564.0
UF SF,12101460.0
آرم جلوپنچره فرانسه,11467023.0
کابل انروید,1632582.0
Lexsar NM 620 1Tr,10670241.0
اسپایکی مو,4391448.0
هاون سنگی بزرگ,2895142.0
قاب گوشی y3,12602622.0
روسری زمینه ساده,1938623.0
هر ۴گرم طلا چقدر است,12576663.0
asus h3,4479388.0
عوارض کورتون,8367987.0
فوم شستشو چشم و مژه,3580571.0
عروسک نمایشی خانواده رویال,158566.0
کرم نرم کننده کودکان,754380.0
تخته امپلی سمند,6482755.0
قارچ رطوبت ساز,13848507.0
kosan tahr logoy razer,1623114.0
انواعجاروپلاستکی,59380.0
صابون ضد جو‌ش,12490009.0
مداد نوکی هفت  دهم,294012.0
جا بطری دوچرخه,8047249.0
لباس ایران جینز,9846424.0
Chrome Dena Car Outer Door Handle Cover,7505617.0
experia Z2,67965.0
کارت های فال گیری,58060.0
Car cubic lamp,3460347.0
Smart watch band,8759938.0
پارافیل,5229257.0
قاب گوشی ردمی ۱۲فورجی سیلیکونی,12077629.0
ست چاقوی امسان,10066747.0
کیسه استقلال,1422486.0
لامپ هدلایتmzm,12166354.0
چمدان دخترانه ساله ۱۱,6208094.0
ناب فاب,9723331.0
اوجاق گازرومیزی  تکنو,11626600.0
چاقو بررونینگ,11868389.0
lent jelo h30 cross,12295499.0
فوم اکوستیک,10763058.0
دانه سمی,1070635.0
روغن صورت نارگیل,4070674.0
تابه گریا,1804262.0
Tw3,584095.0
آشغال دان ماشین,8714711.0
ایسکیت تخته ای,8972866.0
کفش مدل ادیداس  بچه گانه,3225586.0
هند فری بلو توثی ای ال وی مدلk ۵۵,11679069.0
لوازم ورزش,3223084.0
mashin eslah0133,1127801.0
اشک آور,9964641.0
Eyelash Extension Tools,160034.0
سجاده مسافرتی کیف دار,4887787.0
lamp neon,6602710.0
لاک یاسی و صورتی,3387748.0
miz tahrir dizoom model wd,5817739.0
دی ال انتی اکنه ژل,4241121.0
Peredator,13461620.0
ماسکورزشی,4430288.0
سوکت چراغ ال ای دی,2528095.0
هر گان,10218962.0
شیر گازی ۱/۲,1608330.0
فایل چوبی آشپزخانه,11562239.0
انگشتر زنانه نگین دار کد,13154854.0
دلق چراغ‌,8283197.0
لباس کودک سپاهان,1149791.0
استوپ چراغ ترمز عقب موتور سیکلت,7970320.0
otoo lebas pars khazar,88643.0
لیوان طرح گل همیشه بهار,862511.0
دستبند پسرانه چشم نظر,3644217.0
کاور مدل new skin موبایل سامسونگ a04,10771614.0
gt7 neohaylou gt7 neo earphones,12096701.0
شلوار کروم,13363407.0
گیر مو زنانه مدل کره ای,6631597.0
کرم ماکادمیا,2383637.0
wordpress,398852.0
گیره بالکن مدل تزیینی,3591118.0
ایرپاد mandodo,7907453.0
دستکش دروازه بانی مدل جام جهانی,7553658.0
سینی ادرارسگ,4991935.0
جعبه ی کمک های اولیه کوچک,3219595.0
اسباب بازی مدل حیوان عصبانی,8203862.0
دوربین ورزشی دور سینه,552191.0
قاب گوشی موتورولا  G13,12085726.0
سرویس ملحفه بک نفره دوتکه,4920984.0
موس و کیبورد مک,410596.0
Doogee S98 Pro,9536146.0
دزد گیر موتور سیکلت ۱۵۰,1157860.0
سطل پلاستیکی گلخانه,869662.0
مایک ورقه ای وارمی,11851294.0
سِرامیک سالاد بال ویت فورک اَند اِسپون,633484.0
Ping Pong Racket Grip,2293574.0
گاز صفحه ای مسافرای,11362645.0
نوادا تخم مرغ ابپز كن,11241494.0
دیگ زودپر,7136299.0
گوشیdogea,6975352.0
ayene f hash,72088.0
ریموت دزدگیر تصویری استیل میت مدل 8006,1114234.0
کابل  aux دوبه بک,780798.0
قرص لاغری شکم برای زنان,3572733.0
ایفون گوشی فیک,9017177.0
برچسب مبارک,9879686.0
گوشی m14,16166965.0
عطر مگاماره اسمارت,14894786.0
چراغ روشنایی صیار,10703295.0
128Samsung Bar Plu,1474518.0
ti shirt sefid astin kootah zanane,2693125.0
غلتک هرزگرد,9542906.0
andazegir tak va doble ghahveh,11288948.0
عطر زنانه,7414717.0
دریچه بخاری  سمند سورن,13781222.0
کش تیر و کمان مدل t3,13856310.0
کیت تقویت کننده در,9700707.0
اسپیکر جب لب ال,8068949.0
بگرپاد,7787605.0
ژل شست و شوی زردچوبه نوتروژینا,7656850.0
انگشتر نقره شرف الشمس دخترانه,6593146.0
کاغذ کلمات,2055943.0
G5 ایر پاد,1582864.0
ridminote12s,12428216.0
ست تاکتیکال 5.11,1622380.0
رنگ اکدولیک,15436428.0
داچی موتورسایکل هدلایت,11580930.0
لاستیک فایر مک ۱۵,10527339.0
چراغ اویزونی,5652898.0
Haylou RS4 Plus watch strap,11392513.0
کاور ایرپاد۳ سواروسکی,9755208.0
dastgah pixel zan,7687466.0
guard motorola one fusion,4225984.0
cybertruck,9593956.0
کف پوش صندوق اچ سی کراس,916408.0
قاب پوکو طرح چوب x5 pro,12760907.0
رِد رُز برِکفَست سِت,7492512.0
واکس لاستیگ,8232361.0
لباس فوتبالی بارسلونا ۲۰۲۴,12648743.0
بارانا,16336573.0
فوم شستسو‌ صورت,3408934.0
ساعت ال ای دی دیواری,9445099.0
کنسول.وسط,4032241.0
odkolon albokhoor arabi,2861067.0
تابلو خندالو مدل انیمه جوجوتسو,10885725.0
تشک برقی مریض,6798757.0
اب میوه گیری فوما ۱۲۰۰ وات,2987852.0
کابلدوسر تایپ سی,14365697.0
Rقاب گوشی شیامی نوت s12s,3772284.0
استیکر بدنه  کادیلاک,6554847.0
ژل مو موس,6002837.0
عینک رنگ نارنجی,749052.0
گوشواره نقره کودکانه,738024.0
کادوی دوستی,10244388.0
16-inch bicycle fender,6204956.0
جوراب ماشین بچه گانه,839813.0
Metal Apple Watch band and case,493952.0
gardanband tarh logo parvane,12258492.0
خودکا  کرومی,17718484.0
رنگ مو مارال سری دودی مدل بلوند متوسط,770458.0
ja'be ghors,3597538.0
نور بالا ۱۰ حفره,1648360.0
ورقه لینوئوم,9329759.0
گایه کتری,637957.0
محافظ های بینی,1718585.0
دوچرخه مدل کروس,10709261.0
جلو پنجره سمند سورن,3332088.0
قرص بیوتین۱۰۰۰,7461831.0
کیسه زیپ دار کوچک ضخیم,6073201.0
هدفون بلوتوثی طرح گربه,12686779.0
لگو شانس,3369509.0
چراغ نئون حلقه ای ۴۰۵,15196681.0
میز عسلی تنه درخت,1091098.0
Hard drive enclosure box,105263.0
روبالشی کودک رایان,14309629.0
سی دی بازی rust برای ps4,482116.0
kabel usb be microb,1827268.0
z flip 4 gushi,9491143.0
یراق,17058307.0
کتاب پنچم میثاق,13103817.0
قاب شفاف ۱۵ ساده,14299332.0
دوچرخه شمارهی20 دخترانه,7584679.0
گربه های انتحاری,3813429.0
ادکلن هیلا,6408344.0
قاب تبلت سامسونگ  طرح ونزدی آدامز,10282482.0
تهیه ماکارونی,633507.0
زودپز لاو سونگ,5329771.0
نگهدارنده روتخی,3635153.0
Car seat sweat absorber 131,1790557.0
قوای جنسی,5996903.0
پایه چتر عکاسی,1944985.0
عسباب بازی آتاری دستی جدید,7533365.0
Kenzax Accessories,4196654.0
گوشی اپل ۱۰ xs,974348.0
بازی جعبه ی  هریپاتر,3337746.0
قاب گوشی شایئومی ردمی نوت ۱۳ پرو,13237105.0
تمیز کننده شیر آلات تیرک,8834048.0
ردمی تْوِلو فون کیس,12561858.0
مود,3008567.0
ماسک صورت هیدرودزما,2609936.0
پگ کامل کاشت ناخن,312368.0
لوازم موتور سیکلت بنلی 180,6595121.0
لباس مردعنکبوتی ماسک دار,1615286.0
پژو ۴۰۵ ریر ساید,1467744.0
Poco M4 Pro Phone Case,8515333.0
بست فراست,8166873.0
کفش سگ مدل گویی,10651505.0
زبان کوچک,4423957.0
سیدی شازده کوچولو,9326693.0
service ghablame 19 teke,4876888.0
Peugeot key holder,551022.0
meh shekan pars basteh do adadi,9356340.0
ساعت هوشمندh100,9886623.0
خاکگربه  ژوئنیت,4372912.0
مدینایت رز,4425039.0
بسته کارت فوتبال با قدرت اصل,9029360.0
سمباده نازک,3598086.0
لامپ هالوژن خودرو زرد لیمویی,3157420.0
espilit kazoki,2547504.0
تی شرت و شلوارک زنانه مدل k-1,8655927.0
گوشی redmi9 a,3183082.0
Green Lion Universal Conversion Plug,17304884.0
ظبطکامپیوتر,3951436.0
گهدارنده کابل,112379.0
gooshi ke bahash kelas avalihaa mitoonan bahash baazi,790960.0
گلس موبایل مدل  honor 8 light pra_la1,9135138.0
ترمه قرآن,6496163.0
بالشتک دریل,14782819.0
قفل اویز دلی,15980631.0
لنت jac j4,12164324.0
دور کیلومتری موتور,11106490.0
داو ریپِر شامپو,9611258.0
کار تیج,9562492.0
جارو رباتیکx20 پلاس شیائومی,15113204.0
صندلی تکیه تفریح,152692.0
قاب کیف شیامی  نوت ۹,8823098.0
کارواش نووا,6936264.0
لاستیک سایز 205  15,6974618.0
پوستر رنگ روغن,12299112.0
ماتور ماشین کنترلی اسباب بازی,10277141.0
رادیو شبکه,5130999.0
Animeماسا دیزاین,6830791.0
اویز دوغ,1482105.0
cream abresan feronia model 01 hajm 50 mililiter,2315554.0
Unica clothes hanger,3160022.0
آبسرد کن اداری کوچک,8988196.0
mk 201 speaker,9480418.0
kuler gazi nsjd,2744686.0
فلکسی,6653378.0
سیم کلاچ پراید,1760680.0
طرح سنجاق,845735.0
سویس آشپز خانه جا حوبوباتی,420288.0
مدل جدید لوستر آشپزخانه,3922252.0
شیرسنی خوری چوبی,10500732.0
دفتر مدل ارامش,12851647.0
gheymat bazi disk haye Po5,5117449.0
Pocets3,1045063.0
السی دی گوشی سامسونگ ۲۰۱۶,6660785.0
اسکلاره مدل Telegram,1144060.0
پماد برای ترک لب,6915883.0
شیرآلات سناتور,11351156.0
sharjer deril sharji,5449274.0
Samsung A25 128 gig,4906095.0
چیپس حبوبات,7247698.0
درجه کیلو متر,9021296.0
براش رژگونه در دار,81555.0
ست براش گریم,1120125.0
کلاه حمام موی بلند,5064040.0
وتوکارت  مسی,10055139.0
کلید پاور و ولوم گوشی S8,7178053.0
کولر ایستاده ۳۶۰۰۰,4914193.0
ریبن مدل فراری,4009351.0
جعبه  ی کادوییـ طرع قلب,2153646.0
قاب گوشی شیائومی por 12,8492315.0
دریل شارژی p.m2,11007937.0
چسب پازلپازل,4119606.0
تی شرت بچگانه طرح xbox,5799080.0
ChoiceMMed blood oxygen device,2441995.0
موتور باکی,9780923.0
ابرسان الورا,515848.0
چراغ خطر فندکی,13879779.0
کاور خرس های کله فندقی poco f3,14209762.0
هیلی شاد,6817528.0
گلکسی واچ ۳,807523.0
گلس گوشی نک یا c31,11023896.0
کتونی زنانه هامتو,17607188.0
جعبه  اسباب بازی,1126099.0
قاب ضبط پراید ۱۳۲ اصلی,7585894.0
نگه دارتده گل رونده,5668815.0
کوله پشتی  برای پیکنیک,608655.0
ظرف ادرار,6129457.0
شیایومی m11 t,8395893.0
برچسی سمند,10999066.0
Poco mi4,5744373.0
قلم نوری بدون صفحه,3229989.0
روان نویس‌ماروی,1516133.0
یدکی تی اسفنجی,3202248.0
جعبه نظم دهنده تی باکس,1439867.0
لیوان نازنین با طرح زیبا,15094280.0
ساینا کار هود,4196851.0
جاروبرقی سطلی کهکشان مدل star5000,16644032.0
اسباب بازی تعادلی دخترانه,10432482.0
پچ روشن کننده زیر چشم,5236892.0
تاب اصل کودک,4221217.0
قالب شمع  مدل مار,10273269.0
قابلمه هلبا,5294838.0
jeld gooshi s6 plus,11156711.0
پددفع,2419836.0
سپر ماینکرافت,16546620.0
هدلایت هفت رنگه,7012003.0
دسته کیلی اماده,52412.0
کتاب پنج صبح گاهی,4801614.0
gheymat angoshtar nim parvaneh,968831.0
ترازوی وزن کشی همیلتون,161506.0
ال اس پریم,951998.0
سنسوروالف,1649577.0
شوینده مورینگا امو,4666683.0
لباس کونگ فو دفاع شخصی,6128576.0
vasher do dar peykan,7493128.0
شیائومی ردمی نوت ترتین کیس,13677379.0
لاستیک ۲۴۵.۷۰.۱۶,7152359.0
Peugeot 405 Rear Light Glass,1441868.0
شیایومی پکو ایکس شیش پرو,14214794.0
ananas style,6562545.0
هیت سینک  SSD,14494381.0
کرم ضدافتاب و لک درماتیپیک,5753864.0
دیسک بازی اسنورانر,6206772.0
گلکیر بدنه پارس,3855137.0
چادر دخترانه و پسرانه و مسافرتی,6448047.0
لباس برند تعطیلات,2127877.0
ده نمونه,6994897.0
دستگاه اسلاسر فر چیپس,2316014.0
Boys socks single pattern,7978816.0
جلیقه زنانه نید,8134818.0
لوستر کودک گیتی,7944431.0
قرص پشه تارو مار,9937885.0
المنت سیمی نازک12 ولت,6996746.0
کارت پستال سع بعدیدعوت تولد,6610727.0
ظروف سیلیکونی,13129724.0
ماژول co,9385874.0
گشواره ایرکاف پروانه ای بدونه نیاز به سوراخ,15708070.0
کلیددرب داشبورت سمند,8381569.0
همسفری گردنی,13656268.0
شامپو لوکس لیس,12214658.0
ست لباس ورزشی وینی,5866703.0
آمپلی‌فایر  ماژول,8053291.0
محافظ صفحه نمایش سامسونگA10,1537340.0
قلم رو خوانی قرآن,940240.0
کاور گوشی رنگ بنفش,5127498.0
کاشی کارنیلا طرح کبوتر,4795557.0
انگشتر طرح  ادیداس,12949181.0
فلکسیبیل,15980268.0
گوشی رسنو,13615941.0
طلق روسری,1870307.0
رینگ لاستیک سایز ۱۴ مناسب برای تیبا,4653509.0
خوش‌بو کننده دهان,14086563.0
مهر لینو طرح کاپ کیک,9792746.0
مودم تی پی لینک مودم,224382.0
s134 گوشی,2279846.0
پوسترسه بعدی پرنده,6220344.0
گارد کتابی a71,6857848.0
رژ ارکانسیل,1447966.0
کلیدپریزاستخری ضداب,12884600.0
مینی پیچ گوشتی رونیکس,210706.0
هتل الستیک مترس کاور,9339202.0
Wall Clock,6163212.0
53a  کارتریج,1612670.0
شیر اب شیرین کن,3818283.0
دوربین کوچک دتسی,6830905.0
کاور کوسن طرح کاشی,4176124.0
قاب گوشی A14 طرح فوتبالی,11627926.0
smart watch ultimate,12081725.0
a 51,3569970.0
فلاکس  دیسینی,1626562.0
کاور a25سامورایی,14017355.0
اسپیکر مکس 15000,10563755.0
تیله بازی مدل,5947787.0
شلف دیواری b40s,9253428.0
darug,3981709.0
javane gandom bit star,763107.0
آداپتور s21fe,7513447.0
کرم سیلکالت اون پلاس,7268050.0
تلویزیون جی پلاس ۹۸ اینچ,14089667.0
سه پایه موبایل اسپایدر,917875.0
tazini dar daste rezin epoksi,1897763.0
hdmi به dmi,2418637.0
پایه لب تاکن پادچه,5537905.0
لیفت صورت,1518115.0
میدرنج 10 ا/نچ تور)و,11153841.0
نانو فلکس,6461395.0
آرم پلاس صندوق عقب,9911195.0
خرید شابلن عروسکی برای دیوار,7531652.0
طلا مادر نوزاد,7306054.0
پستون پراید,1454599.0
reshte khordkon atlas,10977127.0
لاک ناخن ای لی شماره 04,1050835.0
قاشق چوبی ادویه,7354748.0
iphone 12 کاور,4978798.0
کتاب زبانa1,2821156.0
شومیز دو تیمع,7971987.0
دفتر ومدادکرومی ۱۰۰برگ,17113088.0
کامپیوتر خودرو ۴۰۵,1967953.0
lebas gorbe siah film,3397736.0
میژ اتو,2579717.0
النگو نقره,16216627.0
قاب گوشی بند دار فانتزی,8395146.0
کتاب مجموعه دانستنی های  علمی آشنایی با,7955821.0
کشوی بزرگ لباس پلاستیکی,3322371.0
gheymat poudr conte asl,4418722.0
kafsh sport nakhi,1290089.0
دیاموند گیتار,3722838.0
اوکسی متولون50,10359413.0
رفلکس بنفش,11607769.0
at negin kari,12773727.0
نوار تست قندemp,1520528.0
گارد شفاف iphone x,10611243.0
لباس جوگیری,3778601.0
سوتین سرطان,2466261.0
gooy xiaomi poco c40,10677094.0
kafsh derichi,796954.0
سرم اکتور,9414390.0
گوشی نوت 23,11419580.0
کتاب شب امتحان انسانی یازدهن,820863.0
zanjir p,14081992.0
Tommy TH Perfume,11216802.0
کاور ۱۱ ایفون مگ سیف,12443301.0
گردنبند مینیمال رنگی قلبی,14008542.0
کفپوش چرم مصنوعی بابل 207 هاچبک,10183508.0
جامدا دی کیوت,11510141.0
قیمت  لواشک,10345721.0
ميز غذا خوري تاشو,5907296.0
چادر بندری گل پنبه ای,9065012.0
رسوب گیر ۲/۵ آبگرمکن,1021268.0
کاورredmi note 11poro plas,9069160.0
Beautiful fantasy girly case for Samsung S9,8400609.0
دفتر ژورنال چند عددی,10472652.0
نرده چوبی حیاط,1703895.0
Lockable Iron Box Without Glass,3308038.0
لیون دخترانه,9720229.0
محلول سنسور اکسیژن,8156579.0
روغن مایع ۵ کلیوی,9870251.0
پودر جوانه ذرت,7861160.0
مایع کرمی پاک کننده سطوح گل های بهاری سیف 750 میلی لیتر,5350250.0
شیر دستشویی سفید طلا,646461.0
انتشارات آبادیش طب,2256187.0
سماور کازی ارمعان,14788207.0
ماشین اسباب بازی گرون نباشه,683854.0
کفش زنانه ۶ سانتی,540219.0
کاور ۱۰۳۳,6815361.0
ظروف چینی ملامین زرین,8949246.0
zevar rooy dar pride141,3559877.0
عطر پوران هوم د گازن,596481.0
ریموت عکسی گوشی,5071561.0
آب باش گل,97115.0
سینی قالب رولت موج,2841404.0
کاور ریموت یاماها ایروکس,12649782.0
قاب گوشی Y8 پرو,14509327.0
قاب فانتزی خرگوش,13466392.0
آیینه مدل دفرمه,14079258.0
Broly,14065530.0
اسباب بازی  میوه,4492609.0
نی مدل 06,8931122.0
می بند هوشمند گلوبال,1505408.0
پاورد ایرپادز,5811498.0
هنسفیری نورانی,10189915.0
چینی پارمیس,4385504.0
Aloe vera ریمل,721359.0
handzferi gardani model lenova,2097924.0
برچسب شیشه جلو ۲۰۶,15258075.0
جلو بندی امیرنیا برای پراید,9108448.0
لباس های خواب و با شلوار خواب ست مدل گربه ای بچه گانه,1426823.0
طلق روسری زنانه کد 01,2079564.0
قاب ایفون۱۲پر‌ومکس,4207992.0
کردن بند ۳ تیمه,550445.0
مجسمه ادم,5223293.0
هدفون چراغدار رنگاورنگ و اسب تک شاخ,15014636.0
پنل ضبط خودرو 405,11210315.0
چراغ دیواری گیمینگ اسکلت,7211105.0
kerem zed aftab va roshan konande trust,12628511.0
مبل رو ابی,7859766.0
هدفون شیائومی H2pro,13838424.0
نایس پاپت بامب شل,2028711.0
کیف حمل غذا,869964.0
malake sefid,9361278.0
Squishy pen/marker,5170003.0
a30s mohafez safhe namayesh,9005713.0
وسایل اسپرت ملشین,2241846.0
بازی fifa19,1505530.0
دفتر نقاشی شیرینی,14739156.0
برچسپ بدنه  موتور,6177461.0
اتکلان ساندرا,272263.0
تاب شلوارک دخترانه برای ۱۰ سال,12005190.0
kabinet bazi bozorg,5364951.0
جا کارتی زنانه,12634048.0
ریموت کنترل تلوزیون مناسب تلوزیون تی سی ال,10930227.0
فن مدرن,13466118.0
تنگ شیشه ایی شاه عباسی,1616592.0
کاور دخترکفشدوزی برای گوشی ساوینگ,10302972.0
بازی خونه ساسی,2103525.0
دمبل کیلوگرمی 2.5,7865355.0
Air pressure pump,909730.0
غذای سفر,14109551.0
قلاده بندی خرگوش,8826326.0
ژعشستشو,82127.0
لوازم.ورزشی,13118786.0
B600be,2572985.0
کاور سامورایی spacter,8535502.0
کیسه حمام بیولایف,959286.0
هد بند پارچه ای,11696856.0
انگشتر پسرانه آدیداس سایز ۴,5077306.0
کراتین 5000دوبیس,17011472.0
کرم مرطوب کننده کودک سالوویتو,3953926.0
باکس کنکوریوم,2945800.0
دنبال 10 کیلویی,317579.0
زین موتور مدل کابویی,14135022.0
وایزر اف ۱۵۰,276728.0
کفش مردانه مدل Reebok,6718443.0
pomp abnamaye asb,12075125.0
کرم دکلره گرلز,2751858.0
اسباب خانه های خرگوش,14141928.0
قاو گوشه انر,326946.0
رومیزی سنگدوزی هندی,9244901.0
کیف لوازم آرایش طرح یونیکورن,5679964.0
Golden Rose roll-on lip gloss,2415653.0
سپر جلو مه شکن دار پژو۴۰۵,1152961.0
تاچ و ال سی دی لایت ۸,7237459.0
کاور ریموت آریزو ۵,13082050.0
Rainbow necklace (2 pieces),12277034.0
دسته  کلید  اکوارییوم,4288693.0
تشویقی snack,4510377.0
بلوز مشکی دخترونه,1439902.0
بلوک اس ام دی رنگ ابی,9017025.0
استند گردنبند مدل چوب,9898703.0
انگشتر محلسی,12401047.0
کاور a23 گوشی موبایل,10455143.0
Bicycle rear halogen light,3434836.0
قطعات کولر تندرال نود,3289306.0
خوراکی  ایرانی,8307641.0
rokesh chasb dar cabinet tarh choob,7618225.0
کاغذ کادو سگ های نگهبان,4131783.0
شارژر هلی کوپتر مدل سوکتی,5840935.0
ست براش ۳ عددی,9020454.0
ظرف غذا پرنده نیم گرد بزرگ,8693975.0
کاور گوشی54,14724466.0
شرت سفید مردانه,890570.0
نون یخ زده,4941340.0
ماشین خاکبر,8423503.0
بشقابهای دیوار کوب چینی,2708994.0
شوینده صورت ویتامین سی بیواکو,10526032.0
عطر شمع سازی,10405197.0
سینی نگاد,3750835.0
ماگ هاکی روی یخ,14822087.0
واریس مچ پا,13227880.0
2984,810426.0
پرفشویی,14089147.0
چراغ خطر اضافه,4481106.0
اسنیکر پرچم کشورها,2749111.0
کیف کمری هدفون,13211709.0
کتری,15627975.0
ظرف میوه خوری جی سیسی خورشیدی,11947958.0
انبر لبه خم کن,12243728.0
جوراب مجی زنانه,787233.0
ریموت کنترولد الکتریکال اوتلت,3549375.0
كاور سويچ تيگو ٧,11382636.0
پینک نوت بوکس,6205093.0
بازی کاپوچینو,10903361.0
zarfe ghaza hi life,9709614.0
جوراب فوتبالی رعال,1874145.0
کراپ,15095964.0
پرده اتاق خواب ۱۴۰ ×۲,7498101.0
خمیردندان ولوس اپ,1628655.0
اچار بکس تاپ تول,2917060.0
دستگاه قند خون کرنسیس,4748512.0
وسایل برای ماشین قشنگ بشه پژو۴۰۵,3329347.0
Flash adata,9436586.0
آیینه آبکاری,2707188.0
Hdmi تحت شبکه,3291393.0
کرم دست بسته ای,7191359.0
فوتبال  استوره,5127099.0
آبسرد کن بچه گانه پاندا,9980852.0
a64,6032410.0
ضدلک فومیژن,8630838.0
بخاریبرقی برفاب,4262763.0
مخزن اب سرد کن شناوری,11064523.0
قرص کلاژن گلد آدریان ۶۰ عدد,7205752.0
لنز ناخن انیمه جاسوس خانواده,14441410.0
چربی زدای خودرو,4428121.0
ساه مایع,7268142.0
مسکن درد مفاصل,5129444.0
هندسفری سیم دار برای ایفون,14416125.0
Glass container with lid,1156863.0
تور  و توپ بسکتبال,555310.0
سیدی ایکس باکس ۳۶۰ اف سی ۲۵,1516651.0
دسنگاه گلاب گیر,13431892.0
آبی جِنرال سیکس تاوزِند اِیر کاندیشِنِر,8900256.0
Suavagdiorrاسپری بدن زنانه,6577114.0
محافظ صفحه نمایش  شیشه ای s6lit,3628695.0
اسپرسوساز مباشی۲۰۱۵,8370339.0
بوق موتور سی بی,12666445.0
لوازم ورزشی دمبل کش,414587.0
شکلات خوری بامبوشیشه,15034858.0
اینورتر جوشکاری گریتک,14382816.0
مانیتور اندروید ساینا اس,8387203.0
kilometer shomar motor ehsan,14157096.0
کنسثل وسط پراید,9470748.0
ابزار تناسب اندارم,3332801.0
تیک خانه ای,1080166.0
کلاه افتابی مدلNy,12097231.0
فیلتر روغن Ns,9051704.0
مبل.  شنی طبی ۱ نفر,1610096.0
اسکییت فینگر بورد,6327884.0
تقویت انژکتور,6561991.0
سیستم دزدگیر امنیتی,5668263.0
شمع,1070089.0
Azamat tuna fish,145838.0
تپلت سایز کوچک مدل ال جی,7290673.0
کابل تبدیل یو آس بی به فلش,4433459.0
A54 لکسار,5460742.0
پایه کف دریا,2689836.0
ga-b2100 ساعت,9629367.0
غذای خشک گربه رفلکس 10 کیلو یی,1026521.0
ساق بند سالن,1760078.0
آداپتور گلکسی a05s,14181343.0
کتاب مبانی سنجش از دور منوچهر فرح زاده.,7249192.0
کاور  گوشی a71,2597127.0
ماشین اصلاح جمب,7612486.0
وسایل ساخت اسکویشی,11221056.0
شارژر25 وات travel,4852639.0
نوکیا جدید,1705521.0
چراغ جلوی پراید ۱۳۱,2967739.0
مایع بوگیر ماشین ظرفشویی,126882.0
لگ سیملس ورزشی,6254543.0
عروسک خرگوش هویج به دست,12883002.0
دفتریادداشت بیلی ایلیش,8355017.0
اتو وانیلی,733785.0
pixel 7 pro,10148366.0
کرم ضدافتاب مارگریتبژروشن شماره 1,8928495.0
کارواش royce,13950898.0
استیکر لب تاپ,7956122.0
اسباب بازی عروسه لندی,11380006.0
گیره لباسمای مود,5338175.0
قاب گوشی نط دوازده پرو خر گوشی,14958165.0
Soft ring light,5487496.0
شمع ووایر ماشین ساینا s,10159708.0
لیوان ۳ عددی,4088765.0
Men's Phoenix model necklace,657657.0
امینو واکینگ,5426868.0
اتوبوس جدید,8844118.0
ست گردنبند ودسبند زنانه,7798139.0
گوشواره اسپرت,930487.0
eDON car wash,7518451.0
بادی اسپلش ای ان,9302065.0
مداد ابرو فلور,6909316.0
موتور سیکلت  صفر باکسر,11511469.0
mahsoolat bio eco pak konande arayesh,11374157.0
چراغ خدرو پراید 131,282644.0
ویبراتور جنسی دلفیتی,4842105.0
اسپشال وکیوم پلاستیک,1575818.0
ال سی دی هواوی نوا فایو گوشی,7235784.0
کنسول. بازی پی اس ۲,4583999.0
خیزران,1928758.0
استیکر مسی,7144875.0
چسب وایر رنگی,4322738.0
A2078,7087016.0
اکشن فیگور حمله به تایتان,14909514.0
Lemon tall model laundry basket,5139270.0
پیچ گوشتی چهارسووتخت,9120939.0
AMber,7922600.0
بازی فکری کوه نور,395762.0
cabinet jadid,7127833.0
ساعت هوشمندWS68,10683103.0
نیلوفر خشک,7295598.0
5 دودی,8804022.0
شارژر موزر فيليپس,3283603.0
کتاب هوش سوم ابتدایی IQ,3686492.0
عطر کازاموراتی بوکت آیدال,6826356.0
رژ لب شو می,13369143.0
کف پوش پنج بعدی جی ۴,12518784.0
شارژر دیواری fast charging تایپ سی,7891241.0
گو شی هوشی مصنوعی,11909673.0
کاور قاب پافریa51,14578891.0
پی اِس کنترولر هولدر,4226290.0
متال کار مادل,10728359.0
درب داشبورد 206,13968566.0
کولر پرتابل ابی,10947891.0
سیم چینسیم چین مینیاتوری,255406.0
eye version,356507.0
فون اسلیپ کاور کیس,2302424.0
کتری وقوری عالی نسب,3541573.0
مودم اینترنت همراهی,16656476.0
قوم شست و و,4670204.0
لدر بیزینس بریفکیس,564551.0
لامپ ال ای دی ۵۰ پارس اسکای,5779434.0
مدل قاب گوشی فوتبالی رولاندوA05s,15294551.0
tabdile mini ferez be choob bori,8971127.0
درب پشت not 10,7626899.0
Galaxy tab s6 light,9937001.0
گیاه طبیعی شفلرا,7125606.0
روغن ۳ لیتری اتکا,4251573.0
اسپری نرم کننده مو بیکل,6740296.0
خار رادیاتور پژو,7985095.0
کرم دست و صورت مدل فانتزی سایز کوچک,3458009.0
زیورالات دریم,835347.0
رو پالشتی  سه بعدی,11443530.0
گارد گوشی شیایومی x3,12094463.0
دستبند ورزشي مردانه,8605280.0
سرویس ارکووال,4461026.0
ای پد هود,1459872.0
سرخکن فیلیبس,7640848.0
تاپر کیک عدد ۱۲,11098166.0
قاب گوشی سلیکونی a51,9251888.0
لئون,9234629.0
jbl 621,4139554.0
لباس سیاه ختم,4225570.0
jorab meshki nakhi mardane arian,4704767.0
رینگ موتور خاور ۶۰۸ کلبن,7393072.0
بند کفش مدل B51,3904812.0
code 1818,8612133.0
قاب گوشی  شیامی13C,12807344.0
انگشتر نورانی پسرانه,93061.0
هدلایت d65 پایه h7,12131211.0
کفگیر نویا,3528392.0
کض مو,3540635.0
شلف جعبه فیوز کوچک,17085140.0
Chinese children's sweatshirt,1020800.0
قاب گوشی redmi notec11 طرح کیتی,13402069.0
Nova se,8842022.0
zarf makhsus pop corn microwave,2516249.0
هدفون باسوس,8467382.0
اروسک ماینکراف,11960134.0
bracket television 65 sony,7199110.0
1080گرافیک کارت,155877.0
کلمات چوبی نستعلیق,5746546.0
چادر ماشین رانا معمولی,7729464.0
سیدی جی تی ای آنلاین برای PC,71623.0
دستگاہ میکروپن,542546.0
زوبینا z clasification,7345740.0
شیرکولر ابی,622748.0
مداد نوکی ۲۰ تومانی,3688118.0
استوو ایگنایتر سوییچ بیس,6728368.0
جعبه لوازم,6575740.0
پلی ۱۲,2770901.0
ماسوره پلاستیک,7048378.0
باطری 100 آمپر خودرو,5796314.0
کرم‌دست سازصدف,8938311.0
فون کِیس فور اِی تویلو,4216970.0
ست زنانه ومردانه شرف شمس,7107256.0
باکالید گاز رومیزی,11888964.0
بدو روغن گاسونیک,13320636.0
انگشت بند بازی,9379002.0
پیچ گوشتی ساعتی توسن,512798.0
shampoo elar,637473.0
عکس کفش پسرانه برای ۹ سال اسپرت,2525555.0
چسب بینیلانبنا,11408972.0
طرح ایفل,3735641.0
panel karbordi,1809169.0
کاور گوشی استار باکس سامسونگ,9900864.0
2089 مک,5282679.0
گارد پوکوX4,8912688.0
فرمون موتور هندا مشکی,8428516.0
filter hava roghan koochak,435240.0
هدفون هدست گیمینگ سیم دار,3721024.0
نوکیا ایکس 1-01,9365889.0
بالش جیلی,7640136.0
ghofl sar bateri khodro,1808578.0
کتاب دروس تخصصی,14030491.0
غبارگیر پیستوله,14055890.0
کانسیلر تک,1004171.0
ست سطل,7380375.0
Optimum fish food,6166323.0
کریدل اینر فبریک,7330976.0
هاب6پورت,4337355.0
دریل شارژی ماکیتا براشلس,11457302.0
منچ ومارپله ی چوبی,14275920.0
لولای در جلو نیسان زامیاد,14453371.0
بهترین برند سیستم صوتی قابل نصب در رستوران,6591032.0
تِن میتِر پامپ هوز بَد,219969.0
کراتین گلدلاین,5500776.0
joor chin robotic,2468843.0
تایر لاستیک ماشین ال ۹۰,6467802.0
ساچمه نقره,16687691.0
عطر مردانه برندینگ,448733.0
Pes مخصوصps4,9591547.0
امپلی فایر صوتی,8215692.0
شهر خرس,350400.0
kolah lion,5274879.0
بنر کاراته,8670445.0
درایو آدامسی ۴ کانال,571768.0
دفتر خاطرات   قفل دار  هری  پاتر,7587086.0
Pride front lights socket,6105665.0
انواع دریل شارژی,6787990.0
چرخ خیاطی مسافرت,4718551.0
قلم ipad 2,7297459.0
براش,738077.0
گوشی شیایومی‌ ردمی ۱۰,9627102.0
پیچ گوشتی دوسو_چهارسو,10206229.0
کولر ابی ابسال سلورزی,6141650.0
ماسک ورقه ای طلا  majik,14720281.0
عینک ‌دخترانه,9846474.0
آچار شلاقی اسکای تولز,14274757.0
اسباب بازی هلیکوپتری قرمز,260265.0
کولهشیمی,4210424.0
کتاب خون ریشل,2811235.0
قالب شیرینی  پنجره ای,9339374.0
قیمت FC CARD اصلی ۲۰۲۴,13041645.0
ویمانا فود کانتینر,14456404.0
خرد ککن,495439.0
گارد گوشی سامسونگ note10 lite,2599596.0
بیترئی سرم,11042962.0
کتاب تکنالوژی فکردکتر علیدرضا,74899.0
Mi 13T Pro,14569480.0
چراغ دو لاستیک دوچرخه شارژی,5004118.0
ست دنده زنجیر مدل,7780382.0
sini Hanover,866046.0
اِسپورت لایت آیبرو,5807161.0
ترازو اشپزخانه vmf,10237807.0
ونا مدل,4869901.0
غذای سگ فریزبی,10290622.0
جاکارتی آیفون,10343254.0
کفش zoom,4241922.0
گارد T11 xiaomi,7212482.0
WD Green Sat,10739828.0
کتاب افصون,1003999.0
کاور galaxy tab s6 lit,3048663.0
قرص بلو مكس,10423280.0
جامدادی دخترانه مکنتی فانتزی,14541067.0
Single girls earring,5891778.0
هارد  کامپیوتر,2100510.0
اپیلکاتور روغن تراپی مو,2767191.0
عطرتایتانیک,184924.0
چرخ خیاطی کاچیران مدل 20 20,854219.0
قاب گوشی موتورولا موتو G54,15772253.0
تینت اسنس.,13671627.0
گوشی موبایل سامسونگ مدل s8,254080.0
ایرپاد سامسونگ اس ۲۱,9944694.0
دستگاه قهده دمکنی,31744.0
اتو مو با بخار آب,609325.0
بازی فکری unu,12778555.0
اسپرسو ساز صنعتی دو گروپ ایتالیایی,2041100.0
شامپو پرتال فرش موهای چرب,4310713.0
zed taregh vitalier,6808740.0
قاب عکس کودک بسته ای,6211018.0
اسپیکر 8210 ZQS,5930903.0
گرد گیر تایر,5688544.0
پاپوش پسرونه موجود,9664817.0
دریچه برقی کولر پرایپ,6148399.0
Fa-901,6213165.0
رم 32,6265476.0
کپسول دولچ,5330152.0
Parker pen refill,6975559.0
نیکتاطپ,2513243.0
هیستوریکال پیکچر بوک,5170007.0
ظرف غذا فانتزیاسب تک شاخ,12220101.0
سطل زباله مابین تیم‌های مدل بهار,6377946.0
کویک بازی,13763869.0
کلید hp آب تصفیه,7967451.0
ایموبلایزر پترس ال ایکس tu5,425857.0
شامپو مو ضد ریزش مو لافارر,513177.0
پروانه آب پمپ جتی,4138822.0
دیوارکوب طرح قاشق چنگال,8836315.0
Graytech chainsaw,10548632.0
محافظ گوشی edge 30,9525590.0
روسری زنانه مشکی,1461793.0
میبرو 1x,7602918.0
کتاب ماجرای منو درسام دهم,4122281.0
محافظ لنز دوربین a32,5547436.0
نرم کننده لباس کودک فیروز,8667904.0
دست بند های ست ماه خورشید,14240532.0
هواپیما ی  جت کنترلی,6593274.0
مولتی‌متر vc70,14038575.0
کفش استوک جمن,12090699.0
میز چوبی نهار خوری تاشو,6170447.0
منظل در کاشان,7877545.0
کیف تبلت x205,7835147.0
لباس ورشی برزیل,1763589.0
بی کلاچ,11729962.0
BMW Car Calamix Sticker,8259586.0
aseneh baghal asti,3046475.0
شیردوش برقی,10319520.0
فلاش میموری,4542839.0
اسکیمر اکواریوم ابشور,799177.0
Resident Evil phone case,2032757.0
قاب  pocoX3 pro,8370107.0
لاک رنگ مات از روی ناخن,528971.0
مام مردانه rexona بلک اند وایت,179460.0
شامپو شریتا,845953.0
ادکلن جیبی آمیتیست,14476967.0
Becoter anti-parasite spray,4184949.0
ماسک پا لوفمیس,11643040.0
cheragh aghab samand set kamel,284267.0
کفس ایمنی سایز ۴۷ قیمت,7761127.0
گود گرل نیفتی پرفیوم,12648952.0
بازی چسبونک,15068848.0
لوزیون,14760870.0
جامدادی  شفاف دخترانه ارزان,11792316.0
نقشه مکانهای دیدنی تهران,3011771.0
ادویه کشویی,9053642.0
دستگیره فابریک داشبورد 206,14065867.0
namgir kenar sink model,6180333.0
دستگاه یووی ناخن انگشت,657178.0
LG TV remote control UB 8500,8425139.0
پرینتر GODEX,7181587.0
ملات پاچ,1760290.0
کاور پافر ساده کد مناسب گوشی ردمی نوت 12,12933971.0
آلفادنت mantra,5620616.0
aragh chin,4297629.0
ادکلن لجند ۳۰میل,630393.0
قاب تو فرمان دنا,8107655.0
Z,12212988.0
nokia  4g,5436849.0
لیکومولی,12586562.0
کتاب درمانی,3791190.0
ماشین اصلاح vgr مدل v097,10726910.0
دکوری پروانهسه بعدی,7185932.0
All rice bread,9703599.0
کتاب بال های آتشین,3019317.0
لوازم قران,2388884.0
scan smd controli,4661132.0
Artificial Flower Stem,7132885.0
دفتر نقاشی پیتیکو,13770069.0
کارت گرافیک مدل gtx 1660,6853124.0
نوارنیکل نقطه جوش,3875383.0
CO2 fire extinguisher,1079268.0
سامسونگ تی وی سی یو ۸۰۰۰,2547206.0
شوگر پلاس,10454509.0
موبایل شیایومی مدل لایت ۱۳,13001446.0
دامن بلند سایز بزرگ,6371134.0
کامپلیت مِنز گیفت باکس,6792674.0
bavaria kerem,8835397.0
بازیکیک.تولد,8332806.0
نوت بوم چوبى,14292205.0
قفل درب بازکن,5269360.0
گوشی ردکی9,8187292.0
ساعت Hk9hero,12416760.0
آواز موسیقی مینیاتوری,7970728.0
گربه واگزاری,8123481.0
ظرف چاشت مدل همبرگر,10634256.0
komak mashin,9780426.0
لنز فیک ایفون ۱۱,2501820.0
سوکت اداپتور ایکس باکس 360,8206556.0
کوله لمسی,6753256.0
کف ساب پا برقی,16971721.0
آدریانا,62441.0
موتر  اسباب بازی,12217516.0
Small circular mirror,14322897.0
Soren rear bumper fog light,1584875.0
لباس ورزشی مدل فینگر,13153601.0
پاور ،۶۰۰ وات,10015130.0
کمک جلو پیکانوانت,7612355.0
چراغ جلوکامیون الوند,8094333.0
zed yakh valvoline,487357.0
دستگاه جوش ماکیتا آرگون,15474441.0
‌پودرفیکس,5419199.0
جک موتور سیکلت وگو,12588040.0
قالب سیلیکونی پایه اینه,5338291.0
جای یخ ژله‌ای,9695428.0
اسپرسوساز 2031,8800744.0
زه صندوق عقب ۲۰۶ صندوقدار sd,1733659.0
خردکن shriton,8912519.0
کفش پاشنه بلند پروانه ا,11161719.0
جاابزار دیواری,405912.0
cheragh motale dm 104,10283219.0
Tf-i60h1,4626056.0
کارت کیمدی فوتبال بسته شانسی,14612250.0
یوکام پی سی گیم پد,416155.0
کپسول های استوانه ای مسافرتی,1067669.0
سر ولوم بخاری سمند,6787215.0
استیکر برایدفتر,11283001.0
ساعت هدشمند لوزان,9439376.0
تاچ گوشی سامسونگ گرند پزیم,452359.0
فکری دخترانه,546625.0
کمک عقب پراید تک گانه,2002493.0
کاور موبایل نیمی,15321687.0
باندهساکی,8577184.0
قلمو کاشی,11716692.0
چراغ فلش,10487720.0
گیرمو سوسماری,10553926.0
هفتیر ترقه ای,3000679.0
3D intelligence building blocks in chair shape,5443628.0
کاور 4g a13 گوشی موبایل سامسونگ,8276973.0
کتاب ۴۸ قانون وقدرت,4014257.0
گارد مگ سیفa21,5423191.0
قاب ساده ایفون 11pro,12202419.0
شلنگ دوش پلاستیی,466066.0
گوشی اس ۲۳ اولترا,11103849.0
دزدگیر خودرو زیتونیکس,11981269.0
قاب گوشی شائومی ردمی13c,13677379.0
بند ساعت هوشمند شیایومی۵ اکتیو,14007389.0
رینگ پیستون موتور سیکلت مدل,2993702.0
روکش صندلی کوئیک آر,3330793.0
ترانزیستور تقویت کننده,3490827.0
Snail Cream,12869215.0
Arghavan Barg coat towel,12904616.0
اسباب مدل موبایل,11456874.0
مداد اتود,396033.0
کپسول هیربرست,9935382.0
کیف هورمان,9747702.0
گوشی سامسونگ گلکسی a۸,404652.0
ربع سکه زیر ۸۶,13344920.0
ال ای دی  ترمز استپ,14360609.0
اچار فرانسهRonix,7461461.0
Akatsoki,9208067.0
کولر گازی اوولس,11360242.0
اسپری خوشبو کننده لمسر 212VIP,2627010.0
چرخ اسپرت,10308844.0
کتاب سرزمین ارواح1,371256.0
قیچی پیتاژ ببتو ای بی سی,2920743.0
تخت خواب دونفره نردبان ها,2793838.0
کیف پاوربانک یسیدو,10668656.0
پالت رژ,5957385.0
برچسب آفتابگیر ساینا,8436769.0
پلس چرخ,368458.0
A15 128,13969596.0
پکیج خورشیدی ویلا باغ,5635948.0
کلین آپ 12,9680078.0
flash memory 64GB data uv131,90520.0
رول کاغذ دیوار کودک,3889239.0
گردنبندمدل bts,5073943.0
کود هدروپونیو,9020294.0
مبل راحتی هشت نفره طوسی روشن,9668361.0
دستگاه فارادیک,14037723.0
خودکار رنگی دخترانه مدل ۱۲ رنگه,12450379.0
کمک عقب جلو,12504445.0
سرم روشن کننده ی اریکه,9246246.0
گوشی شیائومی مدال Redmi 13 c,13709699.0
پیرسینگ ناف فلب,4197457.0
روپوش بارونی یکبار مصرف,686339.0
برس دم باریک فلزی,8073921.0
تشک رووروک,7618978.0
فمقم مخصوص سگ,9391549.0
ghab airpod baraye samsung fantasy,2028108.0
usb c,4347082.0
میدرمج ساندستار,6535357.0
تیشرت لاننگ,11558606.0
میز کامپیوتر ارزان قیمت,7262444.0
ماژول امپلی ایرانیک TDA7377,2137967.0
sandali masaj x9,11593139.0
kharak baghlama,430494.0
سِوِن پیس اسپایدرمن پک,5589097.0
الوایر هزار رنگ,2092880.0
مادربرد rtx,11156752.0
رووکش صندلی پراید صبا,5720202.0
کتاب رستوران میمون,5260079.0
گوشی شیامی ردمی ۱۳c,14413968.0
شمع شناور,12391577.0
ترنر اتوماتیک,5483508.0
آفتاب گیر سان شید,1677625.0
قاب گوشیفوتبالی,5857844.0
شمشیر نوری جنگ ستارگان,13844762.0
لباس ورزشی سبز ومشکی,2106764.0
بادی اسپش هات لاو,9809991.0
استیکر گیمینگ لبتاب,3710946.0
درب طوری اهنربایب,8675008.0
بند ساعت زنون,3257964.0
وسایل مغازه قنادی,3208664.0
گردن آویز رزین,5719815.0
ادکلن ،PERfuME,4041666.0
lander mobile,2010553.0
قاب گوشی سامسونگa20s فانتزی,12117693.0
کولر گازی 30 هزار آر تی سی,10894204.0
مته اهن 17,14220422.0
وزگیر مو مدل تل هفت هشتی,16720639.0
مدل مانتو یژاگارد,6446876.0
صفحه ابزار قاشقی,8394489.0
تیشرت و هودی با عکس توپاک,1029075.0
بیلیارده مینی,7371634.0
بهترین ريش تراش,785436.0
منز کاتن لانگ لگ آندرور,7536027.0
Gkto,14209086.0
سام لباس سایز ۶,10085302.0
takhte pvc,2660180.0
گارد گوشی 33A,8627776.0
کتاب 365 روش برای تقویت اعتماد به نفس در کودکان,3098913.0
نظم دهنده کشو (تایوانی,9719731.0
لینک ورزشی زنانه برند  واصل,831292.0
ماسک  با طرح,5879916.0
poco T13 pro,3519439.0
دستگاه چهل و هفت کاره,11069323.0
تلویزیون بست ۴۲,7593002.0
قاب گوشی ۱۲c,12442344.0
هدفون گیمینگ Earldom,10519102.0
همه وسایل اکواریوم,859111.0
اسباب بازی شانسی ال و ال سوپرایز,4209856.0
کتونی کهکشانی,3013942.0
گردن بند خاندان مالفوی هدی پاتر,7674470.0
ال وایلر,2092880.0
پاور بانک باس,7283591.0
س سرزدژ .,2132669.0
محفض دسته کامپیوترتفنگ فلزی,1112124.0
جاست لا‌,2289856.0
برچسب محافظ کنسول کیا سورنتو,10542440.0
دستگاه جوش صبا جوش,12508996.0
کولر گاز جنرال مگس 18 هزار,155209.0
قال لاک پشت,635310.0
تخته سرو شیاردتذ,12751996.0
تخت خواب طرح چوب و فلز,8772003.0
ویلچر بیمار بر,157424.0
کاور قاب شیشه a33,8665806.0
اجاق گاز طرح فر مارک مهیار,13673427.0
موتور برق7کیلو وات,597957.0
کاور پوکو ایکس ششpoko x6,14151404.0
پن هد جی ماری,196762.0
سرم کلاژن کلینیک,11090385.0
مایکی انیمه استیکر,13728402.0
دزدگیرمگنت  کلاسیک,431195.0
Samsung washing machine jack model 80,6372064.0
garde a10 akili,12018001.0
موتور ساعت دیواریرومیزی,892472.0
جاربرقی سطلی,2610238.0
سزخ کن بدون روغنshiyami,13349064.0
لوازم ساینا اگزوز,7361950.0
SpongeBob phone case for Xiaomi Note 12,8789858.0
ایسپیکرهاینو تکو,12899343.0
شارژ من مگ سیف,11795976.0
جعبه ولینتان,2450919.0
پامِرِینین داگ تریتس,4270359.0
گارد تبلت a9 پلاس,14199778.0
قطعات موتور خودرو ۴۰۵,5941649.0
وردنهصفحه شیرینی پزی,2789485.0
قیچی تحریر,6838467.0
باتری c,921124.0
سکهکلکسیونی,13379612.0
موبایل l21,356804.0
کاپیشان بهاره,7638525.0
Sandwich,841622.0
RGB cool mist humidifier,12554237.0
خط زن  ریش dps,8955395.0
نازل پلاستیکی سمپاش,8789902.0
وکبم msi,12095477.0
service pokht va paz forge,11249656.0
ذربین دوربین گوشی,5036141.0
تن تاک صندلی,8523079.0
قاب روی دستگیره,1768509.0
لامپ تزیینی چراغ جلو 206,9593462.0
بر جسب پراید,7612293.0
اردوخورب,9832146.0
هوم هرو,3500901.0
شامپو خارش,539320.0
قرقره بادبادک,11178970.0
Pendant Lamp,1127047.0
دفتر طرح گروه astro,4366176.0
Bag and headphone set,13536155.0
دسته سته ایکس باکس,7248029.0
زنگ کبوتر,2182660.0
لامپ سقفی پایه پروانه ایی,11967777.0
بک کاور note 10 mi,5298345.0
کیف دستی زنانه سه عددیق,3350124.0
سیم فنری,955878.0
تبدیل مموری,852676.0
هد بند مو زنانه,3726850.0
تفنگ فورتنایت,3265330.0
لامپهای smd,8968351.0
wire shama ghodrati pride sazhem,5823722.0
ماژول نقطه زنی لیتیومی,5752183.0
نودل سامیانگا,8891940.0
واکی تاکب,11729642.0
gardan band noghre haft sang herz emam javad,7219645.0
کاور گوشی طرح رئال مادرید,5065763.0
کیک پیچک,795328.0
گلسa30s,7600535.0
barchasb kheili dolari,7462044.0
گوشی هواویY6 زد زربه,1111878.0
قفل و چفت درب,6772657.0
شلگیرعقب موتورسیکلت,8799078.0
قران6,15147803.0
هیلو تاچ بلوتوث ایرفونز,14180980.0
کنترل پروویژن مدل 001,7561144.0
ژل ابرسان پوست چرب,10722982.0
Lamp thermostat,1695565.0
برچسب‌ لو تاپ,3036946.0
طعم شیرنارگیل,6350773.0
Tooface,6869543.0
گوشی موبایل نوته ۱۳,14176170.0
نظریه های جامعه شناختی معاصر,7013482.0
قاب وایرلس ۱۳,7032881.0
انگشتر کد 925 مردانه,212535.0
گلس گوشی Redmi13c,13401998.0
Gabrini Concealer,581672.0
نگهداری دمپایی,3531299.0
ساک خرید پارچه ای,17025073.0
لنت 2060 تیپ 5,9938759.0
پرنک تولز اند اکوییپمنت,1851303.0
گوشکوب برقی گاسترو بک,4141072.0
باتری ۷ولتی,9738989.0
بکس 38 4۔3,8945874.0
کتاب BennyandtheBiscuit,4889984.0
صابون مو سر,6980916.0
باکس گل و کادو,4257429.0
پک دریل و مینی سنگ,5778111.0
جا روغنی چوبی,15873939.0
ghors vitamine rish,4949229.0
سوتین مخصوص مهمانی شب,12905727.0
قاب گوشی هو ا وی y9,2511416.0
Galaxy A8 Plus 2018گلس,451149.0
شامپوریزش مو,4892096.0
ساعت هوشمندمدل ارلدام,2752622.0
لوازم تزئین فانتزی,14874782.0
کتاب تجارت هولناک فروش بزرگ غول ها,213423.0
قلم مخصوص گوشی A24,8333179.0
9light,3671737.0
پوکو،ایکس 6,4957468.0
کارت حافظه ی 16GG,14188564.0
هام هام گربه,13717213.0
تیغه برف پاک کن405 ipnc,10082867.0
لنت ترمز موتور پرواز,4972133.0
گارد آیفون یازده پرو عروسکی,13274339.0
شیر خشک نوزاد سیمی لاک,1487225.0
سرویس‌های شیرینی خوری,2826482.0
قوری مدل ۱ استیل,8028610.0
ساعت مچی قهوه ای سیلیکونی,14890627.0
تایر مزدا دوکابین,194931.0
بوستر ترمز  پژو  ۴۰۵,8044249.0
تور محافظ گوش ایرپاد,7465665.0
فولدینگ استادی دسک ویت گرلز چر,6500407.0
Ethernet Booster,4414114.0
کپسول گیفت پری دریایی,12467982.0
آبنبات کندی آدرین,8398100.0
kalasmeh dogholoo,13710651.0
لانپ زنون تیبا,5285459.0
زایلفون,8766222.0
ورساچه دیور,8824653.0
مايع لباسشويي دستي,407841.0
لگو ی  آتشنشانی,5741169.0
زعفران 0/25 گرم,7367110.0
ریسه 10متری,7844352.0
گارد کی اچ a520,521085.0
K580,9072561.0
ست مانتو و شلوار و کیف و کفش,2487012.0
صفحه مینی سنگ کاشی بر,4494850.0
گرفتن وز مو,785535.0
داریاباند گلس,17185127.0
چادرموتور150,7392683.0
پک کامل وسایل رنگ مو,1158687.0
تابلو گیم mortal combat,8578639.0
هدفون چه,6406905.0
sony a7 mark 3,591097.0
کفش اسپورت  نوزاد  سایز موجوده  ۱۲ تا۱۳,12363313.0
دوربین مکس رون,1743832.0
کونیکا,8860574.0
زرین آران مدل چاینیز تی‌پات,1519801.0
negahdarande mive va sabzijat,937828.0
کرم سان وی سوسک,8527470.0
استیکر قهوه چوبی,7198042.0
شارژر ۱۲۰واتی,11137407.0
موتور پرواز جی وای,5067566.0
شیلنگ رادیات ۴۰۵ slx,9128967.0
سویشرت مردانه لیورجی مدل,7108756.0
مک بوک ۱۳ اینچی. برچسب کیبرد,11942039.0
ریسه تخت نوزاد,803587.0
سپر عقب لا نود,8856459.0
ظبط با,8873557.0
ست هدیه مردانه چرم طبیعی,2577240.0
14-skewer motorized kebab grill,12453934.0
کاور گوشی ایفون ۱۳ پرو مکس,6779488.0
چرخ خیاطی کاچیران مدل نیولایف5000D,202703.0
مانتوی طرح پروانه,4977877.0
قیمت ویلچرویلچر,4450185.0
مانتو عروسکی دخترانه,438351.0
شال زنانه مدل موهر زمستانه,17145362.0
شبوار واریس,6417834.0
سشوار پاناسونیک 10,8179314.0
کارت ماشین رفتار,38820.0
تیغ چرخ گوشت ۳۲,1498412.0
دمپایی زنانه مدل پاپا- BLK,14362168.0
کناپه تخت شو,411716.0
قهده ساز فیلیپس,33589.0
ست بیمارستانی پسر,7595453.0
Nuc computer,3185092.0
پیسیس,1533016.0
کیف تقسیم شده برای لوازم بهداشتی,456337.0
کاور مناسب برای poco x3 gt,7766073.0
شیر مخلوط سرویس,3783648.0
فوم شست وشو صورت ویتالایز,3408934.0
شامپو پت اکالیپتوس,1683331.0
خمیر بازیکرم مرطوب کننده سودا,3884717.0
باكس قهوه,966563.0
سامسونگ ۸plus,266499.0
Pink flower laptop sticker,6327528.0
افزایش شبکه اچ. تی ام آی,566235.0
هاب فول پورت,8198325.0
گارد گوشی ۹s شیائومی,8141019.0
تمیزکننده و براق کننده چرم سفید,2680052.0
توپ فوتبال برای تزئین,5688651.0
VR Device,495837.0
دمپایی  جلو بسته بچگانه,8186728.0
کلیپس مو کوچک,7495284.0
سوخته نگاری,13692498.0
فاین گراند کافی,5595567.0
ic مدل6502,12721879.0
دفتر طرح گروه بلک پینگ,7301351.0
چمن زن چهار چرخ بنزینی,762996.0
تی شرت فری فایر,4474955.0
نوکیا گوگل,10058591.0
کولر گازی سااو جنرال,2848026.0
تشک آکواریوم بازی کودک,8494398.0
مکعب روبیک کوچک,3556125.0
قالپاق پراید کره‌ای,14333673.0
چرخ حمل اساسیه,608188.0
گوی موزیکال طلایی,10311550.0
Sink sealant,347269.0
چاپ کننده ی صورتی,3592470.0
Tubular fan number 12,286918.0
بازی برای ویندوز ۱٠,1634821.0
کیف رو دوشی طرح اسنوپی,17590677.0
مردانه دژاوو,12914437.0
مادر فروشی,38932.0
مانتو  چهارخونه,10275826.0
بازی گم نت,8828520.0
چرخ کشو ام دی اف,515038.0
راغ خواب ماینکرفت,15128623.0
طی شئامی,12110498.0
اچار‌ ستاره ای,168079.0
اینه نوع چراغ,5889381.0
روان نویس sarasa 12,1078142.0
‌پک مسافرتی,6456374.0
Girls Jujutsu Kaisen Anime T-shirt Available,13951460.0
شاسی قفل پژو۴۰۵,8422052.0
mehdi etemadi,70474.0
کیف و کاور ردمی نوت 13 پرو,16483817.0
poolak harati,8611971.0
عینک اکسو,9333587.0
قاب گوشی نوکیا مدل 6.1,348142.0
accessory gooshi mobile,11011909.0
XFX Radeon RX580 GTS 8GB,8445425.0
پایه چسب کوچک اداری,341682.0
میز صبحانه خوری استیل دو نفره,787425.0
انجلشیر,13835855.0
مکمل خاویار,8817271.0
شاخ دوچرخه,7644331.0
case iphone silikoni 13,6680257.0
موبایل سامسونگ اولترا ۲۲,8519789.0
پوشک بچهمای بیبی یایز ۴,197421.0
BTS design mugs,14793780.0
Eros Tile,836894.0
ای۱۲ فون,4230579.0
روغن ماساژ بدن,707892.0
سیلندرقفل حیاطی,4369697.0
اسانس خوش بو کننده ماشین,2839161.0
دریل.وپیچ بند,2277393.0
قاب گوشی پوکو ام تری بی تی اس 121,10920318.0
شلوارکوتون زنانه,3624625.0
آویز جلو آیینه قلب,8736641.0
بند ساعت active s1,8220841.0
گارد نوکیا۱۰۶ ۲۰۲۳,15830110.0
تابلو اسم مهدیه,7596488.0
سرامیک ساپد پالیش سرامیک,2598454.0
شیر دوش طلایی,774908.0
یه بسته ۲۰ تایی سیگارت,1586166.0
پیچ گوشتی  شیائومی,12664128.0
ماهيتابه ساج,5551207.0
اردلان عطاپور,5703369.0
Calcium Chelate,13604669.0
کفش زنانه اندازه ۴۲,7720365.0
غذا پرنده کوکو,6553359.0
ماگ فوتبالیکا,14023903.0
گردنبند استیل بچه گانه,11856664.0
لباس بچه های دختر ۲ ماه,2927696.0
قهوه‌ ساز ناسا الکتریک,471534.0
کولر برفات,273192.0
اسفنج محافظت کننده,5382851.0
کراتین مو کادیو,14032131.0
اسباب بازی صدای سگ,12760388.0
فندک اتمی شعله  فانتزی رنگی,11108937.0
تیغ شیشخ,1572826.0
وساایل تفنگ اسباب بازی,707962.0
ساعدی نیا حبه,10632211.0
برچسب رونالدو کوچیک,4301569.0
ic lamp kam masraf,6460201.0
daftar tarahi model anime tarh,9873944.0
Pocox3,8596417.0
tashtaki,6090993.0
اوو بخار فیلیپس,11637871.0
لوازمات تلمبه دستی,1887326.0
مبل کودک با پاف,7338944.0
خودرو 405,8881982.0
کاور شیامی ۱۲ لایت,9174744.0
جوراب شیرشاه,4013119.0
لامپ یخی. می شکن  سانتافه,6866316.0
تقویت آنتین تلویزیون,7270861.0
لوله آب رادیاتور دنا,8347046.0
چنگال ام تی جی,2509472.0
جی تی وی برای ps5,7998713.0
صندل زنانهمجلسی,9604701.0
جا ادویه هدیشو,5551688.0
جوراب مردانه قهوا,1035800.0
محافظ صفحه ی نمایش مات ایفون 6s,9619427.0
ژل شیت و شوی دیپ سنس بامبو,4378150.0
جیپلا,14608584.0
گوشواره نقره زنانه مدل برگه پاییزی,14477251.0
Honda 125 motorcycle exhaust,12217894.0
تبدیل hdmi به بلوتوث,4934765.0
Freelancer,12877469.0
ست شونه ارایشگر,623214.0
هدسفری تایپ سی,4726071.0
اسباب بازی یک و گربه مدل توپ,4528161.0
گیره مو زنانه پشمالو,10387007.0
کتاب ویرانم کم,9396692.0
کاندوم تاخیری double,558843.0
پپپ آرایشی,4964326.0
بلوک ebs ترمز پراید,9970279.0
کابل وای فای دراز به کامپوتر,8066024.0
پودر دست تست,7282833.0
ظرف وا رمردار,277950.0
urbaan,1003390.0
Gas Samovar Base,2838753.0
لوازم آرایشی مردانه تک نفره,5776870.0
گوشی هونور X5 plus,14187695.0
پیش دستی هلو کیتی,7581955.0
ضدافتاب سانسیف,4180871.0
پای مصنوعی,11330221.0
PlayStation controller phone holder,2014710.0
range moo dar gol zeytooni,4098932.0
وسایلساخت دستبند,6339428.0
kelid haye org,5409265.0
بروش نرنم,738077.0
تخم مرغ تزیینی برای عید,4631112.0
سنسور شیشه بالابر,5078838.0
دریچه کولر پلیمری,9735156.0
اویز ساعت طلا 18 لیرا,11277102.0
پایونیر باند 1677,4033451.0
هرزگرد ۲۰۶,7021668.0
نی رنگی برای پره دوچرخه,831772.0
کریستف رضاعی,20474.0
جلو داخل پراید,6212262.0
تاخیری نان استاپ,2448796.0
عطر مردانه بیک,55610.0
شیلنگ اب داراکا,1037109.0
Turkmen mattress,11418399.0
موتور برق صنعتی سه فاز,8884238.0
کتاب کودک من کدومم,185902.0
دستگیره پی وی سی قفل دار,5630888.0
a4 کپی مکس zd,4512195.0
Adult diaper Can Pad,4878067.0
Microsoft Surface Pro 9 Laptop,11238413.0
کلاه ال آی کرمی,7820922.0
ماوی رئو,8823095.0
swm-84w30,11217197.0
فوم شست و شو درمالیف,1558485.0
بازوبند کاپیتانی  اصل,2333861.0
ابرسان مورينگا,4640717.0
رنگ مو مسی شماره,5243806.0
گردنبند طلا 24 عیار مردانه مدل اسم هادی,10984525.0
پایه مغناطیسی موبایل,557987.0
پیرینتر حرارتی مدل جیبی,11517957.0
میز تحریر تاشو پارس مدل70,330734.0
کرم پودر روزیا,6706574.0
ریتون ماشین ظرفشویی,6154135.0
اسپیکر تسکو  ۲۳۰۵,691459.0
گاز کپسول خور,877668.0
ملاقه کوچک مدل هخامنشی,2531210.0
دانه های خوشبو کننده ونرم کننده لنور,12647563.0
ساعت هوشمند y ultra,11698854.0
ایکس باکس ۱۲۳۴,1980226.0
نخ دندون oral_B,6488097.0
گروندبند,8713891.0
همزن فوماfu1109,73856.0
کلید ایران الکترونیک,6214633.0
طرح ایروکس,12826151.0
Poco c55,13132232.0
پرسحرارتی,490390.0
uni derm,210803.0
پت ابلیمو,677563.0
گردبر برای سوراخ کردن دیوار,5005362.0
وسایل کامل  جاروبرقی سامسونگ,8648012.0
شلوار لی پچگانه,7533584.0
otagh bar vanet fayber gelas,7797203.0
کاور ایرپاد آکام,11652937.0
خودکار بله عقد,3514157.0
تک کمک موتور,10783503.0
Women's flip-flops Nikta model 211,10901919.0
باند. کونوود 710ex,811532.0
از تبار انگلیس دختر آفریقا,5181784.0
mag divar,142598.0
دستمال هتل ترانسیلوانیا,9866526.0
کولر آبی ac58,1563662.0
Amitis Bowl,379015.0
دوربین سونی af7,14322527.0
کاغذ دیواری اتو,11043427.0
رم Gddr5,12461983.0
رِدی بلوتوث ماژول,6225235.0
فلاپ اگزوز موتور سیکلت,6770083.0
نان چند غله مزرعه,730045.0
گارد ایفون ۱۳ طرح ستاره,7161954.0
اتصالات تسویه آب,7495121.0
set micro zanane,9979073.0
جا باطری لیتیومی  پاور بانک,3385777.0
occupation house toy set,10361389.0
کاور گوشی شیایومی رد می 9 تی,4532802.0
darya takhrib bosch,441365.0
اسکوپ بستنی شنگیت S-B,7066450.0
ممکمل سگ,378044.0
اتو لوله دی ان,8589994.0
زدفولد 7,12213603.0
تی شرت وشورت ورزشی,3400868.0
حپاد,12417844.0
دارو لاکتوول,6241499.0
هدس گوش گیر,6578624.0
کلاه بافتنی سام مدل داخل خز لبه برگرد کد 202,17185045.0
قالب همبر گر,14544185.0
اگزوز ماشتن ۴۰۵,3882123.0
قاب 11 در 18,2945261.0
Car clips,12152329.0
پیرگاردین,2144579.0
کاور صندلی تاج دار,2555157.0
JAC J4 car rear window,9242187.0
لگو استار وارز در حد یک تومان,7856934.0
سبد حصیرث,9167161.0
"44029 suitable for Pride, set of 6 pieces",13175971.0
",باتری شارژی لیتیومی 18650",2431669.0
کلید ترانس جوش شمس نو,7117020.0
باتریرساعت,2552449.0
گوشواره لاله گوشب,8966653.0
ژریفارماتون,7857661.0
قاب گوشی اپل 7,8161925.0
مبدل صدا تایپ سی به جک ۳.۵ اپل,3189403.0
صفهه برش اهن مینی,4440247.0
قالب روژ,5338291.0
ريلمي C53,13875577.0
تم تولد طرح سریال ماهی مرکب,10085386.0
بی سی اا کارن,15110674.0
اسباب‌بازی‌ساعت‌هوشمند‌برنامه‌دار,11266518.0
کابل aux الدرام,9674839.0
روکش تشک دونفره قطر 30,10061052.0
farsh mashini beyzi,380267.0
جعبه همراه دارو,3812340.0
هاگوارتس,5727653.0
کاور ساعت هوشمند تی۹۰۰اولترا,14050066.0
قیمت قفل داشبورد سمند,8386109.0
چراغ جقد,14325572.0
كيف دوشي مردانه چرم لانكا,6294267.0
کاور روبینا واسه گوشی نوت ۱۲,11103549.0
ساعت مردانه سیتی زن سه موتوره صفحه سفید,14096783.0
انگشتر بچه,3801395.0
Bicycle frame bag,12362441.0
فوم ضد جوش صورت,12549397.0
moto alat keshavarzi,11969895.0
هینک دودی,576821.0
میلگردبرنج,4121114.0
آچار چرخ 206 تیپ 2,8187878.0
نکوتن پوش,426944.0
کاور مدل فانتزی طرح پام پام مناسب برای گوشی موبایل سامسونگ A30s,7404404.0
kafsh caterpillar model ease,2124125.0
ساپ گيم مدل 400,11602537.0
Water Pump,9493098.0
قاب دودکش پکیج,12665229.0
گوشی موبایل شیائومی poco x5 pro 5g,13278587.0
بازی کامپیوتری تری,7162479.0
اسکت برد طرح انیمه,1699984.0
سرم ویتامین سی سیوا,10108761.0
دمپایی زیره کلفت مردانه,11547843.0
هوم ترند لایف اورگانایزر,4644853.0
فوم مژه فیروز,12106618.0
همزنکاسه داربوش 1000وات,6293939.0
گیتار الی است آف آس,1503088.0
اپلوا  چ,9422726.0
کفش آدیداس ایکس,1513242.0
macbook air m3,13656897.0
لیزر لول,7208436.0
ترموستات پیکان مدل74 درجه,5112407.0
گل مصنوعی متری پتوس,9747174.0
slime pofaki keshsani,7791972.0
هواپز 7کیلوی,11161720.0
J1,1627285.0
انگشتر پسرانه عقیق و شجر,11427562.0
ست ساعت و گردنبند و انگشتر و دستبند,5597635.0
محافظ صفحه آنر۶,13897697.0
G pl,4738694.0
شیشه کیلومتر پارس,3815110.0
تیشرت دخترانه ال سی,7798882.0
پد مایی کیلینز,3028345.0
kart khan hafeze sandisk,1582817.0
برچسب. بارکد,8794815.0
گیوه  بچه گانه,9597396.0
اسپیکر بلوتوثی leitu,8348402.0
رنگ روغن winsor,1732149.0
flask termos,6620414.0
اتاق جلو سایپا,172516.0
مینی دلر انگشتی,6905118.0
آموزش دایره نوازی,7771001.0
لیبل کیبورد,8423792.0
گارد not7,5922059.0
هِر بَند فِر,2313806.0
چراغ‌های جلو‌پراید,280271.0
سوییشرت طرح اسپایدرمن,12739978.0
چاقوی سفری شیامی,11940994.0
لباس ورزشی  بسکت بال مردانه,8955487.0
تراز لیزری نوا ۲۶۳۰,9342140.0
روشن کننده MQ,5268387.0
گوشی موبایل galaxy not,3221442.0
کود ارگانیک کبوتر,7633230.0
انکر space one,11202573.0
لوازم یدکی اهمتر,732295.0
بازی های فکری و جالب,7454369.0
حوله یسره,3563723.0
دارو های برای درمان عفونت,13997922.0
ضد استرس ژیروسکوب,8489068.0
ساعت هوشمند گرین لاین ultra active,13364523.0
توپ فوتبال اسفالت,5134415.0
آویز پرچم,11769387.0
Checkered Pattern Sticker,6004161.0
رگال کمددیوازی,5413236.0
ab ghooreh gir,1571159.0
استند رو میزی حیوانات پاندا,5366507.0
Xiaomi Redmi Note 13 Phone Case,13677379.0
پوستر پارچه ای درخت,9189888.0
کتانی هندبال,632064.0
محافظ ۵۰اینج,2529858.0
پالت رنگ تخم مرغی,4893128.0
ابمیوه خوری کودک,12652333.0
مبدل تایپ c به usb,14655793.0
کیبرد گیمینگ,5705932.0
کفش سایز بزرگ دخترانه ورزشی,10799443.0
هدفون نگهدارنده,8827722.0
شال مروارید,11054007.0
نئون دور کاسه,3645126.0
پوکو اف۵ پرو,12254764.0
کتاب داستان جلد رحلی,6810419.0
ماکت توپ طلا فوتبال,2714257.0
ضد شوره سیکلوزینکاویدرم,946926.0
پیچ کور کن سلند پژو,6429971.0
رمان نسا,7956757.0
apple freebuds,10560714.0
جرم‌گیر دلونگی,9164788.0
ماینرینگ,5814248.0
موبایل Red 13شیاومی,13514411.0
رنگمو زیتونی تیره,5236984.0
کاور ایر پاد t05,9676345.0
آفتابه لگن,9052410.0
Samsung ساعت,6095671.0
Neoprene glove,95563.0
ساعت هوشمند GP-9,3798930.0
پاک کن مغز دار فوتبال,8136916.0
قرص ویتامین دی جوشان,7963042.0
دستگاه چاپ پوستر,33857.0
قهوه تلخ شکلاتی,7680985.0
عروسک خرس مستربین تدی دختر,12282998.0
سنسور کیلومتر کوییک,12131416.0
عطر جیبی 6 عددی,4609145.0
رنگ جذی پشه,1680521.0
محافظ اچار,2781547.0
ماشین اصلاح صورت,11106492.0
صدآفتاب دکترراشل,11777691.0
سیلندر قفل مدل اپارتمانی,6905273.0
انواع پیچ خودرو,7913417.0
گلس آی واچ سری 7,8934618.0
پیگا,462996.0
عروسک روسی ۲۵,6712337.0
لوازم بی,11046651.0
گوشی پزشکی جدید,4952893.0
Apple Watch Z60 with 9 Extra Straps,428270.0
فشارسنج Gala,167410.0
عینک دودی morel,816444.0
docharkhe dandei saz 23,699743.0
مو گیره ای,865529.0
گل گیر پلاستیکی کی ام سی,912948.0
tuf gaming  f15 fx506he,14031452.0
کوله و کیف لویی ویتون,9300325.0
دخترانه لگوکلاسیک,4395535.0
فندک طرح آدم فضایی,2585994.0
Book on labor relations,239854.0
گسترش فارما پلاس,6984508.0
چادر مسافرتی فنری,814435.0
کتاب هوش کوپلکس,3382701.0
ژل حجم  دهنده فوری,11441964.0
شامپو دکتر جی تونا,14199453.0
رول بار اکو پارس,6290786.0
نخ ماهیگری آب شور وشیرین,4753019.0
باکس جالباس کثیف,5549870.0
گلس دوربین Poco m6 poro,13875404.0
پازه‌ل,340424.0
سوکت شارژ لپتتپ,5615117.0
میزو صندلی ناهار خوری ایکیا,7745142.0
کندل ویک هولدر کلیپ,11075609.0
ساعت هوشمند Tc4g,494104.0
گارد مدل گوشی,11398248.0
طلا و زیور آلات,7828202.0
فیس پاکت فن,150119.0
کتاب مهارت‌های معلمی,1949737.0
پیچ ۴ در ۶۰,3871488.0
شیرینی خوری لیلی مجنون,2523554.0
انگشتر نگین,9362011.0
بادی اسپلش شاین دار ژک سافت,8816886.0
گرمگن چرمی خودرونادیا هوم,12375156.0
لباس گربه و سگ سرهمی,9828833.0
دسته تی,6099272.0
عطرa,7699090.0
پودرکیک مافین,9953477.0
قندان برنزی,17647571.0
کیف جا کارتی چرم دست دوز,4810218.0
صابون گلنار بسته شیش عددی 130گرمی,604261.0
ایسوس مدل Vivobook R565EP-EJ628-i7 8GB 512SSD MX330,11275113.0
ظرف غذا روحی,8817686.0
کابل ۴در ۲،۵,2753341.0
چراق با ترهر پلی استیشن,3904662.0
میز ناهرخوری ۶نفره,2212054.0
‏Call of Duty World at War داستان بازی,12254721.0
تیوپ خودرو رینگ ۱۴,13141511.0
استار سِنتر فود پروسِسور پرایس,5004494.0
سبد رخت چرک مدل فنری,12293267.0
لوازم ترایشی,4271476.0
قیمت پانل نه ولت,7537782.0
کنترل شرود,8083996.0
کد ar,4477129.0
سیفتی بامس,1897704.0
برچسب برای خودرو چینی,11116517.0
پفک ۶ تایی,712594.0
عمده فروشی عطرهای ۲۵میلی سمارت,12224131.0
رژ لب جامد ج,384314.0
Black olives,1128977.0
jashirin khori,13947570.0
کیمدی تاپ کلاس,17294257.0
شلوار شیش جیب دخترانه,12720711.0
گردگیردنده مناسب ریو,5585111.0
لوستر برنج و سرامیک,494066.0
Red LED light,4517402.0
مِتال گیفت باکِت,4818336.0
کلات روشن,5956223.0
ورساچ کریستال زنانه,8855064.0
جارو شارژی خودرو  کنود,407488.0
پهپات اسباب بازی,6436144.0
ادکلن رومانسون,8408333.0
چیمی,7798283.0
قابلمه غذا,3461150.0
شامپو مریانج,8694502.0
کتاب تن تن ۱۴,101735.0
طناب هیپوکورد 10,12670804.0
کارت حافظه 64 گیگ موبتیل,4063504.0
دستکش اصل,9615176.0
پیراهن کرم,14421004.0
سر شیلکگی,10857322.0
سبزیخشقمه سبزی,3519402.0
دوشاخ عقب پالس ۲۲۰,685587.0
چوب لباسی 24 عددی,1817540.0
جم جار,108573.0
پلاستیک سندلی ماشین شاهین,12325992.0
موبر مردانه نوره,4473720.0
پیچ گوشتی دسته پلی استیش,3181786.0
speed cruss 5,2041020.0
کز لقمه,4423608.0
سشوارفلپیس,2388994.0
لپ تایپ ۱۱ اینچ,9717168.0
دیمر صنعتی برق,7723998.0
خندالو مملکت,3666815.0
shir alat gazi baraye ab cooler se rahi,15147960.0
تسمه شماره ۴۳,3860866.0
لی تمام کش,4656769.0
قیمت ران گوسفند,9001111.0
شامپو کوچک,6443194.0
چسب فوتبال,2310389.0
kabel sharjer xiaomi,8684709.0
Simple phone cover for a21s,11324355.0
livan kaghazi tak,6048935.0
drip sauce,4383345.0
قاب دستگیره خودرو,15231794.0
وسایال جانبی ۱۳,6781339.0
آهنربا پینک فلوید,6069592.0
لارج هوم کتا ترش بین,647792.0
ایکیت,3280349.0
المنت خنک کننده,8922676.0
Sadr Ameli Natural Rice,146494.0
4Iphone 1,6800616.0
محافظ صفحه نمایش گیمینگ نوت ۹,14586070.0
گودال برچسب,5639174.0
هارد سامسونگ a10s,5004533.0
خورد کن تلفال,649522.0
زینگ پینج پر ساینا,6759371.0
لوارزم دوچرخه,8890264.0
نردبان متحرک برای پرندگان,5398310.0
کریستال اویز اباژور,2581733.0
درب یدکی مخلوط,10944728.0
باطری گوشی هواوی y3,8495570.0
میخکوب لولزم تحریر,511859.0
شورت مدل گيپور قرمز,6806905.0
ظرف نگهداری ۴ تکه,15836024.0
عرق گیر  انگشتی گیم,9585121.0
لب تاپ ایسر,11626547.0
Samsung S22 Lite,8330682.0
لگو دتپول,14763533.0
عینک رادا,12436562.0
گردنبنددخترانه مدل ست روح,12854812.0
موزن موی صورت بلواس,8368529.0
انگشترسبزخدا,1555394.0
ابمیوه گیری دستی تاپکو,723132.0
کرم آبرسان استیویز,5346945.0
11 tpro کاور,7548524.0
شگل 30,935619.0
عدا خشک سگ,822322.0
اسب کتاب کودکان کانون پرورش فکری,3702757.0
گوشی مبایل سامسونگ. A55,14281859.0
ماسک ایفای حیوانات,12421466.0
دوچرخه  2,12233936.0
کاور پارچه ای کیوت,13727848.0
تلویزیون دوو۴۳,9238765.0
مداد طراحی فابر کاستلB6,9868374.0
دستمال گردن خلبانی,9987921.0
پروانه تذیینی پزیرایی خرید,3067219.0
میواک گربه,4577534.0
لیوان چای خوری هتلی,3929078.0
قاب گوشی a13 پاپیونی,10634104.0
سبد میوه,4302571.0
زیر پایی mvx,106999.0
ارم گلگیر اسپرت پژو,9724039.0
قیمت تصویه آب دماوند,13117448.0
تابلو شاسی  طرح ماه,4428968.0
پایه نگهدارنه فیلمبرداری,217019.0
فیگور فانکو spider man,374011.0
jabe charkh khayati zhanome,4822207.0
نخ ابرشم مصنوعی اطلس,8714816.0
پرده شیاری,1605401.0
dastgah boresh sang chand kare,11342444.0
بوگیر توالت برِف,13044008.0
کاور شیایومی پرور ۱۲,10126465.0
تاثیر اب قهوه بر رشد مو,144154.0
کاور شامسونگm51,9958430.0
رزین نِیم اینیشالز,8032608.0
چراغ پشت دوچرخه ok,6276346.0
دخترانه حلقه,17553725.0
بآند مکسیدر مدل MX_CX6950,4742047.0
کاور گوشی شیائومی ۱۰t pro,8245350.0
اسمارت کالکشن,5409641.0
arzan tarin lego,5987137.0
کاور مدل هووای Y7Prime,625647.0
وال واشر ۱۲,7542677.0
گردنبند مدل سه تایی,13167520.0
ست مانیکور بچه,3165952.0
قالب حروف انگلبیی.,1886413.0
شانسی گلی لپ,11089001.0
دوشاخه چرخ خیاتی,2969980.0
رنگ مو شماره ۶.۳۵ گارنیک,2993448.0
کاغذa4سل پرینت,798880.0
بازی کرش پلی استیشن,4165937.0
اره شارژی طرح اشتیل,7440533.0
سرویس تخت خواب یکنفره 4 تکه,2833159.0
گوشی موبایل آیفون بر ترین,12085945.0
فرش ماشینی مرینوس طرح,14042768.0
زی سا,7260100.0
چمدان ام را pk,13709607.0
ساعت هوشمند اپل سری 9 ultra,11835776.0
ادکلن د کاستا,8315250.0
لپ تاپ وید دی وی دی درایو,7474345.0
rabete sotin sotin,6913718.0
انواع وسایل جنسی,554983.0
سه خرس کله فندقی,12318197.0
صابون زرد چوبه ۱۲۵ گرمی,177299.0
گوشی سامسونگ m54,11160874.0
Egg-shaped makeup pad case,671737.0
dampayi rufarshi charmi,7947635.0
دولت در جامعه,5152752.0
لوازم.آرا,5747445.0
بازی پلی استیشن ۱ قدیم ۹۸,1505567.0
جاشمعی و گلدان بتنی مدل دلسا,14179735.0
چراغ قوه  یوبی,12180114.0
یخچال مینی کودک,9434505.0
ست گردنبند و انگشتر و دستبند و گوشواره دخترونه,8531009.0
balm lab model ahoud,9183156.0
گاز پاکن اکتیو,127102.0
Hair pulling bottle,3462515.0
لوسرب,1432204.0
کوله پشتی زنانه جاکلید دار,2094490.0
موتیفدستگاه پانچ,9105170.0
دمپایی حوله ای پسرانه,17664542.0
کی تی اس مدل ریچارجبل اسپیکر,10173363.0
قاب گوشیسامسونگ ام ۵۲,4952671.0
ابزار جادوگری واقعی,631757.0
هدلایت h1 گلف,6263638.0
سراهی برق,2351415.0
لامپ ال ای دی مارک ای دی سی 10وات,2560236.0
فرش نگار,330159.0
دستگاه ستاباکس فیلیمو,7799532.0
هویه برقی 60 وات,3612361.0
پلاک ماشین فلزی برا جا کلیدی,8884275.0
خورشت خوری دیاما,1539197.0
وروشه,2563598.0
ساعت توبی,4566029.0
حلقه بند آویز,9827862.0
انگشتر سیلک,8669849.0
سرویس پخت و پز ۹ پارچه جی فینی,7591304.0
مینی فایر تراک پک,3340204.0
موتورسیکلت اسباب بازی,10260791.0
دسته بازی مدل blue shark به همراه استین کنترل کننده انگشت,8164723.0
گَس اَداپتِر مادِل تو تو تری اِیت,6325240.0
حصیر بامبو,12445779.0
gheimat masure 2.5 inch,2933367.0
ال ای دی شَندِلیر,12055540.0
کیف کرال اهی,8050293.0
گوشی موبایل اپل  پرومکسiphone 13,14852587.0
برچسب کمک ریگلاژی,1524858.0
عایق صوتی در دستشویی,2137273.0
گوشت چرخ کنی,4885876.0
گردگیری راهنما,5976140.0
کتاب نشر پرتقال,10674241.0
آرم صندوق عقب ۳ عدد پژو ۲۰۶,9531592.0
یجچال پارس,8527893.0
Lizard model construction toy,10554606.0
شیر روشویی زدوار قهرمان,15400948.0
چاکو انگشتر,4747762.0
یخچال فریزریای با ساید,130792.0
بند ایرپاد کیو,3519765.0
سنگ لاجورد گردنبند,9836112.0
نخ رنگی دسبند سازی,2909460.0
تیشرت مردانه با حروف چینی,1486568.0
گریب دسته,16051918.0
Kali linux کتاب,8093927.0
Whr,1502682.0
رینگ پیستون پراید 500,6461093.0
ماسک صورت بسته بیست عددی,3038268.0
نوت لب,384397.0
Toshiba printer roller sponge,2986269.0
Brilliance H220 clutch plate,887927.0
بیهوش کننده سگ ها,1424203.0
باتری سویچ 405,2109417.0
تلمبد دستی,847989.0
سنجاق لاستیکی کودک,1860173.0
بلبرینک سرکمک پراید,1505330.0
گلس Redmi note 11 s,8986359.0
حنصفری بیسیم  هوشمند,8365337.0
قاشق چوبی مدل خنده,5709489.0
جعبه زغال,1011401.0
ssd m2 Samsung,5839476.0
شیلنگ هیدولیک,801751.0
ست بدلیجات دخترانه,1072595.0
اسباب بازی پرانه ۸سال,1621699.0
تراش تره توالد فرنگی,1573576.0
شش انگشتی آیپد پابجی,3730774.0
Tb-200,1479187.0
ماشين عقب كش,11315279.0
maye zarfshuyi vanilia,11058313.0
دستگاه سرد کن خاکشسر,1037470.0
قالب انگشتر سیلیکون,5102330.0
کاور موبایل سامسونگ A32 4g,5404975.0
Lady perfume,209947.0
سفارش ریش مصنوعی,2842597.0
jbl livepro,11347199.0
پادری ۲۷,14045908.0
جعبه وسایل 20 در 20,3632996.0
قاب گوشی A03s مشکی,8912525.0
افتر شیو من,1127718.0
اسباب بازی پرواز می کنه برقی پروانه,55352.0
لاکپشت خانهگی,3318548.0
حلقه بسکت کوچک,10828899.0
واچ ریپِر تولز,1539493.0
عطر جیبی زنانه صندل مدل گود گرل,3506503.0
دست کش مرد  عنک,13518846.0
بازی xbox 360 far cry,2763623.0
bazi camp ninja,10390791.0
ماهواره بدوندیش,2956453.0
JR T03s,7958880.0
خودکار پاکنی کورمی,13637578.0
دفتر یاداشت ۱۰۰ برگ کودکانه,6616972.0
khordkon kenwood ke yek kaseh ezafe darad,13126767.0
شلف اتاق با طبقات زیاد,8548321.0
کاور  گوشی ایسوس,3310047.0
اویزنگهدارندهایرپاد,763971.0
کفش آدیداس استوک,8222387.0
جامدادی دخترانه کرومی,15489612.0
باطری ۱۲ ولت ۷ امپر  ماشین شارژی,865368.0
چای سیاه دلفین,6924312.0
cheragh chand rang royaei,4925525.0
دوچرکه ۲۰,7460246.0
گاز r600-a,3935194.0
سه چرخه ؟,444227.0
سینی لومینارک چینی,3686404.0
